CustomerID,Recency,Frequency,Monetary,AverageSpend,ProductDiversity,TotalOrders,AverageBasketSize,AverageQuantityPerOrder,Homeware_Spend_Pct,Stationery_Spend_Pct,Gadgets_Spend_Pct,Decorations_Spend_Pct,Kitchenware_Spend_Pct,High_Value_Customer,Future_Spend
12453,-0.7717605395339867,-0.4242629202453546,-0.14584333624239385,0.6061499730504021,-0.11023633669135223,-0.4242629202453546,1.1684753088228141,0.8903812151162338,-0.7262801990900174,1.1210917278677266,-0.5410188408508065,0.062675977529895,-0.19639423505336306,0,0.0
17732,2.3315942875605837,-0.4242629202453546,-0.2143608318564222,-0.1310406900580025,-0.46481409167628596,-0.4242629202453546,-0.14732655417814702,-0.4246226772057487,0.4687994665162647,-0.8261751829853697,0.34898137033250354,0.149119787304898,0.31632097654586494,0,0.0
17556,0.15403018619590605,-0.4242629202453546,-0.23918805596919537,-0.3981607539601772,-0.6350114140690541,-0.4242629202453546,-0.7789114484186084,-0.3969383847358123,-0.7262801990900174,-0.3179302214051264,3.0888982407792582,-1.3226823162124386,1.118825426839256,0,0.0
15804,-1.1107824954350742,0.08666561850139992,0.08698221407018882,0.2626034336869304,0.7407502752724887,0.08666561850139992,0.5105743773223336,0.2060601106249916,0.04284176804355172,-0.02698881584895073,-0.09446332150393046,-0.6720356569661228,1.5278712405397585,1,2129.48
13092,0.2322660221730801,0.08666561850139992,-0.19128257834760903,-0.4858703867725826,-0.507363422274478,0.08666561850139992,-0.8183855043086372,-0.6642648338986363,-0.7262801990900174,-0.03102133819616334,-0.5410188408508065,-0.6072308118633003,-0.8645339482385407,0,38.08
16303,-1.0195073534617045,-0.25395340732976973,0.42002089053387076,3.0037294745260206,0.8683982670670648,-0.25395340732976973,2.3000649110036404,2.757340688557575,-0.5696076603252311,0.06616532914762326,-0.4358243145246896,0.24878530452347541,0.32910927273375706,1,1324.3
18246,0.5191307540893849,-0.4242629202453546,-0.22644045681496802,-0.26100730155610313,-0.6917438548666435,-0.4242629202453546,-0.9894397464987621,-0.5042150180568161,-0.7262801990900174,0.14192084976478045,-0.5410188408508065,3.6281079254513724,-1.067450603885795,0,363.2
15670,1.3406070318497123,-0.4242629202453546,-0.23661304094004149,-0.37045575657455426,-0.54991275287267,-0.4242629202453546,-0.4631190012983777,-0.43154375032323283,1.0399800323827424,-0.04442574862243448,-0.5410188408508065,0.23988897772597442,-0.7202140105776582,0,0.0
12686,2.3185549815643878,-0.4242629202453546,-0.250875054873791,-0.5239030391242324,-0.6208283038696568,-0.4242629202453546,-0.7262793738985699,-0.3761751653833599,-0.7262801990900174,2.0033086907564983,-0.5410188408508065,-0.7821279717317382,-1.067450603885795,0,0.0
14142,2.3446335935567792,-0.4242629202453546,-0.21302828282483366,-0.11670358250003,-0.4080816508786965,-0.4242629202453546,0.06320174390200677,0.33669536571750436,-0.7262801990900174,0.5695288599054187,0.03249432114877202,-0.11223241934934045,-0.7629668409990451,0,0.0
13310,0.16706949219210174,-0.25395340732976973,-0.1270516754091755,0.0607089799663866,-0.010954565295570795,-0.25395340732976973,0.27373004198216055,-0.06299660681720351,-0.42636738408635244,0.03193124070822116,1.116119881824802,-0.36889978842116933,0.6142264946724646,0,314.38
12866,1.1710960538991686,-0.4242629202453546,-0.1709934995337408,0.3355553550206575,-0.35134921008110714,-0.4242629202453546,0.27373004198216055,-0.15470082562386808,0.1735178187654407,0.19905680699787537,-0.5410188408508065,-1.1432249435920034,2.428802191038782,0,0.0
13389,0.5060914480931892,-0.4242629202453546,-0.22219295677677953,-0.2153077712150657,-0.46481409167628596,-0.4242629202453546,-0.14732655417814702,-0.3484908729134234,0.48752849397397596,-0.8261751829853697,-0.5410188408508065,0.8343684327487725,-1.067450603885795,0,540.07
12724,-0.2632276056823555,-0.25395340732976973,-0.21837377607017297,-0.4305655429815131,-0.507363422274478,-0.25395340732976973,-0.621015224858493,-0.43846482344071697,-0.7262801990900174,0.7113738186555668,0.1393526397906111,1.3564421667543265,-0.7138076713035595,0,751.0500000000001
14236,2.3185549815643878,-0.4242629202453546,-0.2338510611232922,-0.3407391752203382,-0.6775607446672461,-0.4242629202453546,-0.9368076719787237,-0.614952187936562,5.153236126164865,-0.8261751829853697,-0.5410188408508065,-1.3226823162124386,-1.067450603885795,0,301.56
17147,0.16706949219210174,-0.25395340732976973,-0.10062845188229307,0.202854818037969,-0.12441944689074957,-0.25395340732976973,0.11583381842204521,0.1480961232660621,-0.7262801990900174,-0.4444592862880267,-0.5410188408508065,-0.05738976434030342,1.479355799001914,0,741.48
17711,1.2493318898763426,-0.4242629202453546,-0.22854296083547193,-0.28362847763928173,-0.5357296426732727,-0.4242629202453546,-0.41048692677833926,-0.3761751653833599,-0.7262801990900174,-0.21273601545031348,-0.2291353380950525,1.728041737982512,0.14643321220562186,0,164.57
16639,0.16706949219210174,-0.25395340732976973,-0.18594558350170584,-0.2561154950870245,-0.45063098147688857,-0.25395340732976973,-0.5683831503384545,-0.4713399207487665,0.8112955022380282,-0.5390442488529158,0.32027808431121385,0.720332690258147,-0.11665855171863085,0,786.36
12524,-0.4066599716405079,0.4272846443325696,0.26469564403932866,0.2647719821621637,0.5847360630791179,0.4272846443325696,-0.077150454818096,0.5743188760844592,-0.17653576763994286,0.5276238570051723,-0.45951799063172244,-0.40128580782646744,0.4041451134068007,1,1363.24
14853,0.2322660221730801,-0.4242629202453546,-0.22956786780747182,-0.29465561521256933,-0.6775607446672461,-0.4242629202453546,-0.9368076719787237,-0.6287943341715302,-0.7262801990900174,-0.8261751829853697,-0.5410188408508065,-1.3226823162124386,0.03348608336294303,0,261.3
17180,0.6234452020589503,-0.08364389441418492,-0.17206769722247034,-0.34994369580390056,0.3719894100881576,-0.08364389441418492,0.5544344394223654,-0.15124028906512602,-0.6214170365189072,-0.07293240310490054,-0.4594542713279566,0.2685470750814847,0.3055375531574255,0,231.17
13654,-0.6283281735758344,0.08666561850139992,0.025345022639668778,0.09681234042088571,0.6982009446742966,0.08666561850139992,0.3395201351322086,0.5789329248294485,-0.6242198241654627,0.8374615276746908,-0.10048102352171824,-0.15222452232328426,-0.43310716564952123,1,993.06
14857,-0.5892102555872473,-0.4242629202453546,-0.17721432792100372,0.26862447024746927,-0.3087998794829151,-0.4242629202453546,0.4316262655422759,-0.09587170412525307,-0.24486793951780605,-0.6813653044130572,-0.5410188408508065,-0.667185073886173,-0.13538347633978354,0,650.6
13873,-0.9673501294769218,-0.08364389441418492,-0.19980647298206905,-0.4494256666143222,-0.4222647610780939,-0.08364389441418492,-0.6911913242185442,-0.5849608710941309,0.2714204632266466,-0.5162163252925902,-0.3370179977717646,0.8035636479251744,-0.012494853094480637,0,0.0
13148,-0.7847998455301823,1.108522695994909,0.20410715509922972,-0.18109072790929726,1.733567989230303,1.108522695994909,0.16320268549007974,-0.2723590686210981,0.10500428674879878,-0.32653353519429634,0.6000553354017105,-0.35191488000715687,-0.45956466639795135,1,917.25
15745,0.5582486720779719,-0.4242629202453546,-0.21455119600379202,-0.13308884828057002,-0.46481409167628596,-0.4242629202453546,-0.14732655417814702,-0.3069644342085187,-0.7262801990900174,-0.4450959501587594,-0.5410188408508065,1.513134157270634,-0.8313394662214463,0,791.74
15589,0.8059954860056897,-0.08364389441418492,-0.18469121974492989,-0.3952165265152364,-0.3229829896823125,-0.08364389441418492,-0.5859271751784674,-0.46614911591065344,-0.7262801990900174,0.01714144921858879,-0.25834757238969613,-0.021007366173281906,-0.025842593823694547,0,0.0
14794,0.12795157420351472,0.08666561850139992,-0.15052595433171337,-0.3762436322660062,-0.1953349978877363,0.08666561850139992,-0.5683831503384545,-0.4773958597265651,0.9624543273683771,-0.6266468828676917,-0.5410188408508065,-0.9848252056386959,0.16786654570578796,0,640.37
17819,-0.14587385171659442,0.4272846443325696,0.32350286845761017,0.3702246999339094,-0.20951810808713367,0.4272846443325696,-0.6911913242185442,-0.1748872888831968,-0.7262801990900174,-0.8011645990248439,-0.5410188408508065,-0.9844947833765626,1.4926508546112816,1,236.4
14867,-0.1067559337280074,-0.08364389441418492,-0.1453011383583674,-0.2539484705390401,-0.28043365908412043,-0.08364389441418492,-0.4631190012983777,-0.3681005800796285,-0.13272829618555618,-0.8261751829853697,-0.18918651622590832,1.5591381011758734,-0.7982551758210624,0,0.0
15951,1.1971746658915599,-0.4242629202453546,-0.20225911105934238,-0.0008363459090681946,-0.4080816508786965,-0.4242629202453546,0.06320174390200677,-0.1443192159476419,-0.1147863123774998,-0.8261751829853697,-0.329171602362668,0.8176516409181855,-0.5581242983153217,0,333.05
13777,-0.8369570695149651,3.4928558768130964,1.8348191315453977,0.25489083788007466,-0.22370121828653103,3.4928558768130964,-0.8337365260436485,0.1127698125622368,0.7223036711599802,-0.7504883336110253,0.4390724095449796,-0.2738415986046422,-0.19324129725521053,1,13616.92
16297,0.9755064639562334,-0.4242629202453546,-0.21471266559307886,-0.13482612534435504,-0.43644787127749124,-0.4242629202453546,-0.04206240513807012,-0.033582046067896006,0.018492764310632917,-0.1821247049687577,-0.5410188408508065,0.7643992401182992,-0.43351752497478346,0,0.0
15133,-0.8630356815073564,-0.08364389441418492,-0.09904604990728166,-0.08805984592906366,-0.3371660998817098,-0.08364389441418492,-0.5859271751784674,0.037935709479439764,1.6711382995059252,-0.7906992716821011,-0.5410188408508065,-0.46845206461427147,-0.4551933028898356,0,0.0
13494,1.5361966217926475,-0.4242629202453546,-0.21227192527501615,-0.10856581099072152,-0.46481409167628596,-0.4242629202453546,-0.14732655417814702,-0.18584565465254663,-0.46189342119734106,1.7998044116357939,-0.11814448111243639,-0.9570210430801325,-0.7283012107836895,0,0.0
16777,0.8320740979980811,-0.4242629202453546,-0.23653315598534164,-0.3695962616061554,-0.22370121828653103,-0.4242629202453546,0.8526828617025835,-0.5803468223491414,2.04146443326907,-0.7711164279677512,0.23852635334407218,-0.963316956099954,-0.04830129691820185,0,49.1
12962,-1.0455859654540958,-0.4242629202453546,-0.23703966059173628,-0.3750458254483439,-0.5640958630720674,-0.4242629202453546,-0.5157510758184162,-0.47653072558687964,-0.7262801990900174,-0.8261751829853697,-0.5410188408508065,-1.3226823162124386,0.08120128692358862,0,95.85
12571,-0.9412715174845304,-0.4242629202453546,-0.22381445138919723,-0.2327536903608639,-0.5215465324738753,-0.4242629202453546,-0.35785485225830077,-0.06472687509657454,-0.7262801990900174,1.2726976356619306,0.06826350864787725,1.998493716592263,-0.708148814794271,0,271.26
17660,-0.680485397560617,-0.4242629202453546,-0.23564422340432017,-0.3600320941918446,-0.1953349978877363,-0.4242629202453546,0.9053149362226219,-0.32772765356097106,-0.6771440632397873,-0.311365923775467,0.3525289939470071,2.896826460900279,-1.067450603885795,0,0.0
16626,-1.0455859654540958,0.5975941572481545,0.10201248331296651,-0.12123095265272066,0.32944007948996556,0.5975941572481545,-0.32777938110399313,-0.19869907615644572,-0.3313671203979173,-0.8261751829853697,0.1743750402473963,-0.5895159315025222,0.6793053395911406,1,2247.76
14285,-0.22410968769376846,-0.4242629202453546,-0.26502319025509613,-0.6761250841657674,-0.7059269650660409,-0.4242629202453546,-1.0420718210188007,-0.7395315040512761,-0.7262801990900174,-0.8261751829853697,7.101166588341023,-1.3226823162124386,-1.067450603885795,0,1904.11
16801,-0.3936206656443122,0.08666561850139992,0.004942065273356111,0.04193267233226888,0.30107385909117085,0.08666561850139992,-0.10785249828811817,-0.31994144630380145,1.4536378737024647,-0.5195869485832935,-0.5410188408508065,0.4701717072439354,-0.10487911097119094,0,0.0
12971,-1.12382180143127,9.794307854689736,1.069031757713555,-0.45143745044222666,0.41453874068634966,9.794307854689736,-0.9169627914219879,-0.4249063277433506,-0.3631827742864537,1.9604023313751429,0.5014927201941309,0.13937077909366977,-1.0243043321293153,1,3335.15
15985,-0.9151929054921392,-0.25395340732976973,-0.07185117171159663,0.3576644915481943,-0.3087998794829151,-0.25395340732976973,-0.1210105169181278,1.132618774228178,-0.7262801990900174,0.04087676226570958,0.2777724062676611,-0.06567806063126462,0.9165553764391519,0,0.0
12393,0.675602426043733,-0.08364389441418492,-0.08567296855455357,-0.04009880755060775,-0.2520674386853257,-0.08364389441418492,-0.41048692677833926,-0.1443192159476419,-0.6137083903519995,-0.6036044388343512,-0.5410188408508065,-0.0397039224010924,-0.15033997191557158,0,521.5
17298,-1.202057637408444,-0.25395340732976973,-0.18131055644922878,-0.23118099743996381,-0.29461676928351777,-0.25395340732976973,-0.30522277773826234,-0.07683875305217175,-0.5021302209938944,-0.32166916618889774,-0.3883039279766231,1.075098130651646,-0.1138245386129184,0,0.0
12379,-0.3023455236709425,-0.4242629202453546,-0.18786792145416334,0.15400075829163776,-0.43644787127749124,-0.4242629202453546,-0.04206240513807012,-0.016279363274185707,-0.7262801990900174,0.7694482275628057,-0.5410188408508065,-0.7568353323879518,1.3983743546783414,0,392.4
16743,-1.0586252714502915,0.4272846443325696,0.05026742882612687,-0.11973924557990678,0.4429049610851444,0.4272846443325696,0.3614501661822247,0.21442307397528498,-0.42530770267810275,-0.7306834369623574,-0.28652572942783,0.9287024750919687,-0.4603579133782093,1,352.23
17718,0.5060914480931892,-0.4242629202453546,-0.24234096216000764,-0.43208337452145157,-0.6350114140690541,-0.4242629202453546,-0.7789114484186084,-0.4592280427931693,-0.7262801990900174,-0.8261751829853697,-0.5410188408508065,2.0883761242685845,-1.067450603885795,0,0.0
13939,-1.1107824954350742,-0.25395340732976973,-0.19970279250894798,-0.3301234980042629,-0.26625054888472305,-0.25395340732976973,-0.19995862869818545,0.3903336823780063,-0.7262801990900174,-0.196257850906058,-0.047481840733859214,1.9538786058193955,-0.5426452202603518,0,178.34
14262,-1.12382180143127,-0.08364389441418492,-0.1207033710303703,-0.16573136995273968,-0.12441944689074957,-0.08364389441418492,-0.19995862869818545,-0.06241985072407996,0.2598906677988261,0.9732905179299934,0.16688886206380482,-1.3226823162124386,-0.40260299361109875,0,1763.23
13563,-0.6935247035568127,-0.4242629202453546,-0.21318635305434605,-0.11840428530984053,-0.16696877748894162,-0.4242629202453546,0.9579470107426603,-0.24121423959241958,2.6052345290312386,-0.6771890822798049,-0.16982416772678255,-0.9133117361912589,-0.28173594260629586,0,466.65
17455,0.12795157420351472,-0.4242629202453546,-0.2436412172737388,-0.44607302666666715,-0.6066451936702594,-0.4242629202453546,-0.6736472993785315,-0.5180571642917843,-0.7262801990900174,-0.8261751829853697,-0.5410188408508065,1.5181868084672145,-0.25987241348797846,0,0.0
13570,0.6495238140513416,-0.4242629202453546,-0.22532036776928327,-0.2489560848715318,-0.3371660998817098,-0.4242629202453546,0.326362116502199,-0.1893061912112887,-0.19377202007426866,0.9437642054305085,-0.5410188408508065,1.2888734280181562,-0.8436431426765589,0,0.0
13064,-0.5370530316024646,-0.25395340732976973,-0.15397460482290368,-0.08412506577231561,-0.28043365908412043,-0.25395340732976973,-0.14732655417814702,-0.2550563858273878,0.32036235121783513,-0.2543821723620097,1.1717348901512301,-0.752747185717911,-0.9307286642453557,0,446.34
13534,-1.12382180143127,2.9819273380663422,0.4769941603538308,-0.30623484985775656,0.7123840548736939,2.9819273380663422,-0.5082322080298393,-0.37699910265925085,0.19042520322978537,-0.6411106003218054,-0.4281743517464582,-0.4596237035283541,-0.46546215503377714,1,1498.55
15313,-1.0847038834426828,-0.4242629202453546,-0.2571876659749644,-0.5918214287547299,-0.7059269650660409,-0.4242629202453546,-1.0420718210188007,-0.6599391632002087,-0.7262801990900174,-0.8261751829853697,-0.5410188408508065,-1.3226823162124386,4.941478643311516,0,0.0
13132,0.8842313219828637,-0.4242629202453546,-0.2528874758602717,-0.5455549974770888,-0.6775607446672461,-0.4242629202453546,-0.9368076719787237,-0.6772418459939191,4.754909785683019,-0.8261751829853697,-0.5410188408508065,-1.3226823162124386,-1.067450603885795,0,0.0
12413,0.5582486720779719,-0.25395340732976973,-0.1701810525476447,-0.17130894368383873,-0.3655323202805045,-0.25395340732976973,-0.35785485225830077,-0.39174757989769915,-0.520682198489522,0.6701737963947406,-0.5410188408508065,-0.8250642140839894,1.3653185876998517,0,194.2
12481,-0.18499176970518144,0.7679036701637393,0.4283374242220887,0.24693136585889164,0.8683982670670648,0.7679036701637393,-0.06837844239808935,0.27051260403156246,0.036021497285698124,0.4422822715131118,-0.2210215237846825,-0.8725493481307683,0.0410343540539288,1,1494.56
15106,-0.680485397560617,-0.08364389441418492,-0.09047796359575366,-0.05733137688155532,0.23015830809418414,-0.08364389441418492,0.16846589294208367,0.20173443992656404,-0.12386383761337039,0.09336014260034256,0.526695456209098,-0.32391570110776663,0.24705175769525947,0,389.69
13626,0.7668775680171027,-0.4242629202453546,-0.22230513564933668,-0.21651472159622148,-0.45063098147688857,-0.4242629202453546,-0.09469447965810857,-0.023200436391669826,-0.7262801990900174,0.6594672647318014,-0.5410188408508065,-0.15907787281062674,-0.027690697215685796,0,0.0
15172,-0.7587212335377911,-0.08364389441418492,-0.11530858706830129,-0.14638358960027167,0.13087653669840268,-0.08364389441418492,-0.024518380298057557,0.22019063490652163,-0.4505273668673944,1.4229326157662736,-0.2359312568990391,-0.2652994425584599,-0.8956681688806619,0,737.31
13305,-1.0195073534617045,0.4272846443325696,-0.08148325763253082,-0.35599368698216916,-0.3371660998817098,0.4272846443325696,-0.7262793738985699,-0.3444535802615576,1.4843956221586656,1.1842794526045521,-0.3298601368436646,0.09798297419980827,-1.067450603885795,0,915.11
12816,-0.22410968769376846,-0.4242629202453546,-0.2118657017819681,-0.10419518764077838,-0.507363422274478,-0.4242629202453546,-0.30522277773826234,-0.47999126214562166,-0.3514176657402259,1.3301372245892917,-0.5410188408508065,-1.007796999471382,0.4562320673005932,0,253.55
15855,-0.7456819275415953,0.25697513141698475,-0.14496800110047023,-0.4264180225808139,0.11669342649900534,0.25697513141698475,-0.2525907032182239,-0.4211621406470067,-0.39677889047512316,-0.019527105957063105,-0.2732032894739848,0.5692077095006706,-0.9261364894151745,0,0.0
15755,-1.1107824954350742,-0.08364389441418492,-0.07144154885877416,0.010940563870694963,0.20179208769538942,-0.08364389441418492,0.06320174390200677,-0.026660972950411886,-0.08275661071687128,0.06308559231334805,-0.3514377972119712,0.8087658557724394,-0.3457471444292558,0,1219.42
15139,0.5973665900665589,-0.25395340732976973,-0.23560853012668834,-0.5232812768066671,-0.5357296426732727,-0.25395340732976973,-0.7525954111585892,-0.3865567750595861,-0.7262801990900174,0.719002775326555,-0.5410188408508065,0.11226282190290555,0.22123236721072254,0,0.0
17967,2.3185549815643878,-0.4242629202453546,-0.2469436952946273,-0.48160491440281594,-0.13860255709014693,-0.4242629202453546,1.1158432343027758,-0.4938334083805899,-0.3820602752795021,0.7082866903315505,-0.13940759980483067,-0.7773602155164233,-0.4385656065172335,0,0.0
15912,-0.19803107570137712,-0.25395340732976973,-0.2210490722126735,-0.4449575119204473,-0.45063098147688857,-0.25395340732976973,-0.5946991875984738,-0.42635294548511976,-0.7262801990900174,0.6225992581306911,-0.5410188408508065,1.963959522626217,-0.36691599850435347,0,0.0
13255,2.3446335935567792,-0.4242629202453546,-0.22766422633377387,-0.2741740329868943,-0.6350114140690541,-0.4242629202453546,-0.7789114484186084,-0.36579355570713373,2.302852634789146,-0.03376470183914555,-0.033119942145102305,-1.3226823162124386,-1.067450603885795,0,173.81
17492,0.71472034403232,-0.4242629202453546,-0.20236109185257622,-0.0019335735283008287,-0.54991275287267,-0.4242629202453546,-0.4631190012983777,-0.21006941056374104,0.5399358654489294,0.37362865829320235,-0.32883225766583446,0.630540262556398,-1.067450603885795,0,0.0
17188,-0.3805813596481165,0.25697513141698475,0.04248119526272478,-0.023058862623925716,0.003228544903826554,0.25697513141698475,-0.5052246609144084,-0.07441637746105234,-0.2982095425211699,-0.2228474043951012,-0.4441805216096606,0.2462707557742672,0.8832192694130891,1,659.14
14288,0.25834463416547143,-0.4242629202453546,-0.1935176573993169,0.09321434818615222,-0.4931803120750806,-0.4242629202453546,-0.2525907032182239,-0.09587170412525307,-0.7262801990900174,0.4530390227060023,-0.5410188408508065,-0.9240307544766097,2.3764856383545765,0,0.0
17122,-0.9673501294769218,-0.4242629202453546,-0.24251602918839235,-0.43396694860113416,-0.6208283038696568,-0.4242629202453546,-0.7262793738985699,-0.4696096524693955,-0.7262801990900174,-0.8261751829853697,-0.5410188408508065,4.34614289167105,-1.067450603885795,0,0.0
17956,0.7277596500285156,-0.4242629202453546,-0.26385890953234337,-0.6635984021795286,-0.7059269650660409,-0.4242629202453546,-1.0420718210188007,-0.7429920406100182,-0.7262801990900174,-0.8261751829853697,-0.5410188408508065,-1.3226823162124386,-1.067450603885795,0,0.0
18079,-0.8760749875035521,-0.25395340732976973,0.10895397597241506,1.330320201743913,0.11669342649900534,-0.25395340732976973,0.7211026754024873,8.034658940639217,2.442283403464916,2.6853505575905934,-0.5410188408508065,-1.2823408410092503,-1.0007204338378688,1,1406.97
14546,0.10187296221112337,-0.25395340732976973,-0.11732440741455644,0.11303759384028768,1.0669618098586278,-0.25395340732976973,2.6421733953838906,0.12041183079612565,0.6334273440250431,0.07984538865769707,0.5339255388542342,-0.048285208167307615,-0.3963500223847328,0,1699.05
16515,-0.5631316435948559,-0.08364389441418492,-0.09867212033209098,-0.08671878995000158,0.17342586729659473,-0.08364389441418492,0.11583381842204521,-0.11894194785020021,-0.5842693707613205,-0.038677451829656456,1.1579862478637142,-0.13562702446392927,-0.5786781399829368,0,639.52
15469,-0.9543108234807262,-0.4242629202453546,-0.2143047424201436,-0.1304372148674246,-0.4931803120750806,-0.4242629202453546,-0.2525907032182239,-0.30350389764977664,0.9547149657316826,0.49245576399985047,0.3480162041488341,-0.19003501867935907,-1.067450603885795,0,234.25
18200,-1.1499004134236612,-0.4242629202453546,-0.2404713142840543,-0.4119675348355207,-0.3087998794829151,-0.4242629202453546,0.48425834006231433,-0.3865567750595861,-0.06499310839397734,-0.4154287115312422,0.03843519235695432,-0.2933578853829128,1.1522762360832013,0,0.0
14161,0.2844232461578628,-0.08364389441418492,-0.07946573760638846,-0.017837278298177568,0.5138205120821311,-0.08364389441418492,0.7298746878224937,-0.22737209335745134,0.0851160458029297,0.6100014566152552,-0.30081239662865555,0.5715570576104022,-0.6352382133806771,0,0.0
13750,-0.6935247035568127,0.08666561850139992,-0.04224104839615735,-0.08497998895896762,-0.4931803120750806,0.08666561850139992,-0.8447015415686564,-0.37357976296430334,5.71971369887111,-0.8261751829853697,-0.5410188408508065,-1.2374322921995475,-0.9394340271832408,0,330.63
14344,-0.8630356815073564,0.7679036701637393,-0.1147663891842748,-0.48348620259162517,0.07414409590081329,0.7679036701637393,-0.6275942341734978,-0.540118084853765,-0.16017082589661785,-0.7639095980631722,0.8102086458990884,1.3020628063347184,-0.5276172537195744,0,0.0
13470,-1.0195073534617045,-0.4242629202453546,-0.2463946986910519,-0.4756981723859471,-0.6208283038696568,-0.4242629202453546,-0.7262793738985699,-0.5042150180568161,-0.7262801990900174,-0.8261751829853697,-0.5410188408508065,1.1068142014519133,-0.2090321400004652,0,49.5
13983,-0.08067732173561605,0.7679036701637393,0.019700385734176904,-0.30264251792423325,0.20179208769538942,0.7679036701637393,-0.5946991875984738,-0.4034268907834536,-0.7262801990900174,0.5935328964356708,-0.17006103385875818,-0.6497989081359449,-0.006185037223759527,1,922.37
15224,2.1490440036138443,-0.25395340732976973,-0.21128271158064812,-0.39241859608619334,-0.5357296426732727,-0.25395340732976973,-0.7262793738985699,-0.4834517987043637,1.3156887251777731,-0.413268983359351,-0.5410188408508065,-0.33475646264034425,-0.40420720243937047,0,0.0
13725,-0.31538482966713816,0.5975941572481545,0.051083275171997414,-0.19951030594482883,0.49963740188273376,0.5975941572481545,-0.38041145562403156,-0.3885342245217243,0.3410408432499225,-0.7548942542317932,-0.5410188408508065,-0.6232932470423572,0.35299108871828394,1,114.86
14844,-0.9151929054921392,-0.08364389441418492,0.11770732739165125,0.6893015394612454,0.1876089774959921,-0.08364389441418492,0.4316262655422759,0.7542667771390462,0.014062130839629563,-0.19446894336075202,-0.43710017537288776,-0.3106862353748706,1.6461597852182808,1,932.13
16679,2.2533584515834097,-0.4242629202453546,-0.2439726548517487,-0.44963901642917303,-0.6775607446672461,-0.4242629202453546,-0.9368076719787237,-0.6460970169652406,-0.7262801990900174,-0.8261751829853697,5.466710745103464,-1.3226823162124386,-0.4769777876872154,0,0.0
17552,2.3185549815643878,-0.25395340732976973,-0.21528715739496274,-0.41396083167712655,-0.5357296426732727,-0.25395340732976973,-0.7525954111585892,-0.497293944939332,-0.16608347943077953,-0.31411326843855486,-0.5410188408508065,-0.46814280678339887,-0.7655145905266916,0,631.89
15232,-1.0455859654540958,-0.25395340732976973,-0.16199539421074352,-0.12727354189863738,-0.35134921008110714,-0.25395340732976973,-0.27890674047824315,0.44051146247976614,0.6513234528231311,-0.8261751829853697,-0.5410188408508065,0.35705192504127714,-0.24415091648592158,0,0.0
14388,-0.9412715174845304,0.25697513141698475,0.04588395439695986,-0.015736696978246638,0.41453874068634966,0.25697513141698475,0.052675328997999114,0.0695419433826174,-0.6022235787123347,-0.5250534449583237,-0.32796664967019423,-0.14512011599273236,0.6086290936597947,1,1377.73
12707,1.2754105018687338,-0.4242629202453546,-0.1634639176333105,0.41656732757399717,-0.2520674386853257,-0.4242629202453546,0.6421545636224296,0.13944478186920697,-0.5201742141201469,-0.09128247700740288,-0.5410188408508065,-1.1592181310393044,0.8574541448518013,0,0.0
13270,2.2533584515834097,-0.4242629202453546,-0.16574488804197357,0.3920260031571616,-0.7059269650660409,-0.4242629202453546,-1.0420718210188007,-0.054345265420348364,-0.7262801990900174,-0.8261751829853697,-0.5410188408508065,-1.3226823162124386,-1.067450603885795,0,0.0
17800,-0.9934287414693131,0.4272846443325696,-0.13594949961882621,-0.4536621843663592,-0.20951810808713367,0.4272846443325696,-0.5069790633984097,-0.48633557916998216,-0.6574202674300507,-0.054680943410542755,-0.5410188408508065,2.299869582278899,-1.041539893686199,0,421.91
16573,1.2623711958725383,-0.4242629202453546,-0.21628826884854135,-0.15177829206149857,-0.4931803120750806,-0.4242629202453546,-0.2525907032182239,-0.36233301914839167,-0.31808573423025915,-0.8261751829853697,-0.07877408776091363,1.8839630607514886,-0.34053916161813685,0,370.98
13544,0.6104058960627546,-0.4242629202453546,-0.24681791898297226,-0.4802516670057624,-0.12441944689074957,-0.4242629202453546,1.1158432343027758,-0.5284387739680105,0.5949518406842417,-0.8261751829853697,-0.1521809838660003,0.04473804629445353,0.27779238305422765,0,163.05
13814,-0.7326426215453997,-0.4242629202453546,-0.1610639696325413,0.4423887508799375,-0.28043365908412043,-0.4242629202453546,0.5368904145823528,0.4024455603336035,-0.04359074481178383,-0.17640448445960244,-0.5410188408508065,0.8556579076285298,-0.013645121696027966,0,961.58
13709,-1.202057637408444,0.25697513141698475,0.23007826377610885,0.38061849334253994,1.0527786996592303,0.25697513141698475,0.6737338083344528,0.5616302420357382,0.04636858080181654,-0.2030661491504609,-0.47451519385032626,-0.1441735622532226,0.37915071768724534,1,3388.84
17758,-0.5370530316024646,0.08666561850139992,-0.022419381551277467,-0.031663870227757275,1.7193848790309056,0.08666561850139992,1.5237418118330737,0.037358953386316215,-0.08606643230998945,0.8456673142497191,-0.44973384901563257,-0.46032476513981585,-0.6228757862525817,0,1974.95
14562,-0.8760749875035521,0.4272846443325696,0.06623592136665563,-0.09110465257243404,0.7407502752724887,0.4272846443325696,0.3877662034422439,-0.22794884945057498,-0.26116784520105335,0.04296921845191535,0.14585328739893288,0.5161878993146235,-0.33734810252031666,1,3051.92
15339,1.627471763766017,-0.4242629202453546,-0.22219125709689225,-0.2152894840880785,-0.15278566728954426,-0.4242629202453546,1.0632111597827372,-0.1962272643287728,-0.3135195107893872,-0.6290980588756522,-0.5410188408508065,1.6952692194308463,0.12664642565612896,0,316.17
17596,-0.7456819275415953,0.08666561850139992,0.029221992462441112,0.10724057458534211,0.8683982670670648,0.08666561850139992,1.0237371038927083,1.715719184376215,-0.6029485207352409,1.9334629826886114,-0.5095628193556995,-0.21977619372164764,-0.7786409331461034,1,1069.61
17107,-0.5109744196100733,-0.08364389441418492,0.810314983678793,3.17326028526095,1.8186666504266873,-0.08364389441418492,2.9755098673441336,2.0577355475985555,3.155080752489428,-0.6590149591742056,0.24618801024473222,-0.8275762152562454,-0.6057223478134631,1,4464.87
15128,-0.8760749875035521,-0.08364389441418492,-0.06712266226532192,0.026429760428861675,0.21597519789478678,-0.08364389441418492,0.326362116502199,0.41513419438232446,0.7369667518416546,1.0455274557943273,-0.4109324194761306,-0.7185191702532946,-0.06241939528420069,0,300.76
14673,2.2663977575796053,-0.4242629202453546,-0.20254465728039708,-0.003908583242919466,-0.507363422274478,-0.4242629202453546,-0.30522277773826234,-0.009358290156701587,-0.7262801990900174,-0.7230374761442504,2.552767972434166,0.344619215517999,-0.5558332913449653,0,1362.91
14897,1.3406070318497123,-0.4242629202453546,-0.23619661936767003,-0.36597541046268783,-0.5782789732714647,-0.4242629202453546,-0.5683831503384545,-0.324267117002229,-0.7262801990900174,-0.8261751829853697,-0.5410188408508065,-1.3226823162124386,0.47330048513915646,0,1190.88
16698,0.4278556121160152,-0.25395340732976973,0.07357004008005444,1.1399694969340455,-0.6633776344678488,-0.25395340732976973,-0.9631237092387429,0.7069727775029048,-0.7262801990900174,5.80697029285831,-0.5410188408508065,-0.5736483548104163,-1.067450603885795,1,0.0
12792,0.8190347920018853,-0.4242629202453546,-0.19794702318543908,0.04555809525748327,-0.3655323202805045,-0.4242629202453546,0.2210979674621221,0.00448385607826665,-0.7262801990900174,1.4949386025216804,-0.5410188408508065,0.30986121933796923,-0.426862201091255,0,0.0
13233,1.8621792716975394,-0.4242629202453546,-0.214314940499467,-0.13054693762934785,-0.4789972018756833,-0.4242629202453546,-0.19995862869818545,0.6516041925630318,1.7402814665656023,0.017915055600172893,-0.5410188408508065,0.6359914474370231,-0.7593409001772818,0,300.88
13235,0.24530532816927578,-0.4242629202453546,-0.0907771072559062,1.1986163131820275,0.03159476530262125,-0.4242629202453546,1.9579564266233906,0.779644045236488,0.0076666152319882774,-0.6545706492868126,-0.5410188408508065,-0.39357491139973866,0.8136653071681085,0,0.0
16326,-0.9934287414693131,0.5975941572481545,-0.059426511735943065,-0.36936636629545905,0.32944007948996556,0.5975941572481545,-0.23755296764107012,-0.6307717836336686,2.961470635769659,-0.7233684493798381,-0.3178241729421668,-0.8848538061787888,-0.23125672623390547,0,1823.7
16084,1.3797249498382993,-0.4242629202453546,-0.19188936406735024,0.11073341583989925,-0.18115188768833898,-0.4242629202453546,0.9053149362226219,0.0010233195195245904,-0.7262801990900174,-0.14629577059323934,-0.46743183823123335,1.6357171566439939,-0.9283103741717026,0,0.0
14340,0.3235411641464498,-0.4242629202453546,-0.2431313133075697,-0.44058688857050415,-0.6350114140690541,-0.4242629202453546,-0.7789114484186084,-0.5457414567617208,1.8558292115696648,2.3059376212924483,-0.5410188408508065,-0.060137726483376924,-1.067450603885795,0,0.0
12939,-0.719603315549204,0.08666561850139992,1.0920318259475557,2.965975700860926,-0.43644787127749124,0.08666561850139992,-0.686805318008541,2.0288977429423714,2.9942102429322515,-0.8261751829853697,-0.5410188408508065,-1.2649587866716332,1.2586360137176937,1,3591.72
16518,1.1841353598953641,-0.4242629202453546,-0.23361310593907997,-0.3381789774421288,-0.5640958630720674,-0.4242629202453546,-0.5157510758184162,-0.31734604388474486,0.0032638756155071585,-0.008566702727763343,-0.5410188408508065,0.19336427844963777,-1.067450603885795,0,293.62
15899,2.279437063575801,-0.4242629202453546,-0.25646530202289153,-0.5840493997851657,-0.6633776344678488,-0.4242629202453546,-0.8841755974586852,-0.6114916513778199,-0.7262801990900174,-0.8261751829853697,-0.5410188408508065,2.0634959412966323,0.2945733588122618,0,0.0
15514,0.4148163061198195,0.4272846443325696,0.15922370831713883,0.0756404191514435,-0.010954565295570795,0.4272846443325696,-0.2262746659582047,-0.06357336291032725,0.8687549236258835,-0.6195760903159867,-0.2890222710256608,-1.0505178022868595,0.3102891751076008,1,1521.78
15920,-0.5109744196100733,0.08666561850139992,-0.23755636327745427,-0.6103371448292798,0.03159476530262125,0.08666561850139992,-0.30522277773826234,-0.6608042973398943,0.07872224817044783,0.0841446434247128,0.28479343537828056,0.5278929815014068,-0.36610990667560167,0,0.0
18180,-0.7456819275415953,-0.25395340732976973,-0.16373076737560566,-0.13660912022560792,-0.12441944689074957,-0.25395340732976973,0.010569669381968322,0.2103857813234192,-0.667439298815899,2.046392357235827,0.0933644507375019,-0.4176105969708931,0.04777311782549452,0,1241.9
17554,-0.9282322114883348,-0.25395340732976973,-0.05358471196353246,0.45593036841396656,0.003228544903826554,-0.25395340732976973,0.563206451842372,1.6914954284650205,0.29770674516275286,1.2127994222704128,-0.5410188408508065,-0.12237301598092634,-0.6237122192949014,0,702.5600000000001
13489,-1.1499004134236612,0.08666561850139992,-0.18962199109778502,-0.4814037560059566,-0.5640958630720674,0.08666561850139992,-0.9104916347187044,-0.26197745894487195,-0.7262801990900174,-0.8261751829853697,5.7771467422263685,-1.3226823162124386,-0.02639478930195782,0,0.0
17291,1.4970787038040603,-0.4242629202453546,-0.1724076331999164,0.320340465367299,-0.7059269650660409,-0.4242629202453546,-1.0420718210188007,-0.497293944939332,-0.7262801990900174,-0.8261751829853697,-0.5410188408508065,-1.3226823162124386,4.941478643311516,0,0.0
14062,-1.0586252714502915,0.9382131830793241,1.060028553350896,0.8983335604400472,0.08832720610021064,0.9382131830793241,-0.5742311586184589,0.6435296072593004,0.4921719486125171,-0.5956435660555058,-0.3258231335914276,1.0107247475630383,-0.7655018687786938,1,2663.0600000000004
17848,-0.8499963755111608,0.7679036701637393,-0.12638030185371954,-0.49910569492957574,-0.13860255709014693,0.7679036701637393,-0.7657534297885987,-0.5777514199300848,-0.4808327609900513,0.9841155085529866,-0.5410188408508065,0.4900859978908098,0.23621497341814957,0,79.6
17486,0.8842313219828637,-0.4242629202453546,-0.19857080570405264,0.038846719653177215,-0.37971543047990186,-0.4242629202453546,0.16846589294208367,-0.0854900944490269,1.0441905914920406,-0.8261751829853697,-0.5410188408508065,1.4973750345382781,-0.9911409725055585,0,0.0
17857,-1.0977431894388785,1.6194512347416634,2.0613320707568072,1.2392714098787472,-0.5640958630720674,1.6194512347416634,-0.9894397464987621,1.229779992992859,4.5238809579858525,-0.6966787436814104,-0.5410188408508065,-1.1860633687124498,-1.067450603885795,1,13186.12
15919,2.279437063575801,-0.4242629202453546,-0.2296392543627355,-0.29542367454603213,-0.18115188768833898,-0.4242629202453546,0.9579470107426603,-0.14085867938889984,-0.09610374827539753,0.7689801541781722,-0.5410188408508065,-0.2343568488917577,0.5745634140562953,0,311.61
14709,-1.0586252714502915,0.7679036701637393,0.3058210985907533,0.08215977992238381,0.1876089774959921,0.7679036701637393,-0.18680061006817586,-0.0275261070900974,-0.1285655786812549,-0.6694271079950961,-0.5126256111112673,-0.7890163842615235,-0.48788980306440216,1,1556.6
14419,0.7668775680171027,-0.25395340732976973,-0.21382203333217023,-0.40607907994563913,-0.08187011629255754,-0.25395340732976973,0.40531022828225666,-0.46787938419002445,1.01878373038759,0.7739004293692778,-0.5410188408508065,-0.9433948316060518,-0.35218573028569866,0,744.65
14682,-0.08067732173561605,-0.25395340732976973,-0.2571876659749644,-0.6393679589214755,-0.7059269650660409,-0.25395340732976973,-1.0420718210188007,-0.6080311148190779,-0.7262801990900174,-0.8261751829853697,7.101166588341023,-1.3226823162124386,-1.067450603885795,0,0.0
12622,0.5060914480931892,-0.4242629202453546,-0.2354147666195441,-0.3575633320485713,-0.5640958630720674,-0.4242629202453546,-0.5157510758184162,-0.5076755546155581,-0.7262801990900174,0.6888519690077989,-0.10820212026359587,0.9058175434108316,-0.5719891973289927,0,0.0
17306,-0.8499963755111608,1.7897607476572481,0.7747423833189497,0.11292787107836441,-0.592462083470862,1.7897607476572481,-0.9330482380844352,1.332835532269683,1.0982338240652303,-0.8261751829853697,-0.5410188408508065,-1.3226823162124386,1.0211098984879143,1,2507.99
14371,1.3275677258535166,-0.4242629202453546,-0.24894421852189738,-0.503128862866762,-0.6633776344678488,-0.4242629202453546,-0.8841755974586852,-0.6287943341715302,-0.7262801990900174,-0.8261751829853697,-0.5410188408508065,0.9956133658175248,2.484095637741273,0,0.0
15845,-0.64136747957203,0.25697513141698475,0.1634423137972445,0.23722913063582735,0.31525696929056823,0.25697513141698475,-0.11574730946612387,0.20727129842055142,0.2572962105343275,-0.16700279032770038,-0.018566723895260276,0.16131344199436087,0.18962169426222789,1,1185.01
15396,-1.0586252714502915,-0.4242629202453546,-0.21704462639835886,-0.15991606357080693,-0.5215465324738753,-0.4242629202453546,-0.35785485225830077,-0.324267117002229,-0.436131811358954,-0.03370547738682157,-0.31560911030694355,-1.0610563350032973,0.40256644076480674,0,0.0
17198,2.240319145587214,-0.25395340732976973,-0.17736050039130555,-0.20993135588082598,0.31525696929056823,-0.25395340732976973,0.9316309734826411,-0.32772765356097106,0.46239777199450316,-0.10400892302801304,-0.22018944833594806,-0.48484459906368843,-0.5364310925262966,0,170.56
14242,0.5321700600855805,-0.25395340732976973,-0.2183414821523156,-0.43039181527513465,-0.5357296426732727,-0.25395340732976973,-0.6736472993785315,-0.5336295788061236,-0.32805944670124576,0.14367720147485863,0.4232775918470754,1.0757833839328832,-0.20428949655358455,0,0.0
15363,2.3315942875605837,-0.4242629202453546,-0.21061643706485383,-0.0907541493051792,-0.4931803120750806,-0.4242629202453546,-0.2525907032182239,-0.2481353127099037,1.4333886234364177,0.06707535935092275,0.6193743454835355,-0.4175830767328815,-0.32094252256220274,0,0.0
13936,-0.18499176970518144,-0.4242629202453546,-0.20201945619524292,0.0017421389961283398,-0.35134921008110714,-0.4242629202453546,0.27373004198216055,0.3955244872161194,-0.13666744567766667,0.9079079003030712,-0.44604452514466847,0.16550096503287906,-0.08133390231695525,0,0.0
14329,-1.1107824954350742,0.08666561850139992,0.32631753835086363,0.9063651650176798,1.6768355484327135,0.08666561850139992,1.444793700053016,1.143000383904404,-0.2133625733241795,-0.19118360960733044,-0.3245834868190673,0.9499683718581072,-0.28626204194294697,1,1490.21
15585,-0.22410968769376846,-0.4242629202453546,-0.1886395761229659,0.14569840263944453,-0.28043365908412043,-0.4242629202453546,0.5368904145823528,0.36091912162869877,-0.25867210986211253,-0.8261751829853697,0.07935272397003651,0.8444947443722305,-0.4439895504318065,0,0.0
16752,2.3315942875605837,-0.4242629202453546,-0.23075764372853302,-0.30745660410361625,-0.592462083470862,-0.4242629202453546,-0.621015224858493,-0.5595836029966891,-0.7262801990900174,2.84800724891075,-0.5410188408508065,1.1565749735004605,-1.067450603885795,0,0.0
12704,-1.1499004134236612,-0.08364389441418492,-0.07890484324360243,-0.01582569432958454,-0.15278566728954426,-0.08364389441418492,-0.2175026535381982,-0.21006941056374104,-0.42184164202137575,1.0336959983677267,0.5517334302164618,-0.7990116374694323,-0.6717384990809004,0,1239.92
12974,0.04971573822634068,-0.4242629202453546,-0.24141463662146712,-0.42211689031342214,-0.6066451936702594,-0.4242629202453546,-0.6736472993785315,-0.6633996997589509,1.5883779241697182,0.41951302711137034,-0.5410188408508065,-1.3226823162124386,-1.067450603885795,0,0.0
16665,2.201201227598627,-0.4242629202453546,-0.24301233571546357,-0.43930678968139947,-0.592462083470862,-0.4242629202453546,-0.621015224858493,-0.5422809202029788,0.05213199735566336,-0.8261751829853697,-0.5410188408508065,1.176792313851404,-0.2087151464761349,0,0.0
13284,1.7839434357203654,-0.4242629202453546,-0.23183014173737534,-0.3189957812325457,-0.5357296426732727,-0.4242629202453546,-0.41048692677833926,-0.43154375032323283,-0.7262801990900174,-0.634709890833226,-0.5410188408508065,-0.7126616106571053,1.2278235779677433,0,0.0
16832,-0.11979523972420307,-0.08364389441418492,-0.23217687643437032,-0.5655184444381263,-0.5640958630720674,-0.08364389441418492,-0.8841755974586852,-0.7083866750225976,0.9778542558633315,-0.8261751829853697,-0.5410188408508065,-1.100654514949616,1.1955154696256196,0,0.0
16565,2.2272798395910183,-0.4242629202453546,-0.2365025617473715,-0.36926709332038565,-0.6775607446672461,-0.4242629202453546,-0.9368076719787237,-0.5872678954666255,-0.7262801990900174,-0.8261751829853697,-0.5410188408508065,-1.3226823162124386,-1.067450603885795,0,0.0
15160,2.1360046976176483,-0.4242629202453546,-0.2391438642921274,-0.3976852886585098,-0.6633776344678488,-0.4242629202453546,-0.8841755974586852,-0.45576750623442724,-0.7262801990900174,-0.8261751829853697,0.6766283064407591,-1.3226823162124386,2.9673766979120964,0,0.0
12942,-0.8108784575225737,-0.08364389441418492,-0.1511956282072821,-0.2750883893362548,0.24434141829358147,-0.08364389441418492,0.1333778432620578,-0.5180571642917843,-0.21458363694098812,-0.41834295574772395,-0.3996225740288744,0.6182777890090068,-0.31535608472800236,0,0.0
14457,1.5231573157964517,-0.4242629202453546,-0.24671083915007674,-0.4790995780055682,-0.6633776344678488,-0.4242629202453546,-0.8841755974586852,-0.44192535999945903,-0.7262801990900174,-0.4872020913971106,-0.5410188408508065,0.3534222859072833,-1.067450603885795,0,0.0
13705,-0.64136747957203,-0.25395340732976973,-0.17718713304280806,-0.2089987124044783,-0.43644787127749124,-0.25395340732976973,-0.5420671130784354,-0.3363789949578262,-0.40633314782982816,-0.8261751829853697,-0.2749138151921034,0.402650036412696,-0.8950048651776764,0,189.18
14775,-0.7326426215453997,-0.25395340732976973,-0.1468002560189045,-0.04553008426580913,-0.16696877748894162,-0.25395340732976973,-0.04206240513807012,0.6412225828868056,-0.5243391285800618,0.4486448038613701,-0.44296667983987803,-0.061973605195668004,-0.5288005439197719,0,310.44
16097,0.6104058960627546,-0.4242629202453546,-0.2345734250753651,-0.3485112041899024,-0.5782789732714647,-0.4242629202453546,-0.5683831503384545,-0.4453858965582011,-0.7262801990900174,0.41290119688911214,-0.5410188408508065,-1.3226823162124386,-1.067450603885795,0,0.0
13183,-1.202057637408444,0.4272846443325696,0.1410439322433234,0.04304056744224405,-0.010954565295570795,0.4272846443325696,-0.4631190012983777,0.08869024567432336,-0.6676035719233357,-0.7716044066387658,-0.5410188408508065,3.7991144430852795,-0.8304785342243426,1,1562.8000000000002
17674,2.279437063575801,-0.4242629202453546,-0.21492342589909544,-0.13709372909076897,-0.5640958630720674,-0.4242629202453546,-0.5157510758184162,0.4612746818322185,-0.7262801990900174,5.53564954769692,-0.5410188408508065,-1.3226823162124386,-0.06016651535142261,0,250.38
17029,-1.0847038834426828,-0.25395340732976973,-0.14432892146287163,-0.03223534294610758,-0.7059269650660409,-0.25395340732976973,-1.0420718210188007,-0.054345265420348364,-0.7262801990900174,-0.8261751829853697,-0.5410188408508065,-1.3226823162124386,4.941478643311516,0,0.0
13196,0.8972706279790594,-0.4242629202453546,-0.178980295323836,0.24962414530775826,-0.23788432848592836,-0.4242629202453546,0.6947866381424681,0.36091912162869877,-0.043019937352111265,1.634496517931132,-0.5410188408508065,-0.5937811779484674,-0.4532170184860351,0,1285.65
15867,-1.0455859654540958,1.4491417218260785,0.23493934825358753,-0.23775064781011898,2.868216805182091,1.4491417218260785,0.48425834006231433,-0.3182111780244304,1.40425268881402,0.2851393496617612,-0.40694268295505803,-0.3911971355181842,-0.27816205629572843,1,862.73
12689,-0.8630356815073564,-0.4242629202453546,-0.17916726011143136,0.24761256133916512,-0.23788432848592836,-0.4242629202453546,0.6947866381424681,0.22595819583775845,-0.7262801990900174,0.5853852940224409,-0.2449202331408911,-0.09192060591231349,0.46350176287367056,0,736.5799999999999
17508,1.1319781359105816,-0.4242629202453546,-0.2001956996762448,0.02136422625340457,-0.4080816508786965,-0.4242629202453546,0.06320174390200677,0.2536424883076949,-0.7262801990900174,-0.3573038948599615,-0.5410188408508065,1.0264603495212112,-0.8386114146158038,0,0.0
15372,-0.7326426215453997,-0.4242629202453546,0.07516773917405095,2.9840433823242893,-0.3371660998817098,-0.4242629202453546,0.326362116502199,9.372156320593023,-0.3028860076386468,0.8454391367218484,-0.5410188408508065,-0.6000864239173169,0.23910386349324383,1,0.0
13488,-0.9543108234807262,0.9382131830793241,0.855147440064267,0.6534059410883509,2.5561883807953496,0.9382131830793241,0.6947866381424681,0.49626455148172144,-0.4503932636064643,-0.4421219965690584,0.13818818326211615,-0.2287033287781911,0.6508802711658592,1,2371.93
12715,-1.1368611074274655,-0.4242629202453546,-0.207665792780622,-0.05900769685538282,-0.43644787127749124,-0.4242629202453546,-0.04206240513807012,-0.08202955789028483,-0.5114097774360057,0.9545881293458889,-0.10032897744796994,-0.895076966479848,0.02632292229614793,0,0.0
12970,1.6796289877508,-0.25395340732976973,-0.2619807632569539,-0.6651528079734415,-0.6066451936702594,-0.25395340732976973,-0.8841755974586852,-0.732610430933792,1.030336657555736,0.1051191361711306,-0.5410188408508065,-1.3226823162124386,1.4320619821332543,0,381.67
13870,-1.202057637408444,0.25697513141698475,0.10441413099362297,0.11021040400806514,0.4429049610851444,0.25697513141698475,-0.1683793839861623,-0.014203041338940492,0.2505718017425943,1.627485350999656,-0.09731365371359763,0.26273786264448573,-0.7127272826451237,1,591.47
14542,-0.1067559337280074,-0.4242629202453546,-0.24847680655290905,-0.4980999029452792,-0.6491945242684515,-0.4242629202453546,-0.8315435229386468,-0.6807023825526611,-0.7262801990900174,-0.8261751829853697,-0.5410188408508065,0.6373860607506662,-0.07808695059422852,0,0.0
12802,-0.09371662773181173,-0.4242629202453546,-0.19335108877036833,0.09500648663089871,-0.3655323202805045,-0.4242629202453546,0.2210979674621221,0.3401559022762464,-0.5606344914798471,0.16053045043111838,0.16675641289351356,-1.1198360051580927,0.2535638243768625,0,0.0
16250,0.8842313219828637,-0.25395340732976973,-0.1998336678602647,-0.33082755239327044,-0.4080816508786965,-0.25395340732976973,-0.4631190012983777,-0.3865567750595861,-0.15794175430426155,-0.8261751829853697,-0.34085888969592665,0.9066227900615861,-0.4064436992279975,0,0.0
13999,-1.0195073534617045,0.7679036701637393,0.1694217876405207,-0.10128296266806526,0.49963740188273376,0.7679036701637393,-0.18022160075317104,-0.058238369048933175,-0.04062134031668476,0.19465048240741242,-0.23329584621571403,-0.23874303403335384,0.41441138288175633,1,1339.87
13890,-1.12382180143127,-0.25395340732976973,-0.1808533425595638,-0.2287213788601841,-0.3655323202805045,-0.25395340732976973,-0.30522277773826234,-0.27754987345921117,0.3253552841246979,-0.7200197849485733,-0.5410188408508065,1.1170924489773042,-0.1405279106480788,0,1382.7
14616,0.636484508055146,-0.08364389441418492,-0.1970054005279135,-0.4393799381893483,-0.6917438548666435,-0.08364389441418492,-1.0420718210188007,-0.6264873097990356,6.125771369386324,-0.6364544278233835,-0.5410188408508065,-1.3226823162124386,-1.067450603885795,0,0.0
14012,1.0928602179219946,-0.4242629202453546,-0.21014052669642935,-0.08563375374876041,-0.5640958630720674,-0.4242629202453546,-0.5157510758184162,-0.19276672777003073,-0.22194737893381616,-0.8261751829853697,-0.5410188408508065,2.1703346762364504,-1.067450603885795,0,0.0
13043,1.0407029939372119,-0.4242629202453546,-0.1782511326522142,0.25746932278527124,-0.5357296426732727,-0.4242629202453546,-0.41048692677833926,0.13252370875172284,0.19893529412799296,-0.8261751829853697,-0.5410188408508065,-0.2831452200764128,0.2604201325112405,0,0.0
16869,-0.3675420536519209,-0.25395340732976973,-0.20013281152041726,-0.3324368195681449,0.07414409590081329,-0.25395340732976973,0.40531022828225666,-0.32772765356097106,-0.06945193985722659,0.19998048897646964,-0.08408049415077934,0.35231749694029985,-0.2940148593667438,0,429.44
14339,0.636484508055146,-0.4242629202453546,-0.2134175095190094,-0.1208913345801011,-0.5215465324738753,-0.4242629202453546,-0.35785485225830077,-0.16508243530009425,-0.7262801990900174,-0.8261751829853697,-0.10399802766685971,-0.17983308846647822,0.9022636679565385,0,0.0
16949,-0.1067559337280074,0.08666561850139992,-0.11411711146735283,-0.27831149546775047,-0.26625054888472305,0.08666561850139992,-0.6736472993785315,-0.4125107992501515,-0.4833511434464765,0.06114389900166518,-0.284497931339473,-0.7156819554913764,2.2941881358050087,0,392.52
16266,-1.0195073534617045,0.4272846443325696,-0.13665996581168846,-0.45493618754646814,-0.1953349978877363,0.4272846443325696,-0.6561032745385186,-0.5428576762961024,0.5204672598652537,-0.7071795210426669,0.10419720350470489,0.9776338828820743,-0.1555952748295499,0,100.77
15581,-0.9543108234807262,1.6194512347416634,0.3587372325198946,-0.16984316012071002,1.1804266914538064,1.6194512347416634,-0.5036052124676381,-0.6711193582361447,-0.5787075040268855,-0.7116888115102484,-0.5183777617506731,-0.9563447216728881,-0.8422651315081902,1,0.0
17090,0.4408949181122109,-0.08364389441418492,-0.1557082783078786,-0.2912724967199355,-0.5357296426732727,-0.08364389441418492,-0.7964554732586211,-0.38540326287333876,-0.7262801990900174,-0.8261751829853697,-0.4618947578307481,2.044550073272688,-0.7897094785242368,0,1325.6
14188,-1.0977431894388785,0.08666561850139992,-0.030882087709797185,-0.05442677154508675,-0.3655323202805045,0.08666561850139992,-0.5289090944484257,-0.06905254579500211,-0.7262801990900174,-0.6521508972810044,-0.3255841830085265,-0.4068752571272757,0.7081340001174004,0,670.9
13824,-0.7587212335377911,0.08666561850139992,-0.022998972392823017,-0.03322284780341695,-0.35134921008110714,0.08666561850139992,-0.621015224858493,-0.17546404497632045,-0.4702522848303979,-0.8261751829853697,-0.1850562509217409,1.1189120691894021,-0.6198823690997259,0,269.1
12355,0.2713839401616671,-0.4242629202453546,-0.18794270736920143,0.15319612470420052,-0.5357296426732727,-0.4242629202453546,-0.41048692677833926,0.08407619692933402,-0.7262801990900174,-0.8261751829853697,-0.5410188408508065,0.235812728967545,0.1450608049413506,0,0.0
14040,-0.9934287414693131,0.9382131830793241,0.15414506481409462,-0.18461587642153174,0.9960462588616409,0.9382131830793241,-0.11808651277812539,-0.30657993014643625,1.0839292254255377,-0.5799158574535156,0.3178714683619005,-0.7668895095513059,-0.5826399850684914,1,1088.26
15971,-1.1107824954350742,0.5975941572481545,0.09251297242323625,-0.1358319173286515,-0.592462083470862,0.5975941572481545,-0.9443265397673006,-0.2955940998012234,-0.20165595121174368,-0.7441088773169218,-0.5410188408508065,0.056464426628494185,2.4924151811399136,1,2090.4
14222,-0.21107038169757278,-0.4242629202453546,-0.14990897053264876,0.562407165296996,-0.13860255709014693,-0.4242629202453546,1.0632111597827372,1.3540931139876697,-0.7262801990900174,1.5413457959972876,-0.20095350272496448,-0.28719671571508004,-0.6153538149373023,0,0.0
13055,0.25834463416547143,-0.4242629202453546,-0.20741084079753744,-0.056264627807301335,-0.4080816508786965,-0.4242629202453546,0.06320174390200677,0.12560263563423874,0.5748571026022375,0.07806385421886086,-0.31498424310750023,0.3622175962391578,-0.8087003883755011,0,869.55
18081,-1.0586252714502915,-0.25395340732976973,-0.23066416133473538,-0.4966826506037705,-0.6208283038696568,-0.25395340732976973,-0.8315435229386468,-0.6512878218033537,-0.7262801990900174,-0.8261751829853697,-0.5410188408508065,-1.3226823162124386,4.573231357073757,0,135.4
16770,0.5582486720779719,0.08666561850139992,-0.15565218887159998,-0.39003212601436243,0.4429049610851444,0.08666561850139992,0.2210979674621221,-0.4306786161835473,-0.6411246682033128,-0.3270203544565311,0.8223541949246611,0.5870914537353129,-0.4442386404764831,0,107.72
13952,0.3105018581502541,-0.25395340732976973,0.28655199767721196,2.2857229219835484,0.9818631486622436,-0.25395340732976973,2.5105932090837944,1.7295613306111832,0.6085271026038231,-0.311509870844165,-0.5410188408508065,-0.28979644563567697,0.9963894586675792,1,0.0
17250,0.8842313219828637,-0.4242629202453546,-0.23838070802276098,-0.3894743686412525,-0.3938985406792992,-0.4242629202453546,0.11583381842204521,-0.5042150180568161,0.13555825870482444,0.07134704392912153,0.01340961328054026,0.982837434795817,-0.2140459582647816,0,219.32
17877,-0.3023455236709425,-0.4242629202453546,-0.22563990758808256,-0.25239406474512727,-0.54991275287267,-0.4242629202453546,-0.4631190012983777,-0.4073199944120384,1.6276056102446395,1.1070198500738375,-0.5410188408508065,-1.3226823162124386,-0.2832374143921351,0,0.0
14147,1.1971746658915599,-0.4242629202453546,-0.23495585304999192,-0.3526258077620246,-0.6917438548666435,-0.4242629202453546,-0.9894397464987621,-0.6080311148190779,-0.7262801990900174,1.130575862908534,-0.5410188408508065,-1.3226823162124386,-1.067450603885795,0,300.6
12674,-0.3023455236709425,-0.25395340732976973,-0.10000127000390509,0.20622879296710916,-0.29461676928351777,-0.25395340732976973,-0.1210105169181278,0.10829995284052843,-0.29467900581096274,0.186480157707877,0.3987634213876476,0.700405795446226,-0.9235020531236976,0,993.8
17749,-0.19803107570137712,-0.25395340732976973,-0.151379193635103,-0.07016284431758088,-0.2520674386853257,-0.25395340732976973,-0.17364259143816624,-0.19276672777003073,-0.05750950469010422,-0.26925288844963935,-0.5410188408508065,1.791003047110745,-0.9006843767798034,0,0.0
14305,-1.0455859654540958,-0.25395340732976973,-0.08782306361189988,0.2717424253987886,0.15924275709719737,-0.25395340732976973,0.563206451842372,0.26056356142517906,0.03329805273784131,-0.20639271140597196,-0.30266749979060087,0.448714044707766,0.018907867005759152,0,810.51
13748,0.5060914480931892,-0.08364389441418492,-0.16730009513878932,-0.33284523207085925,-0.5640958630720674,-0.08364389441418492,-0.8666315726186725,-0.4892193596356005,-0.7262801990900174,4.542437614987447,-0.5410188408508065,-0.9039983161811024,-1.067450603885795,0,367.4
17970,0.2192267161768844,-0.4242629202453546,-0.17036971701512726,0.34226673062496343,-0.3371660998817098,-0.4242629202453546,0.4316262655422759,1.0288026774659162,-0.113263708666901,1.5470378535964409,1.17836764264085,-1.1076297776308854,-0.5800438977706242,0,0.0
14491,-0.23714899368996412,-0.25395340732976973,-0.20807881499321895,-0.37518297890074803,-0.4789972018756833,-0.25395340732976973,-0.6473312621185122,-0.5059452863361871,0.14097627382410913,-0.48990221772010584,-0.09718793275237558,-0.5445137193481348,-0.5281221934665371,0,0.0
12817,1.1450174419067771,-0.4242629202453546,-0.2378045165409899,-0.3832750325925884,-0.6633776344678488,-0.4242629202453546,-0.8841755974586852,-0.5630441395554311,-0.7262801990900174,1.0150765964715713,-0.5410188408508065,-0.3995009525580813,1.0822145206837084,0,0.0
15532,-0.8108784575225737,-0.08364389441418492,-0.059601578764327784,0.053403272734996246,1.6201031076351242,-0.08364389441418492,2.414101072463724,-0.3184995560709922,0.6831325830571291,-0.06891366719837727,-0.3236127637496552,-0.10311636645921109,-0.46655273146847326,0,350.24
12721,-0.14587385171659442,0.08666561850139992,0.022734314332883036,0.08979008365779716,0.5280036222815284,0.08666561850139992,0.24741400472214134,0.23374440309492808,-0.6439350681158825,1.725897345593739,0.009121706906379153,-0.777892367544683,-0.018078230804837225,1,957.22
17002,0.2844232461578628,-0.25395340732976973,-0.097159405232456,0.22151683112841666,-0.37971543047990186,-0.25395340732976973,-0.30522277773826234,-0.016279363274185707,-0.4759209240869589,-0.5538470172383168,0.2029542796816775,-0.4816475754502735,-0.5763431728603284,0,500.21
15049,1.0407029939372119,-0.4242629202453546,-0.24543098019499232,-0.46532937138419905,-0.6775607446672461,-0.4242629202453546,-0.9368076719787237,-0.5284387739680105,-0.7262801990900174,6.816860953540393,-0.5410188408508065,-1.3226823162124386,-1.067450603885795,0,0.0
18101,-0.6544067855682256,-0.4242629202453546,-0.2472904299916223,-0.48533548830820666,-0.5357296426732727,-0.4242629202453546,-0.41048692677833926,-0.6599391632002087,1.6417980454673533,-0.6216305344981072,-0.5410188408508065,-1.0218329334117637,-1.067450603885795,0,112.17
12501,1.8621792716975394,-0.4242629202453546,0.10270085366729474,3.280276552390102,1.3931733444447667,-0.4242629202453546,6.747475207946889,5.423684107068332,-0.5170463611183929,1.4105523542468064,-0.4712686938057857,-0.7496825367423151,0.8867483932897462,1,0.0
16008,0.14099088019971037,-0.4242629202453546,-0.2423749557577522,-0.4324491170611957,-0.6350114140690541,-0.4242629202453546,-0.7789114484186084,-0.4869123352631058,0.8794809519364993,-0.37303074801348673,2.3313225026399063,0.5839006498597658,-1.067450603885795,0,339.63
17429,-0.8499963755111608,-0.08364389441418492,-0.17680640474806844,-0.3669385324840142,-0.20951810808713367,-0.08364389441418492,-0.41048692677833926,-0.026660972950411886,1.0347539673377448,-0.03700243551966799,-0.32787856293537543,0.18102724323604294,0.2132759909790132,0,0.0
17060,0.949427851963842,-0.4242629202453546,-0.22621269971007918,-0.258556826539817,-0.6491945242684515,-0.4242629202453546,-0.8315435229386468,0.0010233195195245904,-0.7262801990900174,-0.8261751829853697,4.438929860958623,0.28909944115197556,-0.6826574912322788,0,0.0
14687,-1.1368611074274655,-0.4242629202453546,-0.15922151663478365,0.4622119965340731,-0.507363422274478,-0.4242629202453546,-0.30522277773826234,0.8799996054400077,-0.7262801990900174,-0.7057606921492439,3.4840260199743756,0.6638152024481554,-1.067450603885795,0,0.0
14716,-0.5892102555872473,-0.4242629202453546,-0.23513941847781278,-0.3546008174766433,-0.45063098147688857,-0.4242629202453546,0.06320174390200677,0.3574585850699567,1.5766936063649917,0.25517226952441074,-0.5410188408508065,-1.1280231191114432,-0.3439453654493152,0,125.79
17866,-0.6674460915644214,-0.4242629202453546,-0.20999605390601475,-0.08407934795484763,-0.592462083470862,-0.4242629202453546,-0.621015224858493,-0.1443192159476419,1.3274135262285733,-0.8261751829853697,-0.5410188408508065,-0.8686947976681525,-1.067450603885795,0,0.0
17995,1.1450174419067771,-0.4242629202453546,-0.25309143744673934,-0.547749452715554,-0.6917438548666435,-0.4242629202453546,-0.9894397464987621,-0.28620121485606637,-0.7262801990900174,6.816860953540393,-0.5410188408508065,-1.3226823162124386,-1.067450603885795,0,0.0
17463,-0.22410968769376846,-0.08364389441418492,-0.05737499811205609,0.06138865151941124,0.7407502752724887,-0.08364389441418492,1.0281231101027117,0.08176917255683924,-0.16076974222216955,-0.06971016568490347,0.17309180731559656,0.7094021197385949,-0.4911741269899756,0,648.27
15364,0.7929561800094941,-0.4242629202453546,-0.20963062273026023,-0.08014761565259734,-0.6775607446672461,-0.4242629202453546,-0.9368076719787237,-0.45576750623442724,-0.7262801990900174,1.3437283856123599,-0.5410188408508065,-1.3226823162124386,-1.067450603885795,0,581.39
17268,-1.12382180143127,0.08666561850139992,-0.13623164648010644,-0.3377949477753974,-0.6775607446672461,0.08666561850139992,-1.0157557837587814,-0.016279363274185707,-0.7262801990900174,-0.8261751829853697,5.423496527383349,-1.3226823162124386,0.2516747680174018,0,0.0
12515,2.083847473632866,-0.4242629202453546,-0.20080928411553492,0.01476257341102178,-0.4931803120750806,-0.4242629202453546,-0.2525907032182239,-0.29312228797355044,-0.7262801990900174,1.7314631801366211,-0.3617650778517805,-0.8462173358782128,-0.42380454691469943,0,0.0
16745,-0.9673501294769218,1.960070260572833,0.736331317547432,0.03205366154832828,1.208792911852601,1.960070260572833,0.007060864413965771,0.453661501402986,-0.5120546354366987,-0.6213397979250298,-0.48749932299685866,0.2037775803622659,0.45745021271604835,1,1283.37
18125,0.10187296221112337,-0.08364389441418492,-0.10729289672012313,-0.11763622597637768,1.3506240138465746,-0.08364389441418492,1.8526922775833137,0.05062434352816071,-0.5496968491575802,0.31033667939746856,-0.017301239963905767,0.7445966226984505,-0.3979687662469903,0,197.85
16997,1.2232532778839513,-0.08364389441418492,-0.14670847330499406,-0.25899571758751005,-0.6208283038696568,-0.08364389441418492,-0.8841755974586852,-0.3311881901197131,-0.7262801990900174,-0.8261751829853697,-0.5410188408508065,-0.5353454817841763,0.10095230529145965,0,0.0
14901,-1.202057637408444,0.25697513141698475,-0.12629191849958357,-0.3862302323137215,-0.010954565295570795,0.25697513141698475,-0.4631190012983777,-0.46338068666365984,-0.21347422721853798,-0.29040403941997855,-0.3039783498709115,-0.13674687186869186,0.6925724617556108,0,599.17
15366,2.1490440036138443,-0.4242629202453546,-0.2480875798587333,-0.4939121508652081,-0.6066451936702594,-0.4242629202453546,-0.6736472993785315,-0.5353598470854947,2.2696553153711876,0.2992064880550915,-0.5410188408508065,-1.3226823162124386,-1.067450603885795,0,496.97
15512,-0.4979351136138776,-0.25395340732976973,-0.24545987475307524,-0.5762773708156014,-0.6208283038696568,-0.25395340732976973,-0.9104916347187044,-0.6287943341715302,-0.7262801990900174,0.4245034575370275,0.40635951813991594,1.9989681568366475,-1.067450603885795,0,0.0
13090,-0.7456819275415953,0.9382131830793241,0.5688601585787421,0.3111603276197196,0.07414409590081329,0.9382131830793241,-0.6502552662585144,-0.31080947482934324,-0.20953940952099182,-0.7253472666399832,-0.36944376397178863,-0.3663720161198958,0.26016014582885455,1,3998.8
17189,-1.1499004134236612,-0.25395340732976973,-0.20080078571609877,-0.3360302400211317,0.017411655103223903,-0.25395340732976973,0.48425834006231433,-0.35541194603090753,-0.34213612974874985,0.038409048119733204,-0.16762215864273747,-0.36263814615290035,0.3903508629912589,0,0.0
13650,0.1801087981882974,-0.25395340732976973,-0.13931146643576775,-0.00524354351298582,-0.2520674386853257,-0.25395340732976973,-0.14732655417814702,-0.2550563858273878,0.6082886757948341,-0.10033689767307287,0.07218473836136104,-0.8961061087837132,0.6892375190708712,0,1090.82
12714,-1.1368611074274655,0.08666561850139992,0.310114489985897,0.8627823696254118,1.6484693280339189,0.08666561850139992,1.4184776627929967,1.2070203102411323,-0.35838409062320564,1.0771317950847032,-0.1930995396050084,-0.3738142610898813,0.38288584582789065,1,1319.16
14390,-0.64136747957203,0.08666561850139992,0.0043437779530510435,0.040323405157394424,0.6272853936773098,0.08666561850139992,0.7737347499225258,-0.10711844794116476,-0.11922585327255031,-0.6108722998214248,0.22554898551719732,-0.6517430992035407,0.603872676995056,0,3051.86
17949,-1.1499004134236612,4.174093928475436,7.3800859521102335,2.2511475816111663,-0.4080816508786965,4.174093928475436,-1.0025977651287719,1.4660661897812521,-0.6201934363006991,-0.8261751829853697,-0.5410188408508065,-0.9960534630053236,2.6993504340233176,1,13184.88
14049,-0.45881719562529055,-0.08364389441418492,0.2854759303406064,1.2909845915944245,2.2725261768074025,-0.08364389441418492,3.6948148857846594,1.7335986232630487,-0.4644285742379748,0.20436295249852732,-0.46331902597841707,-0.2855099162937666,-0.16800200520877895,1,2333.98
16875,-0.64136747957203,0.08666561850139992,-0.07256843662400783,-0.1665542906671641,0.03159476530262125,0.08666561850139992,-0.31838079636827193,-0.324267117002229,1.1034904433622799,-0.588463463399171,0.1623683894796589,-0.6109663416855096,0.6084715447021389,0,957.33
15648,0.14099088019971037,-0.25395340732976973,-0.15733147260018354,-0.10218360367218536,-0.3938985406792992,-0.25395340732976973,-0.4631190012983777,-0.3692540922658758,0.4625607321942388,0.16341573508239085,-0.5410188408508065,1.2515582473049427,-1.067450603885795,0,0.0
17230,0.9233492399714508,0.7679036701637393,0.35238722846120213,0.1447863321809574,0.003228544903826554,0.7679036701637393,-0.6407522528035074,-0.03228434485836773,-0.3809831116608814,-0.7032869944671004,-0.03817853650123545,1.0575664623297498,0.12313459522715274,1,0.0
14321,-1.0064680474655088,-0.08364389441418492,-0.11294433234516392,-0.13790445838720203,0.3436231896893629,-0.08364389441418492,0.27373004198216055,1.002271897182227,-0.3686570748635532,1.540268004747461,0.012894293904805742,0.1370566969584251,-0.8092531222152951,0,630.1
16488,-1.0325466594579003,-0.25395340732976973,-0.20576045162703685,-0.3627111582954709,-0.4080816508786965,-0.25395340732976973,-0.5157510758184162,0.32458348776190715,-0.33390618254506577,0.9138081121054712,-0.5410188408508065,-0.7357669726091929,-0.3836355740625966,0,144.23000000000002
14837,-1.1499004134236612,-0.08364389441418492,-0.037323874482400085,0.1332997305421162,0.4429049610851444,-0.08364389441418492,0.48425834006231433,0.6677533631704948,-0.43802772283672353,1.7124152255702454,0.2918314752530383,0.2610633154558341,-0.9725981579075625,0,303.94
15329,-0.7717605395339867,-0.25395340732976973,-0.13787013789139646,0.0025101983295911837,-0.12441944689074957,-0.25395340732976973,0.010569669381968322,-0.07856902133154278,-0.04935368202504381,1.6297330334038367,-0.5410188408508065,-0.5867876062023117,0.13353830533520578,0,295.7
15801,-1.0977431894388785,-0.4242629202453546,-0.24270299397598766,-0.43597853256972724,-0.592462083470862,-0.4242629202453546,-0.621015224858493,-0.5042150180568161,-0.26542750386157377,1.1255227198266313,1.3525411692972926,-0.9310450696686738,0.24188465694498462,0,926.73
17341,-0.4848958076176819,-0.08364389441418492,-0.15005854236272503,-0.2710103600181069,1.364807124045972,-0.08364389441418492,1.6597080043431731,-0.23544667866118285,0.044963913496715226,0.19399410126824837,0.24796464363859275,-0.05521645057960497,-0.45712538025541255,0,0.0
15083,0.8190347920018853,-0.4242629202453546,-0.25103482478319067,-0.5256220290610301,-0.6491945242684515,-0.4242629202453546,-0.8315435229386468,-0.614952187936562,-0.7262801990900174,-0.8261751829853697,-0.5410188408508065,1.7527517676563242,-0.055743128592370184,0,0.0
15689,-0.9673501294769218,-0.25395340732976973,-0.2228371354540398,-0.4545765407157197,-0.6066451936702594,-0.25395340732976973,-0.857859560198666,-0.6011100417015938,-0.7262801990900174,-0.8261751829853697,-0.5410188408508065,-0.15813026642291422,0.7061412636458785,0,0.0
16175,-0.32842413566333384,-0.08364389441418492,-0.1407782901784475,-0.237727788901385,-0.23788432848592836,-0.08364389441418492,-0.35785485225830077,-0.3208065804434869,-0.24188694464170554,-0.6939319570755278,1.1467354464195842,1.4667652544949303,-0.8236326873837401,0,300.7
17625,-0.6935247035568127,-0.25395340732976973,-0.05745318338686865,0.43511961790252174,1.563370666837535,-0.25395340732976973,4.01060733290489,0.7035122409441626,-0.37356256242763214,0.09257365413776653,-0.34484660072992085,1.5190985178325336,-0.013330666271879062,0,793.27
15802,-0.6674460915644214,-0.4242629202453546,-0.18929905191921123,0.13860299736840712,-0.7059269650660409,-0.4242629202453546,-1.0420718210188007,-0.7429920406100182,-0.7262801990900174,-0.8261751829853697,-0.5410188408508065,-1.3226823162124386,-1.067450603885795,0,0.0
13136,-0.6674460915644214,-0.08364389441418492,-0.05752966898179402,0.06083394200079929,0.05996098570141595,-0.08364389441418492,0.045657719061994013,0.034475172920697704,-0.09527973302520515,-0.26915344088033644,-0.5410188408508065,-0.3660784602500996,-0.3524611095425925,0,1380.93
14173,0.33658047014264547,-0.4242629202453546,-0.24664285195458754,-0.4783680929260797,-0.5640958630720674,-0.4242629202453546,-0.5157510758184162,-0.6080311148190779,-0.7262801990900174,-0.4883910534861609,2.35395143748212,0.26552327298325973,-0.9120109223772714,0,336.8
14503,-0.19803107570137712,-0.4242629202453546,-0.16454321436170175,0.40495500193711903,-0.15278566728954426,-0.4242629202453546,1.0105790852626988,0.5720118517119644,0.0009974852063463968,-0.2155720314080357,0.39283120841282326,-0.35700624490785227,1.1752174140106808,0,2946.19
17978,2.240319145587214,-0.4242629202453546,-0.21487923422202745,-0.13661826378910152,-0.54991275287267,-0.4242629202453546,-0.4631190012983777,0.9803551656435273,0.10030808650428864,-0.6534626822264471,0.3656208634631251,2.502813945135761,-0.6690784834498442,0,0.0
15105,-0.7717605395339867,-0.4242629202453546,-0.17543646275896083,0.28775280507609086,-0.45063098147688857,-0.4242629202453546,-0.09469447965810857,0.20173443992656404,-0.33077938705675103,0.14178785355538018,-0.03343250704205097,-0.8632030693728451,-0.8131043923642158,0,1765.95
18198,-0.47185650162148624,1.6194512347416634,0.4330710327080252,-0.108322451531584,0.14505964689780004,1.6194512347416634,-0.6493555726769753,0.11468863571820606,-0.3999929666850114,-0.10325584006626909,3.757182092449452,-0.2945478319470232,-0.8701532073089966,1,998.17
16825,-0.1067559337280074,-0.4242629202453546,-0.21185720338253194,-0.10410375200584242,-0.5640958630720674,-0.4242629202453546,-0.5157510758184162,0.492419510860897,1.1609667783668571,-0.8261751829853697,1.3581373750010695,-0.25010572369479106,0.6973306246603874,0,456.48
16520,-0.09371662773181173,-0.08364389441418492,-0.0881426034306992,-0.04895587272141322,1.1095111404568196,-0.08364389441418492,1.6421639795031602,-0.1027927772427372,-0.16164915618258519,-0.20688601515389682,0.14333635605323009,0.445125363251844,-0.4121106034318351,0,0.0
15676,1.1710960538991686,-0.4242629202453546,-0.11342874111302456,0.9549037718234815,0.14505964689780004,-0.4242629202453546,2.115852650183506,1.1741452129330827,0.05901245137037383,0.23097811110437105,0.3714809118885158,0.1502777467136701,-0.7522127251344106,0,2537.96
12691,-0.6283281735758344,0.08666561850139992,-0.17147280926193975,-0.4325862705135998,-0.4931803120750806,0.08666561850139992,-0.8183855043086372,-0.5751560175110283,-0.7262801990900174,1.197587576155822,0.5469931778297484,-1.0842309233228582,1.1468770892212496,0,479.5
12361,1.2232532778839513,-0.4242629202453546,-0.23374908033005837,-0.3396419476011056,-0.5782789732714647,-0.4242629202453546,-0.5683831503384545,-0.43154375032323283,-0.7262801990900174,-0.22245984834668434,-0.5410188408508065,-0.8301303629208248,-0.5453477467043545,0,0.0
18097,-0.8760749875035521,0.25697513141698475,0.07156441781312269,0.039523343351703995,0.07414409590081329,0.25697513141698475,-0.22101145850620077,0.22665030314950682,-0.2130388869116549,-0.014617272808508297,0.7485566643591083,0.6441962477593804,-0.5688141531139388,1,676.2
13932,1.314528419857321,-0.4242629202453546,-0.2137778416551022,-0.1247682055013896,-0.4931803120750806,-0.4242629202453546,-0.2525907032182239,-0.497293944939332,3.5915457504270005,-0.8261751829853697,-0.5410188408508065,-0.19408081093439877,-0.721458256210478,0,0.0
13068,1.6405110697622127,-0.4242629202453546,-0.23798128324926188,-0.38517689379925824,-0.7059269650660409,-0.4242629202453546,-1.0420718210188007,-0.4003989212945543,-0.7262801990900174,-0.8261751829853697,-0.5410188408508065,-1.3226823162124386,-1.067450603885795,0,179.0
13901,-1.12382180143127,0.08666561850139992,0.18477669574175937,0.5256500400527042,1.1095111404568196,0.08666561850139992,0.6684706008824489,0.5919099369247313,-0.2834634412992297,0.11518493537274826,-0.3362402660198448,-0.6199461646371859,0.45567027460300685,1,214.92
15400,-1.0455859654540958,0.08666561850139992,-0.16214156668104532,-0.40748718872365425,-0.592462083470862,0.08666561850139992,-0.9499656906087333,-0.4523069696756852,1.0947152858097682,0.2367470545877479,-0.5410188408508065,-1.3226823162124386,-1.067450603885795,0,105.0
16201,-1.0977431894388785,-0.4242629202453546,-0.21438972641450513,-0.1313515712167851,-0.45063098147688857,-0.4242629202453546,-0.09469447965810857,-0.026660972950411886,-0.7262801990900174,-0.8261751829853697,-0.5410188408508065,-0.15085143058017086,-0.52352185372804,0,1559.67
14375,-0.1067559337280074,-0.4242629202453546,-0.22598834196496478,-0.2561429257775053,0.08832720610021064,-0.4242629202453546,2.379013022783698,-0.10971385036022131,-0.02828674611819534,0.11736145672497628,0.17758536723460241,0.508928681291434,-0.7490967364846131,0,0.0
14520,1.2623711958725383,-0.4242629202453546,-0.23798128324926188,-0.38517689379925824,-0.7059269650660409,-0.4242629202453546,-1.0420718210188007,-0.4003989212945543,-0.7262801990900174,-0.8261751829853697,-0.5410188408508065,-1.3226823162124386,4.941478643311516,0,105.6
15159,-1.0586252714502915,2.4709987993195877,1.2585817584173666,0.22439095791990646,2.1874275156110183,2.4709987993195877,-0.0625304341180851,0.3428474307108236,1.2069213045284732,-0.35337896500075955,-0.20537497897786686,-0.5580772098397397,-0.12496331168004154,1,9671.04
13645,-0.9543108234807262,-0.4242629202453546,-0.22317707143148585,-0.2258960177406602,-0.6491945242684515,-0.4242629202453546,-0.8315435229386468,-0.19968780088751487,-0.17163243316775706,-0.8261751829853697,-0.5410188408508065,-1.3226823162124386,-1.067450603885795,0,0.0
17584,-0.8630356815073564,-0.4242629202453546,-0.13864349224008624,0.6836142429682232,-0.4931803120750806,-0.4242629202453546,-0.2525907032182239,0.10137887972304431,-0.7262801990900174,-0.32136460354975055,-0.5410188408508065,0.8841090032885388,-1.067450603885795,0,492.85
16948,-0.719603315549204,-0.08364389441418492,-0.19208652693426898,-0.4217389563556865,-0.507363422274478,-0.08364389441418492,-0.7613674235785957,1.1153160914344677,-0.7262801990900174,4.423558616825898,-0.5410188408508065,-1.3226823162124386,-0.9735222353488507,0,0.0
15695,0.949427851963842,-0.25395340732976973,-0.19634252537189367,-0.3120466729774059,-0.4080816508786965,-0.25395340732976973,-0.5157510758184162,-0.37963570194210194,-0.2121233553476637,-0.8261751829853697,-0.5410188408508065,-0.21043220712870842,0.8958063175788612,0,0.0
14194,-1.1368611074274655,1.4491417218260785,0.6970891083110584,0.17661126688407386,2.159061295212224,1.4491417218260785,0.2956600730321766,0.18875742783128133,0.25499109658049934,-0.36673921005286275,0.11484060804858975,-0.173090643360654,0.2719591260610863,1,5683.07
15384,-0.31538482966713816,-0.25395340732976973,-0.15683686575299952,-0.09952282669554635,-0.23788432848592836,-0.25395340732976973,-0.0157463678780509,0.28478731733637347,-0.08205154227312556,0.34810240714413104,-0.3804212422858874,-0.10007411809557014,-0.12178857046220558,0,0.0
17511,-1.0325466594579003,2.811617825150757,9.28200565008242,4.449525278192772,4.087964282330263,2.811617825150757,0.5526800369383643,5.844312325783429,-0.1627303306902427,-0.01909636762872744,-0.25455389980166576,-0.20359443912649502,0.4637358402234981,1,34886.91
13217,-0.9282322114883348,-0.08364389441418492,-0.17526649477023779,-0.36141582013387685,-0.6775607446672461,-0.08364389441418492,-1.0245277961787878,-0.44423238437195367,1.3517372098129183,-0.8261751829853697,4.841055867006939,-1.3226823162124386,-1.067450603885795,0,0.0
13481,-1.1107824954350742,0.08666561850139992,-0.03464347930023789,-0.06454412455076067,0.32944007948996556,0.08666561850139992,-0.0157463678780509,-0.0015720828995319542,-0.21013294408329505,0.057754216450928646,-0.3422915930906084,-0.010382156800391604,-0.2546099841452586,0,443.23
13382,1.1319781359105816,-0.4242629202453546,-0.22812483958321328,-0.2791298444004281,-0.507363422274478,-0.4242629202453546,-0.30522277773826234,-0.29312228797355044,-0.7262801990900174,-0.8261751829853697,0.5796568106787364,-0.6586627887452126,-0.12969223892563347,0,0.0
17703,-1.0977431894388785,-0.25395340732976973,-0.18257851764510258,-0.23800209580619314,-0.26625054888472305,-0.25395340732976973,-0.14732655417814702,-0.09587170412525307,-0.5803009589255508,0.8327011627621149,0.13142374213169064,-0.16573208436070874,0.4355160564446388,0,307.78
14565,-1.0455859654540958,-0.08364389441418492,0.1691464394987894,0.8737820765082187,0.6840178344748993,-0.08364389441418492,0.8175948120225579,0.835012630176361,0.1711290499462922,-0.3008418264886025,-0.4152967239757445,0.1443635587139459,0.1144707062975281,1,538.8000000000001
18273,0.8320740979980811,-0.4242629202453546,-0.25735763396368744,-0.5936501414534509,-0.7059269650660409,-0.4242629202453546,-1.0420718210188007,-0.6772418459939191,-0.7262801990900174,-0.8261751829853697,7.101166588341023,-1.3226823162124386,-1.067450603885795,0,153.0
18188,1.2623711958725383,-0.4242629202453546,-0.1935176573993169,0.09321434818615222,-0.4931803120750806,-0.4242629202453546,-0.2525907032182239,-0.1789245815350625,-0.23215450101807578,0.07679955044383416,-0.5410188408508065,0.4951688053029419,-0.13357341427214844,0,1574.44
17591,-0.9282322114883348,0.4272846443325696,0.04686297001200452,-0.12584409813913708,0.428721850885747,0.4272846443325696,0.20355394262210935,-0.24121423959241958,0.5586884620099898,-0.6777876751660069,-0.4752191705575815,1.6780039611009554,-0.8267174005738821,1,362.8
13229,0.4148163061198195,-0.4242629202453546,-0.23866965360359013,-0.39258318022907823,-0.5782789732714647,-0.4242629202453546,-0.5683831503384545,-0.5284387739680105,0.8191497288443637,-0.8261751829853697,0.29940788854773526,0.18829998523646865,0.3045789073568344,0,0.0
14156,-1.0325466594579003,5.36626051888453,14.177403265124518,3.7530614837305767,7.733023603575382,5.36626051888453,0.4722281516005911,3.265990126456105,-0.20265727269520029,-0.4014382940501299,-0.3442025973248992,0.26418995058648964,0.5538512084864355,1,32232.73
13694,-1.12382180143127,6.047498570546869,7.537483108387309,1.465885487504252,3.6624709763483425,6.047498570546869,-0.4941584298614773,3.5863166577895673,-0.11024890615088023,-0.00735574498313224,-0.051227349512293185,-0.3169160349142689,-0.05705337395334823,1,19127.98
13327,-1.0586252714502915,0.5975941572481545,0.19947382772663985,0.02856935428636526,0.13087653669840268,0.5975941572481545,-0.4405623979326469,-0.1255334460573279,-0.3617120489056464,-0.5113839547972896,0.3694859900192227,-0.3065887353635097,0.1357613720751375,1,889.02
18146,-0.6935247035568127,-0.25395340732976973,-0.23877163439682397,-0.540297448468266,-0.5782789732714647,-0.25395340732976973,-0.8315435229386468,-0.4817215304249927,-0.7262801990900174,1.13284436931403,0.3025526097054473,-0.8560250493333492,0.09049086002687641,0,0.0
17733,0.8842313219828637,-0.4242629202453546,-0.2291514462351004,-0.2901752691007029,-0.54991275287267,-0.4242629202453546,-0.4631190012983777,-0.4453858965582011,-0.7262801990900174,0.4209484825274759,1.2766200996714259,0.5116183502702573,-0.6533759680452798,0,475.24
16057,0.2322660221730801,-0.08364389441418492,-0.08593811861696149,-0.04104973815394273,0.102510316299608,-0.08364389441418492,-0.04206240513807012,-0.31157848295350804,-0.7262801990900174,-0.4453001730673296,-0.4133533614005779,0.2578409813137155,1.0960225346656807,0,1203.58
16270,2.083847473632866,-0.4242629202453546,-0.07205173393828983,1.4000855912001189,0.045777875502018596,-0.4242629202453546,1.747428128543237,1.6343965752457765,0.02362668513925153,-0.07864119052190408,-0.5410188408508065,-0.7030177893088381,-0.027561074670670524,0,0.0
18202,0.07579435021873202,-0.08364389441418492,-0.02858242082237458,0.16464996190718972,0.05996098570141595,-0.08364389441418492,0.09828979358203246,-0.0762619969590482,-0.3601166412583627,-0.22982808037095764,-0.21169682506161117,0.2822519051993096,0.3777997036026596,0,0.0
16083,2.1751226156062358,-0.4242629202453546,-0.2085802205599519,-0.06884617117450173,-0.4789972018756833,-0.4242629202453546,-0.19995862869818545,0.5823934613881906,3.456170587583663,-0.1070540836850586,-0.5410188408508065,0.10634871435645035,-1.067450603885795,0,0.0
15408,0.9233492399714508,-0.4242629202453546,-0.22061395416154253,-0.19831903024394767,-0.23788432848592836,-0.4242629202453546,0.6947866381424681,-0.37963570194210194,0.5281643560713333,-0.18253302012950684,-0.20350185580528105,0.5387071421587657,-0.8020663493872239,0,0.0
12551,2.1360046976176483,-0.4242629202453546,-0.23747137928309278,-0.37969075570309524,-0.5782789732714647,-0.4242629202453546,-0.5683831503384545,-0.4003989212945543,-0.7262801990900174,-0.8261751829853697,-0.5410188408508065,-0.9008947263401553,0.07710734796131151,0,0.0
17771,1.6926682937469957,-0.4242629202453546,-0.246343708294435,-0.4751495585763308,-0.4080816508786965,-0.4242629202453546,0.06320174390200677,-0.36579355570713373,0.9484218818572294,4.269182241365139,-0.5410188408508065,-1.1317633325272436,-1.067450603885795,0,130.01
17507,0.8842313219828637,-0.25395340732976973,-0.16309678677766876,-0.13319857104249327,0.40035563048695233,-0.25395340732976973,1.2211073833428525,-0.12528626487456057,-0.5417945290172451,-0.03988575581545873,-0.3176516852368579,1.7475334962014895,0.026020123418844545,0,0.0
12705,-0.45881719562529055,0.08666561850139992,0.4414691510308301,1.2160988065818004,1.7903004300278924,0.08666561850139992,1.6158479422431409,1.5020310518738929,0.05713550406028001,0.42597305004231006,-0.328489078763599,-0.5458424992071391,-0.03784627598381788,1,2705.77
13780,-0.3023455236709425,-0.4242629202453546,-0.24626212365984795,-0.47427177648094465,-0.592462083470862,-0.4242629202453546,-0.621015224858493,-0.14777975250638398,-0.7262801990900174,0.23864409300119074,5.0979518318758785,-1.3226823162124386,-1.067450603885795,0,243.73
18108,0.7929561800094941,-0.4242629202453546,-0.21996467644462056,-0.19133334773483351,-0.4789972018756833,-0.4242629202453546,-0.19995862869818545,-0.45576750623442724,1.1379375425015645,-0.38056643406615603,0.16961980422533407,0.6478096933175413,-1.067450603885795,0,0.0
12955,-0.6544067855682256,0.25697513141698475,-0.03709271801773678,-0.1942885474559666,-0.12441944689074957,0.25697513141698475,-0.4210133416823469,0.016249680377989673,-0.41640866615633887,-0.11743582693447768,0.08593858047020521,-0.6545040353913191,-0.19483266016842943,0,3410.24
12509,1.1841353598953641,-0.4242629202453546,-0.23602665137894702,-0.36414669776396685,-0.6208283038696568,-0.4242629202453546,-0.7262793738985699,-0.556123066437947,-0.7262801990900174,-0.046715407022403135,-0.5410188408508065,2.130001592271839,-1.067450603885795,0,0.0
17585,-1.0977431894388785,0.08666561850139992,-0.07622614774132747,-0.176392764986283,1.7761173198284952,0.08666561850139992,1.6421639795031602,0.6810187533123393,0.127519783996497,0.38152418146099826,-0.4336417145621476,0.08726459179841466,0.11444682407424442,0,0.0
13291,-0.4979351136138776,-0.4242629202453546,-0.2046488609807882,-0.026548046453085287,-0.13860255709014693,-0.4242629202453546,1.1158432343027758,0.0598524410181396,-0.7262801990900174,-0.4217044661151441,-0.5410188408508065,1.6546636141887758,-0.8644406157497504,0,0.0
15834,-0.3675420536519209,-0.08364389441418492,0.03706431546212179,0.40008453044952536,1.7761173198284952,-0.08364389441418492,2.2737488737436213,0.034475172920697704,-0.026084338958456844,-0.3287747816642687,0.007324956137278656,-0.8858901180746929,0.39988839000843507,1,441.93
15646,-0.47185650162148624,-0.08364389441418492,-0.18994153091658433,-0.41404617160306684,-0.22370121828653103,-0.08364389441418492,-0.4806630261383905,-0.29196877578730307,-0.24831591274506915,1.8346476914587702,-0.2388414614908406,-0.49079703360617843,1.048776042125857,0,0.0
12764,1.6013931517736257,-0.4242629202453546,0.02187937534960619,2.4107053770212854,-0.08187011629255754,-0.4242629202453546,1.2737394578628911,0.5893145345056747,-0.3164430313175651,-0.3059245946665868,-0.5410188408508065,0.23160281100869146,-0.37534602969624514,1,0.0
17954,-0.9151929054921392,1.108522695994909,0.05439935063198375,-0.34216374241264186,3.095146568372449,1.108522695994909,0.936894180934645,-0.11282833326308919,-0.6057440484353456,1.1573467746719885,-0.3875840943265942,-0.23655415802978727,-0.2236167981543298,1,428.92
16863,2.2533584515834097,-0.4242629202453546,-0.23810875924080413,-0.38654842832329894,-0.592462083470862,-0.4242629202453546,-0.621015224858493,-0.383096238500844,-0.7262801990900174,0.5977329191618949,1.8039805237231246,0.9500247762632242,-1.067450603885795,0,338.55
17553,-0.8369570695149651,-0.4242629202453546,-0.013181621364180732,2.0334785215291196,-0.6917438548666435,-0.4242629202453546,-0.9894397464987621,2.880189736392918,-0.7262801990900174,-0.8261751829853697,0.6795937283720886,-1.3226823162124386,-1.067450603885795,0,0.0
17063,-0.3936206656443122,0.08666561850139992,-0.151829608805219,-0.3797501888658037,-0.22370121828653103,0.08666561850139992,-0.5946991875984738,-0.4791261280059362,0.007876726127847893,-0.2221219898832549,-0.25665633660177684,-0.6176545067094931,0.44759339938153986,0,789.27
15907,-0.22410968769376846,-0.25395340732976973,-0.18485098965432953,-0.2502270401971429,0.5989191732785152,-0.25395340732976973,1.773744165803256,-0.3363789949578262,0.14880990441541078,-0.34303428606183123,-0.3409993306749283,-0.788429457888697,0.5990053076518915,0,405.13
16654,-0.680485397560617,0.08666561850139992,-0.16382934880906502,-0.41202696799822913,-0.3087998794829151,0.08666561850139992,-0.7131213552685604,-0.5024847497774451,-0.49372793174090324,1.2231708444743128,-0.5410188408508065,-0.1828267311456405,0.3161811327291495,0,0.0
14473,1.1580567479029729,-0.4242629202453546,-0.2515787223471044,-0.5314739096969372,-0.7059269650660409,-0.4242629202453546,-1.0420718210188007,-0.7118472115813397,-0.7262801990900174,-0.8261751829853697,-0.5410188408508065,-1.3226823162124386,-1.067450603885795,0,149.34000000000003
17091,-0.1067559337280074,0.25697513141698475,0.07295985500053877,0.042526089603003844,0.6131022834779125,0.25697513141698475,0.07372815880601442,-0.045347870367619024,-0.39334907068006425,-0.5353089905964907,-0.4429246942173109,0.08326114617868847,0.32136916024899814,1,1833.35
14730,-1.12382180143127,0.25697513141698475,-0.11779181938354477,-0.3679394479011142,1.2938915730489853,0.25697513141698475,0.8105772020865528,-0.3941699554888186,0.13014428744957396,0.18918051717157314,-0.3390393490974314,-0.2749509742579831,0.11141928270847369,0,1025.44
17256,-1.12382180143127,-0.25395340732976973,-0.22523368409503453,-0.46746896524170267,-0.54991275287267,-0.25395340732976973,-0.6736472993785315,-0.5024847497774451,-0.37788452252194327,-0.3389316292818524,0.11652753045257325,-0.3873261569116629,-1.0261392153113134,0,0.0
17844,-1.1368611074274655,-0.4242629202453546,-0.2572624518900025,-0.5926260623421671,-0.6491945242684515,-0.4242629202453546,-0.8315435229386468,-0.5665046761141732,-0.7262801990900174,-0.8261751829853697,-0.5410188408508065,-1.3226823162124386,3.193341740519436,0,0.0
17719,-1.1368611074274655,1.4491417218260785,0.4949886713199381,-0.004591302650442075,0.6982009446742966,1.4491417218260785,-0.1210105169181278,-0.13566787455078677,2.1440036538648966,-0.3432576587473887,-0.5410188408508065,-0.959286995006668,0.9772280188137609,1,918.64
16122,-1.0586252714502915,-0.08364389441418492,-0.17249941591382684,-0.3514920058888176,-0.37971543047990186,-0.08364389441418492,-0.4631190012983777,0.3055505366888258,0.3616691789219632,1.425649442561747,-0.5410188408508065,-0.9332635089976753,-1.067450603885795,0,134.16000000000005
16931,-1.1759790254160525,1.7897607476572481,0.22642735137833814,-0.30845847741784405,4.173062943526647,1.7897607476572481,1.149678139351372,-0.2602471906655009,-0.1057078963877616,0.06392475495284285,-0.04861957120546726,0.07540341808266254,-0.27619566006140595,1,1657.54
13122,0.6104058960627546,-0.4242629202453546,-0.11243102901922036,0.9656383153649737,0.045777875502018596,-0.4242629202453546,1.747428128543237,1.1118555548757256,-0.4619139011009042,0.5835664962073822,-0.04324970569944477,0.6011563801631278,-0.5298407135099917,0,18.72
13134,-0.13283454572039874,-0.08364389441418492,-0.11547855505702431,-0.1469931604998453,-0.12441944689074957,-0.08364389441418492,-0.2876787528982495,-0.36579355570713373,-0.34391547585148113,-0.7096839012965022,-0.3883028270130041,0.013018703144578403,0.9565112264581499,0,907.84
16734,-1.0325466594579003,-0.25395340732976973,-0.21462598191883012,-0.41040398547811424,-0.3371660998817098,-0.25395340732976973,-0.2525907032182239,-0.5595836029966891,-0.6391493077514826,-0.33080959231077256,-0.5410188408508065,-1.3226823162124386,-0.03658770469398108,0,344.35
13982,-0.3936206656443122,-0.08364389441418492,-0.05694157974081233,0.06294305731332402,-0.08187011629255754,-0.08364389441418492,0.18600991778209622,0.15674746466291728,-0.18079136104013876,0.43602488459653804,0.9797893542051705,-0.17038278670257329,0.4824813145427636,0,641.67
15891,0.4278556121160152,-0.4242629202453546,-0.17905678091876137,0.24880122459333381,0.13087653669840268,-0.4242629202453546,2.0632205756634674,0.7000517043854206,0.242660431029779,-0.20942064484209974,-0.4902382153441379,0.35509850281874383,0.3558651887195716,0,0.0
15582,0.34961977613884115,-0.4242629202453546,-0.2144220203323625,-0.13169902662954208,-0.4080816508786965,-0.4242629202453546,0.06320174390200677,0.1359842453104649,-0.14585200812561636,0.8473831397188646,0.21411294952419696,-0.8073515440455661,0.24473281922010282,0,141.4
15081,0.19314810418449307,-0.25395340732976973,-0.22386544178581413,-0.46010839662935066,-0.4931803120750806,-0.25395340732976973,-0.6473312621185122,-0.5509322615998339,-0.3030775248180958,-0.8261751829853697,3.8495792059709126,-0.9147462954072775,-0.3431329885211528,0,256.75
12999,0.036676432230145,-0.08364389441418492,-0.18854099468950652,-0.40902330739057985,-0.3655323202805045,-0.08364389441418492,-0.6034712000184802,-0.35195140947216547,-0.7262801990900174,0.8114745709319688,-0.5410188408508065,-0.7332677447162613,-0.7985593240691214,0,0.0
17881,1.4449214798192778,-0.4242629202453546,-0.24336077009234583,-0.44305565071377745,-0.6066451936702594,-0.4242629202453546,-0.6736472993785315,-0.6357154072890143,-0.7262801990900174,-0.8261751829853697,-0.5410188408508065,0.3054842039370744,-1.067450603885795,0,0.0
14748,-0.9151929054921392,0.08666561850139992,-0.07587091464489634,-0.17543726260120135,0.3436231896893629,0.08666561850139992,-0.10785249828811817,0.17145474503757102,0.05878592560306222,0.9835267866470605,-0.42011223618971,0.3033737073329645,-0.4852864047173188,0,296.98
15894,0.7799168740132983,-0.25395340732976973,-0.2221317683008392,-0.45078196186587366,-0.22370121828653103,-0.25395340732976973,-0.1210105169181278,-0.4626885793519114,-0.5211318374387656,0.5775390627277646,0.5065450088815873,-0.5697657445555031,0.698581263925535,0,0.0
13985,-1.12382180143127,0.5975941572481545,0.2053020300599526,0.037527434063385615,0.05996098570141595,0.5975941572481545,0.07823947947916056,-0.06423251273103987,-0.5712085785916186,-0.4584989069083801,-0.2483436206663981,-0.2223777840415329,1.2019546699615866,1,4287.09
14100,-0.7326426215453997,-0.4242629202453546,-0.23340064595317617,-0.33589308656872763,-0.37971543047990186,-0.4242629202453546,0.2210979674621221,-0.5284387739680105,1.294355393238101,-0.7087125281130022,-0.18867009873907079,1.143308331655606,-0.7230993576280698,0,0.0
16414,1.1319781359105816,-0.4242629202453546,-0.257391627561432,-0.5940158839931949,-0.6775607446672461,-0.4242629202453546,-0.9368076719787237,-0.6910839922288873,-0.7262801990900174,-0.8261751829853697,-0.5410188408508065,-1.3226823162124386,4.941478643311516,0,75.45
14286,0.636484508055146,-0.4242629202453546,0.0824219729327499,3.062092840305701,1.2797084628495878,-0.4242629202453546,6.326418611786582,6.167699467197875,-0.2299910379991232,2.5915826351478874,-0.46720939365947833,-0.5664075882232216,-0.7212911642083178,1,2578.67
17867,-0.6544067855682256,0.08666561850139992,-0.10328505154603404,-0.24917553039537835,-0.6066451936702594,0.08666561850139992,-0.9894397464987621,-0.4228924089263777,-0.7262801990900174,-0.8261751829853697,6.684130004103991,-1.159274646352406,-1.067450603885795,0,200.39
13502,1.0537422999334074,-0.25395340732976973,-0.23387485664171342,-0.5139548420431902,-0.592462083470862,-0.25395340732976973,-0.857859560198666,-0.556123066437947,0.6703954999981685,0.7981114140136552,0.0649907882350327,-0.4955540875299252,1.116805978041077,0,102.84
12434,0.8711920159866681,-0.4242629202453546,-0.21737266461659432,-0.16344547907933846,-0.4931803120750806,-0.4242629202453546,-0.2525907032182239,-0.47999126214562166,3.457689662433387,-0.28148369936921086,-0.5410188408508065,-1.3226823162124386,-0.3621230136470891,0,519.89
14715,1.3666856438421036,-0.25395340732976973,-0.22396742257904792,-0.460657010438967,-0.4222647610780939,-0.25395340732976973,-0.5157510758184162,-0.5249782374092684,1.8392535733560333,-0.3520567562499875,0.12915866496233833,-0.2024335683219451,-0.2211738438743735,0,619.9300000000001
17723,-0.8760749875035521,0.4272846443325696,0.2908571168635777,0.3116845585933529,-0.6633776344678488,0.4272846443325696,-1.0069837713387748,-0.28966175141480843,-0.7262801990900174,-0.7435956813271442,-0.5410188408508065,4.233852952716209,-1.067450603885795,1,0.0
17267,-0.8630356815073564,-0.25395340732976973,-0.2121121553656165,-0.39688065507107256,-0.1953349978877363,-0.25395340732976973,-0.1210105169181278,-0.4730701890281376,0.9056235061948834,-0.7719607084986645,1.265929164159872,-0.14048563430357108,-0.12595065563325314,0,0.0
18283,-0.5892102555872473,0.9382131830793241,-0.10422837388344688,-0.49349154694450237,1.8753990912242766,0.9382131830793241,1.1099952260227712,-0.5065220424293108,-0.6130512743541828,-0.19638123327364704,-0.10228339422622973,-0.08825249748399396,0.12312448599884455,0,1093.6
15392,2.1751226156062358,-0.4242629202453546,-0.2084102525712289,-0.06701745847578074,-0.45063098147688857,-0.4242629202453546,-0.09469447965810857,0.6446831194455477,-0.7262801990900174,0.809395769116756,-0.5410188408508065,0.21852640158372136,0.1833312938138987,0,1196.55
16998,-0.5761709495910516,0.08666561850139992,-0.2158854447152678,-0.5520469275575484,-0.7059269650660409,0.08666561850139992,-1.0420718210188007,-0.6807023825526611,-0.7262801990900174,-0.8261751829853697,-0.5410188408508065,-1.3226823162124386,-1.067450603885795,0,0.0
16850,1.8230613537089524,-0.4242629202453546,-0.2095269422571392,-0.0790321009063776,-0.45063098147688857,-0.4242629202453546,-0.09469447965810857,0.11522102595801255,-0.5132096186021959,-0.41920265022009195,1.2839463508379128,-0.34038836604821743,0.0735608400632261,0,0.0
15236,1.3666856438421036,-0.4242629202453546,-0.21145777860903284,-0.09980627716384806,-0.507363422274478,-0.4242629202453546,-0.30522277773826234,0.18443175713285373,-0.7262801990900174,1.0021542837181914,-0.5410188408508065,0.33090896464191005,0.8528613125211321,0,0.0
16612,-0.9673501294769218,-0.08364389441418492,-0.1181028608029079,-0.1564049351892626,-0.12441944689074957,-0.08364389441418492,-0.19995862869818545,-0.29196877578730307,-0.34197610911489257,-0.3427221905508729,0.056973607417564555,-0.1844228596139791,-0.0676885046163814,0,317.36
13496,2.16208330961004,-0.4242629202453546,-0.18087033935843613,0.22928886009798086,-0.35134921008110714,-0.4242629202453546,0.27373004198216055,0.04601029478317136,0.09261649566294577,-0.07103997858221361,0.7768886282260059,-0.25320793715983014,0.2566462981532522,0,152.32
17730,-1.1368611074274655,0.7679036701637393,0.25335707951161524,0.01160118633310789,0.49963740188273376,0.7679036701637393,-0.19995862869818545,0.18443175713285373,-0.5469262361695508,0.9532155330198127,-0.41482325782033663,0.07118191708893465,0.9541281512499632,1,2242.71
13826,-0.22410968769376846,-0.4242629202453546,-0.2338170675255476,-0.340373432680594,-0.5782789732714647,-0.4242629202453546,-0.5683831503384545,-0.4626885793519114,0.011591578160652509,-0.8261751829853697,-0.5410188408508065,-0.2786612093251898,1.976650756171946,0,0.0
13269,-1.0977431894388785,0.7679036701637393,0.2402236530229866,-0.006061892445663446,1.1662435812544092,0.7679036701637393,0.27373004198216055,0.12473750149455322,0.3957842517342037,-0.384349444530777,-0.28418393688501775,-0.307204159534166,0.11815541927784957,1,2364.78
17117,1.2362925838801468,-0.4242629202453546,-0.24627572109894577,-0.47441807349684245,-0.592462083470862,-0.4242629202453546,-0.621015224858493,-0.5111360911743003,1.2631413012075825,-0.8261751829853697,-0.5410188408508065,1.7580948944402495,-1.067450603885795,0,0.0
15863,-0.01548079175463769,-0.4242629202453546,-0.26446229589231013,-0.6700903322599882,-0.6917438548666435,-0.4242629202453546,-0.9894397464987621,-0.7395315040512761,5.345504153229,-0.8261751829853697,-0.5410188408508065,-1.3226823162124386,-1.067450603885795,0,59.64
18213,0.5582486720779719,-0.4242629202453546,-0.22651184337023172,-0.261775360889566,-0.507363422274478,-0.4242629202453546,-0.30522277773826234,0.05639190445939754,-0.36661501336936253,1.212143125964205,0.717995706370662,0.21059249913388683,-1.067450603885795,0,0.0
16110,0.8972706279790594,-0.25395340732976973,-0.1507571107963767,-0.0668163000789215,1.733567989230303,-0.25395340732976973,3.879027146604794,-0.15470082562386808,0.1823593852553337,0.2348880336442871,-0.42562767804016033,0.548118606516636,-0.0911258615627076,0,642.77
14240,0.4148163061198195,-0.4242629202453546,-0.2274687631467424,-0.27207101338336515,-0.5782789732714647,-0.4242629202453546,-0.5683831503384545,-0.4730701890281376,-0.7262801990900174,-0.15907306483147926,-0.5410188408508065,0.24789588222475445,0.59338194537262,0,663.49
14206,0.5973665900665589,-0.4242629202453546,-0.21024930620921206,-0.08680412987594181,-0.43644787127749124,-0.4242629202453546,-0.04206240513807012,0.20865551304404817,-0.7262801990900174,-0.04361175603733959,-0.5410188408508065,-0.5660558410012709,-0.4650195573451091,0,0.0
15820,1.6405110697622127,-0.4242629202453546,-0.23084602708266902,-0.30840753470695115,-0.4789972018756833,-0.4242629202453546,-0.19995862869818545,-0.30350389764977664,-0.40038355547615717,-0.0341028806929863,-0.5410188408508065,0.5501279442720184,-1.067450603885795,0,0.0
17118,1.6144324577698215,-0.4242629202453546,-0.23933762779927165,-0.39977002113505167,-0.5782789732714647,-0.4242629202453546,-0.5683831503384545,-0.2135299471224831,-0.7262801990900174,0.6925022304626225,-0.5410188408508065,-0.13129757630570646,1.3205075226274654,0,0.0
15554,1.0928602179219946,-0.4242629202453546,-0.22910895423791963,-0.2897180909260227,-0.5215465324738753,-0.4242629202453546,-0.35785485225830077,-0.49037287182184786,0.24422635154299493,-0.8261751829853697,-0.18213167981141148,-1.3226823162124386,0.8331637574514763,0,0.0
15251,-1.1368611074274655,0.5975941572481545,1.0005958467341136,1.2599121503964426,0.23015830809418414,0.5975941572481545,-0.5157510758184162,1.5157496075174772,-0.4968770862996108,0.07107737516965133,-0.38891595699255826,0.4631057957636116,0.6819163118884425,1,3032.87
16829,-0.4848958076176819,-0.4242629202453546,-0.23250491465260578,-0.326255770646468,-0.5640958630720674,-0.4242629202453546,-0.5157510758184162,-0.40385945785329636,-0.7262801990900174,-0.523895080232602,-0.5410188408508065,-0.8915273718951668,2.8355198685103895,0,0.0
17088,-0.14587385171659442,-0.25395340732976973,-0.02822208868628177,0.5923706228655395,0.30107385909117085,-0.25395340732976973,0.9316309734826411,0.16193826950103035,0.09242220449623559,-0.4142812470589292,-0.36240567710058547,0.5846726927655204,-0.402612065481993,0,591.9
18185,0.7277596500285156,-0.4242629202453546,-0.21431324081957975,-0.13052865050236068,-0.4789972018756833,-0.4242629202453546,-0.19995862869818545,-0.11317438691896338,-0.7262801990900174,0.5002087381602678,-0.5410188408508065,0.27036470194380874,0.36639742683408894,0,0.0
15367,0.675602426043733,-0.25395340732976973,-0.025320735118779598,0.6079786857491231,0.20179208769538942,-0.25395340732976973,0.6158385263624104,0.551248632359512,-0.7262801990900174,-0.08625493674712192,0.436689611507633,-0.17016769670516305,0.4188914679505658,0,461.41
16012,-0.8499963755111608,-0.25395340732976973,-0.0736018419954439,0.348246621149781,-0.02513767549496814,-0.25395340732976973,0.27373004198216055,0.20692524476467714,-0.6949995964772399,-0.016787836760522774,-0.5410188408508065,-0.7335775519582142,2.250857063194804,0,283.17
16553,-0.3936206656443122,1.4491417218260785,0.7061602998692066,0.18474446661163532,0.15924275709719737,1.4491417218260785,-0.7262793738985699,0.5800864370156958,-0.1850286303077,-0.1891909201446107,-0.06195096677591931,0.5427964813355219,-0.27208285926217335,1,0.0
16500,1.7839434357203654,-0.4242629202453546,-0.23798128324926188,-0.38517689379925824,-0.7059269650660409,-0.4242629202453546,-1.0420718210188007,-0.7429920406100182,-0.7262801990900174,-0.8261751829853697,-0.5410188408508065,-1.3226823162124386,-1.067450603885795,0,235.86
15453,-0.8108784575225737,-0.08364389441418492,-0.18455014631428973,-0.3947105826685903,0.3719894100881576,-0.08364389441418492,0.7649627375025195,-0.4453858965582011,0.45779448114900073,0.05091806190423707,-0.33296952540739594,0.7840875660982329,-0.4544736342013231,0,892.41
14299,-1.12382180143127,0.25697513141698475,0.14820978264788637,0.20445128422395242,0.2727076386923762,0.25697513141698475,-0.2946963628342547,-0.10832963573672447,-0.33637258000736914,0.1554767415882264,-0.25692272824144546,-0.6361588665514379,0.2260838833613868,1,1528.48
12728,0.8320740979980811,-0.08364389441418492,-0.1611030622699476,-0.31062027707240353,-0.3087998794829151,-0.08364389441418492,-0.5157510758184162,-0.4511534574894378,-0.7262801990900174,0.5696808602213078,0.194342346387363,-1.1849356765690633,0.9798157602919094,0,219.02
17991,0.4148163061198195,-0.25395340732976973,-0.25015948964126705,-0.6015593238754191,-0.6633776344678488,-0.25395340732976973,-0.9631237092387429,-0.7031958701844845,-0.7262801990900174,-0.5846437785638279,-0.5410188408508065,-1.3226823162124386,3.110155268027494,0,0.0
14498,-1.0064680474655088,0.08666561850139992,-0.048162733123267784,-0.10090807656482749,0.754933385471886,0.08666561850139992,0.47110032143230474,-0.1503751549254405,-0.006689330782765863,-0.293877508711382,0.0928737272232736,-0.4729710630503336,-0.20168549932701432,0,675.53
16188,-0.680485397560617,-0.08364389441418492,-0.13769507086301172,-0.22667017278311877,0.003228544903826554,-0.08364389441418492,-0.1824146038581727,-0.002437217039217469,-0.3354193963186228,0.6179469515480464,0.009803949047103837,-0.16531187292509977,-0.13311912881730179,0,226.83
16385,-0.45881719562529055,-0.25395340732976973,-0.2194853667164216,-0.43654543350633074,-0.20951810808713367,-0.25395340732976973,-0.1210105169181278,-0.4834517987043637,0.043546777746920055,0.8081092585951695,-0.4706868443510504,0.1443140837241037,-0.45672640203968745,0,281.04
12615,-0.32842413566333384,-0.4242629202453546,-0.15814052022650515,0.4738426092979386,-0.28043365908412043,-0.4242629202453546,0.5368904145823528,0.6827490215917104,-0.7262801990900174,0.5826461107309769,-0.24050375071527402,-0.01054852987119357,0.3995180386224686,0,1656.45
14566,-1.0847038834426828,-0.4242629202453546,-0.022631841537181254,1.931802095480233,-0.6633776344678488,-0.4242629202453546,-0.8841755974586852,2.021976669824887,-0.7262801990900174,-0.8261751829853697,-0.5410188408508065,-1.3226823162124386,0.43478170791353277,0,0.0
12753,-0.7587212335377911,0.25697513141698475,2.5589966420579557,5.392059347171509,0.8967644874658595,0.25697513141698475,0.6526809785264375,5.628547871345862,-0.4286989625078865,0.540473847484793,-0.45660076477677636,-0.0711820168122546,0.40294281482780214,1,4808.48
14493,-0.4979351136138776,-0.4242629202453546,-0.16213816732127084,0.430831286624021,-0.3087998794829151,-0.4242629202453546,0.4316262655422759,0.3851428775398932,-0.3745084912705092,-0.8261751829853697,1.9881216791206002,0.04049940077115989,-0.7259202186764848,0,1772.02
15723,2.2272798395910183,-0.4242629202453546,-0.23361310593907997,-0.3381789774421288,-0.1953349978877363,-0.4242629202453546,0.9053149362226219,-0.4938334083805899,0.049320951038836124,1.1497119776371791,0.5329747066182078,-1.203776700944825,-0.2970346621240002,0,0.0
13988,-0.4066599716405079,-0.08364389441418492,0.060907424920188614,0.4855951362417187,0.6840178344748993,-0.08364389441418492,0.8702268865425964,0.7415781430903253,-0.09862871313447112,-0.11583176207208142,-0.1120075683558066,0.6629242840264082,-0.39445677611157304,1,2224.46
14795,-0.3545027476557252,-0.4242629202453546,-0.24368370927091956,-0.4465302048413473,-0.6350114140690541,-0.4242629202453546,-0.7789114484186084,-0.6876234556701453,6.073009695633141,-0.8261751829853697,-0.5410188408508065,-1.3226823162124386,-1.067450603885795,0,0.0
17064,-0.14587385171659442,-0.25395340732976973,-0.18828264334664752,-0.2686878948907313,-0.20951810808713367,-0.25395340732976973,0.010569669381968322,-0.4228924089263777,-0.014262784962071284,-0.41428003483198106,-0.2984203877859504,0.6036524062653281,-0.0946451584223913,0,398.05
17913,2.1099260856252573,-0.4242629202453546,-0.22896448144750506,-0.28816368513210977,-0.28043365908412043,-0.4242629202453546,0.5368904145823528,-0.4003989212945543,-0.012516138100273804,0.002798926754754919,0.6330844009649524,-0.4660540630605887,0.7251696553675188,0,190.6
16849,-0.09371662773181173,-0.4242629202453546,-0.24485308903333403,-0.4591117482085478,-0.6066451936702594,-0.4242629202453546,-0.6736472993785315,-0.6322548707302723,2.381678018817376,-0.8261751829853697,2.1092373246873413,-0.7424662015739668,-1.067450603885795,0,0.0
17472,-0.028520097750833362,-0.08364389441418492,-0.1474665305346988,-0.26171440379960864,1.2938915730489853,-0.08364389441418492,1.9579564266233906,-0.2216045324262146,-0.08955254757997919,-0.35677175366409264,0.28724795165844286,0.1878612245010747,0.05122295181143089,0,0.0
16592,-0.7456819275415953,1.108522695994909,0.11033921508050779,-0.2819771500723367,0.7265671650730913,1.108522695994909,-0.4210133416823469,-0.12874680143330264,-0.43777468346004034,0.024995469657755665,0.0007568965842336583,0.14525804236121234,0.7698028576680234,1,1899.35
15257,1.1710960538991686,-0.4242629202453546,-0.21212065376505265,-0.10693825668885998,-0.6208283038696568,-0.4242629202453546,-0.7262793738985699,-0.5872678954666255,0.15548995250387765,-0.5803641516356529,-0.5410188408508065,-1.3226823162124386,-1.067450603885795,0,0.0
17075,0.7799168740132983,-0.08364389441418492,-0.14771638347812163,-0.2626104730219819,-0.02513767549496814,-0.08364389441418492,-0.00697435545804443,-0.46845614028314814,-0.31392053070046455,0.01930556250356574,0.20775218256764647,-0.22201467237567907,0.7550746344785881,0,138.05
17531,-0.054598709743224706,-0.4242629202453546,-0.21559649913443865,-0.14433543137770416,-0.5215465324738753,-0.4242629202453546,-0.35785485225830077,-0.27581960517984017,0.026809332980557713,-0.2852120590654476,0.3707889252206151,0.37968480890525247,-0.7454351841674357,0,0.0
13525,0.71472034403232,-0.4242629202453546,-0.21794545673859092,-0.16960824087402818,-0.6917438548666435,-0.4242629202453546,-0.9894397464987621,-0.026660972950411886,-0.7262801990900174,-0.8261751829853697,-0.5410188408508065,4.34614289167105,-1.067450603885795,0,345.9
12410,1.4970787038040603,-0.25395340732976973,-0.14818209576722277,-0.05296380138610994,-0.35134921008110714,-0.25395340732976973,-0.41048692677833926,-0.381365970221473,-0.037142580628902876,1.5196602631264127,-0.5410188408508065,-0.22379706973595445,0.28716500677138107,0,0.0
14320,0.16706949219210174,-0.25395340732976973,-0.18481699605658491,-0.2500441689272708,-0.3087998794829151,-0.25395340732976973,-0.27890674047824315,-0.1841153863731756,-0.4336271469353012,1.47446203661976,0.591417435309811,-0.016381105663930088,-0.14835947727121696,0,0.0
14849,-0.9673501294769218,1.960070260572833,0.5881056339418508,-0.07426525647171164,0.9109475976652568,1.960070260572833,-0.18592340882617525,0.08961305542332129,-0.48130988057106966,-0.22031409249533723,-0.3585279694507731,0.15914819830440163,-0.17165649502795383,1,2905.29
15244,0.71472034403232,-0.4242629202453546,-0.21538573882842207,-0.1420678276312901,-0.507363422274478,-0.4242629202453546,-0.30522277773826234,0.08407619692933402,-0.35130257915758173,1.167058044537123,1.2750069643005046,-0.23739739355125167,-0.19013160592283965,0,333.63
12735,1.58835384577743,-0.25395340732976973,-0.13352405641974854,0.025890290182739056,-0.18115188768833898,-0.25395340732976973,0.036885706641987544,-0.10971385036022131,-0.511764601064599,0.2620875915625984,-0.5410188408508065,-0.97654780629639,-0.46923235680729913,0,0.0
15078,-1.1499004134236612,3.152236850981927,0.8731997401465401,-0.12977305966457092,0.4570880712845417,3.152236850981927,-0.34110828309283403,-0.21368724423878951,-0.4727961244639743,-0.5753638103325833,-0.5022525871201563,0.05192484816265742,0.01902810877280708,1,3040.52
17917,0.8190347920018853,-0.25395340732976973,-0.2274925586651636,-0.4796207611247036,0.08832720610021064,-0.25395340732976973,0.5895224891023912,-0.5215177008505264,0.009808201868680696,0.571221702282121,-0.10785716838327157,-0.20246984515611038,-0.40880346969297954,0,108.32
17110,-0.3675420536519209,-0.4242629202453546,-0.23827022883009102,-0.3882857053870839,-0.54991275287267,-0.4242629202453546,-0.4631190012983777,-0.5734257492316572,0.1299763948414087,-0.8261751829853697,-0.5410188408508065,-0.9755405398570504,1.1569203268740182,0,0.0
12769,0.5843272840703633,-0.4242629202453546,-0.07165060948490348,1.4044013531691002,-0.26625054888472305,-0.4242629202453546,0.5895224891023912,0.4854984377434129,0.5098029741173719,-0.49535121590070336,-0.5410188408508065,-0.3988957949277524,0.05488875183416435,0,0.0
16852,-0.22410968769376846,-0.4242629202453546,-0.2468094205835361,-0.4801602313708263,-0.6208283038696568,-0.4242629202453546,-0.7262793738985699,-0.5699652126729152,-0.7262801990900174,-0.8261751829853697,-0.5410188408508065,0.9642017960426998,-0.5093950838471278,0,31.85
13807,2.2663977575796053,-0.4242629202453546,-0.2468876058583487,-0.4810014392122379,-0.6208283038696568,-0.4242629202453546,-0.7262793738985699,-0.6218732610540462,-0.7262801990900174,-0.8261751829853697,0.8028112790248436,1.9094542587975076,-0.38971169234577857,0,0.0
16916,2.3315942875605837,-0.4242629202453546,-0.23263918936369699,-0.32770045367845757,-0.03932078569436549,-0.4242629202453546,1.4842677559430448,-0.3934778481770702,-0.09850183867393125,0.06252280285308841,0.3864856168793424,0.48967945670963586,-0.09374893948478523,0,365.98
14972,-0.8499963755111608,-0.4242629202453546,-0.24651877532281974,-0.47703313265601344,-0.46481409167628596,-0.4242629202453546,-0.14732655417814702,-0.6495575535239826,1.4024143414893275,-0.8261751829853697,-0.5410188408508065,-0.4360794367011674,-0.1014773999928756,0,0.0
15397,1.2493318898763426,-0.4242629202453546,-0.25004901044859706,-0.5150154954084484,-0.6350114140690541,-0.4242629202453546,-0.7789114484186084,-0.6772418459939191,-0.7262801990900174,-0.8261751829853697,-0.5410188408508065,1.6021902644508508,0.9781423313303108,0,0.0
15067,1.1580567479029729,-0.4242629202453546,-0.12188464855199536,0.8639253150621123,-0.22370121828653103,-0.4242629202453546,0.7474187126625066,0.41282717000982966,-0.7262801990900174,0.8627641153872825,-0.5410188408508065,0.18401328175576853,0.5083832084798461,0,896.71
12921,-0.8239177635187694,3.152236850981927,1.2508618123695665,0.05492359797406925,1.6626524382333163,3.152236850981927,-0.08034027751627969,0.10940103265467362,-0.4500099759428585,-0.5197531976024746,0.41195193307493744,-0.46062172838099,0.7727008671883987,1,7662.54
14607,0.8842313219828637,-0.4242629202453546,-0.18189184697066155,0.21829829677866774,-0.6775607446672461,-0.4242629202453546,-0.9368076719787237,0.2917083904538576,-0.7262801990900174,-0.8261751829853697,-0.5410188408508065,-1.3226823162124386,0.9355258118466419,0,15714.5
13656,-0.3805813596481165,-0.25395340732976973,-0.2014976544698632,-0.3397791010535097,-0.02513767549496814,-0.25395340732976973,0.19478193020210288,0.10137887972304431,-0.3579759667997451,0.5049391311120447,-0.10622046005127214,0.5754371633770494,-0.5372276886188126,0,0.0
16659,-0.054598709743224706,-0.4242629202453546,-0.2593768536697171,-0.6153752483142562,-0.6917438548666435,-0.4242629202453546,-0.9894397464987621,-0.497293944939332,-0.7262801990900174,6.816860953540393,-0.5410188408508065,-1.3226823162124386,-1.067450603885795,0,0.0
13162,-0.9282322114883348,0.08666561850139992,0.020929254292644424,0.08493485144269289,0.32944007948996556,0.08666561850139992,-0.055220423768079736,0.7355222041125267,0.2262918499041244,-0.5502039441089858,-0.49394237385544776,0.7366146647534754,-0.4237015839066581,1,0.0
18178,-0.8499963755111608,0.08666561850139992,0.004360774751923331,0.040369122974862406,0.41453874068634966,0.08666561850139992,0.18162391157209326,0.10397428214210086,-0.2651546093996924,-0.46583817841572805,0.08397617699410087,0.3436738443035731,0.2793373362756331,0,0.0
15240,-0.028520097750833362,-0.08364389441418492,-0.08834486533727959,-0.04968126209190574,-0.29461676928351777,-0.08364389441418492,-0.35785485225830077,0.12444912344799125,-0.6254584774206295,0.3012198047246227,0.21327212758556346,-0.6696215920878064,1.2346559635849073,0,661.1899999999999
17226,1.4970787038040603,-0.4242629202453546,-0.19914529750593646,0.032665670731500285,-0.4222647610780939,-0.4242629202453546,0.010569669381968322,0.658525265680516,-0.4637854186107928,2.1609973688870965,-0.5410188408508065,-0.6117200960567798,-0.7009500525814787,0,0.0
13719,0.15403018619590605,-0.25395340732976973,-0.20845104488852242,-0.3771854193058475,-0.45063098147688857,-0.25395340732976973,-0.5683831503384545,-0.4246226772057487,0.5245197826746268,2.243313616722266,-0.20260949610888881,-0.6649955042923198,-1.067450603885795,0,702.94
17997,-0.7978391515263781,0.08666561850139992,-0.05041990801350964,-0.10697940272458116,0.2727076386923762,0.08666561850139992,-0.1210105169181278,0.5304854130070596,-0.23645314645918636,-0.12827538267336663,-0.20177716241091165,-0.507334262844044,1.6553758076434903,0,693.95
16206,-0.9021535994959434,-0.08364389441418492,-0.1963629215305404,-0.4370757601889598,-0.03932078569436549,-0.08364389441418492,-0.12978252933813444,-0.5122896033605476,-0.31569147399690517,-0.2667376089460079,-0.2109874103704104,1.931366643575656,-0.569858600153114,0,127.2
17105,-0.44577788962909487,-0.25395340732976973,-0.15286471385654227,-0.07815431881099161,0.41453874068634966,-0.25395340732976973,1.2737394578628911,0.45262334043536334,0.3757410822398487,0.4485442928171789,-0.4813304088886006,1.0607139290799195,-0.5537249696665772,0,0.0
18013,-0.4979351136138776,-0.25395340732976973,-0.23419269678062551,-0.5156646884164944,-0.28043365908412043,-0.25395340732976973,-0.27890674047824315,-0.25332611754801676,-0.7262801990900174,1.2277198928400435,-0.18398364139846804,-0.4866902598199887,-0.7466150415387764,0,0.0
16763,0.06275504422253635,-0.4242629202453546,-0.16203108748837533,0.4319833756242152,-0.3938985406792992,-0.4242629202453546,0.11583381842204521,0.3574585850699567,-0.7262801990900174,-0.6313049309141074,-0.5410188408508065,1.737566055388307,-0.46591931943562725,0,0.0
14307,-0.7717605395339867,0.08666561850139992,0.12624142010543457,0.36820244847457384,0.9676800384628462,0.08666561850139992,0.800050787182545,0.7337919358331557,-0.17491369074075314,0.5516239123962027,0.2360840871582141,0.08005035290008507,0.06021464283464125,1,687.83
16357,-0.4066599716405079,-0.25395340732976973,-0.2221827586974561,-0.4510562687706818,-0.592462083470862,-0.25395340732976973,-0.7789114484186084,-0.6512878218033537,0.11542495106084529,-0.8261751829853697,-0.5410188408508065,-0.01728120224353287,-0.38024993401829865,0,400.93
16529,-0.04155940374702904,-0.4242629202453546,-0.18864807452240204,0.14560696700450848,-0.29461676928351777,-0.4242629202453546,0.48425834006231433,-0.06126633853783248,0.3055031012220621,-0.783364107426577,-0.04580858239686072,1.8743981277723736,-1.0232333321052107,0,0.0
14506,-0.41969927763670356,-0.08364389441418492,-0.12682901734394833,-0.18770030517337447,0.4429049610851444,-0.08364389441418492,0.6421545636224296,-0.4569210184206747,2.4357845782705003,0.010026875518962789,-0.5410188408508065,0.13930920004851605,-1.0050838233334152,0,1141.69
17097,-1.0847038834426828,0.25697513141698475,-0.18084994319978934,-0.5036299301462115,0.6982009446742966,0.25697513141698475,0.07372815880601442,-0.6080311148190779,-0.006429386564780798,-0.42627813531369674,-0.40605717212543124,-0.10448387142371551,0.9284112946155763,0,314.89
13450,-0.9021535994959434,0.08666561850139992,-0.024423304138321996,-0.037054000907237365,-0.4222647610780939,0.08666561850139992,-0.5289090944484257,0.35226778023184363,0.015189918948795766,-0.8261751829853697,-0.5410188408508065,-0.8632612533980243,0.5228573772009948,0,622.26
12933,-0.28930621767474685,-0.25395340732976973,-0.20526414509996557,-0.36004123775533825,-0.03932078569436549,-0.25395340732976973,0.19478193020210288,-0.09241116756651102,0.03535121096366705,-0.12492036389100364,-0.10684505678164107,-0.5131672896034369,0.13604972926849543,0,250.04
16377,0.9624671579600378,-0.4242629202453546,-0.15109364741404827,0.5496610377869108,-0.6491945242684515,-0.4242629202453546,-0.8315435229386468,4.44435226094433,-0.7262801990900174,-0.8261751829853697,3.8666302531817474,-1.3226823162124386,-1.067450603885795,0,0.0
14973,-1.12382180143127,-0.08364389441418492,-0.042611578611573574,0.11433597985637954,-0.3087998794829151,-0.08364389441418492,-0.533295100658429,-0.3208065804434869,-0.6249284379671038,0.09835047086802545,-0.5410188408508065,-0.43737177669072047,0.4072959251916534,0,0.0
14064,-1.0586252714502915,0.08666561850139992,-0.07956601871973504,-0.1853763161187499,-0.09605322649195489,0.08666561850139992,-0.3446968336282912,0.5616302420357382,-0.5149154915822564,-0.7306572614775099,1.3019723053776373,2.383966553797411,-1.0441714325772724,0,237.31
17464,-0.45881719562529055,-0.4242629202453546,-0.21674208337843187,-0.15666095496708352,-0.592462083470862,-0.4242629202453546,-0.621015224858493,0.014865465754492829,-0.7262801990900174,-0.04858666723316298,-0.5410188408508065,-1.3226823162124386,-0.3462796223625978,0,0.0
15663,-1.1368611074274655,-0.4242629202453546,-0.24254662342636252,-0.43429611688690395,-0.592462083470862,-0.4242629202453546,-0.621015224858493,-0.37963570194210194,0.051951678908534915,-0.8261751829853697,-0.5410188408508065,2.0997878035029447,-1.067450603885795,0,0.0
13951,-0.22410968769376846,-0.08364389441418492,-0.1513910913943136,-0.2757893958707644,-0.18115188768833898,-0.08364389441418492,-0.41048692677833926,-0.21699048368122514,0.2905234495637032,-0.3944164509790961,0.946060135688797,0.32656800966924004,-0.2709523094244716,0,0.0
16684,-0.7847998455301823,2.4709987993195877,5.493084344508268,2.7554847735291452,0.5280036222815284,2.4709987993195877,-0.6034712000184802,3.9608384028756474,0.060648484813613734,-0.4455245317506996,0.0862432407179207,-0.8792412729318053,1.2339195536777452,1,32770.06
13458,-0.7587212335377911,0.9382131830793241,0.984163341584371,0.8076395700984789,2.102328854414634,0.9382131830793241,0.5310424063023486,0.929600629448644,-0.14241616225095158,-0.3611988103451813,0.5065888574315698,1.2109190287306588,-0.6823302812791587,1,2291.13
16593,-0.054598709743224706,-0.25395340732976973,-0.22259918026982753,-0.453296441826615,-0.43644787127749124,-0.25395340732976973,-0.5420671130784354,-0.5993797734222227,1.7336709214886536,-0.8007482525898832,-0.5410188408508065,0.24595150843477287,0.06965988183627926,0,74.53
13107,-0.23714899368996412,-0.25395340732976973,-0.10706853897500872,0.1682098559606999,-0.20951810808713367,-0.25395340732976973,-0.14732655417814702,0.665446338798,-0.10644362299765608,0.3477151429813123,0.7915955170463761,-0.3082316128577406,0.11413457239313965,0,596.4
13420,-0.5761709495910516,-0.25395340732976973,-0.2388566183911855,-0.5407546266429463,-0.6066451936702594,-0.25395340732976973,-0.8841755974586852,-0.5716954809522863,-0.7262801990900174,1.0098747866273252,-0.5410188408508065,1.2466413391592144,-1.067450603885795,0,0.0
14988,0.2322660221730801,-0.4242629202453546,-0.20916491044115915,-0.07513694285810192,-0.15278566728954426,-0.4242629202453546,1.0105790852626988,-0.2585169223861299,1.6399594741294545,-0.7679168517002001,1.501907693891303,-0.25598611594859716,-0.816883966119302,0,0.0
14639,-0.9543108234807262,0.08666561850139992,0.07207942081895347,0.22251805133096642,0.5989191732785152,0.08666561850139992,0.41846824691226625,-0.06386174095688903,-0.02018244338859336,-0.43273304689239034,-0.5018326776732173,0.20116907523628183,0.891372789908572,1,995.26
15123,0.16706949219210174,-0.4242629202453546,-0.08425033648894177,1.2688388808129136,0.03159476530262125,-0.4242629202453546,1.6947960540231983,1.014960531230948,1.106762721250582,-0.6139222228697847,-0.5410188408508065,-0.5974551803950536,-0.040706767562348416,0,1129.84
17676,-1.0977431894388785,0.08666561850139992,-0.14180659651022184,-0.3527903919049095,-0.28043365908412043,0.08666561850139992,-0.555225131708445,-0.3415697997959393,-0.7262801990900174,-0.8261751829853697,0.29865535591470144,1.433233611160178,0.41578900559698484,0,640.34
17402,-1.202057637408444,0.7679036701637393,0.028435040674653498,-0.2908953247258243,-0.3087998794829151,0.7679036701637393,-0.7854904577336131,-0.5647744078348022,-0.6855194281372285,-0.6688983563715323,0.46155895611113623,-0.42267921457697827,-0.9826468172864856,1,901.4
17166,0.12795157420351472,-0.4242629202453546,-0.24433978570739048,-0.45358903585841037,-0.5782789732714647,-0.4242629202453546,-0.5683831503384545,-0.5492019933204628,1.7519001770855105,-0.8261751829853697,-0.5410188408508065,-1.3226823162124386,2.8221760637686133,0,78.75
15051,-0.5631316435948559,-0.4242629202453546,-0.2018222933283242,0.0038634457266447314,-0.23788432848592836,-0.4242629202453546,0.6947866381424681,0.4681957549497026,-0.4705118740105546,-0.8261751829853697,3.3640339243914426,-0.424500527967014,-0.27175345519937183,0,1005.62
12945,1.2362925838801468,-0.4242629202453546,-0.1873393210092347,0.15968805478466006,-0.3938985406792992,-0.4242629202453546,0.11583381842204521,-0.17546404497632045,-0.42424606627005423,-0.012260761275206675,-0.2488346263639391,0.675090299979788,-0.6521017845525755,0,0.0
13411,-1.12382180143127,-0.4242629202453546,-0.22972933739675871,-0.29639289227635424,-0.4789972018756833,-0.4242629202453546,-0.14732655417814702,-0.497293944939332,0.4648137875281286,0.022056877120743456,1.055054538413795,0.6868239738216522,-0.12903903566275485,0,0.0
14738,-0.7847998455301823,0.25697513141698475,-0.13724975473255738,-0.40980965385102985,-0.3229829896823125,0.25697513141698475,-0.7473322037065853,-0.5035229107450676,-0.4109632420467626,-0.6476207850225827,0.4950866000342785,2.2471848826067653,-0.7287965038985645,0,556.8000000000001
15602,0.0888336562149277,0.25697513141698475,-0.1737418819113922,-0.48833457713410905,-0.54991275287267,0.25697513141698475,-0.9157548421707083,-0.5076755546155581,-0.49463130520322185,-0.7853522622819445,5.054617621761242,-0.9828347049837668,-0.472035936790823,0,754.92
16078,1.1710960538991686,-0.4242629202453546,-0.2525645366816979,-0.542080443349519,-0.7059269650660409,-0.4242629202453546,-1.0420718210188007,-0.6910839922288873,6.300187227492996,-0.8261751829853697,-0.5410188408508065,-1.3226823162124386,-1.067450603885795,0,0.0
12432,-0.3023455236709425,-0.08364389441418492,0.4166776201956887,1.7615245603933256,0.3436231896893629,-0.08364389441418492,0.23864199230213468,0.8996093126062129,0.3717748027438838,0.8460351003791267,0.02931111096352213,-0.761213650093751,-0.20104135502870435,1,1042.66
14805,1.5622752337850387,-0.4242629202453546,-0.24745699862057086,-0.4871276267529533,-0.45063098147688857,-0.4242629202453546,-0.09469447965810857,-0.6460970169652406,3.145512378304009,-0.8261751829853697,-0.5410188408508065,0.8332873623922198,-1.067450603885795,0,437.15
16954,-0.9021535994959434,0.08666561850139992,-0.05435126759267333,-0.11755393390493521,-0.23788432848592836,0.08666561850139992,-0.5683831503384545,-0.1027927772427372,-0.3048207917077322,-0.4505839485385534,-0.5410188408508065,0.05335219561782919,0.6072987430622744,0,839.7
17351,-0.32842413566333384,-0.25395340732976973,-0.19339867980721076,-0.29621002100648214,-0.4789972018756833,-0.25395340732976973,-0.5946991875984738,-0.5872678954666255,5.314376971879488,-0.8091827085418887,-0.5410188408508065,-0.9817302735197038,-0.8086996136016139,0,159.85
17320,0.5582486720779719,-0.25395340732976973,-0.11133813485173127,0.14524122446476428,-0.20951810808713367,-0.25395340732976973,0.16846589294208367,0.0598524410181396,1.9288150080321649,-0.7405153998927841,-0.09261459745025331,-0.12880941477849914,-0.584148086695549,0,0.0
16040,-0.5892102555872473,-0.25395340732976973,-0.11710344902921647,0.11422625709445627,-0.12441944689074957,-0.25395340732976973,0.11583381842204521,0.13425397703109387,0.022734909269969503,-0.10128269177889314,-0.09008297528754626,-0.17782781081973018,-0.3727251676271637,0,437.37
17926,-0.7847998455301823,-0.25395340732976973,-0.19849941914878894,-0.3236498550507906,-0.4789972018756833,-0.25395340732976973,-0.5420671130784354,-0.21699048368122514,0.9238227758154549,1.216892696143317,-0.09859576231519805,0.5956062411332184,-0.8428474190060348,0,0.0
17811,-1.0586252714502915,3.3225463638975117,0.5245648010376328,-0.3170843789161434,2.6696532623905282,3.3225463638975117,-0.0695226179311336,-0.41228511208327706,-0.27377691134867854,-0.17944169938036122,-0.365646884237235,-0.3606025796690457,0.7270081215570052,1,3110.41
14645,-0.4848958076176819,-0.25395340732976973,-0.16453981500192727,-0.14096145644856387,-0.3229829896823125,-0.25395340732976973,-0.30522277773826234,-0.08722036272839792,-0.3497088988661716,-0.19101557037352185,-0.5410188408508065,-0.5508129340406933,0.10376175235668565,0,0.0
14873,0.2192267161768844,-0.4242629202453546,-0.17769703700897715,0.2634309261831016,-0.3229829896823125,-0.4242629202453546,0.3789941910222374,-0.16508243530009425,-0.28009519085949197,-0.45555381860642674,-0.5410188408508065,-0.8230821882085448,2.080854613607439,0,0.0
14551,0.12795157420351472,-0.4242629202453546,-0.2447069165630322,-0.45753905528764766,-0.6208283038696568,-0.4242629202453546,-0.7262793738985699,-0.5180571642917843,-0.7262801990900174,-0.8261751829853697,1.2868179037537928,-0.6474670678206721,0.24950279646064558,0,60.8
13304,2.0577688616404743,-0.4242629202453546,-0.21496421821638895,-0.13753262013846201,-0.4222647610780939,-0.4242629202453546,0.010569669381968322,0.0771551238118499,-0.35439806047517863,-0.6979516887836198,-0.1861540291297966,-0.5873314129729089,1.1257425655276432,0,0.0
13579,2.2924763695719967,-0.4242629202453546,-0.23803227364587876,-0.3857255076088745,-0.592462083470862,-0.4242629202453546,-0.621015224858493,-0.5872678954666255,-0.7262801990900174,-0.8261751829853697,0.9345215152408756,0.7373006145211783,1.271179418854628,0,302.34
14497,1.510118009800256,-0.4242629202453546,-0.18522831858929467,0.18240066650277476,-0.3087998794829151,-0.4242629202453546,0.4316262655422759,0.06677351413562373,0.6187952911997657,-0.5721415440155002,-0.5410188408508065,-0.04789128033986599,0.38317673988508544,0,0.0
13070,-0.01548079175463769,-0.4242629202453546,-0.22713732556873248,-0.26850502362085915,-0.592462083470862,-0.4242629202453546,-0.621015224858493,-0.36579355570713373,-0.7262801990900174,-0.8261751829853697,-0.5410188408508065,-1.3226823162124386,0.025081986513716004,0,0.0
14267,-0.4066599716405079,-0.08364389441418492,-0.0083137381671531,0.237341291681349,-0.3655323202805045,-0.08364389441418492,-0.12978252933813444,-0.1350911184576631,-0.23413460162318134,-0.7505634447065442,-0.2733830798300672,0.10828254427490278,0.2296544339760733,0,0.0
13485,0.5191307540893849,-0.4242629202453546,-0.1888197421910123,0.1437599671788003,-0.3938985406792992,-0.4242629202453546,0.11583381842204521,0.2121160496027902,-0.47104791541042174,2.3209573438193565,-0.5410188408508065,-0.7348836474661541,0.3982709542981213,0,0.0
12457,0.5191307540893849,-0.08364389441418492,-0.08462766542390691,-0.03634994651822981,-0.3938985406792992,-0.08364389441418492,-0.6561032745385186,-0.288508239228561,-0.614357082433273,0.31965361237103346,-0.5410188408508065,-0.26142087181316886,-0.9796180470750407,0,1295.98
14898,-0.7717605395339867,0.25697513141698475,-0.0975571303260679,-0.32439779854456746,0.13087653669840268,0.25697513141698475,-0.3789076820663162,-0.1567771475591133,-0.3891986133699444,0.036691040785521795,0.19915933183469517,1.5014927959295203,-0.2567259038033715,0,278.13
14625,0.036676432230145,-0.25395340732976973,-0.11311769969366141,0.1356679134869599,0.003228544903826554,-0.25395340732976973,0.3000460792421798,-0.1668127035794653,-0.15416862099990788,0.5195524206135329,-0.5410188408508065,-0.08447977366816461,1.1142202608164242,0,0.0
14442,0.14099088019971037,-0.25395340732976973,0.004192506443087529,0.7667475222520791,0.102510316299608,-0.25395340732976973,0.563206451842372,0.08753673348807607,0.9736986859163921,0.06657482050737348,-0.4198836979946131,-0.17773523147870274,-0.4942699165517119,0,0.0
14112,-0.8239177635187694,0.08666561850139992,0.057052550935950255,0.18209892890748575,0.5421867324809257,0.08666561850139992,0.3526781537622182,0.24672141519021082,-0.4797206209326503,-0.18564338273676503,-0.4698565624148188,0.2647986962750037,0.09730459709580691,1,1014.33
13426,-0.14587385171659442,0.25697513141698475,-0.001100296725747643,-0.11683890723973538,0.15924275709719737,0.25697513141698475,-0.22101145850620077,0.08338408961758564,0.12815857989896282,0.7811043001865539,-0.4915967470751419,0.6779254867699243,-0.2594133093721322,0,2082.64
16434,-0.01548079175463769,-0.08364389441418492,-0.14420654451099105,-0.2500228339457857,-0.20951810808713367,-0.08364389441418492,-0.39294290193832637,-0.30235038546352927,-0.13257154389151993,-0.7142041490620522,0.4985964612842021,-0.13722143587203076,0.23021385208194617,0,795.08
13294,-0.054598709743224706,-0.25395340732976973,-0.1175181709217007,0.11199522760201673,-0.03932078569436549,-0.25395340732976973,0.326362116502199,0.037358953386316215,-0.22527426977909953,-0.1018826107049056,-0.5410188408508065,-0.27136677991395114,0.43075851610634647,0,0.0
14577,-0.3936206656443122,-0.08364389441418492,-0.1561179011607011,-0.29274156258790807,0.2727076386923762,-0.08364389441418492,0.48425834006231433,-0.42346916501950144,-0.2894622005921875,-0.8261751829853697,-0.2384703641291214,0.4249366142458894,0.5053121003826463,0,213.07
17634,-0.9282322114883348,0.4272846443325696,0.059850224030331356,-0.10255544192092526,1.3506240138465746,0.4272846443325696,0.6333825512024234,-0.4090502626914095,0.7775746935173946,-0.5074628722559854,-0.401311234610105,-0.20945452526890804,-0.5502316303060506,1,441.31
15356,-1.1499004134236612,0.7679036701637393,0.11320147601060365,-0.1768933750875579,2.130695074813429,0.7679036701637393,1.6487429888181648,-0.16032419753182392,0.21546553039065125,-0.5182161531159892,-0.16955677843698222,1.1748153208323902,-0.637646949946284,1,486.86
14101,-0.6674460915644214,0.25697513141698475,0.5743620223737065,1.1214592669975918,-0.507363422274478,0.25697513141698475,-0.7789114484186084,3.6871868618915666,1.1152508724350034,-0.48517178889275503,-0.5410188408508065,-1.1211705587382912,0.13978223110414698,1,1032.4
15852,-0.09371662773181173,-0.25395340732976973,-0.23871044592088367,-0.5399682801824962,-0.4080816508786965,-0.25395340732976973,-0.5157510758184162,-0.6633996997589509,-0.671191225426309,2.2008875392463816,-0.2937450916640888,-0.8729435233525389,0.25802100219437824,0,0.0
14850,1.5361966217926475,-0.4242629202453546,-0.2106589290620346,-0.09121132747985944,-0.4222647610780939,-0.4242629202453546,0.010569669381968322,0.2674846345426632,-0.7262801990900174,-0.8261751829853697,-0.5410188408508065,-0.5108613002561385,2.1025708577592024,0,0.0
17849,0.3235411641464498,0.08666561850139992,-0.16305939382014967,-0.40995595086692754,-0.5215465324738753,0.08666561850139992,-0.7525954111585892,-0.6478272852446115,0.38023183870466587,-0.8261751829853697,0.4997211689021247,-1.1364663676537041,-0.950902372366204,0,0.0
18250,1.5231573157964517,-0.4242629202453546,-0.2066612819672689,-0.04820000480594184,-0.4222647610780939,-0.4242629202453546,0.010569669381968322,-0.057805801979090424,-0.7262801990900174,-0.4804255596077338,0.2624313522946797,-0.21495098962255657,1.459854078489688,0,0.0
15530,-0.5761709495910516,-0.08364389441418492,-0.06823595259145776,0.02243707103665428,0.3719894100881576,-0.08364389441418492,0.5368904145823528,0.00794439263700871,0.15437553754700106,-0.013459346694177575,0.011939432519207236,-0.012318479908457915,-0.1181070140145878,0,333.62
13098,-1.0455859654540958,2.3006892864040025,2.193084456895352,0.8694361945653757,0.8400320466682701,2.3006892864040025,0.022953686916094784,0.9331290196654005,0.7493669321343019,-0.25403887621191734,0.08193097749217129,-0.7878926602083131,0.08106340030391632,1,14414.36
13216,0.9624671579600378,-0.4242629202453546,-0.20930088483213757,-0.07659991301707873,-0.6491945242684515,-0.4242629202453546,-0.8315435229386468,0.2813267807776314,-0.7262801990900174,2.3396824172822686,-0.5410188408508065,-1.3226823162124386,-0.8783999743670929,0,0.0
14280,0.036676432230145,-0.4242629202453546,-0.24324349218012692,-0.44179383895166,-0.6066451936702594,-0.4242629202453546,-0.6736472993785315,-0.5665046761141732,-0.7262801990900174,-0.5387915502780454,-0.5410188408508065,-0.567769380068599,1.3936820107899162,0,0.0
13365,0.3105018581502541,-0.4242629202453546,-0.1469464284892063,0.5942816276357028,-0.16696877748894162,-0.4242629202453546,0.9579470107426603,0.6516041925630318,-0.5266988377012052,-0.14870937642206758,-0.5410188408508065,-0.20768929073949452,0.5810167117170071,0,1524.77
14720,-0.8760749875035521,-0.4242629202453546,-0.23954498874551375,-0.40200105062749125,-0.592462083470862,-0.4242629202453546,-0.621015224858493,-0.6080311148190779,-0.7262801990900174,0.05684568002787571,-0.5410188408508065,-0.6732052304568532,0.11852227385051595,0,508.01
13487,0.25834463416547143,-0.25395340732976973,-0.19654308759858685,-0.3131256134696513,-0.4222647610780939,-0.25395340732976973,-0.4631190012983777,-0.37790543366273094,0.9134580408708908,-0.2372426039722548,1.3545721633567551,0.3455164912933921,-0.7617125208581436,0,166.6
15541,-1.0325466594579003,-0.4242629202453546,-0.25155662650857036,-0.5312361770461035,-0.3087998794829151,-0.4242629202453546,0.4316262655422759,-0.5768862857903994,0.6884226282520808,-0.03161545306345038,-0.5410188408508065,-0.5948512399506448,-0.5006503941478131,0,0.0
17880,2.2272798395910183,-0.4242629202453546,-0.1880242920037885,0.15231834260881452,-0.35134921008110714,-0.4242629202453546,0.27373004198216055,0.3401559022762464,0.7757167819694119,0.7310109905637429,-0.5410188408508065,-0.5494136462623245,-0.4365994508962402,0,0.0
16131,-1.0195073534617045,0.08666561850139992,0.12124606091686471,0.35476598192072145,-0.06768700609316018,0.08666561850139992,-0.38417088951832,0.3297742926000202,0.21119888701102957,-0.42767059969844395,0.26797616705837407,0.7007287722525535,0.13976793997948508,1,1228.04
14921,0.10187296221112337,-0.4242629202453546,-0.11254320789177756,0.9644313649838179,0.03159476530262125,-0.4242629202453546,1.6947960540231983,1.4371459913974791,-0.2559089341683188,1.7373875516808275,-0.5410188408508065,-0.7275564264577796,-1.067450603885795,0,413.06
15925,0.010597820237753656,-0.4242629202453546,-0.23081713252458608,-0.30809665354816856,-0.54991275287267,-0.4242629202453546,-0.4631190012983777,-0.4246226772057487,-0.20730867301364733,-0.3981799177973477,0.5878774861261179,-0.474342555438178,1.2647623407179407,0,0.0
13455,2.2533584515834097,-0.4242629202453546,-0.14824838328282472,0.5802736883635001,-0.29461676928351777,-0.4242629202453546,0.48425834006231433,-0.08895063100776895,0.1822710195174205,-0.6309465345937258,-0.5410188408508065,0.3637142381113153,-0.39366383662278365,0,365.4
16660,0.2192267161768844,-0.25395340732976973,-0.2006971052429777,-0.33547248264802176,-0.6491945242684515,-0.25395340732976973,-0.9631237092387429,-0.35195140947216547,-0.7262801990900174,-0.8261751829853697,1.8878743114805332,-1.3226823162124386,2.7596538807481457,0,883.29
16182,-0.8239177635187694,-0.08364389441418492,0.5572989359858014,2.2658469484466006,-0.6066451936702594,-0.08364389441418492,-0.7964554732586211,2.4833815443238287,-0.7262801990900174,-0.8261751829853697,-0.5410188408508065,-1.3226823162124386,0.45214855544878496,1,1773.65
13166,1.1710960538991686,-0.4242629202453546,-0.19511535649331338,0.07602444881817487,-0.16696877748894162,-0.4242629202453546,1.0632111597827372,0.0010233195195245904,0.10402863152010323,-0.3406994935847643,-0.3083828030973642,1.530073801704959,-0.7736295189317564,0,0.0
15416,-0.5109744196100733,-0.08364389441418492,0.26840944459292687,1.2297775775682331,1.1946098016532039,-0.08364389441418492,1.5544438553030961,1.2122111150792454,-0.022813341003133716,0.3763099177322061,-0.4051558221817031,-0.0946198460346912,-0.19020843094801362,1,839.99
17419,-0.6544067855682256,0.7679036701637393,0.18608884861470112,-0.07886751676349277,0.797482716070078,0.7679036701637393,-0.2328536752732095,-0.22174872144949548,0.1657641805930966,-0.20984764490838628,-0.396219537981909,1.0886569116883165,-0.49524692782749485,1,1566.57
14689,0.19314810418449307,-0.4242629202453546,-0.2468536122606041,-0.48063569667249373,-0.5357296426732727,-0.4242629202453546,-0.41048692677833926,-0.4834517987043637,-0.23106374482286368,0.26133128856816296,0.05856751596078619,1.1423520494496635,-1.067450603885795,0,0.0
16456,-1.1759790254160525,0.08666561850139992,0.02301816087405047,0.0905535712095131,0.3719894100881576,0.08666561850139992,0.19478193020210288,0.05552677031971203,-0.6277366150633887,-0.8261751829853697,0.14348743616909224,-0.6116874035417795,0.003399398851869278,1,457.6
16147,-0.7847998455301823,-0.4242629202453546,-0.2022880056174253,-0.0011472270678507916,-0.4080816508786965,-0.4242629202453546,0.06320174390200677,0.10483941628178638,0.744593648874693,-0.1927203479901146,0.18040346366490212,-0.2778044538953539,-0.14447907151628805,0,0.0
15700,-0.27626691167855116,-0.25395340732976973,-0.14761270300500062,-0.04990070761575237,0.48545429168333637,-0.25395340732976973,1.1684753088228141,-0.12874680143330264,0.16478657064445018,-0.4614008941591061,-0.21632358807467092,0.021535867663016645,0.6588616037655541,0,0.0
13849,-0.3023455236709425,-0.4242629202453546,-0.16513640264234514,0.3985727946185826,-0.18115188768833898,-0.4242629202453546,0.9053149362226219,0.4024455603336035,0.20651004521528502,-0.12313637936276371,-0.3787971750133176,0.8997515833909286,-0.5466119473132998,0,944.37
15167,1.6535503757584085,-0.4242629202453546,-0.23903508477934468,-0.3965149125313283,-0.16696877748894162,-0.4242629202453546,0.9579470107426603,-0.5215177008505264,0.3091060589832974,-0.12347790594962602,-0.3364893189738212,0.1195125099745445,0.3591024982510979,0,0.0
13248,-0.9021535994959434,-0.25395340732976973,-0.1868753084000208,-0.2611170243180264,-0.3655323202805045,-0.25395340732976973,-0.41048692677833926,-0.21872075196059618,-0.0955759849705149,-0.6538425094036818,-0.5410188408508065,-0.3823010515908116,0.9764731050045459,0,0.0
16539,0.33658047014264547,-0.08364389441418492,-0.08694602879008907,-0.04466449358841459,-0.23788432848592836,-0.08364389441418492,-0.4280309516183521,-0.2608239467586245,2.7949229037998866,-0.7151868164276834,-0.5410188408508065,0.19539271383124565,-0.982758355975392,0,335.2
12422,-0.32842413566333384,-0.25395340732976973,-0.15455079630467475,-0.08722473379664768,-0.28043365908412043,-0.25395340732976973,-0.27890674047824315,-0.2481353127099037,-0.7262801990900174,0.6911048843699406,-0.5410188408508065,-0.12730750108377323,-0.25561390002498074,0,147.7
13851,-0.8499963755111608,-0.25395340732976973,-0.03601172160945828,0.5504656713743479,0.20179208769538942,-0.25395340732976973,0.7211026754024873,1.0236118726278032,-0.02585570759819862,-0.10947111159946368,0.4210309269113116,0.04928330220060242,-0.41357637169269684,0,1298.18
14233,0.2322660221730801,-0.08364389441418492,-0.10300970340430274,-0.10227503930712144,-0.507363422274478,-0.08364389441418492,-0.7438233987385827,-0.2735125808073455,0.08252180684759527,-0.8261751829853697,-0.5410188408508065,0.44812368137060116,0.5470849680073829,0,503.62
13601,0.2322660221730801,-0.4242629202453546,-0.20259394799712674,-0.0044389099255485905,-0.13860255709014693,-0.4242629202453546,1.1158432343027758,0.2051949764853061,-0.39208996108935174,0.6506183213149324,-0.4058676515885722,-0.1424365534778542,0.6199443186926568,0,320.12
14871,-0.19803107570137712,-0.08364389441418492,-0.20903573476972964,-0.48252536646117217,-0.09605322649195489,-0.08364389441418492,-0.077150454818096,-0.6207197488677987,-0.24848879638768318,0.30215851447369685,-0.2447217618782634,-0.35984427389521667,0.24705867223088485,0,165.98000000000002
15114,-1.0064680474655088,0.4272846443325696,-0.03588764497769047,-0.2742319422223538,0.21597519789478678,0.4272846443325696,-0.2525907032182239,0.1238723673548677,-0.7262801990900174,0.9191788198755877,-0.5410188408508065,-0.3981347348379211,-0.7572430320221516,0,1406.55
16778,1.0537422999334074,-0.4242629202453546,-0.25018838419934997,-0.5165150398213996,-0.6491945242684515,-0.4242629202453546,-0.8315435229386468,-0.5180571642917843,0.5812852138413992,-0.8261751829853697,-0.5410188408508065,2.4881699162604285,-1.067450603885795,0,152.76
16426,1.0798209119257989,-0.4242629202453546,-0.21021361293158028,-0.08642010020921044,-0.5640958630720674,-0.4242629202453546,-0.5157510758184162,-0.20314833744625693,1.0146626087998438,-0.8261751829853697,-0.5410188408508065,-0.9249305947103663,-0.3131549509044842,0,1535.39
16050,-0.2632276056823555,-0.4242629202453546,-0.242587415743656,-0.43473500793459696,-0.5782789732714647,-0.4242629202453546,-0.5683831503384545,0.21557658616153227,-0.7262801990900174,-0.28744921310117555,0.15171007767637137,-0.750455725249871,0.017555474832211277,0,0.0
16550,-1.1107824954350742,0.25697513141698475,0.12472530564602513,0.1539166375074966,1.5775537770369321,0.25697513141698475,1.547426245367091,0.3193926829237941,-0.41410414505225746,-0.26017088443275266,-0.3660008706959336,0.0758269748627819,1.1809219402237838,1,0.0
17879,-0.2632276056823555,-0.4242629202453546,-0.2356833160417265,-0.3604526981125505,-0.6350114140690541,-0.4242629202453546,-0.7789114484186084,-0.5907284320253676,-0.7262801990900174,-0.8261751829853697,-0.5410188408508065,-1.3226823162124386,3.325813150002806,0,0.0
16750,-0.9412715174845304,-0.08364389441418492,-0.19529892192113427,-0.4332598463576287,-0.09605322649195489,-0.08364389441418492,-0.27013472805823674,-0.5872678954666255,0.719977935791351,-0.8261751829853697,0.2845032081787344,0.0010698356909513613,0.90366071554714,0,207.81
15121,1.2362925838801468,-0.4242629202453546,-0.21585994951695933,-0.1471699360607217,-0.46481409167628596,-0.4242629202453546,-0.14732655417814702,-0.31388550732600284,-0.7262801990900174,-0.8261751829853697,-0.24584379801568307,0.8015666012597416,0.21210624241727435,0,162.57
16399,0.5452093660817763,-0.4242629202453546,-0.235702012520486,-0.3606538565094098,-0.28043365908412043,-0.4242629202453546,0.5368904145823528,-0.1962272643287728,-0.7262801990900174,-0.43204967176942355,-0.16192943415640773,1.485198876661637,0.047035516789946316,0,229.61
18080,0.636484508055146,-0.4242629202453546,-0.12299793887813124,0.8519472468854897,-0.7059269650660409,-0.4242629202453546,-1.0420718210188007,0.3955244872161194,-0.7262801990900174,6.816860953540393,-0.5410188408508065,-1.3226823162124386,-1.067450603885795,0,390.0
18087,1.2623711958725383,-0.4242629202453546,0.2783678690522093,5.170305987899205,-0.7059269650660409,-0.4242629202453546,-1.0420718210188007,12.770403221277725,-0.7262801990900174,-0.8261751829853697,-0.5410188408508065,4.34614289167105,-1.067450603885795,1,852.8
14505,-1.0977431894388785,0.4272846443325696,0.451704623311731,0.6001152211446227,4.7829366821007335,0.4272846443325696,3.431654513184467,0.3620726338149461,0.21718471489298147,-0.1893731530441804,0.5385628700941727,-0.017295542720860924,-0.45418333247798287,1,1636.69
17555,1.8361006597051481,-0.4242629202453546,-0.23280575799264555,-0.32949259212320414,-0.03932078569436549,-0.4242629202453546,1.4842677559430448,-0.20660887400499897,-0.4264554953923852,0.7493578225946909,-0.5410188408508065,-0.18137624340499267,0.0863744902421923,0,284.86
17929,-1.0586252714502915,-0.08364389441418492,-0.14585863336137891,-0.2559478630896418,-0.6633776344678488,-0.08364389441418492,-1.0245277961787878,-0.6403294560340038,-0.7262801990900174,-0.8261751829853697,-0.5410188408508065,-1.3226823162124386,-1.067450603885795,0,136.0
17786,1.6144324577698215,-0.4242629202453546,-0.24845980975403675,-0.4979170316754071,-0.37971543047990186,-0.4242629202453546,0.2210979674621221,-0.5665046761141732,-0.1857827047374781,-0.534061078106059,-0.10474507179196064,1.6957545603219437,-0.0790442448886563,0,163.5
15545,2.3055156755681923,-0.4242629202453546,-0.24302423347467422,-0.43943479957030995,-0.28043365908412043,-0.4242629202453546,0.5368904145823528,-0.4869123352631058,-0.3135083374086834,0.30788352994921453,-0.26148867108431323,-0.45683869656452814,0.6020664262968614,0,153.64
12838,2.3446335935567792,-0.4242629202453546,-0.19960421107548865,0.027728146444953642,0.11669342649900534,-0.4242629202453546,2.0105885011434292,0.0425497582244293,-0.5671557672333691,0.6758724008452771,1.1485966075541523,0.3440645718497244,-0.38627768326131423,0,281.16
14905,-0.47185650162148624,-0.25395340732976973,-0.16130022513686632,-0.12353382442975291,-0.5215465324738753,-0.25395340732976973,-0.6473312621185122,-0.24986558098927472,-0.20968687859304344,-0.44659731107481554,2.495266143432501,0.9295751063143455,-0.5734925313863328,0,0.0
14916,-0.5761709495910516,-0.25395340732976973,-0.14683085025687467,-0.04569466840869408,-0.12441944689074957,-0.25395340732976973,0.010569669381968322,0.2986294635713417,0.35933146197299476,-0.21410452728823523,-0.5410188408508065,-0.3380262607534381,0.9069069667553247,0,567.7
14035,-1.12382180143127,-0.08364389441418492,-0.12371860315031687,-0.1765451577111765,-0.46481409167628596,-0.08364389441418492,-0.6385592496985059,-0.23083262991619338,0.23143958057418862,-0.044034227753390574,0.5269119037392175,1.0386624028729652,-0.813388430426195,0,590.76
16202,2.1751226156062358,-0.4242629202453546,-0.2039417941477004,-0.018940601626406036,-0.46481409167628596,-0.4242629202453546,-0.14732655417814702,-0.0854900944490269,0.8030109017760524,-0.8261751829853697,0.08664169211317821,0.7561611053551501,0.2217869056355267,0,0.0
16816,-1.1759790254160525,0.08666561850139992,-0.19513915201173462,-0.4962437595560774,-0.3229829896823125,0.08666561850139992,-0.7262793738985699,-0.5094058228949292,-0.7262801990900174,0.7843125542176318,-0.5410188408508065,0.7046165850387538,0.9342291072184165,0,0.0
16843,-0.7717605395339867,1.2788322089104938,0.9869100242821353,0.5385890136292,1.691018658632111,1.2788322089104938,0.1636811588948075,1.3707666083161545,-0.21333549496318202,0.057767306866906266,-0.46886407039775063,-0.1036111293876922,0.02028818779478508,1,2824.9700000000003
15785,-0.47185650162148624,0.08666561850139992,0.017111773265925133,0.07466662963937452,-0.13860255709014693,0.08666561850139992,-0.3710128708883104,0.12819803805329527,-0.7262801990900174,-0.46463093924007176,0.09115440140238507,0.672158295891618,-0.16674066768272003,1,663.14
12937,0.04971573822634068,-0.25395340732976973,-0.19324060957769834,-0.2953596696015769,-0.3371660998817098,-0.25395340732976973,-0.35785485225830077,-0.2827406782973243,-0.7262801990900174,-0.6387714993725438,0.9152133965497796,0.06238921427549815,-0.5787155650517986,0,1076.04
17698,0.8711920159866681,-0.4242629202453546,-0.23968946153592832,-0.40355545642140417,-0.6066451936702594,-0.4242629202453546,-0.6736472993785315,-0.4246226772057487,-0.7262801990900174,1.1271273727191808,-0.5410188408508065,-0.22513629338891708,-0.1600033990815544,0,0.0
13479,0.0888336562149277,-0.25395340732976973,-0.21487413518236576,-0.41173894574818054,-0.5215465324738753,-0.25395340732976973,-0.6999633366385507,-0.5145966277330423,-0.02935362429851455,-0.4249126112721055,-0.5410188408508065,3.206538555146873,-0.7709475325421167,0,0.0
17921,-0.602249561583443,-0.08364389441418492,-0.1648151631436586,-0.32393330551909233,0.4429049610851444,-0.08364389441418492,0.6772426133024552,-0.41424106752952256,-0.33275459968695187,-0.3159720049463435,0.5697527326903501,1.118319701611138,-0.6902464201985641,0,224.76
14819,-0.01548079175463769,-0.4242629202453546,-0.2516263133839468,-0.531985949252579,-0.6775607446672461,-0.4242629202453546,-0.9368076719787237,-0.5803468223491414,-0.7262801990900174,-0.8261751829853697,-0.5410188408508065,-1.3226823162124386,2.1242611067360064,0,187.35
13512,0.8711920159866681,-0.4242629202453546,-0.22332834294144935,-0.22752357204252185,-0.507363422274478,-0.4242629202453546,-0.30522277773826234,-0.25159584926864575,-0.7262801990900174,-0.8261751829853697,-0.5410188408508065,0.8824751190583485,0.08070673007969563,0,0.0
16116,0.2322660221730801,-0.4242629202453546,-0.16187301725886294,0.4336840784340256,-0.23788432848592836,-0.4242629202453546,0.6947866381424681,0.1117604893992705,2.01147129862688,-0.5303221571712263,-0.16687875325696408,0.36728959699647135,-0.8173972473736192,0,0.0
17214,0.7277596500285156,0.08666561850139992,-0.1620106913297286,-0.40713516152915047,0.07414409590081329,0.08666561850139992,-0.21311664732819507,-0.5933238344444242,0.8346594656712625,-0.5832595942221531,-0.24630574032475608,0.7008725421338001,-0.9270390016260085,0,447.15
14847,-0.5892102555872473,-0.4242629202453546,-0.21343790567765614,-0.12111078010394763,-0.5357296426732727,-0.4242629202453546,-0.41048692677833926,-0.3311881901197131,0.023149099802159047,-0.8261751829853697,0.7705520909206417,-0.6356075091806649,-0.7761321206667915,0,0.0
14421,0.2322660221730801,-0.4242629202453546,-0.18865997228161263,0.14547895711559802,-0.507363422274478,-0.4242629202453546,-0.30522277773826234,-0.07510848477280072,-0.7262801990900174,1.0356373896627615,-0.5410188408508065,-0.336323169359826,0.23946972537413222,0,357.93
16018,-0.17195246370898576,-0.4242629202453546,-0.23850818401430324,-0.3908459031652933,-0.507363422274478,-0.4242629202453546,-0.30522277773826234,-0.5941889685841096,-0.7262801990900174,-0.8261751829853697,0.16702798705455132,-0.6591601563026663,1.042540919913878,0,247.0
16409,-0.5631316435948559,-0.08364389441418492,-0.09038618088184322,-0.05700220859578542,0.7832996058706807,-0.08364389441418492,1.6947960540231983,0.03216814854820312,-0.1221387678002567,-0.13906596065141064,0.22551446255042706,0.6137379496466366,0.2788700640294658,0,989.61
17040,-0.7326426215453997,-0.4242629202453546,-0.18958629782015318,0.13551247290756865,-0.507363422274478,-0.4242629202453546,-0.30522277773826234,-0.12009546003644749,-0.7262801990900174,-0.4692860297889164,-0.5410188408508065,0.6723034878293639,-0.2604345575230497,0,0.0
15347,2.2533584515834097,-0.4242629202453546,-0.23176045486199895,-0.3182460090260701,-0.6491945242684515,-0.4242629202453546,-0.8315435229386468,-0.2965828245322925,0.005643491179046009,0.5159055671783803,-0.5410188408508065,-1.3226823162124386,3.260409151536077,0,0.0
15679,-0.5109744196100733,-0.25395340732976973,-0.22179013264350592,-0.44894410560365905,-0.46481409167628596,-0.25395340732976973,-0.5157510758184162,-0.057805801979090424,-0.13070703598227446,1.6741248887267777,-0.2661750092315205,0.18110502088229738,-1.067450603885795,0,521.02
13723,0.3105018581502541,-0.4242629202453546,-0.23205789884226424,-0.3214462562488318,-0.6350114140690541,-0.4242629202453546,-0.7789114484186084,-0.5976495051428518,3.596482723593902,-0.8261751829853697,-0.5410188408508065,0.016164568011232363,-0.17445486387198428,0,0.0
17685,0.949427851963842,0.25697513141698475,-0.008912025487458166,-0.13364843436637872,-0.16696877748894162,0.25697513141698475,-0.5157510758184162,-0.1318612843361705,0.5441061520988696,-0.27444085931105255,2.6083666346887426,-0.6754247339066344,-0.39295949768365374,0,1643.11
12578,1.7839434357203654,-0.4242629202453546,0.007394703350629463,2.2548624808362834,0.2727076386923762,-0.4242629202453546,2.589541320863852,1.8420287687703,-0.4484817032421199,0.22478623421869953,-0.5410188408508065,-0.4733417149641459,1.178100293286469,0,1185.85
13728,-1.12382180143127,0.25697513141698475,-0.13055811501653164,-0.39541037006130086,-0.3087998794829151,0.25697513141698475,-0.5683831503384545,-0.5014465888098225,3.3034784778454367,-0.8261751829853697,-0.4412989737664237,-0.9065995646363376,-0.059604299194148065,0,219.12
15701,-1.0847038834426828,-0.4242629202453546,-0.12089033581796563,0.8746232843496302,0.9676800384628462,-0.4242629202453546,5.431673344945928,0.8869206785574917,0.29160716555258503,-0.4953558650254308,0.2940816655292019,0.010975367370784186,0.41194651010681604,0,675.1
16339,1.1841353598953641,-0.4242629202453546,-0.25004051204916095,-0.5149240597735123,-0.4789972018756833,-0.4242629202453546,-0.14732655417814702,-0.673781309435177,4.585594697561255,-0.8261751829853697,-0.5410188408508065,-0.5692499387691257,-1.067450603885795,0,0.0
13591,0.14099088019971037,-0.25395340732976973,-0.13409174950208347,0.02283633997587498,-0.20951810808713367,-0.25395340732976973,-0.09469447965810857,-0.29139201969417944,-0.27820406493408534,-0.14776132394020905,0.15228430116082445,-0.5854421879826126,0.628639985322211,0,340.9
15182,-0.5109744196100733,-0.25395340732976973,-0.160161439612422,-0.11740763688903756,-0.37971543047990186,-0.25395340732976973,-0.3315388149982816,-0.3086947024878897,-0.7262801990900174,-0.031009827527604405,-0.16556588406623607,0.9026171352245248,-0.5894182619116008,0,0.0
15683,-0.9934287414693131,-0.4242629202453546,-0.23309470357347473,-0.3326014037110298,-0.5782789732714647,-0.4242629202453546,-0.5683831503384545,-0.29312228797355044,-0.7262801990900174,3.6353855243233464,-0.5410188408508065,-0.5151490220829713,-0.6068952525522209,0,0.0
15507,-0.28930621767474685,-0.4242629202453546,-0.18514503427482035,0.18329673572514804,-0.13860255709014693,-0.4242629202453546,1.2737394578628911,-0.19276672777003073,1.1402682550653194,0.04195011264615451,-0.5410188408508065,-0.7527739441173981,-0.11659873082658097,0,0.0
14866,-1.1499004134236612,0.08666561850139992,-0.06820025931382592,-0.15480481157788173,-0.3655323202805045,0.08666561850139992,-0.7394373925285795,-0.26889853206235603,-0.6903600331065409,2.922911672470673,-0.5059563181324598,1.2884158828994592,-0.9879441940508965,0,13226.0
15442,0.71472034403232,-0.4242629202453546,-0.16506501608708146,0.3993408539520455,-0.6917438548666435,-0.4242629202453546,-0.9894397464987621,-0.3311881901197131,-0.7262801990900174,-0.8261751829853697,-0.5410188408508065,-1.3226823162124386,-1.067450603885795,0,0.0
14647,0.10187296221112337,-0.4242629202453546,-0.22590675733037774,-0.2552651436821193,-0.37971543047990186,-0.4242629202453546,0.3789941910222374,-0.43154375032323283,-0.7262801990900174,-0.7549386150292748,-0.5410188408508065,2.471664805434368,0.22450482441137287,0,0.0
13421,1.2623711958725383,-0.4242629202453546,-0.12579561197251232,0.8218466358645424,0.1876089774959921,-0.4242629202453546,2.2737488737436213,0.966513019408559,0.5421698863788974,1.6398582451431545,0.3468211104097826,-0.7565143763191011,-0.5372338274919667,0,1008.67
13038,-0.13283454572039874,-0.25395340732976973,-0.16544574438182105,-0.14583497579065535,-0.4080816508786965,-0.25395340732976973,-0.5157510758184162,-0.26197745894487195,-0.03166017669055466,-0.8261751829853697,-0.5410188408508065,0.9246922845876597,1.56008510654542,0,316.70000000000005
14842,-0.028520097750833362,-0.25395340732976973,0.020961548210501807,0.8569579196799855,0.3719894100881576,-0.25395340732976973,0.9579470107426603,0.34880724367310156,0.45681032574744035,0.11490034813356863,0.24036257468013084,-0.8347916220913186,1.0584223558802583,1,1136.21
14813,2.2924763695719967,-0.25395340732976973,-0.240041295272585,-0.5471276903979889,-0.3655323202805045,-0.25395340732976973,-0.3315388149982816,-0.6322548707302723,-0.009293726989710023,-0.5937044998689073,-0.436043766273996,0.1104684836612983,-0.47198175187742714,0,0.0
17928,0.675602426043733,-0.4242629202453546,-0.2527243065910976,-0.5437994332863167,-0.4789972018756833,-0.4242629202453546,-0.19995862869818545,-0.5872678954666255,-0.7262801990900174,0.19634702950408453,-0.5410188408508065,1.3893137965291638,-0.10384132644743276,0,134.28
17048,-0.9934287414693131,-0.08364389441418492,-0.10874612302370504,-0.12284805716773255,-0.13860255709014693,-0.08364389441418492,-0.34031082741828794,-0.186999166838794,-0.5782106958551672,0.08172186367471708,0.15023411254342875,0.9719865746039206,-0.6696476042820697,0,0.0
15808,1.471000091811669,0.08666561850139992,0.35457301679618036,0.982366464776524,1.2938915730489853,0.08666561850139992,1.4711097373130353,0.38254747512083664,0.5508412155552476,-0.5556639471898185,-0.426111978289936,0.01127946109066202,0.8111101835616573,1,0.0
13194,-0.7587212335377911,-0.4242629202453546,-0.255708944473074,-0.5759116282758573,-0.6775607446672461,-0.4242629202453546,-0.9368076719787237,-0.6564786266414667,-0.7262801990900174,-0.8261751829853697,3.739612206801948,1.1708536483755212,-1.067450603885795,0,0.0
12924,0.06275504422253635,-0.08364389441418492,-0.15465107741802134,-0.28748096572458737,-0.5782789732714647,-0.08364389441418492,-0.8315435229386468,-0.4177016040882646,-0.7262801990900174,-0.8261751829853697,2.0718815262591446,-0.8088052619473586,2.2693863861643484,0,278.43
16866,-0.6935247035568127,-0.08364389441418492,-0.23071685141123952,-0.5602822304107885,-0.5782789732714647,-0.08364389441418492,-0.901719622298698,-0.6772418459939191,5.68324891103553,-0.7636298790858141,-0.5410188408508065,-0.9843101559267198,-1.067450603885795,0,0.0
17007,-0.5109744196100733,0.25697513141698475,-0.1682196219577809,-0.4764516020178202,-0.2520674386853257,0.25697513141698475,-0.7473322037065853,-0.5069834473038097,-0.25006681518077023,0.0074077238830379585,0.21066282064692957,-0.2543101248545837,0.4046033999676123,0,314.49
13718,0.6886417320399286,-0.25395340732976973,-0.2139223144455168,-0.4066185501917618,-0.592462083470862,-0.25395340732976973,-0.7789114484186084,-0.4471161648375721,0.32579892301130464,-0.8261751829853697,-0.5410188408508065,-1.1377589690298098,-1.067450603885795,0,0.0
17829,1.3666856438421036,-0.4242629202453546,-0.1148836670964937,0.9392499911224299,-0.29461676928351777,-0.4242629202453546,0.48425834006231433,0.9699735559673012,-0.6006438893393654,-0.8261751829853697,-0.24194541530103933,1.8631153417738133,-0.3214362670469402,0,0.0
12844,-0.8239177635187694,-0.4242629202453546,-0.2363019995206783,-0.3671092123358949,-0.3371660998817098,-0.4242629202453546,0.3789941910222374,-0.47999126214562166,0.2914486430608727,0.16679017052483866,-0.5410188408508065,0.08090946959128406,-0.7272836348369999,0,151.08
17191,-0.028520097750833362,0.25697513141698475,-0.06619463704689416,-0.25691098511096816,0.8542151568676675,0.25697513141698475,0.4316262655422759,-0.30419600496152505,-0.26902492750044027,-0.23037331013295392,0.04139148019672891,0.170441016376895,-0.5709230234101478,0,917.98
15944,1.0798209119257989,-0.4242629202453546,-0.21076940825470458,-0.09239999073402803,-0.6350114140690541,-0.4242629202453546,-0.7789114484186084,-0.5734257492316572,-0.7262801990900174,-0.45472033537815076,-0.5410188408508065,-1.3226823162124386,-0.08598599906827047,0,0.0
13506,1.6013931517736257,-0.25395340732976973,-0.18809227919927773,-0.26766381577944753,-0.35134921008110714,-0.25395340732976973,-0.41048692677833926,-0.18584565465254663,0.514216481931301,-0.2877688600119289,-0.5410188408508065,-0.2919531057499804,-0.037393378836269545,0,0.0
14418,-1.1107824954350742,-0.4242629202453546,-0.2404560171650692,-0.4118029506926358,-0.4789972018756833,-0.4242629202453546,-0.09469447965810857,-0.23429316647493545,-0.43436700169475184,0.4439385062804103,0.7924520945140261,-1.3226823162124386,1.2603903727604377,0,1786.81
14523,-1.1107824954350742,-0.4242629202453546,-0.22504841898732644,-0.24603014455357824,-0.54991275287267,-0.4242629202453546,-0.4631190012983777,0.12214209907549667,0.3418687543475675,-0.49330414132656814,2.0569882012353955,1.0164222989945353,-1.067450603885795,0,0.0
15864,-0.21107038169757278,-0.25395340732976973,-0.1956150623801591,-0.30813322780214303,-0.6208283038696568,-0.25395340732976973,-0.9104916347187044,-0.39001731161832814,-0.7262801990900174,-0.8261751829853697,4.036987088054336,-1.3226823162124386,1.3418651590637376,0,1522.0600000000002
17768,-0.3545027476557252,-0.4242629202453546,-0.20044725229955487,0.018657731459297475,-0.4080816508786965,-0.4242629202453546,0.06320174390200677,-0.3208065804434869,1.9735456205479887,-0.4101791254806634,0.002884981779905308,-0.4849133159959793,-1.067450603885795,0,1696.0700000000002
17779,-0.6544067855682256,-0.4242629202453546,-0.21111104391203786,-0.09607570325845731,-0.23788432848592836,-0.4242629202453546,0.6947866381424681,0.1117604893992705,0.1616787752743524,0.05170117043464029,-0.36361814532033926,1.0259788689907052,-0.10833555458694556,0,327.23
16241,-1.0325466594579003,0.7679036701637393,-0.010764676564539222,-0.343614825939077,2.783118143985707,0.7679036701637393,1.740849119228232,-0.38396137264052954,-0.12306380477555387,0.2497288998094469,-0.08202566875754481,0.38628454590768857,-0.004638898133426971,0,1088.49
12476,-0.6935247035568127,0.4272846443325696,0.2764557291790752,0.2858600874329147,0.5705529528797205,0.4272846443325696,-0.06837844239808935,-0.0935646797527585,-0.10263875351374072,0.9808043004510782,-0.5410188408508065,-0.7419051197210028,-0.20869863468969718,1,3624.75
18145,0.14099088019971037,-0.25395340732976973,-0.09201617389369708,0.2491852542600652,0.13087653669840268,-0.25395340732976973,0.6684706008824489,0.7467689479284384,-0.1070769608686033,0.0886479705924167,-0.5410188408508065,-0.4079448488441055,0.6758068105099475,0,1837.77
14004,-1.1107824954350742,0.08666561850139992,0.2374633728861246,0.6673661306400872,0.21597519789478678,0.08666561850139992,0.3132040978721894,0.665446338798,0.09893703967640707,-0.13232478570946993,-0.5410188408508065,-0.4735813781658449,-0.08951322159193023,1,1620.38
14038,-0.64136747957203,-0.25395340732976973,-0.08136937908008639,0.30646053598400663,-0.02513767549496814,-0.25395340732976973,0.6158385263624104,0.4664654866703316,-0.5958945440763824,-0.5370339804935079,-0.40174004305805844,0.455263138891683,-0.1750879405117646,0,473.96
13817,2.0577688616404743,-0.4242629202453546,-0.2441511212399079,-0.4515591647628301,-0.592462083470862,-0.4242629202453546,-0.621015224858493,-0.5284387739680105,-0.7262801990900174,2.416324996146771,-0.5410188408508065,-1.3226823162124386,0.10912295500598625,0,254.28
16746,-0.9673501294769218,1.2788322089104938,0.4301815768997335,-0.005950091601128106,1.5917368872363296,1.2788322089104938,0.3407163186440279,-0.04270527881367039,-0.20071592221354098,-0.4947868125932232,0.0302266419877775,-0.3143338962569421,-0.0299846049476781,1,2276.58
17043,-0.19803107570137712,-0.25395340732976973,-0.21079150409323855,-0.38977610623654146,-0.3371660998817098,-0.25395340732976973,-0.38417088951832,-0.12874680143330264,-0.29600447582632583,0.8218155302692696,0.6771403899463029,-0.6284051728645516,0.7827308297067299,0,1410.21
15796,-1.0977431894388785,0.25697513141698475,0.0012945522353598536,-0.11168559485473967,0.11669342649900534,0.25697513141698475,-0.2104850436021931,-0.3810199165655988,0.23558862911965273,-0.32174850205212874,-0.28300269971759234,-0.43276647103073185,1.712610922416921,0,1135.84
15089,-1.1107824954350742,-0.25395340732976973,0.019049408337367707,0.84667141074968,0.7265671650730913,-0.25395340732976973,1.5895319049831216,1.130888505948807,-0.42753918432779975,0.11437719121430269,0.15010085406272083,-0.4821077801019331,0.4163400133934319,1,743.61
12829,1.8621792716975394,-0.25395340732976973,-0.21622538069271385,-0.4190080787255965,-0.592462083470862,-0.25395340732976973,-0.8052274856786276,-0.09587170412525307,1.5711108571101626,1.4041305838165163,-0.5410188408508065,-0.031234935235569188,-1.067450603885795,0,0.0
16109,0.3235411641464498,-0.25395340732976973,-0.16202598844871366,-0.12743812604152222,-0.46481409167628596,-0.25395340732976973,-0.621015224858493,0.31247160980630995,-0.6119054596496587,0.7027318300086046,-0.16333091612902975,0.45500968367100886,-0.01627098268555962,0,0.0
17152,0.010597820237753656,-0.08364389441418492,0.021134915558999295,0.3429555457414817,-0.592462083470862,-0.08364389441418492,-0.8490875477786596,-0.15008677687887864,-0.6272982963065459,-0.7203172098603609,-0.46412203570356714,-0.763013748781266,-1.067450603885795,1,0.0
13395,-0.1067559337280074,-0.4242629202453546,-0.21372345189871084,-0.12418301743779879,-0.4222647610780939,-0.4242629202453546,0.010569669381968322,0.4162877065685717,0.18479496768712445,0.2855572278780547,-0.16849582824883957,0.9085932238202146,-1.067450603885795,0,0.0
16351,1.8100220477127567,-0.4242629202453546,-0.2398679279240875,-0.40547560475506117,-0.6066451936702594,-0.4242629202453546,-0.6736472993785315,-0.4350042868819749,-0.7262801990900174,-0.8261751829853697,-0.5410188408508065,-0.7149135317414996,-0.07181905220592899,0,0.0
13959,1.1319781359105816,-0.25395340732976973,-0.20867200327386234,-0.37837408256001615,-0.28043365908412043,-0.25395340732976973,-0.19995862869818545,-0.40385945785329636,0.4085659209573217,-0.7299124293692175,-0.5219949084168303,-0.6649816675381899,1.704271294307251,0,256.6
15041,-0.3023455236709425,-0.4242629202453546,-0.235443661177627,-0.35787421320735385,0.21597519789478678,-0.4242629202453546,2.379013022783698,-0.39001731161832814,-0.3674004366807593,1.7433088157832812,0.06124976019371157,-0.15602529710542148,-0.53244784425649,0,0.0
15889,-0.4848958076176819,-0.25395340732976973,-0.1946275483656783,-0.30282081741235856,0.40035563048695233,-0.25395340732976973,1.1421592715627948,-0.39001731161832814,0.5123464891725864,-0.16570856609798187,0.09481418876391097,-0.13769043032616013,-0.1621130838174309,0,0.0
14277,0.24530532816927578,-0.4242629202453546,0.010856951280917591,2.2921133585092295,0.2868907488917735,-0.4242629202453546,2.8000696189440055,2.2123061805557005,-0.2505250827618305,-0.7304630492707516,0.3656119492792784,-0.6456025075545929,-0.07136627522815098,0,2558.97
14258,-0.5500923375986603,0.5975941572481545,1.3293479305222007,1.765211593520176,0.017411655103223903,0.5975941572481545,-0.4405623979326469,1.932991444028663,1.4138372480574957,-0.4765585072723432,0.032882716450535254,-0.08844732621264592,-0.3754166101352845,1,3283.66
16483,-0.01548079175463769,-0.4242629202453546,-0.24234096216000764,-0.43208337452145157,-0.45063098147688857,-0.4242629202453546,-0.09469447965810857,-0.5941889685841096,-0.7262801990900174,-0.8261751829853697,-0.5410188408508065,0.16622333580432247,-0.6405514323949205,0,0.0
15129,-1.1368611074274655,1.108522695994909,0.2093285717128012,-0.17547292249882637,-0.03932078569436549,1.108522695994909,-0.7052265440905545,-0.18549960099667243,-0.6697514969635635,0.19612834933686218,-0.4442868130206654,-0.7623326475925181,1.2862917989577591,1,650.67
13782,-0.9021535994959434,-0.08364389441418492,-0.1836272201355237,-0.3914006126839053,0.11669342649900534,-0.08364389441418492,-0.04206240513807012,-0.5342063348992473,0.16943895139334683,-0.3912005197152,0.09584308150598642,0.24949027233092005,-0.1440296815973823,0,424.07
17227,-0.27626691167855116,-0.08364389441418492,-0.18550366673102597,-0.3981302754151986,-0.4789972018756833,-0.08364389441418492,-0.7087353490585572,-0.4050129700395437,-0.7262801990900174,-0.7584163401918962,-0.5410188408508065,-0.19609678941089675,1.5530133168972438,0,465.5700000000001
14105,0.5843272840703633,-0.4242629202453546,-0.050807435027798144,1.628656391413255,0.32944007948996556,-0.4242629202453546,2.8000696189440055,2.021976669824887,0.3175100467107174,-0.17645403458765954,-0.4599032677176971,-0.09985319568828772,0.20102888860438525,0,0.0
17302,-0.9282322114883348,-0.08364389441418492,-0.15357348036951732,-0.28361628622129037,-0.03932078569436549,-0.08364389441418492,-0.14732655417814702,-0.3484908729134234,0.8798210825141737,0.07027378875689395,-0.15983941616960473,0.5451056662342012,-0.7355839835315235,0,474.02
12372,0.24530532816927578,-0.25395340732976973,-0.11051888914608626,0.1496484220686818,-0.26625054888472305,-0.25395340732976973,-0.06837844239808935,0.27786624421888934,-0.7262801990900174,0.6023204006130921,-0.5410188408508065,-1.239036598219142,-0.22021601191223114,0,383.12
13186,-0.8499963755111608,-0.4242629202453546,-0.0980398394140413,1.1204754195656799,0.003228544903826554,-0.4242629202453546,1.5895319049831216,0.49934058397838116,0.6301861839280114,-0.594952344203048,-0.26729384318462845,1.4025798499184077,0.0509322755099044,0,587.5500000000001
14323,-1.0325466594579003,-0.25395340732976973,-0.16318517013180472,-0.13367403634416072,-0.26625054888472305,-0.25395340732976973,-0.14732655417814702,-0.14085867938889984,-0.7262801990900174,-0.20165578558703995,-0.5410188408508065,-0.47103750181947096,1.3954695252004654,0,0.0
15070,2.3315942875605837,-0.4242629202453546,-0.2479754009861761,-0.4927052004840523,-0.7059269650660409,-0.4242629202453546,-1.0420718210188007,-0.6218732610540462,-0.7262801990900174,6.816860953540393,-0.5410188408508065,-1.3226823162124386,-1.067450603885795,0,0.0
15901,-0.5109744196100733,-0.4242629202453546,-0.2472462383145543,-0.48486002300653924,-0.37971543047990186,-0.4242629202453546,0.16846589294208367,-0.023200436391669826,-0.7262801990900174,2.3627465827295144,-0.5410188408508065,-0.45304173992838476,0.33784156506685714,0,241.24
17752,2.16208330961004,-0.4242629202453546,-0.25231978277793676,-0.5394470970633608,-0.7059269650660409,-0.4242629202453546,-1.0420718210188007,-0.08202955789028483,-0.7262801990900174,-0.8261751829853697,-0.5410188408508065,-1.3226823162124386,-1.067450603885795,0,0.0
17809,-0.8369570695149651,0.7679036701637393,0.21952325167640863,-0.033901757392817075,-0.2520674386853257,0.7679036701637393,-0.8644385695136708,-0.4250552442755915,1.7093745818201305,-0.6091947297114152,0.6072979625631177,-0.9491210007887286,1.0275795287522824,1,2555.2
17572,0.5843272840703633,-0.25395340732976973,-0.24015687350491666,-0.547749452715554,-0.6208283038696568,-0.25395340732976973,-0.8841755974586852,-0.6495575535239826,1.00956195097254,-0.8261751829853697,-0.5410188408508065,-0.3505644586187524,2.42657198729004,0,74.55
16771,1.0667816059296031,-0.08364389441418492,0.014718623984704866,0.31994424428257606,1.4640888954417535,-0.08364389441418492,1.975500451463404,0.46473521839096055,0.29313717890686636,0.11097881049461325,-0.03693765271068299,0.6458165937229225,-0.5266742560148221,1,590.86
15860,-0.9021535994959434,0.25697513141698475,-0.15481934572685713,-0.4476164601843876,0.15924275709719737,0.25697513141698475,-0.26311711812223154,-0.5575072810614439,-0.3858464132144269,-0.2333340691981803,-0.33427756479667786,0.22561361924146403,0.03968459931411274,0,310.88
15561,-0.5761709495910516,-0.08364389441418492,-0.18959649589947655,-0.41280874267693235,-0.4931803120750806,-0.08364389441418492,-0.813999498098634,-0.6368689194752617,-0.7262801990900174,-0.6562052909195046,-0.5410188408508065,1.2112511611922827,-1.067450603885795,0,350.92
15729,0.24530532816927578,-0.4242629202453546,-0.2515787223471044,-0.5314739096969372,-0.6491945242684515,-0.4242629202453546,-0.8315435229386468,-0.6495575535239826,-0.7262801990900174,-0.8261751829853697,-0.5410188408508065,0.6780795218640866,-1.067450603885795,0,0.0
16316,-0.47185650162148624,0.5975941572481545,0.11008086373764878,-0.10882966810867997,0.7407502752724887,0.5975941572481545,-0.23003409985249323,-0.16063317401028307,-0.30446543282120697,0.1184235501264041,-0.17959842736527257,-0.542710008245552,1.8657180488047553,1,726.1
15270,-0.9934287414693131,0.25697513141698475,0.04846406846577549,-0.010184725224929926,-0.4222647610780939,0.25697513141698475,-0.7262793738985699,-0.04257944112062534,2.5289327016266046,-0.12626541588241616,0.6113247024556587,-0.3088875806365848,-0.8352500076686573,1,529.2
14117,-0.6544067855682256,-0.4242629202453546,-0.25072888240348923,-0.5223303462033323,-0.6775607446672461,-0.4242629202453546,-0.9368076719787237,-0.497293944939332,-0.7262801990900174,-0.8261751829853697,4.553771445277079,-1.3226823162124386,0.9355258118466419,0,0.0
17114,-0.719603315549204,0.4272846443325696,-0.1637154702566206,-0.503451935443536,0.21597519789478678,0.4272846443325696,-0.32276680257827517,-0.6564786266414667,1.4431535837296205,-0.4698878553598374,-0.4661128800702776,-0.24973608247790383,-0.7155637780165969,0,199.18
12957,-0.09371662773181173,0.08666561850139992,0.025518389988166267,0.09727866215905956,0.6556516140761046,0.08666561850139992,0.326362116502199,0.3332348291587623,-0.4657508843206906,-0.0022481432399165035,-0.21355198157593266,0.6238250795860659,0.4494161440323039,1,2302.25
17409,-0.11979523972420307,-0.25395340732976973,-0.13483620929269033,0.01883145916567602,-0.5357296426732727,-0.25395340732976973,-0.7525954111585892,-0.5647744078348022,0.3470119037721154,-0.6509057140257198,-0.5410188408508065,-1.0626882599073593,1.3696748749444418,0,0.0
16121,0.2844232461578628,-0.4242629202453546,-0.21742535469309845,-0.16401238001594196,0.13087653669840268,-0.4242629202453546,2.6421733953838906,-0.26543799550361397,-0.12792221546654278,-0.22262284346396058,0.2581045568299498,0.1259469694420573,0.6967293300241657,0,568.72
14944,-0.64136747957203,0.4272846443325696,0.16020782297184516,0.0774051269057092,0.17342586729659473,0.4272846443325696,-0.2525907032182239,0.051201099621284454,0.6528265099114139,-0.369006580113903,0.5931816404755783,1.491238488169758,-0.8841441524693374,1,3392.52
17155,-0.21107038169757278,-0.4242629202453546,-0.24166958860455165,-0.4248599593615036,-0.592462083470862,-0.4242629202453546,-0.621015224858493,-0.2135299471224831,-0.7262801990900174,-0.8261751829853697,-0.5410188408508065,1.4306340443506511,-0.513941419915073,0,108.4
15053,-0.4848958076176819,-0.25395340732976973,-0.18467932198571926,-0.2493035402842888,-0.3229829896823125,-0.25395340732976973,-0.04206240513807012,0.14290531842794904,-0.5104651736600755,1.8260509798942761,-0.5410188408508065,-0.9318105404912621,-0.7661252759862225,0,215.35
17975,-1.0325466594579003,1.2788322089104938,0.4054240396623368,-0.03016557266437328,1.691018658632111,1.2788322089104938,0.10147961628021651,-0.31734604388474486,-0.33138435227510793,-0.49436976906691343,-0.46915179059210815,-0.4751675125753677,-0.9725659688593633,1,532.81
12929,1.5361966217926475,-0.4242629202453546,-0.2459952739175528,-0.47140069754395275,-0.6066451936702594,-0.4242629202453546,-0.6736472993785315,-0.618412724495304,-0.7262801990900174,-0.8261751829853697,-0.5410188408508065,-0.4640609334316133,-0.027296538185114985,0,0.0
14078,-1.202057637408444,0.4272846443325696,-0.08766669306227473,-0.36708178164541405,-0.06768700609316018,0.4272846443325696,-0.5245230882384225,-0.5676581883004206,-0.7262801990900174,-0.38698302099055054,-0.5410188408508065,-1.0169762082484919,3.1654325439273925,0,0.0
15831,-0.9021535994959434,-0.25395340732976973,-0.18935174199571536,-0.2744391963282088,-0.4080816508786965,-0.25395340732976973,-0.48943503855839693,0.4422417307591372,0.5190171136614434,-0.8261751829853697,-0.5410188408508065,1.4372744136482396,-0.7769344395769274,0,343.53
13649,0.8190347920018853,-0.25395340732976973,-0.2071150964971594,-0.369998578399874,-0.3938985406792992,-0.25395340732976973,-0.48943503855839693,-0.5059452863361871,-0.05728589707836338,-0.25283721544448756,1.2978682474198178,0.38565234323196457,-0.26822487308430676,0,0.0
16638,-1.1368611074274655,0.7679036701637393,-0.02302106823135699,-0.3600983850271733,0.38617252028755494,0.7679036701637393,-0.5749621596534594,-0.30955983662757525,-0.3336028397766024,-0.345047365254978,-0.22030266361800463,0.5471406489579074,-0.308784987493949,0,251.01
14790,-0.9673501294769218,-0.25395340732976973,-0.20415085477382974,-0.354052203667027,-0.4080816508786965,-0.25395340732976973,-0.35785485225830077,-0.08202955789028483,-0.5919427271390845,0.24457210567195864,1.991961309369735,-0.6764449628249959,-0.7950977509609638,0,381.02
12528,-1.0325466594579003,0.08666561850139992,-0.04721431174619328,-0.09835702235011175,-0.06768700609316018,0.08666561850139992,-0.2394326845882143,-0.31129010490694625,-0.27272027214667727,0.8802195957963597,-0.5410188408508065,0.16589234493782404,0.1122854993550141,0,646.11
17754,-0.6674460915644214,-0.25395340732976973,-0.16828420979349568,-0.16110472682497565,-0.18115188768833898,-0.25395340732976973,-0.0157463678780509,0.7138938506203888,-0.5998169815733512,1.2129070068135772,-0.5410188408508065,-1.1275964975778365,1.287385926473447,0,1089.59
14517,-0.680485397560617,-0.4242629202453546,-0.22311758263543277,-0.22525596829610786,-0.5215465324738753,-0.4242629202453546,-0.35785485225830077,-0.4938334083805899,1.2888366227939605,-0.8261751829853697,0.4034699109447373,-0.3660891141691167,-0.46643866690131475,0,78.0
14351,-0.3805813596481165,-0.4242629202453546,-0.25735763396368744,-0.5936501414534509,-0.7059269650660409,-0.4242629202453546,-1.0420718210188007,-0.7049261384638555,-0.7262801990900174,-0.8261751829853697,-0.5410188408508065,4.34614289167105,-1.067450603885795,0,0.0
15777,0.6234452020589503,0.08666561850139992,-0.08805082071678877,-0.20819865059878787,-0.46481409167628596,0.08666561850139992,-0.8183855043086372,-0.4194318723676356,0.13566337985067436,-0.6050102672298804,0.6500734627697355,-0.9358134587329436,1.7619584986255306,0,0.0
14481,-0.3805813596481165,-0.25395340732976973,-0.15783967688646539,-0.10491752915677324,-0.3655323202805045,-0.25395340732976973,-0.30522277773826234,0.09964861144367329,0.27385797446329774,2.0931425740210288,0.36954555397395344,-0.1697869600349749,-0.9201798677523831,0,0.0
14453,-0.04155940374702904,-0.4242629202453546,-0.24564174050100887,-0.4675969751306131,-0.4080816508786965,-0.4242629202453546,0.06320174390200677,-0.5768862857903994,-0.01033396417928286,-0.19525666592037383,1.7472399664724536,0.6980154044330974,-0.8194375981855809,0,0.0
12477,0.5973665900665589,-0.25395340732976973,0.5119123839570904,3.4980670912442786,0.6556516140761046,-0.25395340732976973,1.773744165803256,1.6188241607314373,0.8428260779252346,-0.6383125652799563,-0.5079587002997438,-0.36750935236960236,1.4368596095553707,1,4385.71
16403,1.549235927788843,-0.4242629202453546,-0.23585668339022398,-0.3623179850652459,-0.5782789732714647,-0.4242629202453546,-0.5683831503384545,-0.35195140947216547,-0.7262801990900174,-0.3783578544227339,-0.5410188408508065,0.3540124635840859,-0.40731471475707665,0,0.0
13510,-0.13283454572039874,-0.4242629202453546,-0.16654033822919737,0.3834676277271472,-0.18115188768833898,-0.4242629202453546,0.9053149362226219,0.7104333140616468,0.22807666623723863,1.0439738559560976,-0.37781355508422115,-0.8713612359702282,-0.04084477336619701,0,1206.24
14132,-1.0455859654540958,0.25697513141698475,-0.002157497615604902,-0.11911382583694423,-0.03932078569436549,0.25697513141698475,-0.17890579889017016,0.23633980551398465,-0.3678192917652719,1.9890946367271456,-0.5410188408508065,-0.9918553938864245,-1.067450603885795,0,2033.57
12560,-1.0586252714502915,-0.25395340732976973,-0.021899279505784998,0.6263846790617497,0.3719894100881576,-0.25395340732976973,0.9316309734826411,0.6723674119154841,0.2763896728404532,0.6702807508407369,-0.5410188408508065,-0.8723526824846881,0.9241046166695226,0,697.7
17035,0.675602426043733,-0.25395340732976973,-0.19233977923746629,-0.2905135809499663,-0.3371660998817098,-0.25395340732976973,-0.35785485225830077,-0.35022114119279446,0.8004728089696777,-0.5476247459749971,0.005443337787226981,-0.1923954826151126,1.1383044774211044,0,0.0
15199,0.5452093660817763,-0.25395340732976973,-0.15433153759922202,-0.08604521410597267,-0.6775607446672461,-0.25395340732976973,-0.9368076719787237,-0.3536816777515365,-0.7262801990900174,-0.8261751829853697,-0.5410188408508065,-1.3226823162124386,-1.067450603885795,0,611.55
13917,-0.028520097750833362,-0.4242629202453546,-0.2549134942858502,-0.567353252845843,-0.6491945242684515,-0.4242629202453546,-0.8315435229386468,-0.614952187936562,-0.7262801990900174,-0.5596392026966159,-0.5410188408508065,1.096409505444786,0.3387381003374969,0,206.66
16567,0.010597820237753656,-0.25395340732976973,-0.11890171034990615,0.10455236691822233,-0.23788432848592836,-0.25395340732976973,-0.17364259143816624,0.9768946290847853,-0.11747121457785746,-0.2879133034999145,-0.4032899906943925,0.4843212089252835,-0.12084987358562749,0,0.0
12853,-0.7717605395339867,0.4272846443325696,0.06661834934128245,-0.09041888531041367,0.21597519789478678,0.4272846443325696,-0.41048692677833926,-0.28504770266981894,1.0972049605653462,0.5035748576293264,-0.4824460640699183,-0.11569265593700563,-0.15679278634007843,1,0.0
13001,-0.45881719562529055,1.2788322089104938,1.1927361595860644,0.7399086696992141,1.4640888954417535,1.2788322089104938,0.33593158459675154,0.7837337702604559,-0.4990936208416858,-0.15323727663248765,0.7989816986771544,1.1277031247418117,-0.5357565951091019,1,1203.4
12593,-1.1107824954350742,-0.08364389441418492,-0.19496238530346266,-0.4320528959764729,-0.5215465324738753,-0.08364389441418492,-0.7262793738985699,-0.5088290668018055,-0.7262801990900174,-0.16808070579109227,0.1828045100126145,0.47382411776164024,-1.067450603885795,0,0.0
14651,0.2322660221730801,-0.4242629202453546,-0.19540940111380423,0.07286077584938763,0.11669342649900534,-0.4242629202453546,2.0105885011434292,-0.10625331380147926,-0.45737791473093103,-0.06696729467955229,-0.34052344725273476,0.6924542639312838,-0.12027084024714053,0,238.28
17157,-0.22410968769376846,-0.4242629202453546,-0.2385829699293414,-0.3916505367527305,-0.6066451936702594,-0.4242629202453546,-0.6736472993785315,-0.3934778481770702,1.2320440558104881,0.11109792182826825,-0.5410188408508065,-1.3226823162124386,-0.8084257831221803,0,157.54000000000002
16191,0.8972706279790594,0.7679036701637393,0.17855586735449636,-0.08899858511440707,-0.3655323202805045,0.7679036701637393,-0.7854904577336131,-0.04915446058223527,0.7243148317833412,-0.8261751829853697,-0.2437084705935274,0.7032603848555382,0.5994961328523812,1,2564.84
13075,-0.8369570695149651,-0.4242629202453546,-0.10972173927897524,0.9947879957825864,-0.4080816508786965,-0.4242629202453546,0.06320174390200677,0.9319076538211385,-0.7262801990900174,0.949090982847867,-0.21193309472364835,0.2389399909755262,0.008081147713989014,0,0.0
13187,1.8621792716975394,-0.4242629202453546,-0.2259101566901522,-0.25530171793609363,-0.1953349978877363,-0.4242629202453546,0.8526828617025835,-0.4177016040882646,-0.19785126585618815,-0.5120600634010133,-0.2981733586080366,0.9787617623376667,-0.40041413970238066,0,0.0
14466,-1.0195073534617045,0.25697513141698475,0.0025999063887527448,-0.10887669214950411,-0.3229829896823125,0.25697513141698475,-0.58943598014647,-0.33326451205495833,-0.7262801990900174,-0.3401584588113441,-0.3495350590190527,-0.5764397368836656,2.286896467100208,0,691.95
18041,-1.1759790254160525,2.130379773488418,0.24355672528184527,-0.34424687476557236,2.49945593999776,2.130379773488418,0.036885706641987544,-0.15902649632229565,-0.14548124319587022,1.376636286644012,-0.48315651783975866,-0.3630258839904102,0.17114910909186976,1,1099.26
15749,0.5452093660817763,-0.08364389441418492,7.30337939879953,26.459898823795143,-0.6491945242684515,-0.08364389441418492,-0.9192636471387109,20.04906511649852,1.6122835640501556,-0.8261751829853697,1.0983831144462146,-0.42146050579181726,-1.067450603885795,1,0.0
14467,1.549235927788843,-0.4242629202453546,-0.2436412172737388,-0.44607302666666715,-0.507363422274478,-0.4242629202453546,-0.30522277773826234,-0.618412724495304,3.6272485936903465,-0.1384760317489972,-0.5410188408508065,-0.6318345972562506,-1.067450603885795,0,464.56
16861,-0.45881719562529055,-0.4242629202453546,-0.2539922677869714,-0.5574416300187752,-0.6917438548666435,-0.4242629202453546,-0.9894397464987621,-0.6633996997589509,-0.7262801990900174,6.816860953540393,-0.5410188408508065,-1.3226823162124386,-1.067450603885795,0,102.96
17140,0.7016810380361244,-0.4242629202453546,-0.1888401383496591,0.14354052165495376,-0.4931803120750806,-0.4242629202453546,-0.14732655417814702,0.27786624421888934,-0.7262801990900174,4.9651767384858605,-0.5410188408508065,-1.0078585433268101,-0.7273874451326663,0,0.0
17873,-0.11979523972420307,0.08666561850139992,0.0019999193885604487,0.034018918128553836,-0.3938985406792992,0.08666561850139992,-0.621015224858493,0.04514516064348585,-0.2009393386823006,-0.36088114834412427,-0.5410188408508065,3.105085306937762,-1.067450603885795,0,272.04
14727,1.0537422999334074,-0.4242629202453546,-0.2203759989773303,-0.19575883246573833,-0.5782789732714647,-0.4242629202453546,-0.5683831503384545,-0.5318993105267525,-0.7262801990900174,-0.37655134294848336,-0.1142082762597079,2.6886373306646822,-0.33182772188472465,0,0.0
14514,0.10187296221112337,-0.25395340732976973,-0.19751020545442086,-0.3183283010975125,-0.20951810808713367,-0.25395340732976973,-0.06837844239808935,-0.4471161648375721,-0.7262801990900174,-0.26874603854872176,-0.5410188408508065,1.8099303783575942,-0.43467283468253615,0,587.09
15059,-1.12382180143127,0.5975941572481545,-0.09459628796251268,-0.4234231136696514,1.081144920058025,0.5975941572481545,0.28124890977073747,-0.5462358191272554,0.16815580418084602,-0.4961590975742089,0.0874952195809423,1.1644402722671594,-0.29479738747788364,0,329.12
17664,0.24530532816927578,-0.4242629202453546,-0.21058414314699644,-0.0904066938924222,-0.3938985406792992,-0.4242629202453546,0.11583381842204521,0.6689068753567421,-0.509146652200301,3.0174854069643096,-0.24816094249433396,-0.44678547548363706,-0.5507257950814648,0,278.45
12798,-0.3023455236709425,-0.4242629202453546,0.007119355208898132,2.2518999662643546,-0.6350114140690541,-0.4242629202453546,-0.7789114484186084,7.060517899353326,-0.4240665463337591,1.1462212393438589,1.9105065925279343,-1.3226823162124386,-1.067450603885795,0,5370.0
13178,-0.7847998455301823,0.7679036701637393,0.48042751372603615,0.31698706345601935,0.428721850885747,0.7679036701637393,0.25399301403714614,0.3777892373525663,-0.6501234568710399,-0.3682957579023329,-0.5193020062192802,-0.2350580496562919,0.132904069230767,1,1333.74
14959,-1.0977431894388785,-0.08364389441418492,-0.17469880168790283,-0.3593798533293008,-0.2520674386853257,-0.08364389441418492,-0.19995862869818545,-0.28504770266981894,-0.7262801990900174,-0.8261751829853697,0.36923923156093447,2.462090919617463,-0.8997033793120597,0,158.1
14501,-0.13283454572039874,-0.25395340732976973,-0.22332834294144935,-0.4572190305653715,-0.592462083470862,-0.25395340732976973,-0.8315435229386468,-0.46787938419002445,-0.7262801990900174,-0.8261751829853697,-0.5410188408508065,1.1600379153521545,0.36774606357106804,0,0.0
13552,-0.9151929054921392,0.9382131830793241,0.20358025433418825,-0.12551797770786516,0.14505964689780004,0.9382131830793241,-0.6502552662585144,-0.35272041759633044,0.4114698533201981,-0.18467036376928123,-0.5410188408508065,-0.09248870942004118,-0.3770210644454012,1,977.16
15940,1.5361966217926475,-0.4242629202453546,-0.2599411473922775,-0.6214465744740097,-0.7059269650660409,-0.4242629202453546,-1.0420718210188007,-0.732610430933792,-0.7262801990900174,6.816860953540393,-0.5410188408508065,-1.3226823162124386,-1.067450603885795,0,0.0
15903,0.4408949181122109,-0.25395340732976973,-0.15696774110431622,-0.10022688108455381,-0.45063098147688857,-0.25395340732976973,-0.41048692677833926,0.42320877968605586,-0.06397618132344961,3.266215402178882,-0.5410188408508065,-1.3226823162124386,-1.067450603885795,0,4485.12
17930,-0.41969927763670356,-0.25395340732976973,-0.1480444216963571,-0.05222317274312799,-0.45063098147688857,-0.25395340732976973,-0.5683831503384545,0.15501719638354625,2.8668204401757023,1.0143900064312414,-0.5410188408508065,-0.7964209043992428,-1.067450603885795,0,1046.34
15753,1.4449214798192778,-0.4242629202453546,-0.2525645366816979,-0.542080443349519,-0.7059269650660409,-0.4242629202453546,-1.0420718210188007,-0.2481353127099037,-0.7262801990900174,-0.8261751829853697,7.101166588341023,-1.3226823162124386,-1.067450603885795,0,0.0
16706,-1.0325466594579003,-0.4242629202453546,-0.21647523363613672,-0.1537898760300917,0.2727076386923762,-0.4242629202453546,2.589541320863852,-0.17546404497632045,-0.6865118347574891,-0.16026389472085403,-0.22907150573132432,0.26170309159583705,-0.7768256171417822,0,239.82
17621,1.549235927788843,-0.25395340732976973,-0.1127522685179069,0.13763377963808493,-0.507363422274478,-0.25395340732976973,-0.6999633366385507,-0.21006941056374104,-0.4785017340926348,2.5614820546661057,-0.5410188408508065,0.4726740671310863,-0.021961683211952288,0,478.12
14211,0.1801087981882974,0.25697513141698475,-0.11137382812936311,-0.35412900960037325,-0.09605322649195489,0.25697513141698475,-0.58943598014647,-0.40247524322979955,1.2552687152416062,-0.7838394037943806,0.4290681114969015,-0.026482682740085264,0.049949113251205275,0,1331.21
12540,-1.12382180143127,1.108522695994909,1.2274606196821796,0.9199515860128271,2.0739626340158397,1.108522695994909,0.4737319251583067,0.7035122409441626,-0.5668289263546008,1.3174206884516821,-0.3652468452210015,-0.3534195065803316,-0.09947690204084036,1,4613.37
14149,0.34961977613884115,-0.4242629202453546,-0.19011489826508182,0.12982517641454636,-0.3229829896823125,-0.4242629202453546,0.3789941910222374,0.00794439263700871,-0.4194956511110451,-0.7460860487796905,-0.5410188408508065,0.1359657355764878,0.5244541664522678,0,0.0
15227,0.2844232461578628,-0.08364389441418492,-0.11699466951643377,-0.1524305329240424,-0.20951810808713367,-0.08364389441418492,-0.34031082741828794,-0.0670338994690693,-0.4714483474382078,-0.4449037696831677,0.33857942733883245,0.31430879101150644,-0.28715740335902135,0,342.58
12815,-0.602249561583443,-0.25395340732976973,-0.08527184410116719,0.28546691420268966,-0.18115188768833898,-0.25395340732976973,0.14214985568206442,-0.09068089928713999,-0.4051714437706505,0.611215247595143,-0.312499200574445,-1.0009837085583957,1.5204696606364625,0,0.0
15945,2.240319145587214,-0.4242629202453546,-0.23526179542969336,-0.3559174906197224,-0.6917438548666435,-0.4242629202453546,-0.9894397464987621,-0.5665046761141732,5.772231663948638,-0.25189180477127954,-0.5410188408508065,-1.3226823162124386,-1.067450603885795,0,0.0
14649,0.24530532816927578,-0.25395340732976973,-0.16708423579311107,-0.1546493709984905,-0.03932078569436549,-0.25395340732976973,0.16846589294208367,-0.14258894766827088,-0.630319888430128,-0.3661119894447554,1.063246704822322,0.2240425992141653,-0.8357106506122784,0,820.47
16950,-0.9021535994959434,-0.25395340732976973,-0.13372121928666728,0.02482963681748081,-0.35134921008110714,-0.25395340732976973,-0.38417088951832,-0.16335216702072322,0.42733105605484073,-0.5946483628015626,0.7195721190652151,0.8007694047503798,-0.33826745273118786,0,400.15
14048,1.4579607858154733,-0.4242629202453546,-0.19635102377132982,0.06272970749847333,0.4570880712845417,-0.4242629202453546,3.3790224386644288,0.25018195174895286,-0.6002964077466542,0.5863499254555633,0.13384543484685898,0.818701782147667,-1.0491275693213655,0,0.0
14820,-0.2632276056823555,-0.4242629202453546,-0.24226957560474394,-0.4313153151879887,-0.6066451936702594,-0.4242629202453546,-0.6736472993785315,-0.4453858965582011,-0.7262801990900174,-0.8261751829853697,1.1714605727736336,1.3359103172336708,0.028833976521527048,0,367.52
14890,0.7799168740132983,-0.4242629202453546,-0.24466952360551314,-0.45713673849392905,-0.6208283038696568,-0.4242629202453546,-0.7262793738985699,-0.5699652126729152,-0.7262801990900174,0.3782188918511605,-0.5410188408508065,2.3023881609339076,0.15202966514350377,0,0.0
15502,-0.9151929054921392,0.25697513141698475,0.7462234544911123,1.4912761786345397,1.3789902342453693,0.25697513141698475,0.7158394679504834,1.8565630223170169,0.5381944092891436,-0.5843918306856669,0.12109096931796084,-0.35749722591923927,-0.26406116363767973,1,4429.4
15825,-0.27626691167855116,-0.4242629202453546,-0.17544326147850972,0.2876796565681421,-0.43644787127749124,-0.4242629202453546,-0.04206240513807012,0.014865465754492829,0.2546354321963864,0.2155746292959958,-0.3259237430201363,-0.8299814800410814,1.7513138195001914,0,0.0
12599,-0.8760749875035521,0.4272846443325696,-0.12035663633337532,-0.4257011672029153,-0.3655323202805045,0.4272846443325696,-0.6736472993785315,-0.3144622634191266,-0.7262801990900174,2.99427273179998,-0.5410188408508065,-0.5157226931355862,0.41192500420558087,0,175.54000000000002
12845,0.9624671579600378,0.08666561850139992,-0.2058420362616239,-0.5250322692156926,-0.35134921008110714,0.08666561850139992,-0.7394373925285795,-0.5699652126729152,3.585762987095667,-0.7668164059076612,-0.5410188408508065,-1.3026703658330032,0.8118140599980489,0,0.0
16163,0.5060914480931892,-0.25395340732976973,-0.12043142224841344,0.09632315977397787,-0.6491945242684515,-0.25395340732976973,-0.9368076719787237,-0.41424106752952256,-0.7262801990900174,-0.8261751829853697,-0.5410188408508065,2.664554652909441,-1.067450603885795,0,0.0
17400,-0.8760749875035521,0.25697513141698475,0.0905396440741619,0.08035484048874617,1.7619342096290977,0.25697513141698475,1.073737574686745,0.006560178013511866,0.4329073994237468,0.06100197523708198,-0.32780090565527376,-0.171077218186037,-0.1351075891836611,1,0.0
16545,-0.3805813596481165,-0.4242629202453546,-0.20835586281483753,-0.06643227041219003,-0.6775607446672461,-0.4242629202453546,-0.9368076719787237,-0.47653072558687964,-0.7262801990900174,-0.8261751829853697,4.810538064471854,-0.9016555103218878,0.28734776749821384,0,0.0
16497,0.12795157420351472,0.25697513141698475,-0.0024566412757574354,-0.11975753270689408,0.4429049610851444,0.25697513141698475,-0.17890579889017016,-0.20037990819926324,0.0059550083232892065,-0.5777654188266685,-0.14281894230260314,0.37580840932236903,0.2614732919846617,0,1414.99
16764,-0.8760749875035521,-0.08364389441418492,-0.17729251319581632,-0.3686819052567949,0.7265671650730913,-0.08364389441418492,1.4491797062630194,-0.45576750623442724,-0.16893810022244965,-0.4784716465288574,0.14991927403609218,0.5310928044439401,0.23675154337683205,0,2268.89
14633,0.949427851963842,-0.4242629202453546,-0.20740404207798852,-0.05619147929935246,-0.43644787127749124,-0.4242629202453546,-0.04206240513807012,-0.41424106752952256,0.9361139499652851,-0.8261751829853697,-0.062412852823716176,-0.4967662051769348,-0.5473968548894494,0,0.0
17058,0.07579435021873202,-0.25395340732976973,-0.12671003975184222,0.06254683622860119,-0.12441944689074957,-0.25395340732976973,0.19478193020210288,0.040819489945058275,-0.3516655704126667,0.2792611369340223,-0.13357733674461314,0.7902459580238115,-0.9428235668187743,0,360.23
13329,2.2533584515834097,-0.4242629202453546,-0.2143217392190159,-0.13062008613729675,-0.6208283038696568,-0.4242629202453546,-0.7262793738985699,-0.14085867938889984,-0.7262801990900174,0.507964260964393,-0.5410188408508065,-0.8307132646406962,2.1207189572504506,0,484.8
16187,-1.0455859654540958,1.108522695994909,0.5160511044824961,0.15453474239966433,1.123694250656217,1.108522695994909,-0.0157463678780509,0.4235548333419301,-0.6355731486916473,0.10906406712317852,0.19092571389540502,0.12267518063297782,-0.18228888224009165,1,2310.12
17449,0.5321700600855805,-0.08364389441418492,-0.04121104238449579,0.11935884406886663,0.9534969282634489,-0.08364389441418492,1.870236302423327,-0.047424192302864245,0.0748079530308258,-0.5323433799609769,0.19766778044532066,1.2798454259154743,-0.4133096318485521,0,1196.52
17551,2.16208330961004,-0.4242629202453546,-0.21667749554271715,-0.15596604414156967,-0.16696877748894162,-0.4242629202453546,0.9579470107426603,-0.2550563858273878,0.2841042297170388,-0.04591896239356901,0.4684108319793463,0.8582358339583466,-0.6286915626218184,0,0.0
14621,-0.4848958076176819,-0.08364389441418492,-0.09556340581834674,-0.07556973819679924,-0.08187011629255754,-0.08364389441418492,-0.27013472805823674,-0.2735125808073455,-0.23830674557822987,0.5486278591911435,0.12801814221152438,-0.011330900602893452,-0.1519503207380058,0,785.45
15405,-0.054598709743224706,-0.4242629202453546,-0.20669017652535182,-0.04851088596472433,-0.6066451936702594,-0.4242629202453546,-0.6736472993785315,-0.07856902133154278,-0.7262801990900174,-0.4859495125138428,1.9142877123951272,-0.3288922769043054,-1.067450603885795,0,0.0
15197,0.7668775680171027,-0.25395340732976973,-0.1345982541084781,0.020111558054780692,-0.507363422274478,-0.25395340732976973,-0.6999633366385507,-0.3969383847358123,-0.371889989407848,-0.49762100105440793,0.8139680616285976,-1.3226823162124386,-0.829657865490402,0,306.36
16709,0.07579435021873202,0.08666561850139992,0.07129076935127858,0.22039674460045003,-0.12441944689074957,0.08666561850139992,-0.43680296403835844,-0.29571769039260704,0.34472509497140613,-0.8261751829853697,0.15766356925534383,-0.6612779571834093,-0.14730407577507093,1,1045.28
13821,-0.64136747957203,-0.25395340732976973,-0.20047954621741226,-0.33430210652084036,0.003228544903826554,-0.25395340732976973,0.4579423028022951,-0.4817215304249927,0.1619582799212933,-0.8261751829853697,-0.31312460675759535,-0.900651479892724,0.26400620602243563,0,0.0
15069,-0.18499176970518144,-0.4242629202453546,-0.07744141886069715,1.3420971115236762,0.2727076386923762,-0.4242629202453546,2.589541320863852,1.0530264333771107,-0.2988140185501915,0.5976849825080145,-0.4549217385958899,-0.21832590522398787,-0.5179693267498556,0,0.0
12787,-0.01548079175463769,-0.4242629202453546,-0.2391540623714508,-0.39779501142043305,-0.6066451936702594,-0.4242629202453546,-0.6736472993785315,-0.5215177008505264,-0.7262801990900174,4.322359595888721,-0.5410188408508065,-1.3226823162124386,0.10316938861058178,0,305.56
13453,-0.3675420536519209,-0.25395340732976973,-0.20535082877421432,-0.3605075594935121,-0.4931803120750806,-0.25395340732976973,-0.6473312621185122,-0.5145966277330423,1.2951725565547683,-0.8261751829853697,-0.5410188408508065,1.2860761720813016,-1.067450603885795,0,0.0
14162,-0.2632276056823555,-0.25395340732976973,-0.21684406417166568,-0.42233633583726865,-0.3655323202805045,-0.25395340732976973,-0.43680296403835844,-0.500754481498074,-0.09978427841735454,0.4931835916187973,-0.5410188408508065,0.4502948793690366,-0.09662726165993686,0,0.0
12821,0.2713839401616671,-0.4242629202453546,-0.25026656947416254,-0.5173562476628112,-0.6350114140690541,-0.4242629202453546,-0.7789114484186084,-0.5042150180568161,-0.7262801990900174,-0.8261751829853697,-0.5410188408508065,3.3067767513127744,-1.067450603885795,0,0.0
14667,-1.0455859654540958,2.3006892864040025,0.6566724202726089,-0.10294628443888727,3.038414127574859,2.3006892864040025,0.09416178773732357,-0.11480287471131258,-0.07553083772586108,0.16165301853592065,-0.30036431484985227,0.5488154798957847,-0.05620700584373847,1,3746.38
16716,0.949427851963842,-0.25395340732976973,-0.11285084995136624,0.13710345295545592,-0.7059269650660409,-0.25395340732976973,-1.0420718210188007,-0.5388203836442367,-0.7262801990900174,-0.8261751829853697,-0.5410188408508065,-1.3226823162124386,-1.067450603885795,0,0.0
12841,-1.1368611074274655,2.3006892864040025,0.21496810957863136,-0.38249729183895587,1.6484693280339189,2.3006892864040025,-0.18757461116405882,-0.37902501901997104,-0.44059431434363266,0.6672351486831006,0.4352676404724259,0.6727875859516363,-0.6570255606191302,1,1161.67
15258,-0.32842413566333384,-0.25395340732976973,-0.16010874953591786,-0.11712418642073587,-0.26625054888472305,-0.25395340732976973,-0.19995862869818545,-0.500754481498074,0.7316475213303939,-0.3895423977290678,-0.5410188408508065,-0.8974021659002347,1.737121370482486,0,0.0
16549,-0.9021535994959434,-0.25395340732976973,-0.13338978170865734,0.026612631698733815,1.1378773608556143,-0.25395340732976973,2.6421733953838906,0.141175050148578,-0.4186088782043478,-0.205416007306193,0.2064925818389934,1.4954580948110894,-0.3296942975989858,0,3254.54
16098,-0.8499963755111608,0.4272846443325696,0.025042479619741785,-0.16497245418277043,-0.28043365908412043,0.4272846443325696,-0.621015224858493,-0.4574977745137983,1.3273066522228647,-0.5650830808494408,-0.42610647651484607,-1.2766031876372426,0.0911829866312601,1,293.14
15186,-0.32842413566333384,-0.4242629202453546,-0.22705914029391988,-0.26766381577944753,-0.5782789732714647,-0.4242629202453546,-0.5683831503384545,-0.18584565465254663,0.7111328791039254,0.27397395993249707,0.6390097912411015,0.9116151878630738,-1.067450603885795,0,182.15
12447,0.6495238140513416,-0.4242629202453546,-0.18503795444192486,0.18444882472534227,-0.35134921008110714,-0.4242629202453546,0.27373004198216055,-0.08895063100776895,-0.7262801990900174,-0.10436228839438359,-0.5410188408508065,-0.9586325956280936,1.5062914894645358,0,0.0
16727,2.2272798395910183,-0.4242629202453546,-0.22245980651907465,-0.21817885015205762,-0.13860255709014693,-0.4242629202453546,1.2211073833428525,-0.16854297185883632,-0.24518429031765523,1.5458735243360424,1.5907549504538745,-0.4789491635877702,-0.44925668905826294,0,0.0
13911,-0.64136747957203,0.7679036701637393,0.1482930669623607,-0.129698872115316,0.9818631486622436,0.7679036701637393,-0.14732655417814702,0.20043673871703577,-0.17448330642345816,-0.48830045463364474,0.9609392887329372,0.34799125990186025,-0.1599349832396386,1,143.28
15578,-0.4066599716405079,-0.4242629202453546,-0.24442307002186478,-0.45448510508078366,-0.5357296426732727,-0.4242629202453546,-0.41048692677833926,-0.5665046761141732,-0.1706861972240913,-0.6277328600071244,-0.5410188408508065,0.21383246279296023,0.6392555001568718,0,0.0
17569,1.8100220477127567,-0.4242629202453546,-0.20753321774941808,-0.0575813009503805,-0.3087998794829151,-0.4242629202453546,0.4316262655422759,-0.1962272643287728,-0.6497146942091949,-0.8261751829853697,-0.24256189841941822,1.657511374176011,-1.067450603885795,0,0.0
16053,-0.9282322114883348,-0.4242629202453546,-0.0749496881460175,1.3689060396869261,0.15924275709719737,-0.4242629202453546,2.1684847247035446,2.7244655912495253,-0.7262801990900174,-0.469243172233093,-0.32144511277735344,-0.14145645141493382,1.284401724249855,0,387.76
14995,1.1319781359105816,-0.4242629202453546,-0.2457471206540172,-0.46873077700382015,-0.1953349978877363,-0.4242629202453546,0.8526828617025835,-0.5699652126729152,2.1300073726916953,-0.6083701132997812,-0.19192898594262278,1.0287564528610158,-0.8760673909166409,0,112.67
12720,-0.9021535994959434,1.960070260572833,0.2973328972339251,-0.28282993976084025,1.5350044464387402,1.960070260572833,-0.3368020224502854,-0.11271298204446446,-0.37509462241548375,0.7424862116727624,-0.4953663226737069,-0.563697684291348,0.7811494790172534,1,2467.23
13207,-0.5631316435948559,-0.4242629202453546,-0.2324539242559889,-0.32570715683685164,-0.6491945242684515,-0.4242629202453546,-0.8315435229386468,-0.497293944939332,-0.7262801990900174,3.2832336753532085,0.22969973827789475,-1.3226823162124386,-1.067450603885795,0,52.74
14963,-0.13283454572039874,-0.4242629202453546,-0.21602141910624623,-0.1489072131245066,-0.1953349978877363,-0.4242629202453546,0.9053149362226219,-0.16854297185883632,-0.34701336450763115,0.17401819314053665,-0.5410188408508065,-0.2330423926712722,-0.4587963157604388,0,1178.14
15260,-0.6674460915644214,0.4272846443325696,0.008577680552141727,-0.19449702070362074,0.102510316299608,0.4272846443325696,-0.5069790633984097,-0.27812662955233486,-0.6375588812663379,-0.22773986325021667,1.4745140266419448,0.437452788133059,-0.3550241686469117,0,0.0
15462,-0.6544067855682256,-0.25395340732976973,-0.2371654369033913,-0.5316567809668094,-0.6208283038696568,-0.25395340732976973,-0.9104916347187044,-0.5318993105267525,-0.7262801990900174,-0.8261751829853697,0.3501193894083106,-0.8219027042085973,3.1791425036741416,0,64.8
15021,-0.4848958076176819,0.25697513141698475,-0.08242148093028195,-0.2918284253803467,2.173244405411621,0.25697513141698475,1.652690394407168,-0.3969383847358123,0.756704265872686,-0.3313939632199065,-0.18827973390181968,0.9083650985784725,-0.6172662505761498,0,791.54
14111,-1.1368611074274655,-0.25395340732976973,-0.22400991457622868,-0.4608855995263071,-0.6775607446672461,-0.25395340732976973,-1.0157557837587814,-0.42808321376449077,-0.7262801990900174,-0.8261751829853697,1.9074483354922067,2.185935227501857,-0.7028311107306184,0,445.65
13811,-0.13283454572039874,-0.08364389441418492,-0.12758707457365306,-0.19041899138547302,-0.6208283038696568,-0.08364389441418492,-0.8666315726186725,-0.6680137485039402,3.7574600648345022,-0.15054767920408701,-0.5410188408508065,-1.3226823162124386,-1.067450603885795,0,0.0
17601,0.5843272840703633,-0.4242629202453546,-0.24630801501680316,-0.4747655289095994,-0.592462083470862,-0.4242629202453546,-0.621015224858493,-0.39001731161832814,-0.7262801990900174,1.1503017077634696,-0.5410188408508065,0.8029438931051356,-0.958677641045399,0,0.0
12988,1.2884498078649296,-0.4242629202453546,-0.18005279333267837,0.23808496817882882,0.3436231896893629,-0.4242629202453546,3.2737582896243516,-0.3104249707672608,-0.2470323911403242,-0.6531635113171486,-0.5221332060667144,0.3989675363735829,-0.5429671388908144,0,0.0
15058,-0.9021535994959434,0.5975941572481545,-0.056156327632911944,-0.3643400188206888,1.1378773608556143,0.5975941572481545,0.16846589294208367,-0.4463746212892703,0.08974512483690292,-0.39839146194217545,-0.4197103805733767,0.33766514923109975,-0.5457644338612141,0,867.78
18074,2.3446335935567792,-0.4242629202453546,-0.18280967410976592,0.20842324820557445,-0.5357296426732727,-0.4242629202453546,-0.41048692677833926,-0.08895063100776895,-0.7262801990900174,-0.5795249155076189,-0.05401682820622945,2.08081272026091,-1.067450603885795,0,0.0
16723,-1.12382180143127,-0.4242629202453546,-0.19610117082790696,0.06541791516559312,-0.20951810808713367,-0.4242629202453546,1.0632111597827372,0.6273804366518374,0.7053155707111199,0.7306707777362121,-0.5410188408508065,-0.5008817926388578,0.03238501185061101,0,165.0
14001,0.5060914480931892,-0.25395340732976973,-0.04351410863169286,0.5101059821135758,-0.4222647610780939,-0.25395340732976973,-0.4631190012983777,0.34707697539373056,-0.619472140525615,0.05329298971292115,0.4898945425881509,-0.7346424860716002,0.5964179297385884,0,733.94
14657,-0.5109744196100733,-0.08364389441418492,-0.15742665467386843,-0.2974352585146252,0.4570880712845417,-0.08364389441418492,0.5368904145823528,-0.35541194603090753,-0.5107376417903853,-0.33573088211587354,-0.18494806702691022,0.6379926809550139,0.214856815989863,0,209.28
16425,1.4188428678268863,-0.4242629202453546,-0.21457669120210046,-0.13336315518537822,-0.4222647610780939,-0.4242629202453546,0.010569669381968322,-0.057805801979090424,1.8572871103869875,-0.03081463359468138,-0.5410188408508065,-0.7777110127786445,0.45711420016030174,0,0.0
13659,0.15403018619590605,-0.25395340732976973,-0.00036603501446415867,0.7422244849622307,0.5847360630791179,-0.25395340732976973,1.6158479422431409,0.779644045236488,-0.17513182640986563,-0.35439007329118827,0.17523435398112622,0.8156580331566893,-0.4602142797688306,0,0.0
12507,-0.7717605395339867,-0.08364389441418492,-0.04425007002286361,0.10845971638448948,-0.45063098147688857,-0.08364389441418492,-0.7262793738985699,0.28478731733637347,-0.7262801990900174,0.7413146968701605,-0.42294306104186385,-0.0010671935216581296,2.097943222082026,0,0.0
17324,1.7969827417165611,-0.25395340732976973,-0.14666938066758778,-0.044826029876801565,-0.4789972018756833,-0.25395340732976973,-0.6473312621185122,0.30209000013008375,-0.7262801990900174,-0.4463253315624044,-0.5410188408508065,-1.2815120321741524,4.59107257596502,0,284.25
13869,-0.9151929054921392,0.08666561850139992,0.25809578703721336,0.7228629892645223,2.5987377113935417,0.08666561850139992,2.9053337679840827,0.7320616675537847,0.08796197178384095,0.045239745712675035,-0.001767263162726088,0.27484305328499187,-0.6265703995246028,1,0.0
13950,0.6886417320399286,-0.4242629202453546,-0.2355490413306353,-0.3590080150805609,-0.6208283038696568,-0.4242629202453546,-0.7262793738985699,-0.46614911591065344,-0.7262801990900174,-0.8261751829853697,-0.5410188408508065,1.8925289025804386,-1.067450603885795,0,565.75
15206,-0.6283281735758344,-0.25395340732976973,-0.25700070118736906,-0.638362166937179,-0.6775607446672461,-0.25395340732976973,-1.0157557837587814,-0.7153077481400817,-0.7262801990900174,-0.8261751829853697,-0.5410188408508065,-1.3226823162124386,4.941478643311516,0,367.2
13246,-0.22410968769376846,0.25697513141698475,0.04646184555861818,-0.014493172343116563,0.5421867324809257,0.25697513141698475,0.08425457371002207,0.31454793174155526,-0.5651901848771635,-0.2176040791969729,-0.1415573096405691,0.8368554611711149,-0.5658866840404314,1,123.01
14544,2.1881619216024313,-0.4242629202453546,-0.07876037045318787,1.3279063009816015,0.03159476530262125,-0.4242629202453546,1.747428128543237,2.1465559859396013,-0.3056883089649015,-0.4526149154595596,-0.5410188408508065,1.410344153852594,-0.33417547633133393,0,902.53
15909,-0.2632276056823555,-0.4242629202453546,-0.2334023456330634,-0.33591137369571483,-0.6208283038696568,-0.4242629202453546,-0.7262793738985699,-0.4073199944120384,-0.7262801990900174,-0.6254827680218925,-0.5410188408508065,-1.1720570762405422,4.624032865638386,0,0.0
13468,-1.12382180143127,4.003784415559851,0.45727787366195916,-0.39868701683680924,1.4215395648435614,4.003784415559851,-0.6522046023518492,-0.5151092998158189,0.36862245226380397,-0.5337105535568725,0.6681098574487845,0.16967818421685532,0.0368826930103717,1,1449.44
14561,-0.4066599716405079,-0.25395340732976973,-0.16965585146249051,-0.16848358256431475,-0.22370121828653103,-0.25395340732976973,-0.14732655417814702,-0.09760197240462411,0.3304348707784692,-0.8261751829853697,1.0359678700531665,2.1753544665918367,-0.9100711098543662,0,513.77
12649,-1.12382180143127,-0.08364389441418492,-0.1600492607398648,-0.3068409374950468,-0.3229829896823125,-0.08364389441418492,-0.5508391254984417,-0.07049443602781137,-0.7262801990900174,1.5349763953655664,0.40323861366465974,-1.2081256970414036,-0.2159985036951288,0,0.0
16043,0.2322660221730801,-0.08364389441418492,-0.1510443566973186,-0.2745458712356342,-0.4080816508786965,-0.08364389441418492,-0.5508391254984417,-0.35195140947216547,-0.7262801990900174,-0.710934797181348,1.8008118432265139,0.29377377715291053,0.046416160735326756,0,97.5
14911,-1.1499004134236612,17.458235935891054,12.376364667499113,0.596307185729635,16.157791062017406,17.458235935891054,0.2717439259625367,0.5406058501128149,-0.16094726204419665,-0.1099909083335651,-0.2685433886303756,-0.14792989278721075,0.19911317609005896,1,69330.16
15374,-0.8499963755111608,-0.4242629202453546,-0.23747137928309278,-0.37969075570309524,-0.6775607446672461,-0.4242629202453546,-0.9368076719787237,-0.3104249707672608,-0.7262801990900174,-0.8261751829853697,-0.5410188408508065,-0.4723585350299153,2.2160000204755925,0,0.0
13989,0.5973665900665589,-0.4242629202453546,-0.11362080494028157,0.952837326473927,-0.3938985406792992,-0.4242629202453546,0.11583381842204521,2.2607536923780893,-0.41988556518970205,-0.5568230892226548,1.7867424140376946,0.4787962020678646,0.05637135375189629,0,369.41
18077,-1.1759790254160525,0.5975941572481545,0.009719865436360503,-0.2630868091392201,0.4429049610851444,0.5975941572481545,0.033126272747699005,-0.11762364820877466,-0.1953343789630333,0.1925099901601887,-0.243497709825402,0.017319026891496926,0.31301712773822304,0,962.07
16872,-1.1499004134236612,-0.25395340732976973,-0.18704527638874385,-0.26203138066738685,-0.6775607446672461,-0.25395340732976973,-0.9894397464987621,0.03908922166568724,-0.7262801990900174,-0.8261751829853697,3.056735494369139,-1.3226823162124386,2.1126214467098032,0,215.34000000000003
16739,-0.22410968769376846,-0.4242629202453546,-0.21112634103102293,-0.09624028740134215,-0.5357296426732727,-0.4242629202453546,-0.41048692677833926,-0.15124028906512602,-0.7262801990900174,-0.35765470155128287,2.260327149292576,0.7649547069384619,0.15758961570535912,0,0.0
17076,1.0407029939372119,-0.25395340732976973,-0.20922269955732498,-0.3813365971319441,-0.5640958630720674,-0.25395340732976973,-0.7262793738985699,-0.552662529879205,-0.18384195969491957,-0.8261751829853697,-0.5410188408508065,0.010560237167699459,0.874393677075634,0,506.88
14567,-0.8239177635187694,-0.4242629202453546,-0.12992243473870752,0.777445491539597,-0.5357296426732727,-0.4242629202453546,-0.41048692677833926,-0.15124028906512602,-0.7262801990900174,-0.1446816266789366,-0.20317308907325726,-0.23954847235638504,2.9919309406017645,0,729.6
16419,-1.0586252714502915,0.4272846443325696,-0.10307599091990471,-0.39471363052308817,-0.20951810808713367,0.4272846443325696,-0.6561032745385186,-0.4996009693118266,-0.503842458379277,-0.44350916870238904,-0.3193363959135216,0.9045567769997667,1.3271331794185748,0,0.0
13398,-0.01548079175463769,-0.4242629202453546,-0.1882928414259709,0.14942897654483528,-0.35134921008110714,-0.4242629202453546,0.27373004198216055,0.22595819583775845,0.102134380088178,-0.2471066516287914,-0.15668712949511523,-0.33205715634440075,0.45468709080045283,0,0.0
15249,-1.12382180143127,1.108522695994909,0.6444976132403781,0.29273238975470806,1.8044835402272899,1.108522695994909,0.3684677761182298,0.26471620529566947,-0.05533960650046516,0.05129238480612536,-0.35656316746564704,0.014325426026180721,0.743787789891986,1,1331.43
12594,-0.9412715174845304,0.7679036701637393,0.16397601328183478,-0.10860695702644281,-0.06768700609316018,0.7679036701637393,-0.4828560292433921,-0.12355599659518955,-0.13753338495227813,0.06685674790399913,0.192297469987807,-0.7916290831722451,-0.3178248638534054,1,808.32
18143,-1.0064680474655088,-0.25395340732976973,-0.09603081778733508,0.22758815728817033,0.11669342649900534,-0.25395340732976973,0.5105743773223336,0.23980034207272669,-0.056062441435222723,-0.021950735888933932,-0.5410188408508065,0.6116081760032047,-0.15538098600763156,0,0.0
16581,-0.14587385171659442,-0.4242629202453546,-0.2480365894621164,-0.49336353705559177,-0.592462083470862,-0.4242629202453546,-0.621015224858493,-0.2827406782973243,-0.7262801990900174,6.080287176210811,-0.5410188408508065,-0.7763669617111959,-1.067450603885795,0,0.0
15550,-1.1368611074274655,-0.08364389441418492,-0.19238227123464705,-0.4227996097209447,-0.20951810808713367,-0.08364389441418492,-0.23504667837821117,-0.45576750623442724,-0.004627225301834035,-0.8261751829853697,1.2474726716123847,0.3134111850934843,-0.8344603635033292,0,142.35
16115,-0.9934287414693131,0.25697513141698475,-0.10887529869513454,-0.3487525942661336,1.0527786996592303,0.25697513141698475,0.6526809785264375,-0.3367250486137004,-0.1361751842464968,-0.08054538002987219,0.13096514707172682,-0.013308094778508282,0.9599188016487675,0,736.29
13629,-0.7456819275415953,0.5975941572481545,0.5663684278640623,0.5924947140843811,-0.3371660998817098,0.5975941572481545,-0.7563548450528775,0.6239199000930953,-0.7082024001177251,-0.7952744292112528,-0.5410188408508065,-0.7871409897264596,1.0399984860292004,1,2895.0
15237,0.12795157420351472,-0.25395340732976973,-0.08014051052161887,0.313071332389883,0.32944007948996556,-0.25395340732976973,0.9053149362226219,0.6343015097693214,0.2781708752683127,0.7359072357374742,-0.15277779257585763,0.44563453073992404,0.1570270370691653,0,318.67
15815,-0.6935247035568127,0.08666561850139992,0.05261298707050469,0.17015743498483776,-0.37971543047990186,0.08666561850139992,-0.5683831503384545,0.5633605103151093,-0.6644373908867748,1.7329189562887655,-0.5410188408508065,-1.3226823162124386,-0.9655228554135734,1,225.9
17738,-0.5892102555872473,-0.08364389441418492,0.0010769932097943783,0.27102008388279386,0.30107385909117085,-0.08364389441418492,0.2561860171421478,0.07369458725310785,-0.28050020530683967,-0.505423391243855,0.006557077116854581,-0.044870842140973026,0.6909227892736621,0,307.56
12380,-0.1067559337280074,-0.4242629202453546,-0.16276194983988437,0.424119911019715,-0.20951810808713367,-0.4242629202453546,0.800050787182545,0.2674846345426632,-0.3689139848172582,-0.26007095099843996,-0.5410188408508065,-0.3821546543662441,0.806290892092364,0,2117.26
16519,2.240319145587214,-0.4242629202453546,-0.24840032095798367,-0.49727698223085476,-0.6491945242684515,-0.4242629202453546,-0.8315435229386468,-0.6633996997589509,-0.7262801990900174,-0.19969681113899657,-0.5410188408508065,-0.48629826914766205,-0.08238023549279372,0,111.38
12604,0.8842313219828637,-0.4242629202453546,-0.23568671540150093,-0.3604892723665249,-0.5782789732714647,-0.4242629202453546,-0.5683831503384545,-0.2723590686210981,-0.7262801990900174,0.6895866054348652,-0.5410188408508065,0.12548815706199842,1.326022054241537,0,75.68
13859,1.7317862117355827,-0.4242629202453546,-0.23183524077703704,-0.3190506426135073,-0.3371660998817098,-0.4242629202453546,0.3789941910222374,-0.3000433610910346,-0.7262801990900174,0.5321393024033557,-0.20480219217140885,0.8796376778027466,-0.9180936430785448,0,0.0
18221,-1.0195073534617045,-0.08364389441418492,-0.14588242887980013,-0.2560332030155821,-0.15278566728954426,-0.08364389441418492,-0.35785485225830077,-0.23198614210244078,-0.7262801990900174,0.186105952036476,-0.13234582324696548,1.1502811293113602,-0.3061971532922982,0,334.75
13934,0.9103099339752551,-0.4242629202453546,-0.1092985189870549,0.9993414904024016,-0.28043365908412043,-0.4242629202453546,0.5368904145823528,0.603156680740643,-0.42452538931592926,0.5406360727494721,-0.5410188408508065,-0.3338193570018767,-0.18771364653666087,0,0.0
15437,0.8972706279790594,-0.4242629202453546,-0.23200520876576008,-0.3208793553122283,-0.09605322649195489,-0.4242629202453546,1.2737394578628911,-0.4730701890281376,-0.3260917065688028,-0.411871915193081,0.27031429449254996,-0.009132590284999506,0.107857050129866,0,0.0
14502,-0.5761709495910516,0.5975941572481545,-0.0683158375461576,-0.38302946260161724,2.130695074813429,0.5975941572481545,0.988022481896968,-0.4834517987043637,-0.29389893123457195,-0.41288537281406107,-0.08014359123525076,1.0051413532547533,0.05625976830762576,0,1266.61
16792,1.1580567479029729,-0.25395340732976973,-0.24726493479331382,-0.5859878352458099,-0.5640958630720674,-0.25395340732976973,-0.7789114484186084,-0.670320772876435,-0.09289234898582306,1.0883922130550114,0.07171300412425796,0.4183321297673604,0.36156183259662344,0,0.0
13106,-0.7847998455301823,-0.4242629202453546,-0.2530234502512501,-0.5470179676360656,-0.7059269650660409,-0.4242629202453546,-1.0420718210188007,-0.6841629191114031,-0.7262801990900174,-0.8261751829853697,-0.5410188408508065,-1.3226823162124386,-1.067450603885795,0,0.0
18165,-0.21107038169757278,-0.4242629202453546,-0.21461748351939397,-0.13380204623307118,-0.5782789732714647,-0.4242629202453546,-0.5683831503384545,0.13252370875172284,-0.6091956397103367,-0.337966963195389,0.21698407813271137,0.9882551569477611,1.4119330172549325,0,0.0
13666,1.2232532778839513,-0.25395340732976973,-0.2551395517108519,-0.6283499649116816,-0.6066451936702594,-0.25395340732976973,-0.8841755974586852,-0.6824326508320322,-0.4959042178905746,0.22988835812708894,1.893026167041673,-0.8845763867975558,-0.8704365302071948,0,20.6
13973,1.2232532778839513,-0.4242629202453546,-0.22103547477357563,-0.20285423773677574,-0.5640958630720674,-0.4242629202453546,-0.5157510758184162,-0.3692540922658758,-0.7262801990900174,-0.5229946788919796,-0.5410188408508065,0.28673292508882414,-0.26951383381029276,0,0.0
18227,0.3105018581502541,-0.4242629202453546,-0.2500915024457778,-0.5154726735831285,-0.6491945242684515,-0.4242629202453546,-0.8315435229386468,-0.673781309435177,0.3979545891632647,-0.8261751829853697,-0.5410188408508065,1.1262501735932284,-1.067450603885795,0,0.0
16495,1.0798209119257989,-0.25395340732976973,-0.2241271924884476,-0.46151650540736583,-0.26625054888472305,-0.25395340732976973,-0.2262746659582047,-0.4592280427931693,0.2813285126446364,2.4882565357871096,-0.30850741851930424,-1.147910211308319,0.0955286439491153,0,401.75
12864,-0.719603315549204,-0.4242629202453546,-0.24102031088762968,-0.4178742768523895,-0.6775607446672461,-0.4242629202453546,-0.9368076719787237,0.0010233195195245904,0.10474572004092583,-0.8261751829853697,6.1973192088689055,-1.3226823162124386,-1.067450603885795,0,0.0
14745,-1.0586252714502915,0.25697513141698475,-0.05862086346939589,-0.2406134975399667,-0.06768700609316018,0.25697513141698475,-0.36838126716230846,-0.02804518757390873,-0.7262801990900174,0.36920403673496976,0.5143800811227132,-0.10386584960670522,-0.20422039308343462,0,0.0
13283,-0.1067559337280074,-0.4242629202453546,-0.2616918176761247,-0.640282315270836,-0.6917438548666435,-0.4242629202453546,-0.9894397464987621,-0.6426364804064985,-0.7262801990900174,-0.8261751829853697,-0.5410188408508065,0.5669260864153909,2.938502227579079,0,68.16
16265,-1.0847038834426828,0.5975941572481545,0.42438736816416545,0.37426659040586835,1.1520604710550117,0.5975941572481545,0.36395645544508365,0.17849940874643874,-0.02285850766063446,-0.21974031885317652,-0.12062545673331963,-0.6609039612121311,0.5297746896341482,1,1384.98
15494,-0.9412715174845304,-0.4242629202453546,-0.07568225017741376,1.3610242879554388,0.5138205120821311,-0.4242629202453546,3.4842865877045055,2.9597820772439856,-0.23707272574405444,0.5370244793977923,0.8792151409359952,-0.9666216980010909,-0.2930205236557816,0,160.7
12852,1.314528419857321,-0.4242629202453546,-0.21307247450190164,-0.11717904780169744,-0.4789972018756833,-0.4242629202453546,-0.19995862869818545,-0.23083262991619338,-0.7262801990900174,0.027548641604893127,-0.5410188408508065,0.4186323119193215,1.0068884766344133,0,0.0
12823,-0.8760749875035521,0.08666561850139992,-0.057985183191571754,-0.12732840327959893,-0.7059269650660409,0.08666561850139992,-1.0420718210188007,-0.6080311148190779,6.300187227492996,-0.8261751829853697,-0.5410188408508065,-1.3226823162124386,-1.067450603885795,0,535.5
13562,-0.680485397560617,-0.25395340732976973,-0.06041062639064941,0.41920981742364904,-0.09605322649195489,-0.25395340732976973,0.3000460792421798,0.16539880605977242,0.6589979053134841,-0.2875051814146177,0.22463372130607892,0.028298735288978572,-0.767831174599143,0,589.6
12854,0.6234452020589503,-0.25395340732976973,-0.12828904236707916,0.054052465743042226,0.2868907488917735,-0.25395340732976973,0.9053149362226219,-0.016279363274185707,-0.5095129376358976,-0.2475502746399782,-0.23499947046780317,1.880140618285945,-0.6640722075390233,0,505.88
16919,-0.4848958076176819,1.2788322089104938,0.17457351737871576,-0.255961716973723,1.2797084628495878,1.2788322089104938,0.46511940387320966,-0.3050768688128412,2.688654800256063,-0.7059092194367592,-0.418260387278988,0.47539971703205564,-0.48543808372520053,1,0.0
16112,-0.6544067855682256,0.08666561850139992,-0.2327564672759159,-0.5974264331763096,-0.507363422274478,0.08666561850139992,-0.8841755974586852,-0.24986558098927472,-0.7262801990900174,-0.11396010619866381,-0.5410188408508065,-1.3226823162124386,3.8596626288472615,0,0.0
13657,0.10187296221112337,-0.4242629202453546,-0.24013307798649547,-0.4083283965650659,-0.592462083470862,-0.4242629202453546,-0.621015224858493,-0.28966175141480843,-0.14512298775388827,-0.5100984620971446,2.631436236883809,-0.1170243358039771,-0.5704536988399365,0,229.8
15443,-1.0977431894388785,-0.25395340732976973,-0.14963192271103024,-0.06076326104615503,0.30107385909117085,-0.25395340732976973,0.8526828617025835,-0.14604948422701294,0.5147408804152623,0.08132374847039808,-0.12252883852210746,0.8204283118088177,0.15399062159590157,0,2528.79
16641,-1.1499004134236612,-0.4242629202453546,-0.22674639919466952,-0.26429898441380095,-0.54991275287267,-0.4242629202453546,-0.4631190012983777,0.13944478186920697,-0.7262801990900174,-0.8261751829853697,-0.5410188408508065,2.611398976908954,-0.28116752108507387,0,0.0
15632,-0.9412715174845304,0.4272846443325696,0.13371151320981184,0.02989212313844015,0.3578062998887603,0.4272846443325696,-0.09469447965810857,0.005637368264513938,2.011001867817322,-0.39427526524254997,-0.36437876332390523,-0.650716922540353,-0.7973880905223203,1,933.47
15144,-1.0455859654540958,0.9382131830793241,0.23859875905079442,-0.08365468022814454,0.38617252028755494,0.9382131830793241,-0.5449911172184375,-0.1889216871492062,0.9841039815237846,-0.3710333515782836,-0.3711318649177596,-0.43382922023410275,-0.20740143000419944,1,3611.5
13946,0.10187296221112337,-0.25395340732976973,-0.1834266579088305,-0.24256473398950196,-0.592462083470862,-0.25395340732976973,-0.857859560198666,-0.29139201969417944,-0.6156715693117188,3.2899953988438013,2.001815868905595,-1.3226823162124386,-1.0192278245700563,0,75.6
12480,-0.6544067855682256,-0.08364389441418492,0.09854683602290386,0.6205846119523062,0.6556516140761046,-0.08364389441418492,0.9053149362226219,0.5177967789583388,-0.6191609259837617,0.674317843467927,-0.4875757389426615,-0.41247769531448136,0.5426998304456006,1,1136.6799999999998
17046,-0.47185650162148624,-0.4242629202453546,-0.1569031532686015,0.48715563774462733,-0.4080816508786965,-0.4242629202453546,0.06320174390200677,1.0184210677896899,-0.20423649913049935,0.35238713207654454,-0.5410188408508065,0.3623720476274494,1.4116702630616889,0,0.0
15120,-0.7847998455301823,-0.4242629202453546,-0.20503808767496395,-0.030735798533156385,-0.4222647610780939,-0.4242629202453546,0.010569669381968322,0.27786624421888934,0.053089411238291265,0.5157546888197778,-0.004306637474088907,0.379134336686534,-1.067450603885795,0,0.0
17278,0.6234452020589503,-0.4242629202453546,-0.2242070774431474,-0.2369780166949094,-0.507363422274478,-0.4242629202453546,-0.30522277773826234,-0.1270165331539316,-0.5823467092916986,1.768306926113279,-0.5410188408508065,-0.520881319486925,-0.44467505599304824,0,0.0
14050,-1.1368611074274655,-0.4242629202453546,-0.18342495822894328,0.20180330823620446,-0.1953349978877363,-0.4242629202453546,0.8526828617025835,0.8004072645889403,-0.7262801990900174,1.0931550983052265,-0.5410188408508065,1.6477410328709197,-0.28291922248189105,0,260.38
12362,-0.9543108234807262,0.08666561850139992,0.03096756370662664,0.11193579443930825,0.5421867324809257,0.08666561850139992,0.28688806061217015,0.10829995284052843,-0.6659619964410092,0.4188609036032889,-0.5410188408508065,-0.4429089337339173,-0.000881567334304963,1,3478.88
13881,-1.12382180143127,0.9382131830793241,0.9185047075406642,0.7291471572633772,-0.06768700609316018,0.9382131830793241,-0.5040550592584078,1.0860937827162014,0.03820708717580118,-0.20382147122816038,-0.50812158769249,0.18681034590623105,0.033603851710012365,1,10190.38
13758,0.10187296221112337,0.25697513141698475,0.13365712345342046,0.17313640797105417,0.5138205120821311,0.25697513141698475,-0.09469447965810857,0.2868636392716188,-0.40548278170979,-0.049364593821911135,0.6339145206412163,0.1068668044732914,-0.11379833001441125,1,839.03
17446,-0.22410968769376846,-0.25395340732976973,-0.24547687155194753,-0.5763688064505375,-0.6350114140690541,-0.25395340732976973,-0.857859560198666,-0.40385945785329636,-0.7262801990900174,0.8427756359085932,-0.5410188408508065,-1.3226823162124386,0.34904636505649905,0,0.0
13224,-0.5500923375986603,-0.4242629202453546,-0.059980607379180144,1.5299607670632833,-0.12441944689074957,-0.4242629202453546,1.1158432343027758,1.5548042343947093,2.9053113457317092,-0.613577903091908,-0.5410188408508065,0.06822010557238053,-0.7170049092519297,0,943.69
17101,-0.19803107570137712,-0.4242629202453546,-0.22683478254880549,-0.2652499150171358,-0.4789972018756833,-0.4242629202453546,-0.19995862869818545,-0.19968780088751487,-0.7262801990900174,0.7012387521829323,-0.5410188408508065,-0.666260974159836,0.6837856065906525,0,1391.15
13046,0.949427851963842,-0.4242629202453546,-0.2324199306582443,-0.3253414142971075,-0.5215465324738753,-0.4242629202453546,-0.35785485225830077,-0.4834517987043637,-0.7262801990900174,-0.8261751829853697,-0.5410188408508065,0.35657669868608427,-1.067450603885795,0,431.59
17146,-1.1499004134236612,-0.08364389441418492,-0.13858740280380766,-0.22987042000588048,-0.2520674386853257,-0.08364389441418492,-0.4806630261383905,-0.5019079936843214,0.8050020136972859,-0.8261751829853697,-0.05483323310926928,-0.24657480222425976,-0.6306736240086931,0,0.0
14688,-0.8369570695149651,1.960070260572833,0.38518425156519825,-0.21981615758831247,0.8400320466682701,1.960070260572833,-0.2455730932822188,-0.112482279607215,-0.2570690054200608,0.059341940394461674,-0.12394062255186632,-0.6779693555526355,0.2661644755164263,1,1747.73
14821,2.2533584515834097,-0.4242629202453546,-0.2577315635388781,-0.597673309390637,-0.6917438548666435,-0.4242629202453546,-0.9894397464987621,-0.6772418459939191,-0.7262801990900174,-0.8261751829853697,-0.5410188408508065,4.34614289167105,-1.067450603885795,0,0.0
16806,-1.1759790254160525,0.08666561850139992,-0.13648319910341652,-0.3384715714739242,0.24434141829358147,0.08666561850139992,0.12899183705205483,-0.43846482344071697,0.11847052293396888,-0.5905142335674587,0.361411998641248,-0.020613799244763448,-0.20674575724397362,0,0.0
15174,1.6796289877508,-0.4242629202453546,-0.24295284691941052,-0.4386667402368471,-0.5640958630720674,-0.4242629202453546,-0.5157510758184162,-0.24467477615116162,0.05012504141639237,-0.7389066304136214,0.33719915322206656,1.720735592815544,0.29236012520371774,0,0.0
15012,2.3446335935567792,-0.4242629202453546,-0.23397683743494727,-0.34209242261739176,-0.06768700609316018,-0.4242629202453546,1.6421639795031602,-0.45576750623442724,-0.4468014883381479,-0.22424960689602155,0.1885067092417523,0.12669222383880774,1.031021982707029,0,216.48
16402,0.9233492399714508,-0.25395340732976973,-0.21614889509778848,-0.4185966183683843,0.05996098570141595,-0.25395340732976973,0.40531022828225666,-0.4938334083805899,-0.5347254558197362,-0.5618139058146886,-0.38736781330869813,1.9159564505337432,-0.4654314528631305,0,0.0
15406,1.4058035618306906,-0.4242629202453546,-0.22314477751362846,-0.2255485623279032,-0.12441944689074957,-0.4242629202453546,1.1684753088228141,-0.2965828245322925,0.40585306378444974,-0.8261751829853697,0.2223212551325226,0.032452046177879036,-0.20573170831483065,0,258.42
13000,-1.1368611074274655,-0.08364389441418492,-0.17511862262004876,-0.36088549345124776,-0.29461676928351777,-0.08364389441418492,-0.5508391254984417,-0.30927145858101346,-0.09963254788311926,-0.31173318819257323,1.9168828839871452,0.47383235656731526,-0.004302104937900394,0,0.0
15764,-1.12382180143127,0.25697513141698475,0.29089450982109666,0.5114848314884113,1.407356454644164,0.25697513141698475,0.7789979573745297,0.6709831972919874,0.06359748337166128,0.1674181152043848,-0.3974634352295398,-0.18397615702255585,0.003994028898912476,1,3.35
16670,-1.1368611074274655,0.7679036701637393,0.28466518303439764,0.05370729622115859,1.407356454644164,0.7679036701637393,0.24741400472214134,0.18443175713285373,0.021525026894900004,-0.2639350286692656,0.026064873160835184,-0.37297033652152867,1.2091757254026199,1,855.93
15014,-0.23714899368996412,-0.4242629202453546,-0.24601567007619954,-0.47162014306779926,-0.6917438548666435,-0.4242629202453546,-0.9368076719787237,-0.5111360911743003,-0.7262801990900174,-0.8261751829853697,-0.5410188408508065,4.24598867072144,-1.067450603885795,0,139.94
18272,-1.0455859654540958,0.08666561850139992,0.09200306845706716,0.2761084769669849,0.3578062998887603,0.08666561850139992,0.40531022828225666,0.520968937470519,-0.5961882293605029,-0.8261751829853697,-0.32660446649336305,-0.20140432581881193,2.3936492824749056,1,972.13
15942,-0.7847998455301823,-0.4242629202453546,-0.20867200327386234,-0.06983367603181109,-0.5215465324738753,-0.4242629202453546,-0.35785485225830077,0.05639190445939754,-0.7262801990900174,-0.14123737843185258,-0.5410188408508065,0.3404687494006048,-0.26611757838828715,0,0.0
17884,1.5361966217926475,-0.08364389441418492,-0.16565310532806315,-0.32693849005399056,0.49963740188273376,-0.08364389441418492,0.5018023649023269,-0.12124897222269497,-0.33958295357921736,0.6840796461052778,-0.43102023593305244,0.14132102387343345,-0.3723749834772735,0,104.53
15265,-0.5500923375986603,-0.25395340732976973,-0.010033814213030196,0.6902158958106059,0.3578062998887603,-0.25395340732976973,1.0632111597827372,0.31247160980630995,0.3541980204387224,-0.6739355977625643,0.11587259254306193,-0.13318955969408797,0.16755327925095848,0,0.0
14778,-0.8630356815073564,-0.25395340732976973,-0.1418031971504474,-0.018648007594610633,-0.23788432848592836,-0.25395340732976973,-0.17364259143816624,-0.21699048368122514,1.634911273926412,0.2572314116347608,-0.18236333881036207,-0.2727792155651067,0.16416366044685052,0,0.0
13292,1.1841353598953641,-0.4242629202453546,-0.22360709044295513,-0.2305226608684243,-0.5215465324738753,-0.4242629202453546,-0.35785485225830077,-0.28620121485606637,-0.7262801990900174,1.7646845243114988,0.3776234754362265,-1.3226823162124386,-1.067450603885795,0,329.37
16341,0.10187296221112337,-0.4242629202453546,-0.13045103518363613,0.7717581950465746,-0.3087998794829151,-0.4242629202453546,0.4316262655422759,1.1014739451994995,-0.5518627791108999,0.15827355100404517,-0.5410188408508065,-1.1452938912280828,0.9675171859285463,0,1174.22
12708,-1.202057637408444,0.5975941572481545,0.0793098590592312,-0.15612540339102962,0.2868907488917735,0.5975941572481545,-0.19995862869818545,-0.25752819765506074,-0.25283911535553316,0.2233565465365188,-0.5410188408508065,-0.7655009452824948,0.6869590580001058,1,681.14
15717,0.5321700600855805,-0.4242629202453546,-0.24047981268349045,-0.4120589704704567,-0.6208283038696568,-0.4242629202453546,-0.7262793738985699,-0.5042150180568161,-0.7262801990900174,-0.8261751829853697,6.09441162162114,-0.5758909714613207,-1.067450603885795,0,0.0
14272,0.7929561800094941,-0.4242629202453546,-0.24357492975813683,-0.4453598287141659,-0.6066451936702594,-0.4242629202453546,-0.6736472993785315,-0.4453858965582011,-0.7262801990900174,0.9027514561197075,-0.5410188408508065,0.833865997029633,-1.067450603885795,0,305.87
17499,1.2493318898763426,-0.4242629202453546,-0.16015634057276032,0.45215407669110763,-0.15278566728954426,-0.4242629202453546,1.0105790852626988,1.713988916096844,-0.3596603182719662,1.9079330111140884,-0.5410188408508065,-0.3617996976529432,-0.7065559803023579,0,0.0
12356,0.675602426043733,-0.25395340732976973,0.20190946900504086,1.830381689209167,0.03159476530262125,-0.25395340732976973,0.40531022828225666,1.997752913913693,-0.7262801990900174,0.558998106682758,-0.5410188408508065,1.1655775403709678,0.29559598933878234,1,58.35
15543,1.2362925838801468,-0.4242629202453546,-0.24429389435043528,-0.4530952834297557,-0.35134921008110714,-0.4242629202453546,0.3789941910222374,-0.44884643311694317,-0.7262801990900174,0.5217871576892422,-0.5410188408508065,-0.43684524712506134,1.5619846485832296,0,0.0
12871,0.1801087981882974,-0.4242629202453546,-0.2435902268771219,-0.4455244128570508,-0.6633776344678488,-0.4242629202453546,-0.8841755974586852,-0.4696096524693955,-0.7262801990900174,-0.8261751829853697,5.364306263524698,-0.678497633498406,-1.067450603885795,0,248.64
14670,1.1319781359105816,-0.25395340732976973,-0.19925237733883194,-0.32770045367845757,0.797482716070078,-0.25395340732976973,2.142168687443525,-0.18238511809380456,-0.45495832651132706,0.3234124698866644,-0.13251226341093383,-0.01348180938744036,0.14531730328285228,0,0.0
13077,1.2623711958725383,-0.08364389441418492,-0.16809214596623864,-0.3356858324628725,0.14505964689780004,-0.08364389441418492,-0.00697435545804443,-0.047424192302864245,-0.6640872004687758,0.0512903065774119,0.04720886838513565,0.9882747519070227,0.1845182885386432,0,151.83
16330,-1.0586252714502915,-0.25395340732976973,-0.2577043686606824,-0.6421476022235314,-0.4789972018756833,-0.25395340732976973,-0.6473312621185122,-0.7066564067432266,0.20656371988035793,-0.788709319571028,-0.5410188408508065,-0.46587458462874143,1.7529169226786292,0,202.95
12516,-0.17195246370898576,-0.4242629202453546,-0.1669006703652902,0.3795907568058589,-0.5357296426732727,-0.4242629202453546,-0.41048692677833926,0.44743253559725027,-0.7262801990900174,0.07809349571880925,-0.5410188408508065,-0.5508978143160925,0.22768383776835785,0,728.86
16834,0.4408949181122109,-0.4242629202453546,-0.1957510367711375,0.06918506332495836,-0.37971543047990186,-0.4242629202453546,0.16846589294208367,0.492419510860897,-0.3218156202851137,0.06113129056282485,-0.5410188408508065,0.763263282218834,-0.6576121557385398,0,0.0
12582,0.5843272840703633,-0.25395340732976973,-0.17911117067515273,-0.21934922627923903,-0.4222647610780939,-0.25395340732976973,-0.5157510758184162,-0.22737209335745134,-0.07579332492223007,1.565262907291777,-0.5410188408508065,-1.1475269691290553,1.519857831752315,0,0.0
12547,0.04971573822634068,-0.25395340732976973,-0.23070665333191614,-0.4969112396911106,-0.6208283038696568,-0.25395340732976973,-0.8841755974586852,-0.5145966277330423,-0.7262801990900174,1.9838727517141892,-0.5410188408508065,2.2619357411306344,-1.067450603885795,0,0.0
17031,-0.5109744196100733,-0.4242629202453546,-0.2276217343365931,-0.273716854812214,-0.5357296426732727,-0.4242629202453546,-0.41048692677833926,-0.31388550732600284,-0.7262801990900174,-0.8261751829853697,-0.5410188408508065,-0.9087163240456874,0.6491963662694892,0,154.4
17999,2.2533584515834097,-0.4242629202453546,-0.23367429441502027,-0.3388373140136684,-0.1953349978877363,-0.4242629202453546,0.9053149362226219,-0.4211621406470067,0.3331903018185277,-0.5551312935162679,-0.42257580724717164,0.7132580600138685,-0.22833460414583223,0,190.05
14441,0.8059954860056897,-0.4242629202453546,-0.20537462429263553,-0.03435664967662387,-0.5357296426732727,-0.4242629202453546,-0.41048692677833926,-0.3727146288246178,0.5792202783857523,-0.200750188067333,-0.5410188408508065,0.19667213643294001,-0.7163515824642509,0,1356.05
16221,1.0667816059296031,-0.25395340732976973,-0.21242319678497967,-0.3985539271904022,-0.3087998794829151,-0.25395340732976973,-0.2525907032182239,-0.2844709465766953,-0.7262801990900174,-0.38994266100336883,0.5312667451013714,0.5314551102808294,-0.7397289339368665,0,545.49
17504,0.16706949219210174,0.9382131830793241,0.2433731598540244,-0.07794706470513654,0.8683982670670648,0.9382131830793241,-0.35200684397829657,-0.10663781786356172,-0.12796970928378135,-0.5784484233926689,0.26365927578134785,1.0018910499976335,-0.6233917690829199,1,0.0
15296,-1.0977431894388785,0.25697513141698475,0.17580408561707048,0.2638295855514227,0.9534969282634489,0.25697513141698475,0.40004702083025273,0.1359842453104649,0.025429017461204174,-0.745907558748634,0.03302188517775887,-0.018553102090251586,0.6745098968674106,1,1073.37
12534,-0.8239177635187694,-0.4242629202453546,-0.08090026743121081,1.3048828081047044,0.17342586729659473,-0.4242629202453546,2.2211167992235827,1.5063567225723205,0.07656586054957924,0.8635759157085131,0.0687113357928793,-0.3170354932196847,-0.38412371892843394,0,0.0
15379,-0.31538482966713816,0.5975941572481545,0.36341475156955244,0.2805502894898426,1.3364409036471774,0.5975941572481545,0.36395645544508365,0.39305267538844646,-0.5512678842488854,-0.3879372126320141,0.3555417529905297,0.44221557503597775,-0.6239961719458107,1,0.0
15090,1.4970787038040603,-0.4242629202453546,-0.20121380792869575,0.010410237188065838,-0.3938985406792992,-0.4242629202453546,0.11583381842204521,-0.026660972950411886,-0.14031129065264303,-0.21684889915451136,-0.4063406543298555,-0.603152419900782,0.010412504548842842,0,0.0
16582,-1.0455859654540958,-0.4242629202453546,-0.21272064076524497,-0.11339361251534501,-0.6350114140690541,-0.4242629202453546,-0.7789114484186084,-0.1789245815350625,5.177726867593088,0.10964711037152414,-0.5410188408508065,-1.3226823162124386,-1.067450603885795,0,0.0
17883,0.675602426043733,-0.4242629202453546,-0.24574032193446826,-0.4686576284958713,-0.45063098147688857,-0.4242629202453546,-0.09469447965810857,-0.5803468223491414,0.4747247066686208,0.03450689221283928,-0.057579377169212444,-0.17704290260414615,-0.7437185966844655,0,544.99
18183,0.4408949181122109,-0.25395340732976973,-0.15859433475639564,-0.10897727134793378,-0.20951810808713367,-0.25395340732976973,-0.1210105169181278,-0.10452304552210823,-0.14043554045897233,-0.6351204406987447,0.7239129540485701,-0.12671060189082337,0.7036562652155051,0,0.0
15812,-1.12382180143127,0.25697513141698475,0.040110141820038525,-0.028160971053357207,-0.20951810808713367,0.25697513141698475,-0.6631208844745238,-0.10832963573672447,-0.6069058565883574,0.5064358679682204,-0.19479237815381895,-0.3919467873388894,-0.18352941838942727,1,0.0
16701,-0.8369570695149651,1.108522695994909,0.4224157394949783,0.05379095982712507,0.41453874068634966,1.108522695994909,-0.5157510758184162,0.969281448655553,0.8681635230723699,-0.11682401830546928,0.14742349831488805,-0.8109734384895456,1.0379043818095315,1,1347.88
13516,0.5843272840703633,-0.4242629202453546,-0.24121067503499946,-0.41992243507495697,-0.6208283038696568,-0.4242629202453546,-0.7262793738985699,-0.552662529879205,-0.07657259457720478,1.0269993323092328,-0.5410188408508065,-0.709206711523678,-0.017945838108182722,0,1243.41
16658,2.279437063575801,-0.4242629202453546,-0.24507914645833564,-0.46154393609784666,-0.6066451936702594,-0.4242629202453546,-0.6736472993785315,-0.6080311148190779,-0.6778178710098851,-0.5136070060291075,5.72825206868582,-1.3226823162124386,-0.7017660099716451,0,0.0
16448,0.06275504422253635,-0.4242629202453546,-0.23492355913213453,-0.35227835234926763,-0.45063098147688857,-0.4242629202453546,-0.09469447965810857,-0.4834517987043637,-0.6130058184767607,-0.8261751829853697,1.1545532036608512,1.237722096223051,0.08186096315014041,0,0.0
15639,-0.7717605395339867,-0.4242629202453546,-0.19373521642488237,0.0908735959317893,-0.3655323202805045,-0.4242629202453546,0.2210979674621221,0.37130073130492497,3.7904041666294312,1.2946541333711865,-0.5410188408508065,-1.096766329958265,-1.067450603885795,0,0.0
13369,2.240319145587214,-0.4242629202453546,-0.21362826982502595,-0.12315893832651503,-0.5215465324738753,-0.4242629202453546,-0.35785485225830077,-0.23083262991619338,0.6549444215500841,-0.8261751829853697,1.4639764800037258,-0.7710255229189894,-1.067450603885795,0,0.0
15521,-0.5892102555872473,0.25697513141698475,0.0937928313783207,0.08735515269945016,0.8683982670670648,0.25697513141698475,0.4737319251583067,0.19896601067957034,-0.45759908817640776,0.3640845991050671,0.04372036113527342,-1.005792796660562,1.0110568075423592,1,883.22
17962,-0.6674460915644214,-0.4242629202453546,-0.24861957966343637,-0.4996360216122049,-0.2520674386853257,-0.4242629202453546,0.6947866381424681,-0.3069644342085187,0.6994594076319336,0.017909757001998202,0.8141426413689338,0.32521267879480165,-1.067450603885795,0,0.0
13904,1.314528419857321,-0.4242629202453546,-0.231842039496586,-0.3191237911214561,-0.4789972018756833,-0.4242629202453546,-0.19995862869818545,0.025247075430719006,-0.5501992731255267,2.942899618230944,-0.5410188408508065,-1.0351822310870828,-0.6730698060387161,0,131.52
17735,-1.1107824954350742,1.960070260572833,1.47104514368093,0.559047210498546,3.066780347973654,1.960070260572833,0.824612421958563,0.7215070310496213,-0.5268988343617669,-0.45612324153770917,-0.5259438301851894,0.386364767103507,-0.13207342151343168,1,2890.03
15858,1.2493318898763426,-0.25395340732976973,-0.12729472963304944,0.059401450386801134,0.5705529528797205,-0.25395340732976973,1.5895319049831216,0.5079919253752363,0.012763476110481425,1.6628540437548627,0.2248662980919925,-0.5576666382722189,0.7111842079576667,0,611.35
16672,-1.0586252714502915,2.130379773488418,0.8054080078443591,0.03356859762649373,-0.4080816508786965,2.130379773488418,-0.7986484763636228,-0.25938205652581536,1.5308872187969202,-0.6806799156705554,-0.5410188408508065,-1.3226823162124386,-0.4917363599389811,1,1831.2
12693,-0.8760749875035521,0.08666561850139992,-0.12054870016063234,-0.2956111175976511,-0.22370121828653103,0.08666561850139992,-0.5815411689684642,-0.525843371548954,-0.43238535749256957,1.1615803567216498,-0.3642300762634111,-0.9809274813270091,1.4940546070971479,0,0.0
13712,0.6886417320399286,-0.4242629202453546,-0.22713052684918356,-0.26843187511291033,-0.5782789732714647,-0.4242629202453546,-0.5683831503384545,0.4716562915084447,-0.7262801990900174,2.3300340238914194,0.6612127421368956,-0.38035531521659927,-0.2718267785489722,0,0.0
16598,1.1971746658915599,-0.4242629202453546,-0.24137214462428636,-0.4216597121387419,-0.5782789732714647,-0.4242629202453546,-0.5683831503384545,-0.4938334083805899,0.23286530278067263,-0.20967381933592896,-0.5410188408508065,-0.8126639159168199,0.933454481530476,0,0.0
14886,0.7668775680171027,-0.4242629202453546,-0.20402167910240024,-0.019800096594804844,-0.46481409167628596,-0.4242629202453546,-0.14732655417814702,-0.19276672777003073,-0.7262801990900174,-0.4553370809664393,-0.5410188408508065,1.2848529630716876,-1.067450603885795,0,0.0
15980,0.7929561800094941,-0.4242629202453546,-0.13681973572108813,0.7032363302254991,-0.43644787127749124,-0.4242629202453546,-0.04206240513807012,1.3021850656065388,-0.7262801990900174,-0.8261751829853697,-0.5410188408508065,3.247695217276515,-1.067450603885795,0,1638.68
13747,2.3446335935567792,-0.4242629202453546,-0.25249654948620875,-0.5413489582700305,-0.7059269650660409,-0.4242629202453546,-1.0420718210188007,-0.7187682846988238,6.300187227492996,-0.8261751829853697,-0.5410188408508065,-1.3226823162124386,-1.067450603885795,0,0.0
17346,-1.1759790254160525,0.7679036701637393,-0.05717273620547567,-0.4060287903464243,1.691018658632111,0.7679036701637393,0.5500484332123624,-0.34719317170389513,0.046883964347122685,-0.5006193378497409,0.10149989862233515,-0.23175709208101702,0.12007554268999138,0,1394.1
15465,-0.719603315549204,1.960070260572833,0.7524442828783752,0.04361112580424481,-0.18115188768833898,1.960070260572833,-0.8315435229386468,-0.5374361690207399,0.005197652809471227,-0.24135274612284136,-0.5410188408508065,-0.9551816377801583,-0.9738890324974059,1,1362.49
15658,-0.04155940374702904,0.25697513141698475,-0.09196178413730573,-0.3123575541361885,-0.15278566728954426,0.25697513141698475,-0.58943598014647,-0.5789626077256446,0.3265578309941176,-0.8261751829853697,-0.4141590104668007,-1.0041188060926316,1.6632941199162048,0,0.0
16841,-0.7326426215453997,0.25697513141698475,-0.0006957729125868486,-0.11596843999514418,0.5421867324809257,0.25697513141698475,-0.05258882004207777,0.5533249542947574,-0.2104555881933108,0.7035483449354715,-0.5081210111170563,0.00793337612012268,-0.5002233263519424,0,308.76
17631,-0.7326426215453997,-0.25395340732976973,-0.19523433408541951,-0.3060850695795755,-0.3087998794829151,-0.25395340732976973,-0.3315388149982816,-0.42635294548511976,0.05228275826125708,-0.538987870772577,-0.5410188408508065,-0.1263084007911695,0.04113552661754547,0,111.83
15031,-1.0847038834426828,-0.25395340732976973,-0.22153008162075968,-0.44754514038913745,-0.12441944689074957,-0.25395340732976973,0.036885706641987544,-0.5474717250410919,0.2455994965307889,-0.3946687308754702,-0.43154867254999585,-0.004164546595472436,-0.016192116083981085,0,391.4
16405,1.4188428678268863,-0.25395340732976973,-0.23759885527463503,-0.5339883896576786,-0.6775607446672461,-0.25395340732976973,-0.9631237092387429,-0.4228924089263777,-0.7262801990900174,-0.8261751829853697,3.767848638807129,1.1499084097373402,-1.067450603885795,0,0.0
17709,-0.31538482966713816,-0.4242629202453546,-0.24266390133858137,-0.43555792864902143,-0.6208283038696568,-0.4242629202453546,-0.7262793738985699,-0.6876234556701453,0.7255326413243696,-0.2756763997798037,0.5014764432332006,-1.3226823162124386,-0.2936561500815579,0,0.0
14696,-0.9673501294769218,0.25697513141698475,-0.01812089111647201,-0.15346436516971926,0.4570880712845417,0.25697513141698475,-0.14732655417814702,0.0051759633900150225,0.44788088382925606,-0.06246895172858964,-0.05551628221757411,-0.10701791995193334,0.4372742019106491,0,620.41
12793,1.8361006597051481,-0.25395340732976973,-0.17331186289992292,-0.18815138763905898,-0.4222647610780939,-0.25395340732976973,-0.4631190012983777,-0.23602343475430648,-0.7262801990900174,0.35079745664974765,-0.5410188408508065,0.1270520764321069,0.3522729448763767,0,0.0
12456,-0.8108784575225737,-0.25395340732976973,0.11901948026459301,1.3844683847530417,0.3719894100881576,-0.25395340732976973,1.1684753088228141,1.1101252865963545,0.05217075646917887,1.3269923204713006,-0.4398157143054931,-1.0517027621550084,0.0948663362227342,1,915.64
13606,0.6495238140513416,-0.25395340732976973,-0.2241067963298008,-0.4614067826454426,-0.1953349978877363,-0.25395340732976973,-0.1210105169181278,-0.3311881901197131,-0.405768669474566,-0.19398146289809143,-0.5410188408508065,0.29708053664224016,0.8331964000223353,0,30.12
14257,-0.9151929054921392,0.08666561850139992,0.19727954099222555,0.5592800665821832,0.47127118148393904,0.08666561850139992,0.2210979674621221,0.41109690173045865,-0.33008378130107624,0.5229026817198233,-0.44934087606396234,0.6344873647443128,-0.16804229934242407,1,373.88
13016,-0.9151929054921392,-0.4242629202453546,-0.193747114184093,0.09074558604287884,-0.3229829896823125,-0.4242629202453546,0.3789941910222374,0.3436164388349885,-0.7262801990900174,0.3535752979118689,-0.5410188408508065,0.32337655896558193,0.48745256921612634,0,364.64
13344,1.0928602179219946,-0.4242629202453546,0.01546648313508622,2.3417080468985425,0.24434141829358147,-0.4242629202453546,2.4842771718237753,1.3264088215177332,1.0115098911363523,-0.32914593327741776,-0.5410188408508065,0.5522076440074569,-0.17925455901431492,1,855.54
15660,-0.7587212335377911,0.4272846443325696,-0.11571651024123655,-0.41738052442373486,-0.22370121828653103,0.4272846443325696,-0.6385592496985059,-0.41308755534327524,-0.22333406061080727,0.07369695050973646,0.682643389483186,-0.5152494021918087,0.5756043085514818,0,716.52
16306,0.25834463416547143,0.4272846443325696,-0.15856034115865106,-0.4942077927515014,-0.20951810808713367,0.4272846443325696,-0.7350513863185764,-0.4655723598175298,-0.7262801990900174,0.9038947742474059,-0.35971531318402317,-0.8439070048723809,-0.04009638555813542,0,0.0
16319,0.3105018581502541,-0.4242629202453546,-0.19729094674896816,0.05261692627454621,-0.6775607446672461,-0.4242629202453546,-0.9368076719787237,-0.497293944939332,-0.7262801990900174,-0.8261751829853697,7.101166588341023,-1.3226823162124386,-1.067450603885795,0,0.0
13199,-1.1759790254160525,2.9819273380663422,0.5079810243779267,-0.29035901118614577,-0.3087998794829151,2.9819273380663422,-0.9368076719787237,-0.17101478368650924,0.0007393980098772225,0.771802503008468,1.9423591430305045,-1.003753012973908,0.06544521469231139,1,5263.28
16340,-1.12382180143127,-0.4242629202453546,-0.1752104053339592,0.2901849929653897,1.0385955894598329,-0.4242629202453546,6.326418611786582,0.9353681903798805,-0.22432391589735132,0.48912337544240386,-0.30316152265077295,-0.06936809449232018,0.12317906690602883,0,0.0
16730,0.5321700600855805,-0.25395340732976973,-0.18428159689210735,-0.24716394642678527,-0.22370121828653103,-0.25395340732976973,-0.1210105169181278,0.551248632359512,-0.5436569137897982,1.5549037547940936,-0.37893980525851567,-0.07055252490070985,-0.8155688439500488,0,262.17
18239,0.3235411641464498,0.25697513141698475,-0.0006022905187891891,-0.11576728159828485,0.41453874068634966,0.25697513141698475,-0.1683793839861623,-0.1962272643287728,-0.2587819340802041,-0.14478642975817707,0.39565183309935775,1.4867006389640207,-0.797135173262521,0,0.0
17760,2.3446335935567792,-0.4242629202453546,-0.23669972461429023,-0.37138840005090196,-0.592462083470862,-0.4242629202453546,-0.621015224858493,-0.17546404497632045,-0.24574052345723946,-0.8261751829853697,-0.16453468559329817,-0.0380464889941449,0.7922736444064065,0,115.05
17356,1.5361966217926475,-0.4242629202453546,-0.2357343064383434,-0.3610013119221668,-0.45063098147688857,-0.4242629202453546,-0.09469447965810857,-0.1720035084175784,1.7516318071985157,-0.8261751829853697,-0.5410188408508065,0.45952100775631827,-0.9501176795212644,0,0.0
14543,-1.1107824954350742,1.6194512347416634,0.2837354581360826,-0.23191670262568004,-0.1953349978877363,1.6194512347416634,-0.8436893862894249,-0.5880664808263352,0.02643922070006273,-0.7037731820974322,-0.5410188408508065,-0.692881005823528,1.8167239690849346,1,365.23
15832,0.7929561800094941,-0.4242629202453546,-0.1237984881050167,0.843334010074514,0.045777875502018596,-0.4242629202453546,1.747428128543237,0.8626969226462974,-0.1645255523585757,-0.6645076921973515,-0.43690560587812927,0.7534277869292979,0.44736628529341677,0,0.0
16059,-0.3936206656443122,0.08666561850139992,-0.1054742392407867,-0.2550639852852599,0.6840178344748993,0.08666561850139992,0.6421545636224296,-0.4090502626914095,0.012741120866601514,-0.508996465483983,0.1151120487399801,1.1543530474906203,-0.16668373811918535,0,508.56
12682,-1.1368611074274655,2.6413083122351724,1.088469296903921,0.08009766573448393,1.3931733444447667,2.6413083122351724,-0.11685535314023009,-0.12555946512919808,-0.4137133532245169,0.2706305026776466,0.02400912395331558,-0.7607593203590094,0.20494682980425413,1,4059.9
13631,-0.6544067855682256,1.108522695994909,0.2469237911384485,-0.1350236263158168,-0.6350114140690541,1.108522695994909,-1.0420718210188007,-0.5872678954666255,-0.7262801990900174,-0.8261751829853697,-0.5410188408508065,-1.3226823162124386,0.4656833162784006,1,52.5
15651,0.8711920159866681,-0.4242629202453546,-0.22738887819204257,-0.27121151841496627,-0.4931803120750806,-0.4242629202453546,-0.2525907032182239,0.0771551238118499,0.512593698751999,0.3882646606329239,-0.5410188408508065,-1.3226823162124386,0.26481243526053794,0,418.98
13240,-0.2632276056823555,-0.08364389441418492,-0.1719300231516047,-0.34944994337524593,-0.05350389589376284,-0.08364389441418492,-0.1824146038581727,-0.46845614028314814,-0.5834941971228229,-0.540394853825703,0.7046790568213286,0.8022695581033819,-0.12423073505855906,0,110.04
17001,-1.0455859654540958,0.5975941572481545,0.15398019586503334,-0.04135539441930034,0.11669342649900534,0.5975941572481545,-0.2601095710068008,-0.08301828262135406,0.2541478584416074,-0.43460370040717167,-0.06537120397408325,-1.0301898477045557,0.29794433207416177,1,1518.48
16429,-1.1368611074274655,-0.4242629202453546,-0.2176616101974235,-0.1665542906671641,-0.6917438548666435,-0.4242629202453546,-0.9894397464987621,-0.7153077481400817,-0.7262801990900174,-0.6932177805049534,-0.5410188408508065,-1.3226823162124386,-1.067450603885795,0,0.0
13930,-0.7456819275415953,-0.4242629202453546,-0.23033272375672545,-0.30288482235681374,-0.5782789732714647,-0.4242629202453546,-0.5683831503384545,-0.019739899832927767,-0.7262801990900174,-0.8261751829853697,-0.5410188408508065,2.5321188251483333,-0.27770561711129144,0,127.34
12991,-1.0586252714502915,-0.4242629202453546,-0.21443051873179866,-0.13179046226447816,-0.4080816508786965,-0.4242629202453546,0.06320174390200677,0.5028011205371232,-0.7262801990900174,1.8734108446806343,-0.5410188408508065,0.7651245695477867,-0.806158384677057,0,200.2
15093,-1.0064680474655088,0.25697513141698475,0.4184520859979572,0.7859672927156367,0.003228544903826554,0.25697513141698475,-0.08416806475410092,1.522967298054282,0.5515385003543305,0.30630219842182665,-0.5410188408508065,1.2516070699883035,-0.8906340073789092,1,569.9200000000001
16045,-0.9673501294769218,0.08666561850139992,-0.038149918907594,-0.0739757102944141,0.2868907488917735,0.08666561850139992,-0.002588349248041289,0.029572746129146583,-0.15449859527096332,0.05596355928806624,-0.33581359325559096,0.2899752017160778,1.0447057301443416,0,0.0
17663,-0.5109744196100733,0.08666561850139992,-0.09324844181193906,-0.2221791591805098,-0.2520674386853257,0.08666561850139992,-0.4631190012983777,-0.3787705678024164,-0.43665865799056386,0.7189281844076674,0.109280746593827,0.3856108241089969,-0.5070672481222614,0,786.38
17194,1.0407029939372119,-0.25395340732976973,-0.22138900819011958,-0.4467862246191683,-0.35134921008110714,-0.25395340732976973,-0.3315388149982816,-0.5405506519236077,-0.7035382247065145,2.555596194153819,-0.5410188408508065,-0.6824517333709784,-0.15794280716013434,0,0.0
13004,-1.0325466594579003,1.4491417218260785,0.3773181330470964,-0.11009431002140255,2.0172301932182504,1.4491417218260785,0.089517781162026,0.1979855253212602,-0.27574305349197425,0.0032915890496551647,-0.10769603034612912,-0.385948073559607,0.005955183160869926,1,1870.82
12673,1.7317862117355827,-0.4242629202453546,-0.2284800726796444,-0.282951853940755,-0.3938985406792992,-0.4242629202453546,0.11583381842204521,-0.15470082562386808,0.3122628587548686,0.5474261507406275,-0.5410188408508065,0.16188779821064792,-0.38195935431869604,0,389.62
18156,2.2924763695719967,-0.4242629202453546,-0.2342623836560019,-0.345164659951243,-0.010954565295570795,-0.4242629202453546,1.5368998304630832,-0.5111360911743003,-0.3634515889309527,-0.6625827999261718,-0.1361727591459741,-0.10780405435598713,2.2019625267596603,0,488.76
14196,-1.1368611074274655,-0.4242629202453546,-0.20899834181221058,-0.07334480441335542,-0.6350114140690541,-0.4242629202453546,-0.7789114484186084,-0.2550563858273878,-0.7262801990900174,-0.8261751829853697,3.176210123276836,0.5628711327616829,-1.067450603885795,0,0.0
13368,0.8190347920018853,-0.25395340732976973,-0.16006795721862435,-0.11690474089688933,-0.3087998794829151,-0.25395340732976973,-0.3315388149982816,-0.18065484981443353,0.34899248697995283,0.04185009527260863,-0.5410188408508065,-0.1867348587713005,-0.15464085138405387,0,0.0
13230,-0.719603315549204,1.4491417218260785,0.1070928264958979,-0.3523774076204484,3.563189204952561,1.4491417218260785,0.8307528306525676,-0.36233301914839167,0.32255424939270283,0.05572833208228838,0.03352974095329522,-0.02547079171241316,-0.12221778197548287,1,560.4
16321,1.4579607858154733,-0.08364389441418492,-0.22801266071065607,-0.5505839573985716,-0.6491945242684515,-0.08364389441418492,-0.9543516968187364,-0.673781309435177,-0.7262801990900174,3.4079950710523765,0.06379529774385144,-0.5698805783446113,-0.38232788623083686,0,150.0
16356,0.04971573822634068,-0.08364389441418492,-0.2300318804166857,-0.5578256596855066,-0.43644787127749124,-0.08364389441418492,-0.5508391254984417,-0.6391759438477564,-0.7262801990900174,-0.29022067277425617,-0.3136695080656699,3.779983128027778,-1.067450603885795,0,0.0
13079,-0.6935247035568127,-0.4242629202453546,-0.2619807632569539,-0.6433911268586616,-0.7059269650660409,-0.4242629202453546,-1.0420718210188007,-0.732610430933792,-0.7262801990900174,-0.8261751829853697,-0.5410188408508065,-1.3226823162124386,-1.067450603885795,0,196.3
14246,-1.0847038834426828,-0.08364389441418492,-0.015482987931490569,0.2116295911373318,0.08832720610021064,-0.08364389441418492,0.2210979674621221,0.1809712205741117,0.08311302034053193,0.3808983503736506,-0.21491714655331176,-0.15942827710914764,-0.12049168489746648,0,0.0
15643,-0.028520097750833362,-0.08364389441418492,-0.15316725687646926,-0.28215941177130927,-0.28043365908412043,-0.08364389441418492,-0.5157510758184162,-0.4626885793519114,-0.023633456431716052,-0.5844526545711519,-0.5410188408508065,0.5363337817041721,-0.3136195703142049,0,0.0
17597,0.25834463416547143,-0.4242629202453546,0.08145145571714138,3.051650890796004,0.05996098570141595,-0.4242629202453546,1.8000602030632753,3.3231384159119015,0.18259590762530853,-0.20101021639427472,-0.5021419602158947,0.2986853792407493,-0.5548441477593546,1,0.0
12684,-0.3023455236709425,0.08666561850139992,-0.03155856030491486,-0.056246340680314144,-0.1953349978877363,0.08666561850139992,-0.3315388149982816,0.3557283167905857,-0.09365975197834514,1.457627043560806,-0.4939296651120285,-0.9355775125308889,-0.8618503338799137,0,904.15
13184,-0.8239177635187694,0.9382131830793241,-0.015816125189387718,-0.38779804866742495,1.0102293690610382,0.9382131830793241,-0.17071858729816403,-0.155469833748033,0.1009919525133843,0.17109020734400196,-0.26951126803188663,1.5683761805409124,-0.8285792367599296,0,196.85
17394,0.33658047014264547,-0.4242629202453546,-0.23137462752759766,-0.3140948311999734,-0.6633776344678488,-0.4242629202453546,-0.8841755974586852,0.08753673348807607,-0.3833491602196544,-0.8261751829853697,6.4020604998805934,-1.080769433941451,-1.067450603885795,0,0.0
15376,-0.9934287414693131,-0.25395340732976973,-0.09992988344864141,0.20661282263384065,0.6131022834779125,-0.25395340732976973,1.5632158677231025,0.1757804157359986,0.034089963576683285,-0.009719786767604714,-0.5410188408508065,-0.36186743401422106,1.0567226717781402,0,244.34
18114,1.2623711958725383,-0.4242629202453546,-0.22861604707062286,-0.2844148240997318,-0.3229829896823125,-0.4242629202453546,0.3789941910222374,-0.556123066437947,0.8300136993467019,-0.8261751829853697,-0.5410188408508065,-0.5500119107762523,-0.26207389878665505,0,0.0
13736,0.8711920159866681,-0.4242629202453546,-0.20525734638041665,-0.03309483791450649,0.31525696929056823,-0.4242629202453546,2.9053337679840827,0.0425497582244293,-0.6879572290404083,-0.37938902447171136,-0.49613144846051027,0.9406936198638849,0.13927643985533655,0,372.27
17277,0.4408949181122109,-0.25395340732976973,-0.08495060460248069,0.28719504770298104,0.23015830809418414,-0.25395340732976973,0.7211026754024873,-0.002437217039217469,-0.5086302013641629,0.8550990635953897,-0.5410188408508065,0.05101075711294846,-0.5413202991234493,0,0.0
14438,1.471000091811669,-0.4242629202453546,-0.2436072236759942,-0.4457072841269229,-0.592462083470862,-0.4242629202453546,-0.621015224858493,-0.4626885793519114,-0.7262801990900174,-0.8261751829853697,-0.10647455943353107,-0.059123096259636826,0.20813710590590068,0,0.0
14437,2.240319145587214,-0.4242629202453546,-0.25531801809901106,-0.571705589068799,-0.6491945242684515,-0.4242629202453546,-0.8315435229386468,-0.5388203836442367,-0.7262801990900174,-0.8261751829853697,-0.5410188408508065,-1.3226823162124386,3.2818696131332104,0,0.0
15805,-1.1368611074274655,1.2788322089104938,0.3371054065951144,-0.09698839714172806,1.407356454644164,1.2788322089104938,-0.15689602227269955,-0.03137988643960564,0.3571244473185012,0.2675209955140108,-0.21982522808212432,0.008393307702061007,-0.17184327979105513,1,1939.68
16126,-1.202057637408444,-0.08364389441418492,0.3639943424110979,1.5725819643614742,-0.13860255709014693,-0.08364389441418492,0.18600991778209622,0.5039546327233705,0.21204806490722844,-0.3721334323006718,-0.5410188408508065,-0.011956699244099821,-0.8267173389307677,1,2581.07
15246,0.5843272840703633,-0.25395340732976973,-0.1786369599866155,-0.2167981720645233,-0.26625054888472305,-0.25395340732976973,-0.2262746659582047,-0.3190763121641159,0.5378416271453783,-0.6745482869578243,-0.27793086633618,-0.16499166790403383,-0.012104282730651193,0,0.0
16748,0.3105018581502541,-0.08364389441418492,-0.11132113805285895,-0.13208305629627345,-0.3371660998817098,-0.08364389441418492,-0.4982070509784033,-0.1789245815350625,-0.5734302155189962,-0.8261751829853697,-0.5410188408508065,-0.13311341409669883,-0.6152294948624865,0,605.7
15047,0.9885457699524292,-0.4242629202453546,-0.20762160110355404,-0.058532231553715376,-0.4080816508786965,-0.4242629202453546,0.06320174390200677,0.021786538871976947,-0.4686307910958788,1.2802083864488591,-0.5410188408508065,0.079923816068145,-0.5008674375707004,0,0.0
14818,-0.31538482966713816,-0.25395340732976973,-0.1964020141679467,-0.3123666976996821,-0.3938985406792992,-0.25395340732976973,-0.43680296403835844,-0.3969383847358123,-0.7262801990900174,-0.8261751829853697,-0.4859827179688991,-0.4473724160619841,2.72012728744625,0,248.17
14937,-0.8239177635187694,-0.4242629202453546,-0.13692511587409642,0.7021025283522921,-0.5357296426732727,-0.4242629202453546,-0.41048692677833926,-0.15124028906512602,-0.7262801990900174,-0.10771610121705748,-0.1848476836105747,-0.3420045128580095,3.05706273583561,0,862.3199999999999
12474,-0.7326426215453997,1.4491417218260785,0.39623387051208253,-0.09313452366801436,1.32225779344778,1.4491417218260785,-0.12539652312813093,-0.030121509509153946,-0.6489893819973961,0.9885550156465506,-0.4287508654564817,-0.5722036393424877,-0.172676287924857,1,3427.71
18204,-1.0977431894388785,-0.25395340732976973,-0.03506160055249655,0.555576923367273,0.8825813772664621,-0.25395340732976973,2.4053290600437176,0.8229007522207638,0.22256462990612125,0.9826810148162486,-0.20414562471637834,0.011308600302682832,-0.532122739803354,0,616.48
16738,1.353646337845908,-0.4242629202453546,-0.2653886214308507,-0.6800568164680175,-0.7059269650660409,-0.4242629202453546,-1.0420718210188007,-0.7360709674925341,-0.7262801990900174,6.816860953540393,-0.5410188408508065,-1.3226823162124386,-1.067450603885795,0,0.0
12377,1.58835384577743,-0.25395340732976973,0.010702280411179618,0.801767370432586,0.30107385909117085,-0.25395340732976973,0.9316309734826411,0.8869206785574917,0.24475091101315527,0.2380438501021114,-0.3551415449537012,-0.5006239718758471,0.7937776958473967,0,0.0
17865,-1.12382180143127,1.4491417218260785,0.9266971645971143,0.3824770750153401,1.3364409036471774,1.4491417218260785,0.045657719061994013,0.2723870613342145,-0.4392273155397239,-0.6004132090210101,-0.4913584772983572,0.8578556714551825,-0.026972325937601318,1,3508.98
15205,-0.8630356815073564,-0.4242629202453546,-0.18507024835978225,0.18410136931258528,-0.37971543047990186,-0.4242629202453546,0.16846589294208367,-0.0681874116553166,-0.49172040047009347,-0.25715972759758216,-0.5410188408508065,-0.6371388940539483,-0.19632617701412955,0,176.94
15665,-0.32842413566333384,-0.25395340732976973,0.11167856283164529,1.344977334024162,0.5847360630791179,-0.25395340732976973,1.9316403893633713,2.115411156910923,-0.4387028718132416,-0.26693115303361503,-0.17166998763927346,1.1105240630386255,-0.36307703901009597,1,0.0
17522,-0.719603315549204,0.08666561850139992,-0.11097270367597675,-0.2698536992361659,0.045777875502018596,0.08666561850139992,-0.21311664732819507,0.0598524410181396,0.013915492545638885,0.10674021718140839,1.6189823551621518,-0.35228632337814403,-0.31621094300023417,0,158.45999999999998
14808,-0.64136747957203,0.4272846443325696,0.045664695691507155,-0.12799283556013424,1.3506240138465746,0.4272846443325696,0.5281184021623461,-0.03069826560227769,-0.3862255677143965,-0.03012109802805621,-0.22680000728968125,-0.17050569501606516,-0.30099116936554593,1,884.78
17651,-0.4979351136138776,0.08666561850139992,-0.07090105065463491,-0.1620693727735509,0.017411655103223903,0.08666561850139992,-0.17364259143816624,-0.15643109390323912,-0.6620142885325125,-0.5891632349532825,-0.5410188408508065,-0.15204060400353944,-0.6020243544099327,0,2796.99
15100,1.8230613537089524,-0.08364389441418492,-0.11713404326718664,-0.15293038106169277,-0.7059269650660409,-0.08364389441418492,-1.0420718210188007,-0.6541716022689721,-0.7262801990900174,-0.8261751829853697,-0.5410188408508065,-1.3226823162124386,-1.067450603885795,0,0.0
18263,-0.4979351136138776,-0.25395340732976973,-0.12811397533869445,0.05499425278288351,-0.08187011629255754,-0.25395340732976973,0.089517781162026,1.0668685796120787,-0.10035825480431347,0.5189388918185236,-0.5410188408508065,-1.0300887745484502,-0.632888158451314,0,401.76
17682,-1.0195073534617045,0.25697513141698475,0.05680269799252739,0.007758603774920427,-0.16696877748894162,0.25697513141698475,-0.15785296908215465,-0.06195844584958085,-0.6263962279853021,-0.6257786264797327,0.2640993861117252,0.9723360551261816,-0.44388993596119475,1,574.98
16418,0.4278556121160152,-0.4242629202453546,-0.24122597215398453,-0.42008701921784186,-0.46481409167628596,-0.4242629202453546,-0.14732655417814702,-0.4453858965582011,0.7135894195436061,0.2738437250198452,-0.14819867280928334,-0.21891064767724663,-0.702986044652732,0,485.21
14055,-1.1368611074274655,-0.4242629202453546,-0.1426904300515816,0.6400725936116766,-0.5782789732714647,-0.4242629202453546,-0.5683831503384545,0.0010233195195245904,-0.7262801990900174,-0.47859209425631705,0.19198389586678202,2.5562178163854195,-0.47743874006515613,0,0.0
17870,-0.9151929054921392,0.4272846443325696,-0.16377835841244812,-0.5035647060599571,0.11669342649900534,0.4272846443325696,-0.533295100658429,-0.5220944569436501,-0.35730218155962634,0.10790732903712787,-0.5410188408508065,2.0558836059287375,-0.6868794246078767,0,1264.32
13895,-0.6544067855682256,-0.25395340732976973,-0.10671500555846483,0.17011171716736967,-0.16696877748894162,-0.25395340732976973,0.089517781162026,0.00794439263700871,-0.16104426186142584,-0.393181244172271,0.456305518157776,0.3492975501263968,0.5256561046691304,0,1655.77
14276,-0.17195246370898576,-0.25395340732976973,-0.1435810623124903,-0.028212175008921432,-0.1953349978877363,-0.25395340732976973,0.036885706641987544,0.13944478186920697,-0.7262801990900174,0.11594254178349096,0.66577601537471,-0.7384093127624818,-0.33134843000300435,0,399.34
12600,-1.0586252714502915,0.7679036701637393,0.06312720685291139,-0.2442380061088317,-0.35134921008110714,0.7679036701637393,-0.7723324391036036,-0.5111360911743003,-0.5677949999775986,0.0803046264898007,-0.24599581926284664,-1.1852179300006984,1.003572150917488,1,662.48
17548,0.5191307540893849,-0.4242629202453546,-0.2484683081534729,-0.49800846731034315,-0.6491945242684515,-0.4242629202453546,-0.8315435229386468,-0.5457414567617208,-0.7262801990900174,2.8362671089606635,-0.5410188408508065,0.32363671802284355,-1.067450603885795,0,0.0
13900,-0.14587385171659442,-0.08364389441418492,-0.140088220144232,-0.23525293104911593,-0.12441944689074957,-0.08364389441418492,-0.34031082741828794,-0.2504423370823984,-0.4247191434650229,0.22597366096581145,0.036567209536860774,0.818304317398622,-0.4536226064225867,0,0.0
18282,-0.8760749875035521,-0.4242629202453546,-0.24899350923862706,-0.503659189549391,-0.6208283038696568,-0.4242629202453546,-0.7262793738985699,-0.4869123352631058,0.22030507442430855,0.5238072500702734,-0.5410188408508065,-1.3226823162124386,0.9299292307029923,0,77.84
16384,0.9103099339752551,-0.4242629202453546,-0.19649209720196995,0.06121187595853493,-0.37971543047990186,-0.4242629202453546,0.16846589294208367,-0.054345265420348364,-0.4686487852578369,0.1658688621124499,-0.2608116019413045,0.25214531731471485,0.08630493844456097,0,175.4
15023,-1.0064680474655088,0.7679036701637393,0.5885679468711775,0.46242458438529943,3.1235127887712433,0.7679036701637393,1.6553219981331697,0.2021670069964068,0.2951350126335058,-0.1318221843711705,0.0063095984700277455,0.2462093719889843,-0.022825245006824924,1,1692.44
17243,-1.0455859654540958,1.960070260572833,0.3984247578867224,-0.2103190429729548,0.9534969282634489,1.960070260572833,-0.3543460472902982,-0.42854461863898974,0.09836052803199896,-0.2942886719636619,-0.10464871765537649,0.249876626170474,0.10420198564528121,1,4630.78
15596,0.2713839401616671,0.08666561850139992,-0.029823187140052696,-0.0515785515168288,0.003228544903826554,0.08666561850139992,-0.10785249828811817,-0.26284259308455743,0.2581502911313359,-0.8261751829853697,-0.5410188408508065,-0.1467301751387805,2.1124144434854704,0,0.0
17370,-0.31538482966713816,-0.4242629202453546,-0.24721054503692247,-0.48447599333980784,-0.6066451936702594,-0.4242629202453546,-0.6736472993785315,-0.47653072558687964,-0.7262801990900174,-0.8261751829853697,-0.5410188408508065,-1.3226823162124386,-1.067450603885795,0,335.48
18095,1.549235927788843,-0.25395340732976973,-0.16743606952976772,-0.15654208864166666,-0.43644787127749124,-0.25395340732976973,-0.5420671130784354,-0.021470168112298797,-0.3628735569083255,0.5731704556648078,-0.5410188408508065,-0.9239441583266594,-0.7007303291667455,0,0.0
15529,-0.6674460915644214,0.7679036701637393,0.13972668033071992,-0.14121976211725823,3.2511607805658196,0.7679036701637393,1.4316356814230065,0.12949573926282354,-0.12727784657940525,0.8837213537682372,0.011169496544961239,-0.3956444217047314,-0.5969768893322543,1,1575.37
14895,-1.0847038834426828,1.108522695994909,0.7676700153081845,0.42525554160562073,1.8753990912242766,1.108522695994909,0.4158366431862643,0.09307359198206336,0.11039685078294344,-0.30709754761133856,-0.18470160436606234,-0.4219094571983708,1.0408929281157964,1,5057.0
15007,-0.44577788962909487,-0.4242629202453546,-0.23935632427803116,-0.399971179531911,-0.54991275287267,-0.4242629202453546,-0.4631190012983777,-0.5076755546155581,-0.7262801990900174,0.6205023599042809,-0.5410188408508065,-0.3092953613903633,1.0407104760849648,0,0.0
16185,0.5060914480931892,-0.4242629202453546,-0.20908672516634655,-0.0742957350166903,-0.45063098147688857,-0.4242629202453546,-0.09469447965810857,-0.21699048368122514,0.523801766952811,-0.2033247754416288,-0.5410188408508065,-0.43343824255787966,1.2392607429487543,0,194.41
17604,0.3105018581502541,-0.25395340732976973,-0.21344470439720506,-0.4040492088500588,0.08832720610021064,-0.25395340732976973,0.563206451842372,-0.45403723795505624,-0.42760536504693986,-0.5062329862954016,0.1160865781319404,1.1278348645810023,-0.03119389539737894,0,0.0
13126,0.7799168740132983,0.25697513141698475,-0.08289909097859367,-0.29285616191702785,0.14505964689780004,0.25697513141698475,-0.39996051187433157,-0.011434612091946805,0.9915007221495781,-0.5984631858231889,-0.5410188408508065,0.8882447508595671,0.09025347913959637,0,1022.22
16212,1.1710960538991686,-0.4242629202453546,-0.18135644780618398,0.2240587417796388,-0.29461676928351777,-0.4242629202453546,0.48425834006231433,-0.22391155679870928,-0.2777372618917042,-0.5546069011094172,-0.2694807858539279,0.11344282929573404,-0.009570256642587153,0,192.19
12465,-0.31538482966713816,-0.4242629202453546,-0.1910803164410286,0.11943808828581114,-0.35134921008110714,-0.4242629202453546,0.27373004198216055,0.27094517110140526,-0.40916970380947615,0.48839791220697815,-0.3243741321264955,-0.9987053686942645,1.286026243283833,0,301.25
18118,-0.602249561583443,2.4709987993195877,0.4247341028611604,-0.27402570406799803,4.314894045520621,2.4709987993195877,1.4404076938430121,-0.3506056452548769,-0.20959004431023273,-0.44589085225037267,-0.08258850621434065,0.10711266493668066,0.16530797968413957,1,1561.02
14209,-0.9412715174845304,0.25697513141698475,0.05289003489212322,-0.0006607894899909731,0.045777875502018596,0.25697513141698475,-0.24206428831421625,-0.29173807335005364,0.8487797315302974,-0.7569274417453227,1.5716167734184332,-0.27298603132276617,-0.8746926927567261,1,197.1
13940,-1.0064680474655088,-0.25395340732976973,-0.19955831971853344,-0.32934629510730645,-0.3655323202805045,-0.25395340732976973,-0.38417088951832,-0.3311881901197131,0.41646855642238384,0.5517055709272427,-0.5410188408508065,1.2870415168956888,-1.067450603885795,0,448.08
15746,-0.7717605395339867,-0.4242629202453546,-0.2325627037687716,-0.32687753296403316,-0.3229829896823125,-0.4242629202453546,0.3789941910222374,-0.13047706971267367,-0.36225151282860607,-0.7291232206666256,-0.5410188408508065,0.3588464939277262,-0.4997642772001494,0,0.0
17816,0.9885457699524292,-0.25395340732976973,-0.26240398354887423,-0.6674295552833491,-0.5640958630720674,-0.25395340732976973,-0.8052274856786276,-0.7083866750225976,-0.03385497169328688,-0.22004045418534474,-0.5410188408508065,-1.1497711766007888,0.3706319470624117,0,15.25
17690,-1.202057637408444,1.2788322089104938,0.3281022022324555,-0.10579448001911437,1.32225779344778,1.2788322089104938,-0.20952809679273798,-0.35320978640261713,0.4022265160455895,-0.38712254827350323,-0.19165229798467365,-0.5230207422149995,1.334776811673773,1,1231.27
12997,0.5582486720779719,-0.25395340732976973,-0.16260557929025918,-0.13055608119284146,-0.29461676928351777,-0.25395340732976973,-0.2262746659582047,-0.22737209335745134,-0.5495994233299635,0.006623962168307043,1.4917645530958097,0.7867649919029646,-0.7632860258233152,0,618.42
14016,-0.41969927763670356,0.08666561850139992,0.4718407309357485,1.2977919746154136,1.4640888954417535,0.08666561850139992,1.0237371038927083,1.0919574696629588,0.41334117722144853,0.3643624542727794,-0.31065532808269747,0.39240366316619774,-0.5978051148230573,1,0.0
16705,-0.64136747957203,0.9382131830793241,1.126764784443107,0.9781141997762484,0.428721850885747,0.9382131830793241,-0.28183074461824525,0.5950820954369115,1.188481757782752,-0.2665858081942014,0.1469096251912556,-0.5827436697962536,0.5382733732252232,1,5840.56
16293,0.1801087981882974,0.08666561850139992,-0.07400636580860469,-0.17042201802495902,0.102510316299608,0.08666561850139992,-0.29206475910825275,-0.3026387635100911,0.2134928709585712,-0.08199158762906363,0.704741129266182,0.13534390278901773,-0.09782236927954086,0,1119.25
13592,0.15403018619590605,-0.08364389441418492,-0.23109588002609188,-0.5616415735168377,-0.54991275287267,-0.08364389441418492,-0.8666315726186725,-0.6645532119451982,-0.21342432152325633,-0.8261751829853697,0.19973505798380592,-0.9751216251544272,0.8073610516555002,0,42.45
16271,-0.8891142934997478,-0.08364389441418492,-0.11842070094181997,-0.15754483277146536,0.003228544903826554,-0.08364389441418492,0.2210979674621221,0.028707611989461066,-0.6736886968701618,-0.5502644211737298,-0.12565876317286562,0.13697016554755004,0.3351610604963279,0,536.21
13546,0.0888336562149277,-0.4242629202453546,-0.23504763576390234,-0.353613312619334,-0.35134921008110714,-0.4242629202453546,0.27373004198216055,-0.3761751653833599,-0.7262801990900174,0.3773534964741348,-0.5410188408508065,0.21567000893799115,1.307965572239335,0,438.83
17422,-0.6674460915644214,0.08666561850139992,-0.04571689376554335,-0.09432928263117869,0.3719894100881576,0.08666561850139992,0.023727688011977933,0.4266693162447979,-0.13973837962336824,0.06114299645297692,-0.18608390678505368,0.7692872880762475,-0.8285175749850642,0,683.19
14608,2.201201227598627,-0.4242629202453546,-0.23135253168906364,-0.3138570985491397,-0.7059269650660409,-0.4242629202453546,-1.0420718210188007,-0.5803468223491414,-0.7262801990900174,-0.8261751829853697,-0.5410188408508065,-1.3226823162124386,4.941478643311516,0,1581.15
12849,0.9755064639562334,-0.4242629202453546,-0.15234291213116258,0.5362199994513113,-0.2520674386853257,-0.4242629202453546,0.6947866381424681,0.9457498000561068,-0.48991103246354245,-0.3759462470817813,-0.5410188408508065,2.965571854649085,-1.067450603885795,0,341.44
12688,-1.0455859654540958,-0.4242629202453546,0.5623656817296351,8.225883749065117,1.7052017688315084,-0.4242629202453546,7.905380847387735,9.732052122702196,-0.10578174297430389,0.06759622288631863,-0.5214187091540652,-0.7261646644953785,0.9038484542712227,1,0.0
16976,0.9624671579600378,-0.4242629202453546,-0.22327565286494522,-0.22695667110591833,-0.6917438548666435,-0.4242629202453546,-0.9894397464987621,-0.44192535999945903,-0.7262801990900174,-0.8261751829853697,-0.5410188408508065,-1.3226823162124386,0.755869530282855,0,0.0
16728,-0.3545027476557252,-0.08364389441418492,-0.17283085349183677,-0.35268066914298624,0.8825813772664621,-0.08364389441418492,1.3965476317429808,-0.3773286775696072,-0.5750658939821779,-0.7454668624541304,-0.05305963551804629,-0.10198929165552097,0.5846186343462175,0,499.97
18233,1.718746905739387,-0.4242629202453546,-0.19124008635042827,0.11771909834901341,-0.7059269650660409,-0.4242629202453546,-1.0420718210188007,-0.732610430933792,-0.7262801990900174,-0.8261751829853697,-0.5410188408508065,-1.3226823162124386,-1.067450603885795,0,0.0
17289,-0.17195246370898576,-0.4242629202453546,-0.23807476564305952,-0.3861826857835548,-0.29461676928351777,-0.4242629202453546,0.5895224891023912,-0.28966175141480843,0.4628142884855693,-0.38232601847444836,0.8554400958911486,-0.009665884663140454,-0.12436477919645107,0,766.57
13899,1.0537422999334074,-0.4242629202453546,-0.21529055675473718,-0.14104374852000634,-0.507363422274478,-0.4242629202453546,-0.30522277773826234,-0.324267117002229,-0.7262801990900174,1.2554959657568228,-0.5410188408508065,-1.3226823162124386,0.5148001124616378,0,90.02
16153,-1.0195073534617045,0.08666561850139992,-0.0920569662109906,-0.21897434017600126,-0.010954565295570795,0.08666561850139992,-0.35785485225830077,-0.28793148313543737,-0.29791240943960823,-0.7500091625146875,-0.5410188408508065,0.011364157616523447,1.9492251427116398,0,800.69
13962,0.675602426043733,-0.4242629202453546,-0.24603776591473356,-0.47185787571863297,-0.6208283038696568,-0.4242629202453546,-0.7262793738985699,-0.6426364804064985,-0.7262801990900174,-0.8261751829853697,-0.5410188408508065,1.0658405498643204,-0.3035603637021236,0,51.95
15974,-0.7847998455301823,0.25697513141698475,0.16690456172753262,0.2446793061704167,0.6982009446742966,0.25697513141698475,0.21057155255811444,0.3097031805593163,-0.16242600162323434,-0.4036841880134497,0.3870077518646509,0.688857843748511,-0.1996564105852838,1,895.02
15955,-1.1368611074274655,0.7679036701637393,0.15271563402893396,-0.12375098406272599,0.24434141829358147,0.7679036701637393,-0.5091720665034113,-0.2693310991321988,0.056323929684109326,-0.6285572575914662,-0.07820388497825159,-0.007392455505618084,0.48545876327190024,1,1952.61
12662,-1.12382180143127,0.5975941572481545,0.1850112515661971,0.00634004521005543,0.6414685038767072,0.5975941572481545,0.08575834726773746,-0.054345265420348364,-0.5647619514540871,0.2464063298091074,-0.33165257663374564,-0.7126821511155046,0.5429630856276525,1,1196.12
16072,1.2362925838801468,-0.4242629202453546,-0.1667103062179204,0.38163891502842623,-0.3938985406792992,-0.4242629202453546,0.11583381842204521,-0.26197745894487195,0.09142206167060138,-0.5734652669159598,-0.5410188408508065,-0.7371921716071393,0.07557459776053096,0,0.0
16349,1.2623711958725383,-0.4242629202453546,-0.25693271399187984,-0.5890783597066483,-0.592462083470862,-0.4242629202453546,-0.621015224858493,-0.7153077481400817,-0.7262801990900174,-0.8261751829853697,-0.5410188408508065,-0.8797722345497662,-0.7810436958418113,0,0.0
14552,-0.5500923375986603,-0.4242629202453546,-0.23811385828046583,-0.3866032897042606,0.08832720610021064,-0.4242629202453546,1.9053243521033523,-0.4350042868819749,-0.23508639774320889,-0.2769861292099227,0.05231853719203707,0.39743435720635456,0.6267000729211435,0,0.0
13167,-0.8239177635187694,-0.25395340732976973,-0.19505586769726033,-0.30512499541274696,-0.2520674386853257,-0.25395340732976973,-0.14732655417814702,0.026977343710090036,-0.499104267443818,0.8431935049589464,0.05856921964571855,-0.7504371180031488,0.23334478505963616,0,373.78
13956,-0.719603315549204,-0.08364389441418492,-0.15111574325258226,-0.2748018910134551,0.6272853936773098,-0.08364389441418492,0.800050787182545,-0.3069644342085187,-0.2393631654464395,0.2404606083989624,-0.48449965327265826,1.1942334804512005,-0.4177357400845271,0,343.2
17501,0.34961977613884115,-0.25395340732976973,-0.21697323984309522,-0.42303124666278263,-0.46481409167628596,-0.25395340732976973,-0.621015224858493,-0.4696096524693955,-0.32455908842258996,-0.1031852781788794,-0.5410188408508065,-0.5978741035620552,2.074432360085356,0,0.0
12808,-0.11979523972420307,-0.25395340732976973,-0.21820550776133718,-0.4296603301956462,-0.4931803120750806,-0.25395340732976973,-0.6736472993785315,-0.5595836029966891,-0.7262801990900174,-0.06553892273045159,-0.5410188408508065,-1.3226823162124386,-0.4267259640566878,0,202.3
14081,1.4188428678268863,-0.25395340732976973,-0.10938010362164195,0.15577460960939718,1.0669618098586278,-0.25395340732976973,2.852701693464044,0.27786624421888934,-0.5901910912532666,0.29297124029553917,-0.14598215127516967,0.08188381323374813,1.0918310828037356,0,0.0
15491,-0.18499176970518144,0.08666561850139992,0.14358835303450715,0.41486205298243983,0.6840178344748993,0.08666561850139992,0.6026805077324008,0.3046854025491403,0.033527021544241906,-0.505287863209575,0.3180313605094153,0.9376263335551185,-0.16529463375324868,1,299.16
14524,-0.19803107570137712,0.25697513141698475,-0.09115103683109686,-0.31061296222160867,0.8825813772664621,0.25697513141698475,0.33688853140620667,-0.45853593548142085,0.165968548840305,-0.2549179017945184,-0.4533714334383412,0.10373905681715322,0.46767730598213164,0,814.96
15865,0.25834463416547143,-0.4242629202453546,-0.2126679506887408,-0.1128267115787415,-0.4931803120750806,-0.4242629202453546,-0.2525907032182239,-0.13047706971267367,1.9940614408516872,0.0634388724685573,-0.5410188408508065,-1.3226823162124386,-0.11997187379861984,0,581.2
13320,-1.1368611074274655,-0.08364389441418492,-0.0992619092529599,-0.08883400097152214,0.11669342649900534,-0.08364389441418492,0.1333778432620578,0.1613615134079066,-0.599522339995568,-0.2629671998321184,-0.5410188408508065,0.7362715145793463,-0.32088945091901955,0,551.05
14865,2.3185549815643878,-0.4242629202453546,-0.25970319220806526,-0.6188863766958005,-0.6775607446672461,-0.4242629202453546,-0.9368076719787237,-0.41424106752952256,-0.7262801990900174,1.2448410604603202,3.156812818435562,0.06709418636544873,-1.067450603885795,0,15.0
14090,1.7057075997431914,-0.4242629202453546,-0.2530540444892203,-0.5473471359218354,-0.7059269650660409,-0.4242629202453546,-1.0420718210188007,-0.497293944939332,-0.7262801990900174,-0.8261751829853697,-0.5410188408508065,-1.3226823162124386,4.941478643311516,0,0.0
17736,-1.0455859654540958,-0.4242629202453546,-0.21376254453611715,-0.12460362135850465,-0.3938985406792992,-0.4242629202453546,0.11583381842204521,-0.009358290156701587,-0.7262801990900174,0.563784102697158,-0.5410188408508065,-0.11476847309387843,-1.067450603885795,0,69.95
16804,1.001585075948625,-0.4242629202453546,-0.24596128031980818,-0.47103495500420856,-0.45063098147688857,-0.4242629202453546,-0.09469447965810857,-0.6287943341715302,0.327243506547588,-0.8261751829853697,-0.5410188408508065,0.01468983151780427,0.6657475398420191,0,418.94
13355,-0.9282322114883348,-0.4242629202453546,-0.15134859939713283,0.5469179687388294,-0.26625054888472305,-0.4242629202453546,0.5895224891023912,0.3401559022762464,-0.3826112720450503,-0.13969528099417217,-0.5410188408508065,0.39846611099214496,-0.28327064210170866,0,0.0
18170,-1.0586252714502915,-0.25395340732976973,-0.1546102851007278,-0.08754475851892386,-0.3371660998817098,-0.25395340732976973,-0.30522277773826234,-0.31561577560537385,-0.03811494030429423,-0.7072464578819194,0.8230117539767989,0.5032482636300043,-1.067450603885795,0,324.8
18048,0.12795157420351472,-0.25395340732976973,-0.23674221661147096,-0.5293800336569018,-0.6350114140690541,-0.25395340732976973,-0.9104916347187044,-0.5267085056886395,-0.31029570926967553,-0.8261751829853697,0.45700293729543556,0.6027901497771234,1.5943491531871559,0,0.0
18269,2.2533584515834097,-0.4242629202453546,-0.23736939848985897,-0.37859352808386265,-0.6208283038696568,-0.4242629202453546,-0.7262793738985699,-0.4834517987043637,-0.7262801990900174,0.0986049901173909,1.2539428613793022,-0.32408143439666415,-0.40454381860779975,0,0.0
14704,-0.6674460915644214,-0.25395340732976973,-0.23075764372853302,-0.4971855465959187,0.07414409590081329,-0.25395340732976973,0.5105743773223336,-0.5716954809522863,1.3711626558620393,-0.4854615238872336,0.3060667729873239,0.14083077480596373,-0.08401331600714138,0,1286.46
14114,1.0407029939372119,-0.25395340732976973,-0.20032827470744877,-0.3334883293699095,-0.507363422274478,-0.25395340732976973,-0.6999633366385507,-0.5716954809522863,-0.7262801990900174,-0.8261751829853697,-0.5410188408508065,2.0061924042113173,-1.067450603885795,0,0.0
13520,-0.7326426215453997,0.25697513141698475,0.23503623000715967,0.39128720322687827,-0.15278566728954426,0.25697513141698475,-0.3368020224502854,0.16159221584515607,-0.7262801990900174,0.7576136877263909,-0.33570500358189964,-1.2899921254601208,-0.16345528467331505,1,676.37
16572,-0.8630356815073564,-0.08364389441418492,-0.09442631997378965,-0.0714917088786514,-0.15278566728954426,-0.08364389441418492,-0.09469447965810857,-0.13278409408516834,0.18265071009356107,-0.31517583748666833,0.05773003736737215,0.5954311735509117,0.4829912234665223,0,0.0
13848,1.353646337845908,-0.25395340732976973,-0.10710593193252779,0.16800869756384057,-0.6775607446672461,-0.25395340732976973,-0.9894397464987621,3.9252717771330206,-0.7262801990900174,-0.8261751829853697,-0.5410188408508065,-1.3226823162124386,-1.067450603885795,0,320.0
13109,-0.47185650162148624,-0.4242629202453546,-0.20316334075934891,-0.010565097466263837,-0.37971543047990186,-0.4242629202453546,0.16846589294208367,0.1532869281041752,-0.14493667265108282,0.25874950855877626,0.5623817321351159,-0.6375491898304139,0.4427020891708228,0,416.69
15407,-0.13283454572039874,-0.08364389441418492,-0.14012561310175106,-0.23538703664702212,0.15924275709719737,-0.08364389441418492,-0.00697435545804443,-0.366947067893381,0.2588272520063951,-0.6151670032276287,-0.5410188408508065,0.19759109993926954,-0.8528836515706885,0,306.01
15976,-0.3675420536519209,-0.25395340732976973,-0.19334089069104496,-0.2958991398476996,0.4570880712845417,-0.25395340732976973,1.4316356814230065,-0.2706288003417271,0.01639197302099228,-0.058547266832106766,0.3653782337180121,0.43255373695343174,-0.3422592315916852,0,0.0
17941,-0.8239177635187694,-0.4242629202453546,-0.21426055074307562,-0.12996174956575715,-0.6917438548666435,-0.4242629202453546,-0.9894397464987621,0.12560263563423874,-0.7262801990900174,6.816860953540393,-0.5410188408508065,-1.3226823162124386,-1.067450603885795,0,0.0
16805,-0.2632276056823555,-0.25395340732976973,-0.18774044546262106,-0.26577109813627137,0.6131022834779125,-0.25395340732976973,1.4842677559430448,0.18616202541222476,0.001553147101335963,0.35050623094250893,-0.0887164139640548,0.16040120177527376,-0.7093336064790641,0,0.0
17653,-0.9543108234807262,-0.4242629202453546,-0.2382804269094144,-0.3883954281490071,-0.6633776344678488,-0.4242629202453546,-0.8841755974586852,0.2813267807776314,0.6339033997829501,-0.8261751829853697,-0.5410188408508065,2.7278676240444226,-1.067450603885795,0,1044.32
17051,0.010597820237753656,-0.4242629202453546,-0.22508241258507106,-0.24639588709332247,-0.15278566728954426,-0.4242629202453546,1.1158432343027758,-0.1270165331539316,-0.6694010779897774,-0.6691199757297657,-0.26025442120554254,0.07046165948892885,1.752049054924085,0,0.0
16036,0.9103099339752551,-0.4242629202453546,-0.23394794287686432,-0.3417815414586092,-0.5640958630720674,-0.4242629202453546,-0.5157510758184162,-0.3069644342085187,-0.13618053972828026,-0.8261751829853697,2.6514248577529336,1.188084912775962,-0.7968211406251737,0,570.19
15410,-0.8369570695149651,0.4272846443325696,0.1933413826935129,0.13682000248715412,-0.11023633669135223,0.4272846443325696,-0.2876787528982495,-0.20603211791187534,0.09412039037615308,-0.24927183486989346,-0.5410188408508065,-0.12459562462854266,0.5283450230963634,1,748.1700000000001
17648,-0.01548079175463769,-0.08364389441418492,-0.07780515035656442,-0.011881770609342894,0.15924275709719737,-0.08364389441418492,0.045657719061994013,-0.41308755534327524,1.1007828008328446,-0.5396105035241595,-0.5410188408508065,-0.6029387532143817,0.6757189395109627,0,690.11
18224,0.9103099339752551,-0.4242629202453546,-0.23900958958103619,-0.39624060562652014,-0.5782789732714647,-0.4242629202453546,-0.5683831503384545,-0.5076755546155581,-0.20907561342772626,0.024921008373585605,1.0311702974604404,-0.7877192579032075,-0.5003921659621736,0,0.0
14527,-1.12382180143127,6.047498570546869,0.6069975758884157,-0.44606833765974735,2.9249492459796804,6.047498570546869,-0.2593384050797673,-0.6334083829165197,0.5029001687711109,-0.6471670747336665,-0.2820587960819344,-0.646217664964867,0.2532644074705893,1,3370.73
12834,1.1580567479029729,-0.4242629202453546,-0.2129314010712615,-0.11566121626175906,-0.46481409167628596,-0.4242629202453546,-0.14732655417814702,-0.36579355570713373,1.419583788668544,-0.39310731815245475,-0.5410188408508065,1.5732493268954664,-1.067450603885795,0,0.0
15071,1.0667816059296031,-0.4242629202453546,-0.1659709454669752,0.3895938152678628,-0.54991275287267,-0.4242629202453546,-0.4631190012983777,-0.17546404497632045,4.062512726564601,-0.5691005647727723,-0.20348368336191264,-0.2402830885193269,-0.8600314347366125,0,393.4
13362,0.675602426043733,-0.25395340732976973,0.002783471816573606,0.7591675081158806,0.5847360630791179,-0.25395340732976973,1.3526875696429488,0.5114524619339784,0.6487753917160012,0.04815416759301985,-0.4656373478058488,0.5170074386111818,0.11896270900098703,0,1509.21
14586,1.0798209119257989,-0.4242629202453546,-0.22568239958526332,-0.25285124291980754,-0.45063098147688857,-0.4242629202453546,-0.09469447965810857,0.7900256549127141,-0.7262801990900174,0.9821872598326562,-0.5410188408508065,0.28510885750982456,-0.7332836588950448,0,0.0
15412,-0.28930621767474685,-0.4242629202453546,-0.23364200049716288,-0.3384898586009114,-0.5782789732714647,-0.4242629202453546,-0.5683831503384545,-0.3727146288246178,-0.7262801990900174,-0.7680090023420991,-0.3043690007614153,3.7632830490088054,-0.6814258624503516,0,0.0
17406,1.8230613537089524,-0.08364389441418492,0.10525547253780194,0.6446443753584787,0.6840178344748993,-0.08364389441418492,0.8526828617025835,0.1532869281041752,-0.5492369715242893,-0.5627090816493681,-0.14761292462928272,0.6190619844690523,1.0121634405201192,1,0.0
16905,0.5582486720779719,-0.08364389441418492,-0.1262817204202602,-0.1857374868767473,-0.09605322649195489,-0.08364389441418492,-0.11223850449812132,-0.4465394087444485,0.4494126222812457,-0.6342115056650056,0.6431676191446188,0.36387212940820446,-0.3797176960538523,0,2215.42
15703,0.9233492399714508,-0.4242629202453546,-0.23007777177364092,-0.3001417533087323,-0.6491945242684515,-0.4242629202453546,-0.8315435229386468,-0.5180571642917843,0.2903150881602902,1.2986972748288845,-0.5410188408508065,-1.3226823162124386,-0.6412854090491065,0,0.0
16647,-0.31538482966713816,-0.25395340732976973,-0.22964265372250997,-0.4911873689441139,-0.54991275287267,-0.25395340732976973,-0.7262793738985699,-0.4938334083805899,0.4357161893106112,-0.3441561797007877,-0.5410188408508065,-1.3226823162124386,1.5190332830466549,0,0.0
15422,1.6926682937469957,-0.25395340732976973,-0.24942012889032186,-0.5975818737557009,-0.6350114140690541,-0.25395340732976973,-0.9368076719787237,-0.6807023825526611,-0.7262801990900174,-0.8261751829853697,-0.5410188408508065,-1.3226823162124386,4.941478643311516,0,0.0
16791,-0.9282322114883348,0.25697513141698475,-0.13143345015845526,-0.39729394414098346,0.8542151568676675,0.25697513141698475,0.44215268044628353,-0.5145966277330423,-0.10870138831277164,-0.3783278384278097,0.04671537390386586,0.1305505593862682,0.1450043636179447,0,913.91
14829,-0.11979523972420307,-0.08364389441418492,-0.1756659195437369,-0.36284831174787496,-0.2520674386853257,-0.08364389441418492,-0.4982070509784033,-0.3265741413747238,0.7037816400768503,0.35299420910657975,-0.5410188408508065,0.6303715465792394,-0.2824683112803116,0,165.92
13072,0.949427851963842,-0.4242629202453546,-0.23591617218627703,-0.3629580345097982,-0.6208283038696568,-0.4242629202453546,-0.7262793738985699,-0.5076755546155581,-0.7262801990900174,0.7011377113584742,-0.5410188408508065,0.1941244286573176,0.9524858153668149,0,0.0
13258,0.15403018619590605,-0.4242629202453546,-0.2322244674712128,-0.32323839469357835,-0.54991275287267,-0.4242629202453546,-0.41048692677833926,-0.47999126214562166,-0.7262801990900174,-0.8261751829853697,1.8392143038373914,0.5016492235097079,-1.067450603885795,0,473.96
14205,0.9233492399714508,-0.4242629202453546,-0.22814013670219835,-0.279294428543313,-0.5215465324738753,-0.4242629202453546,-0.35785485225830077,-0.3104249707672608,1.7797949934328607,-0.22954517501969834,-0.5410188408508065,0.06591282219239981,0.5015026585048892,0,243.8
16810,-0.01548079175463769,-0.4242629202453546,-0.21341411015923492,-0.1208547603261266,-0.507363422274478,-0.4242629202453546,-0.30522277773826234,-0.35195140947216547,-0.7262801990900174,-0.5743209199093126,-0.5410188408508065,1.0093852743150649,0.44672036361885753,0,0.0
17303,2.1881619216024313,-0.4242629202453546,-0.2235272054882553,-0.22966316590002542,0.03159476530262125,-0.4242629202453546,1.6947960540231983,-0.2481353127099037,0.22916649945350526,-0.30653186863191456,0.7099596010657729,0.9213599133360642,-0.8643812864213206,0,0.0
16768,-1.1759790254160525,-0.25395340732976973,-0.2173318722993008,-0.42496053855993327,-0.15278566728954426,-0.25395340732976973,0.036885706641987544,-0.5941889685841096,-0.7262801990900174,-0.6487651850521214,-0.14755926082853923,-0.4890490096114007,1.3347367907231193,0,191.6
12565,1.2362925838801468,-0.4242629202453546,-0.24122427247409728,-0.42006873209085466,-0.592462083470862,-0.4242629202453546,-0.621015224858493,-0.4696096524693955,-0.7262801990900174,-0.8261751829853697,0.03403047392801953,-0.6467122050750165,1.3267321430443844,0,0.0
12354,0.5060914480931892,-0.4242629202453546,-0.08256255436092207,1.2869979979112132,0.102510316299608,-0.4242629202453546,1.9579564266233906,1.0876317989645312,-0.3819221049022827,-0.43403942122810074,-0.40083422764161836,-0.5763972856026153,1.66351143131671,0,0.0
17630,-0.31538482966713816,-0.25395340732976973,-0.1804301222676435,-0.22644463155027647,-0.37971543047990186,-0.25395340732976973,-0.41048692677833926,-0.4730701890281376,-0.2825914298975239,0.002478059775365601,-0.3133921898621702,-0.6878099140586881,-0.4374437249103822,0,0.0
13065,2.3446335935567792,-0.4242629202453546,-0.23103639123003877,-0.31045569292951863,-0.5215465324738753,-0.4242629202453546,-0.35785485225830077,-0.49037287182184786,-0.5542535993135753,-0.8261751829853697,0.5986639177044693,1.3511879241717382,-0.1727955886978151,0,0.0
15306,-0.5892102555872473,-0.4242629202453546,-0.207451633114831,-0.05670351885499439,-0.4789972018756833,-0.4242629202453546,-0.19995862869818545,0.21557658616153227,-0.7262801990900174,-0.8261751829853697,0.12159070190426223,0.4933420089873093,-1.067450603885795,0,829.73
17624,0.3105018581502541,-0.4242629202453546,-0.19798781550273262,0.045119204209790216,-0.3655323202805045,-0.4242629202453546,0.2210979674621221,0.3332348291587623,-0.7262801990900174,0.20829820666480675,0.3696287858602857,0.6740809970815207,-0.3602793402448624,0,443.18
18161,-0.6935247035568127,-0.08364389441418492,-0.13493649040603695,-0.21677683708303824,-0.37971543047990186,-0.08364389441418492,-0.4631190012983777,-0.3000433610910346,-0.603290143520079,0.10435549826319616,-0.19025079350828858,1.2870382427574438,-0.9435728259244889,0,847.4300000000001
15775,0.675602426043733,-0.4242629202453546,-0.24819635937151602,-0.49508252699238964,-0.6208283038696568,-0.4242629202453546,-0.7262793738985699,-0.5111360911743003,-0.7262801990900174,-0.8261751829853697,0.7484633526353264,0.8497368768944842,0.7655878699970833,0,0.0
15361,2.1881619216024313,-0.4242629202453546,-0.19482301155270976,0.07916983465997501,-0.6208283038696568,-0.4242629202453546,-0.7262793738985699,0.4162877065685717,-0.7262801990900174,-0.8261751829853697,5.820536832947949,-0.37273595510907576,-1.067450603885795,0,0.0
14735,-1.0847038834426828,3.152236850981927,0.3282347772636594,-0.39628964837616776,0.21597519789478678,3.152236850981927,-0.8100122197259038,-0.5386630865279303,0.8716170842962252,-0.009256029872609291,-0.143774094274753,-0.7819866026387038,0.4666497546731611,1,2569.38
13299,0.9755064639562334,-0.4242629202453546,-0.24180556299553008,-0.42632292952048045,-0.6491945242684515,-0.4242629202453546,-0.8315435229386468,-0.6426364804064985,2.2174398385731817,-0.8261751829853697,-0.5410188408508065,-0.6185545535490157,-0.3210783394970762,0,0.0
16358,-0.11979523972420307,-0.4242629202453546,-0.1874752954002131,0.15822508462568324,-0.4080816508786965,-0.4242629202453546,0.06320174390200677,0.018326002313234887,-0.5730252133495508,-0.5532982031029182,-0.29297647054273057,1.442364915987271,0.615673687036399,0,1565.35
15569,-1.1759790254160525,0.25697513141698475,-0.03219933962240068,-0.1837588197367312,-0.3371660998817098,0.25697513141698475,-0.7683850335146007,-0.28550910754431796,-0.608143243207699,-0.7906186839603102,1.7254556742070666,-0.7988235460659487,2.014521960697164,0,0.0
17706,-1.0977431894388785,1.2788322089104938,1.0515318535946319,0.6017959743613563,2.6696532623905282,1.2788322089104938,0.3120079143603703,0.1812858148067245,0.2659891953577781,-0.5216290128248815,-0.2684089805757578,-0.4569502237821914,0.7071594213323757,1,2476.99
17658,0.2322660221730801,-0.4242629202453546,-0.2120441681701273,-0.10611533597443544,-0.592462083470862,-0.4242629202453546,-0.621015224858493,0.0010233195195245904,-0.7262801990900174,0.6466013017607781,0.5417845102626455,-0.4230954444324393,-1.067450603885795,0,277.82
16392,0.9885457699524292,-0.4242629202453546,-0.22899167632570078,-0.2884562791639052,-0.13860255709014693,-0.4242629202453546,1.1684753088228141,-0.050884728861606304,-0.25546270205889215,1.7376391784753125,-0.5410188408508065,0.2292265536312905,-0.6022129316648644,0,0.0
13319,-1.0455859654540958,2.4709987993195877,0.9062551145933954,0.013794371632199065,1.5208213362393428,2.4709987993195877,-0.12685852519813204,-0.1748872888831968,-0.27980809576208177,-0.3688942126983708,0.04065448752030431,-0.055539727440410094,0.8775164630880308,1,3948.48
12944,2.0968867796290613,-0.4242629202453546,-0.2172536870244882,-0.16216538019023377,-0.5215465324738753,-0.4242629202453546,-0.35785485225830077,-0.24467477615116162,0.3756226905989021,0.13270023403824885,-0.5410188408508065,-0.5670365096205466,0.465407458127947,0,317.56
12490,-0.719603315549204,0.08666561850139992,0.08966770829201273,0.2698268488468784,0.2727076386923762,0.08666561850139992,0.27373004198216055,0.25623789072675146,-0.3431788934274453,0.818127051622688,-0.2395251656478031,-0.4177116678905422,0.3528689110618801,1,2901.16
16532,-0.7587212335377911,-0.25395340732976973,0.5016854100756256,3.4430502697032574,-0.6917438548666435,-0.25395340732976973,-1.0157557837587814,1.9112394999451414,-0.7262801990900174,-0.8261751829853697,6.4677016962294775,-0.8527903223602472,-1.067450603885795,1,2232.0
17678,0.9103099339752551,-0.4242629202453546,-0.21535684427033916,-0.1417569464725075,-0.4931803120750806,-0.4242629202453546,-0.2525907032182239,-0.030121509509153946,0.33437202390228593,0.619825414445286,-0.5410188408508065,0.6950931452229944,0.14195449769361704,0,0.0
14408,-0.8239177635187694,0.25697513141698475,0.07204202786143439,0.04055107988838521,0.11669342649900534,0.25697513141698475,-0.10522089456211622,0.14636585498669108,-0.6791900332304435,-0.37228333304674577,0.1472354544675334,2.6442213463356197,-0.8651600661849632,1,610.02
15577,-0.5500923375986603,-0.08364389441418492,-0.22202468846794368,-0.5291087746065913,-0.16696877748894162,-0.08364389441418492,-0.41048692677833926,-0.6437899925927458,-0.4991033899100894,-0.6756054815936773,-0.4790264528667879,-0.3710168977381787,1.9291221936001945,0,0.0
14593,0.06275504422253635,-0.25395340732976973,-0.20830657209810785,-0.3764082164088911,0.045777875502018596,-0.25395340732976973,0.5895224891023912,-0.5422809202029788,-0.459365891239607,-0.6492728477190415,-0.5410188408508065,-1.0096858420883028,0.3309582962761755,0,277.56
16022,0.8711920159866681,-0.4242629202453546,-0.1635981923444017,0.41512264454200765,0.24434141829358147,-0.4242629202453546,2.6421733953838906,0.1359842453104649,-0.08733023812433512,-0.6765181356910042,-0.3507980064451563,-0.9802744746397344,0.8490092492767144,0,0.0
16963,-0.08067732173561605,-0.4242629202453546,-0.24723604023523094,-0.48475030024461596,-0.6208283038696568,-0.4242629202453546,-0.7262793738985699,-0.6253337976127882,-0.7262801990900174,-0.8261751829853697,0.6825603730496487,-0.6765746941470208,-0.2602810035160071,0,0.0
15467,-0.6283281735758344,-0.25395340732976973,-0.19760368784821858,-0.3188311970896608,-0.20951810808713367,-0.25395340732976973,-0.06837844239808935,-0.33983953151656826,-0.22551174104980837,0.58012372061276,0.2648505238878486,1.2690984854344116,-0.4920227857233939,0,122.32
15140,-1.0195073534617045,0.25697513141698475,0.027697379603595515,-0.054871148730875945,0.03159476530262125,0.25697513141698475,-0.49469824601040074,0.12975527950472918,-0.4424745233080971,1.368669539348437,0.9547729777081069,-0.2160524235091414,-0.2371723660156514,1,626.14
15544,-0.9673501294769218,0.5975941572481545,0.20518815150750813,0.037352400133650904,0.6272853936773098,0.5975941572481545,0.4090696621765452,0.34707697539373056,-0.7262801990900174,0.8575495326989525,-0.5410188408508065,-0.5711929261233308,1.5731126732265714,1,774.34
13565,1.8361006597051481,-0.4242629202453546,-0.24729892839105844,-0.48542692394314274,-0.5357296426732727,-0.4242629202453546,-0.41048692677833926,-0.47653072558687964,-0.7262801990900174,-0.30591042509879124,-0.5410188408508065,2.142514432298661,-0.3530108404234173,0,130.04
17311,1.6013931517736257,-0.4242629202453546,-0.17144561438374403,0.3306909792420597,-0.37971543047990186,-0.4242629202453546,0.16846589294208367,0.6723674119154841,0.37732698396600706,0.35394497812287423,-0.5410188408508065,-0.3954342293390693,-0.6832402336610167,0,828.39
12935,-1.0977431894388785,0.08666561850139992,-0.005067349582543217,0.015009449625349098,0.102510316299608,0.08666561850139992,0.11583381842204521,0.3505375119524726,-0.4997439676260689,1.0167078121439415,-0.2737260213140258,-0.5354254800556802,0.6322105744023027,0,625.36
17697,0.5582486720779719,-0.4242629202453546,-0.20841535161089056,-0.06707231985674242,-0.45063098147688857,-0.4242629202453546,-0.09469447965810857,-0.4246226772057487,-0.7262801990900174,-0.8261751829853697,-0.5410188408508065,0.43507997718940394,1.1893326773303656,0,0.0
16967,-0.054598709743224706,-0.4242629202453546,-0.2118028136261406,-0.10351856394225172,-0.4222647610780939,-0.4242629202453546,0.010569669381968322,0.4059060968923455,-0.7262801990900174,0.532235414911347,0.42197988729636765,-0.8940820277849116,-0.683204611023827,0,0.0
17139,-0.9282322114883348,0.5975941572481545,0.898564063103678,1.1030869742475555,2.2299768462092104,0.5975941572481545,1.0556922919941598,0.8355069925418958,0.7440764741601537,-0.6703432801810568,-0.43740271748914195,-0.07884221157102747,0.018692767168008346,1,3798.95
16628,-1.1368611074274655,0.08666561850139992,0.009294945464552925,0.053641005385829964,0.1876089774959921,0.08666561850139992,0.05004372527199716,-0.016279363274185707,-0.1862298270720497,-0.11983226662455251,-0.5410188408508065,0.18960867368945997,0.42361586620443575,0,568.21
14342,-0.7326426215453997,-0.25395340732976973,-0.19468363780195688,-0.3031225550076475,-0.5640958630720674,-0.25395340732976973,-0.8052274856786276,-0.44192535999945903,-0.7262801990900174,-0.07887875414128281,-0.5410188408508065,-0.1706577528340102,-1.067450603885795,0,248.82
16113,-0.13283454572039874,-0.4242629202453546,-0.23859656736843923,-0.39179683376862817,-0.29461676928351777,-0.4242629202453546,0.48425834006231433,-0.13739814283015778,-0.36489911320180973,-0.5325401349840087,-0.5410188408508065,-0.7606473470332603,0.3269873705071862,0,0.0
15483,-0.41969927763670356,0.08666561850139992,-0.22773901224881202,-0.5839305334597488,0.32944007948996556,0.08666561850139992,0.010569669381968322,-0.49469854252027545,0.11217955597768803,0.18934497845570292,-0.2122752698267955,0.052119784056916425,-0.15194651188627603,0,0.0
17950,2.240319145587214,-0.25395340732976973,-0.22129552579632186,-0.44628332862702,-0.20951810808713367,-0.25395340732976973,-0.06837844239808935,-0.4246226772057487,-0.5140203820845269,0.7287442787678289,0.44630609965351453,0.5653464464542324,-0.8859292013124827,0,219.03
17924,1.4058035618306906,-0.25395340732976973,-0.18066807745185573,-0.22772473043938118,-0.6917438548666435,-0.25395340732976973,-1.0157557837587814,-0.5595836029966891,-0.7262801990900174,-0.8261751829853697,-0.5410188408508065,-1.3226823162124386,-1.067450603885795,0,2460.3
15350,2.3446335935567792,-0.4242629202453546,-0.24636920349274344,-0.475423865481139,-0.6491945242684515,-0.4242629202453546,-0.8315435229386468,-0.5699652126729152,-0.7262801990900174,-0.8261751829853697,-0.5410188408508065,3.6182392657560496,-0.2958760312884748,0,0.0
14690,-0.5500923375986603,-0.4242629202453546,-0.2298976057055945,-0.298203317848088,-0.3229829896823125,-0.4242629202453546,0.3789941910222374,-0.45576750623442724,-0.25192092372557345,-0.6086348714216667,-0.5410188408508065,1.7952248867121883,-0.4059482309820642,0,142.49
17266,-0.602249561583443,-0.4242629202453546,-0.2468094205835361,-0.4801602313708263,-0.4789972018756833,-0.4242629202453546,-0.19995862869818545,-0.6530180900827246,1.1288414414858094,-0.3698644283281182,-0.5410188408508065,1.0664873384456914,-0.43233027393702567,0,183.52
13118,0.19314810418449307,-0.08364389441418492,-0.13010260080675393,-0.19944064069916323,-0.15278566728954426,-0.08364389441418492,-0.2525907032182239,-0.43039023813698557,-0.1002506828413751,-0.8199628865132661,-0.5410188408508065,-0.5505113397278213,0.3186531578129517,0,398.11
13953,-1.0195073534617045,0.25697513141698475,0.1766318297221517,0.2656107517199773,-0.6066451936702594,0.25697513141698475,-0.9683869166907468,0.6709831972919874,-0.7262801990900174,-0.8032844605564813,-0.5117924025416827,-1.1816342762061223,-1.067450603885795,1,911.32
16309,-1.1368611074274655,-0.25395340732976973,-0.1459317195965298,-0.040857723320576994,-0.16696877748894162,-0.25395340732976973,0.010569669381968322,0.061582709297510634,-0.20976418774404826,0.5280171743630317,-0.43069673351854487,-0.13302891764617697,-0.2557089552947377,0,0.0
14456,-0.8108784575225737,-0.08364389441418492,-0.15781588136804417,-0.2988311758746489,2.4001741686019784,-0.08364389441418492,3.133406090904249,-0.08202955789028483,-0.3086543019378912,0.614314734585864,-0.37476694704053953,-0.4122332821967524,-0.2837839182739317,0,2380.63
14570,1.1319781359105816,-0.25395340732976973,-0.22896278176761783,-0.48752994354667195,-0.3087998794829151,-0.25395340732976973,-0.3315388149982816,-0.5820770906285124,-0.3347752039832417,0.007667932157012453,-0.2781719605475018,-1.167742399496922,-0.4942793283574813,0,0.0
16216,0.9624671579600378,-0.4242629202453546,-0.11051718946619904,0.986229620352572,-0.1953349978877363,-0.4242629202453546,0.8526828617025835,0.13252370875172284,1.205800588707687,-0.14785603913186007,-0.5410188408508065,1.0311444207783003,-0.5765196460770025,0,0.0
12406,-0.13283454572039874,-0.4242629202453546,0.009534600328652413,2.27788597371318,-0.03932078569436549,-0.4242629202453546,1.4842677559430448,1.997752913913693,-0.23870728591155121,-0.8261751829853697,-0.32776828182743706,-0.03744556576572537,0.5485204997552399,0,1794.05
14056,-1.12382180143127,2.3006892864040025,0.6405781514204251,-0.11313221417076316,3.1660621193694354,2.3006892864040025,1.1715713132063459,-0.16345394750774506,1.850988275627101,-0.14754025541360524,-0.4028455172679482,-1.0094604260879312,0.17740961955573964,1,2818.74
17838,1.2884498078649296,-0.08364389441418492,0.015271019948054718,0.3219253497061903,0.1876089774959921,-0.08364389441418492,0.2210979674621221,0.43243687717603474,-0.4225075438803412,-0.5250718862473159,-0.4246544464002726,0.6625710990366193,0.4612863505144635,1,1065.8
14075,0.8842313219828637,-0.4242629202453546,-0.21368945830096622,-0.12381727489805462,-0.46481409167628596,-0.4242629202453546,-0.14732655417814702,0.1878922936915958,-0.7262801990900174,0.4456784531395328,0.543063581684589,-1.3226823162124386,-0.19514891075212465,0,634.34
14530,-0.8499963755111608,0.08666561850139992,0.06668123749710998,0.20799807250312177,0.6840178344748993,0.08666561850139992,0.7605767312925161,-0.026660972950411886,0.7195969175082638,-0.2619679554273625,0.5821556272760087,0.7619424542263276,-1.0381345610801667,1,904.64
16965,0.4278556121160152,-0.4242629202453546,-0.23183014173737534,-0.3189957812325457,-0.35134921008110714,-0.4242629202453546,0.27373004198216055,0.26056356142517906,0.2812926686316378,-0.6985316548839406,-0.5410188408508065,0.3881933069432123,-0.9859138632682263,0,0.0
14834,-0.9543108234807262,-0.25395340732976973,-0.1930587438297647,-0.29438130830776116,-0.46481409167628596,-0.25395340732976973,-0.5420671130784354,-0.4350042868819749,-0.17797677772842668,0.35989299175338213,-0.006973737483103981,1.1087194669871576,-0.8448976688044132,0,1291.0
14591,0.25834463416547143,-0.4242629202453546,-0.2313491323292892,-0.31382052429516527,-0.2520674386853257,-0.4242629202453546,0.8526828617025835,-0.43154375032323283,-0.017847521093680995,-0.7643625684119585,-0.38182225191802954,1.7095640073652747,-0.49017870287085896,0,1116.19
15916,-0.028520097750833362,0.25697513141698475,-0.12207161333959068,-0.3771488450518731,0.1876089774959921,0.25697513141698475,-0.36838126716230846,-0.4744544036516344,-0.3152034401465285,-0.04513170035203303,0.2972349242733695,-0.3770637727685767,0.28190680035820564,0,655.91
12408,-0.23714899368996412,-0.08364389441418492,-0.012472854851205679,0.22242509176878142,0.102510316299608,-0.08364389441418492,0.045657719061994013,0.10022536753679682,0.4581352933039607,0.25897537890832406,-0.35720926350349286,-0.4947238264360966,-0.3498931680238803,0,1396.78
14962,1.001585075948625,-0.4242629202453546,-0.24449105721735395,-0.45521659016027205,-0.6491945242684515,-0.4242629202453546,-0.8315435229386468,-0.5941889685841096,-0.7262801990900174,3.408561492500885,-0.5410188408508065,-0.6112827834156945,-1.067450603885795,0,0.0
16107,-1.1759790254160525,-0.08364389441418492,-0.01207343007770657,0.22385758338277958,-0.4931803120750806,-0.08364389441418492,-0.7789114484186084,-0.16969648404508372,-0.7262801990900174,-0.8261751829853697,0.5511018943251091,0.476474989478102,0.908821604553124,0,1710.04
12623,1.0798209119257989,-0.4242629202453546,-0.2141687680291652,-0.1289742447084478,-0.46481409167628596,-0.4242629202453546,-0.14732655417814702,-0.0854900944490269,-0.7262801990900174,0.33869266476437726,0.450887232554622,-0.46427613920746624,0.6834304517544572,0,0.0
14713,-0.8760749875035521,0.7679036701637393,0.04363527790615419,-0.27045260264499704,0.9960462588616409,0.7679036701637393,0.5039953680073287,-0.25981462359565816,-0.1103632078363088,0.49185294914938305,-0.28703157070262725,-0.570222220035707,-0.43511921253583336,1,840.3199999999999
13637,-0.08067732173561605,-0.25395340732976973,-0.15067722584167687,-0.06638655259472205,0.3436231896893629,-0.25395340732976973,1.3000554951229102,-0.14085867938889984,-0.09729928674209419,-0.8261751829853697,0.08058085809767787,0.6439694290820258,0.6893189414415729,0,125.65
16509,1.3406070318497123,-0.4242629202453546,-0.20420864388999554,-0.021811680563397974,-0.5357296426732727,-0.4242629202453546,-0.41048692677833926,-0.5249782374092684,0.8917199300722793,-0.8261751829853697,-0.5410188408508065,-0.1817474654643735,0.8044539430139995,0,0.0
17694,-0.680485397560617,-0.4242629202453546,-0.21790466442129744,-0.16916934982633514,-0.507363422274478,-0.4242629202453546,-0.30522277773826234,-0.10971385036022131,-0.28700189501217344,-0.8261751829853697,0.37673442487581876,0.3964662156781957,0.8639302999534085,0,0.0
15266,1.8882578836899306,-0.4242629202453546,-0.2457488203339044,-0.4687490641308073,-0.6350114140690541,-0.4242629202453546,-0.7789114484186084,-0.6841629191114031,3.490778206134993,-0.8261751829853697,-0.5410188408508065,0.09571192063016086,-1.067450603885795,0,0.0
15104,0.036676432230145,-0.25395340732976973,-0.09715600587268154,0.22153511825540384,0.21597519789478678,-0.25395340732976973,0.6684706008824489,0.35226778023184363,0.5000312244757115,0.5511314074725608,-0.4610233414611548,-0.35157491199945345,0.1478948600354358,0,0.0
16218,-1.0325466594579003,0.4272846443325696,0.18192123353121242,0.11634146811597683,0.003228544903826554,0.4272846443325696,-0.4631190012983777,0.2640240979839211,-0.7262801990900174,-0.6521719015370018,-0.5410188408508065,0.6607655189802103,-0.4393069611327258,1,449.2
13462,0.7668775680171027,-0.4242629202453546,-0.2402758510970228,-0.4098645152319915,-0.592462083470862,-0.4242629202453546,-0.621015224858493,-0.5318993105267525,0.038978629547736406,1.973748946236939,-0.5410188408508065,0.2825493763169455,-0.4011138952856977,0,0.0
17602,-0.9021535994959434,-0.25395340732976973,-0.11143161724552894,0.14473832847261597,0.8116658262694754,-0.25395340732976973,1.8263762403232946,0.8125191425445375,-0.192004472387273,0.10950957739299698,0.6578854952399872,0.4506057362827619,-0.8431604076982866,0,4144.87
16968,-1.12382180143127,-0.4242629202453546,-0.22297141016513097,-0.22368327537520777,-0.507363422274478,-0.4242629202453546,-0.30522277773826234,-0.4073199944120384,0.15580761491392903,-0.5093622682424835,-0.5410188408508065,1.8419324745451473,-0.7151842136095327,0,186.12
15223,0.4148163061198195,-0.25395340732976973,-0.13757269391113114,0.004110321940972048,-0.5215465324738753,-0.25395340732976973,-0.5683831503384545,-0.37790543366273094,-0.7262801990900174,-0.8261751829853697,-0.13249182617750216,-0.7136070838205908,-0.29700370470826337,0,0.0
14603,1.0537422999334074,-0.4242629202453546,-0.1538471288313614,0.5200358920676307,-0.6917438548666435,-0.4242629202453546,-0.9894397464987621,0.6377620463280635,4.703262812360492,-0.8261751829853697,1.1958414839655178,-1.3226823162124386,-1.067450603885795,0,0.0
16952,-1.0977431894388785,-0.25395340732976973,-0.23753766679869473,-0.5336592213719088,-0.4931803120750806,-0.25395340732976973,-0.6736472993785315,-0.5872678954666255,0.9757338664148467,0.2636676883407183,-0.37003742351610536,-0.7040866891484865,0.7229313936384201,0,0.0
14758,-0.64136747957203,0.08666561850139992,-0.013783308044260256,-0.008434647172253952,0.045777875502018596,0.08666561850139992,-0.16048457280815662,-0.38396137264052954,1.3866408542779063,-0.6330469704335081,-0.41228102989316656,0.3664370636819579,0.051768445553095725,0,0.0
13339,0.0888336562149277,-0.4242629202453546,-0.11983313492810838,0.8859978773356748,0.045777875502018596,-0.4242629202453546,1.747428128543237,0.3816823409811511,-0.4387253771864205,-0.30545491418519166,-0.5410188408508065,-0.07307847091793386,0.9191316413044428,0,0.0
12897,0.14099088019971037,-0.25395340732976973,-0.22922793183002577,-0.48895633945167427,-0.6775607446672461,-0.25395340732976973,-0.9894397464987621,-0.556123066437947,-0.7262801990900174,-0.8261751829853697,-0.5410188408508065,3.568479572160013,-0.24313097967443167,0,0.0
15932,-1.12382180143127,0.4272846443325696,0.0545251269436388,-0.11210437006274675,0.20179208769538942,0.4272846443325696,-0.4192589391983456,0.1238723673548677,-0.3194347137999171,0.06698144053535564,-0.21036196711499558,0.03528679877873368,0.9848156315418313,1,609.92
13918,0.7668775680171027,-0.4242629202453546,-0.23233834602365722,-0.3244636322017214,-0.6066451936702594,-0.4242629202453546,-0.6736472993785315,-0.4003989212945543,0.3585326326629602,-0.06264281414979944,-0.5410188408508065,0.5478583931497218,0.3786943259391887,0,1014.64
14352,-0.47185650162148624,0.08666561850139992,-0.0826373402759602,-0.19363752573522194,-0.09605322649195489,0.08666561850139992,-0.4762770199283873,-0.28101041001795324,-0.20855557499519561,1.7303345501577934,0.4648972029819802,-0.3819061597992099,-0.7346917226297344,0,0.0
13716,0.9885457699524292,-0.4242629202453546,-0.24252282790794127,-0.434040097109083,-0.4222647610780939,-0.4242629202453546,0.010569669381968322,-0.26889853206235603,-0.7262801990900174,0.5805016298189443,2.4378197087112388,-0.4265258290535359,0.06541593845173674,0,0.0
15752,-1.0195073534617045,0.25697513141698475,0.008106869223378934,-0.0970266338617922,1.8044835402272899,0.25697513141698475,1.7684809583512524,0.16505275240389813,-0.5527151048313655,-0.1798923493062405,-0.3533817121680423,0.15556705969458184,-0.1757886162665297,0,1013.75
12609,-0.09371662773181173,-0.25395340732976973,-0.1299275337783692,0.04523807053520708,-0.12441944689074957,-0.25395340732976973,0.036885706641987544,0.14982639154543315,0.0020511940217552036,0.9245843591343896,-0.5410188408508065,-0.612601304697054,-0.1910217867062543,0,326.12
15708,-0.719603315549204,0.4272846443325696,0.17407891053153177,0.10227866746281254,0.7407502752724887,0.4272846443325696,0.8439108492825772,-0.1760408010694441,0.2784351201389598,-0.6014008382502496,0.49043742360035064,0.9448784170498301,-0.6905784628209509,1,645.91
15939,-1.12382180143127,1.7897607476572481,0.7300289045255819,0.07856505324604085,-0.3229829896823125,1.7897607476572481,-0.816505787361493,0.3836597904432894,-0.5976869425734821,0.5851177487725796,1.5172755653638115,0.9107395331915483,-1.067450603885795,1,254.76
17376,1.5361966217926475,-0.4242629202453546,-0.24803488978222918,-0.49334524992860457,-0.5357296426732727,-0.4242629202453546,-0.41048692677833926,-0.6253337976127882,0.057019901369874317,-0.8261751829853697,-0.5410188408508065,-1.0575837353997486,1.1976063348309995,0,97.35
12437,-0.21107038169757278,0.9382131830793241,0.1549388153214312,-0.18366697772119547,0.102510316299608,0.9382131830793241,-0.580079166898463,-0.11471240316729313,-0.7262801990900174,1.50975672477387,-0.3566236902899857,0.07423918951303426,-0.15883154069850164,1,2474.68
13835,-0.4979351136138776,-0.25395340732976973,-0.17469540232812839,-0.19559424832285338,-0.3229829896823125,-0.25395340732976973,-0.19995862869818545,-0.24294450787179062,0.23718821939853071,0.3339208963964763,-0.5410188408508065,0.285633466982257,-0.005650194421797395,0,297.23
16552,0.636484508055146,-0.25395340732976973,-0.20148405703076536,-0.33970595254556085,-0.4789972018756833,-0.25395340732976973,-0.6473312621185122,-0.36752382398650474,-0.7262801990900174,0.5082816570105694,-0.1848007856623961,-0.5450531979477485,1.4457512580684275,0,0.0
18075,-1.1368611074274655,0.7679036701637393,0.06672882853395243,-0.23939420334809447,0.32944007948996556,0.7679036701637393,-0.39074989883332484,-0.30739700127836145,-0.10483576802739553,-0.6700155888282863,1.499135311984243,0.6601541674317729,-0.6256857275996969,1,654.0
17456,2.240319145587214,-0.4242629202453546,-0.22355779972622541,-0.22999233418579518,-0.4789972018756833,-0.4242629202453546,-0.19995862869818545,0.021786538871976947,-0.7262801990900174,-0.009441552771499332,-0.5410188408508065,2.4194774123887886,0.3326929195746523,0,0.0
15147,0.6104058960627546,-0.4242629202453546,-0.16005096041975203,0.45328787856431463,-0.3229829896823125,-0.4242629202453546,0.3789941910222374,0.5201038033308335,-0.09970186882856517,0.5712684730915134,-0.5410188408508065,-0.2643803848609743,0.1815585868708554,0,0.0
15464,1.8882578836899306,-0.4242629202453546,-0.0884689419690474,1.2234502316306588,1.4782720056411507,-0.4242629202453546,7.063267655067119,0.45781414527347647,-0.12899851864147374,-0.7167955915039548,-0.33033110777204916,0.2504146440262483,0.19795345019062896,0,0.0
14185,1.7969827417165611,-0.4242629202453546,-0.23243182841745488,-0.32546942418601793,-0.6775607446672461,-0.4242629202453546,-0.9368076719787237,-0.725689357816308,-0.2730170587463123,-0.8261751829853697,-0.5410188408508065,-1.3226823162124386,-1.067450603885795,0,0.0
17284,-0.9543108234807262,0.25697513141698475,-0.012936867460419558,-0.14230921770752128,2.385991058402581,0.25697513141698475,1.6842696391191905,0.11037627477577365,0.06633499838160756,0.09424954704323843,-0.1847352537782657,0.3190628233725794,-0.18001733765308084,0,158.44
15068,0.8190347920018853,-0.4242629202453546,-0.22524048281458345,-0.24809658990313296,-0.16696877748894162,-0.4242629202453546,0.9579470107426603,-0.2965828245322925,-0.1347872751986321,0.4622095966548496,-0.21617181893983595,-0.3611837916214319,-0.7481730246985733,0,313.4
16261,-1.0586252714502915,-0.25395340732976973,-0.19634082569200645,-0.3120375294139123,0.21597519789478678,-0.25395340732976973,0.8263668244425643,-0.4107805309707805,-0.13484286917616714,-0.2879804629641532,-0.4310432462454952,0.5122643735561356,-0.1445444971612052,0,318.55
16891,-0.680485397560617,-0.25395340732976973,-0.1991317000668386,-0.3270512606704116,0.5989191732785152,-0.25395340732976973,1.4053196441629872,-0.4938334083805899,-0.5102569862901232,0.3564883856667606,-0.3186873034769052,0.003025111014220494,0.032590944658469324,0,348.86
14231,-0.13283454572039874,-0.08364389441418492,-0.10868493454776475,-0.12262861164388601,-0.05350389589376284,-0.08364389441418492,-0.2175026535381982,-0.2746660929935928,-0.5752321367497577,-0.13098593074064024,-0.08465560557655882,0.6766026152129553,0.40539299312522326,0,0.0
12427,2.3185549815643878,-0.4242629202453546,-0.21444071681112203,-0.1319001850264014,-0.5782789732714647,-0.4242629202453546,-0.5683831503384545,-0.4730701890281376,-0.7262801990900174,1.478068001502628,-0.5410188408508065,-0.1459574789911544,-1.067450603885795,0,522.3
18072,-0.1067559337280074,-0.4242629202453546,-0.22396912225893517,-0.2344178189167,-0.46481409167628596,-0.4242629202453546,-0.14732655417814702,0.25018195174895286,0.39141200067682447,-0.34431548475629703,-0.25193520191920504,-0.7838415108074125,1.8903879925765088,0,0.0
17164,-0.5500923375986603,-0.08364389441418492,-0.05009526915504863,0.08749657314815126,0.03159476530262125,-0.08364389441418492,0.2561860171421478,0.17866419620161691,-0.5603555263066153,0.4404648480155071,-0.38221018282380476,0.3814189628060782,0.5339908599734526,0,1196.93
15510,1.7839434357203654,-0.4242629202453546,-0.2235340042078042,-0.22973631440797426,-0.7059269650660409,-0.4242629202453546,-1.0420718210188007,-0.7395315040512761,-0.7262801990900174,-0.8261751829853697,-0.5410188408508065,-1.3226823162124386,4.941478643311516,0,0.0
12763,-0.719603315549204,-0.25395340732976973,-0.18204821752028674,-0.23514930399618839,-0.4931803120750806,-0.25395340732976973,-0.621015224858493,-0.19968780088751487,-0.6546047703538244,3.8062398134605595,-0.5410188408508065,-0.6999009199124152,-1.067450603885795,0,0.0
13209,-0.8499963755111608,0.25697513141698475,0.44037455718345375,0.8331407654918433,2.116511964614032,0.25697513141698475,1.410582851614991,1.5063567225723205,0.031299071244491695,-0.052507375186581655,-0.03748280258159903,-0.5881361960218999,0.10627772958402502,1,1735.53
13662,0.24530532816927578,-0.25395340732976973,-0.17824773329243976,-0.21470429602448768,-0.2520674386853257,-0.25395340732976973,-0.19995862869818545,-0.13566787455078677,0.5267940205449747,0.6744906528207489,0.19798421920232628,-0.7332316275296427,-0.6904672028920825,0,364.82
16317,-0.9673501294769218,-0.08364389441418492,-0.03798844931830711,0.13091630832478326,0.1876089774959921,-0.08364389441418492,0.11583381842204521,0.28017326859138414,-0.06168159555453224,-0.14598398952867403,0.1617671601581656,0.1847650578542645,0.4136755482762074,0,0.0
12700,-0.4848958076176819,-0.25395340732976973,0.09924370477666834,1.2780830235049483,0.8400320466682701,-0.25395340732976973,2.115852650183506,1.6343965752457765,-0.5869965563769878,1.0330772455076556,-0.5410188408508065,-0.6683953500816272,-0.08378744613515451,1,2790.94
13787,2.2272798395910183,-0.4242629202453546,-0.24794140738843148,-0.4923394579443081,-0.6208283038696568,-0.4242629202453546,-0.7262793738985699,-0.552662529879205,0.8322219744753871,-0.8261751829853697,1.096592322547442,-1.3226823162124386,1.4739198484063005,0,202.64
16617,0.5452093660817763,-0.4242629202453546,-0.24021636230096974,-0.4092244657874392,-0.6491945242684515,-0.4242629202453546,-0.8315435229386468,-0.43154375032323283,-0.7262801990900174,-0.8261751829853697,6.4594947791727915,-1.3226823162124386,-1.067450603885795,0,0.0
18281,-0.17195246370898576,-0.4242629202453546,-0.2522891885399666,-0.539117928777591,-0.6208283038696568,-0.4242629202453546,-0.7262793738985699,-0.5595836029966891,-0.7262801990900174,0.6037024015762429,-0.5410188408508065,1.0551099944439617,-1.067450603885795,0,0.0
16828,-1.0586252714502915,-0.4242629202453546,-0.246734634668498,-0.4793555977833891,-0.6208283038696568,-0.4242629202453546,-0.7262793738985699,-0.5457414567617208,-0.7262801990900174,-0.8261751829853697,-0.5410188408508065,2.4382211036433032,-0.4003800442850364,0,15.0
14770,0.5060914480931892,-0.25395340732976973,-0.11706265671192297,0.11444570261830281,-0.02513767549496814,-0.25395340732976973,0.27373004198216055,0.10137887972304431,0.09340217887242895,0.4254262710140562,0.43646796526087933,-0.4199858396233382,-0.30435320171211033,0,0.0
17299,-0.2632276056823555,-0.4242629202453546,-0.24025375525848877,-0.4096267825811578,-0.46481409167628596,-0.4242629202453546,-0.14732655417814702,0.0425497582244293,-0.7262801990900174,2.8151420398770006,0.46295355082301237,-1.3226823162124386,-0.9683783680617943,0,388.42
14553,0.3235411641464498,-0.25395340732976973,-0.21294159915058491,-0.40134271405595173,-0.22370121828653103,-0.25395340732976973,-0.06837844239808935,-0.43154375032323283,-0.7262801990900174,-0.3847037053248787,0.19305378618478114,0.5673496026429262,0.10328244136252825,0,546.95
17220,-0.8760749875035521,0.7679036701637393,0.10203967819116218,-0.19190482045318383,2.4852728297983626,0.7679036701637393,0.9382099827976459,-0.22780466042729408,-0.06867033839014242,0.11601299371541582,-0.4902356275854776,-0.22268677137169,0.48607473822267255,1,1022.05
16076,-0.9543108234807262,-0.08364389441418492,-0.11512842100025486,-0.14573744444672354,-0.02513767549496814,-0.08364389441418492,-0.12978252933813444,0.07254107506686036,-0.7262801990900174,0.7022598650871509,-0.5410188408508065,-0.08215588977900311,0.2821557172351148,0,1346.93
15150,-1.0977431894388785,0.25697513141698475,0.34069513051694483,0.6186473956334612,2.4710897195989654,0.25697513141698475,1.3790036069029679,0.9658209120968109,-0.13611220814473,0.5897569882497998,-0.32465988402231394,0.1904516718096661,0.09296853780308656,1,1721.71
17398,-1.0325466594579003,-0.08364389441418492,-0.15497231691670785,-0.2886330547247816,-0.29461676928351777,-0.08364389441418492,-0.4280309516183521,-0.3888637994320808,-0.7262801990900174,-0.7103680604049347,-0.30943037548915187,-0.7799889115273975,1.7814980970183998,0,0.0
15171,1.7969827417165611,-0.4242629202453546,-0.04685227993021321,1.6712105359124925,-0.6491945242684515,-0.4242629202453546,-0.8315435229386468,0.257103024866437,-0.7262801990900174,-0.22160776466382837,-0.5410188408508065,-0.4984056768342659,-1.067450603885795,0,0.0
15906,-0.64136747957203,0.08666561850139992,-0.13044083710431276,-0.3222188873640414,0.07414409590081329,0.08666561850139992,-0.17364259143816624,-0.5370901153648656,0.35317672526563587,-0.5588591054520948,-0.3015149663477977,-0.7525379699857497,1.0344053686423993,0,769.98
13703,1.627471763766017,-0.4242629202453546,-0.24911418651062042,-0.5049575755654829,-0.7059269650660409,-0.4242629202453546,-1.0420718210188007,-0.7118472115813397,-0.7262801990900174,-0.8261751829853697,-0.5410188408508065,4.34614289167105,-1.067450603885795,0,0.0
17890,1.6796289877508,-0.25395340732976973,-0.1662734884869022,-0.15028789121204095,0.5280036222815284,-0.25395340732976973,1.3000554951229102,-0.050884728861606304,-0.3366991020172934,-0.4449935855546605,0.3509535933355659,-0.06023883503134541,1.7527704957078243,0,0.0
17799,-0.3936206656443122,0.7679036701637393,0.0957219680503271,-0.20040147682961623,2.4285403890007733,0.7679036701637393,0.7474187126625066,-0.27322420276078363,0.14727008731945115,-0.3088778862942852,-0.17925624670841478,0.19716894751192557,-0.024690351406219776,1,910.84
14415,-0.9151929054921392,0.7679036701637393,0.2958677731711326,0.06877360296774619,1.733567989230303,0.7679036701637393,0.9382099827976459,-0.05607553369971939,-0.40091701783076844,-0.3977704628811246,0.2384846277334989,0.15620427745915122,0.46046508730507085,1,2549.69
17670,0.4408949181122109,-0.4242629202453546,-0.2310635861082345,-0.310748286961314,-0.5640958630720674,-0.4242629202453546,-0.5157510758184162,-0.36579355570713373,-0.7262801990900174,-0.2688317602926798,-0.5410188408508065,-0.44631556069131595,-1.067450603885795,0,0.0
15649,1.8621792716975394,-0.25395340732976973,-0.1273321225905685,0.059200291989941804,-0.7059269650660409,-0.25395340732976973,-1.0420718210188007,-0.41424106752952256,-0.7262801990900174,-0.8261751829853697,7.101166588341023,-1.3226823162124386,-1.067450603885795,0,0.0
14248,1.627471763766017,-0.4242629202453546,-0.21459708736074723,-0.13358260070922476,-0.6066451936702594,-0.4242629202453546,-0.6736472993785315,-0.3934778481770702,-0.37795244643371095,-0.5685277225036371,-0.5410188408508065,-1.041657866089323,-1.067450603885795,0,0.0
17262,0.4408949181122109,0.08666561850139992,-0.10364538368212688,-0.2501447481257004,-0.6208283038696568,0.08666561850139992,-0.9631237092387429,-0.4635537134915969,-0.04007875575955092,-0.8129749133223448,-0.5410188408508065,3.7702767402463593,-1.0542422306870904,0,298.0
16987,-0.3023455236709425,-0.08364389441418492,-0.15903965088685,-0.3032200863515792,-0.3087998794829151,-0.08364389441418492,-0.35785485225830077,-0.6276408219852828,2.551137922198048,-0.30587317575663225,-0.3977544226055715,-1.0295370933724872,-1.0516991808055256,0,987.35
14665,1.3406070318497123,-0.08364389441418492,-0.14166722275946897,-0.2409158447061553,-0.13860255709014693,-0.08364389441418492,-0.37539887709831365,-0.43731131125446965,0.6013981237991682,0.3902799438473466,-0.25273696423366976,0.722839569818395,-0.34144488339780604,0,1104.04
16526,-0.28930621767474685,-0.4242629202453546,-0.21667409618294264,-0.15592946988759518,-0.507363422274478,-0.4242629202453546,-0.30522277773826234,-0.37963570194210194,-0.05596353110424326,-0.470819803996881,0.45228629104649193,-0.7252651397375983,0.5719879377968432,0,0.0
15750,-0.3023455236709425,0.08666561850139992,-0.07767087564547323,-0.1802787794710651,1.0527786996592303,0.08666561850139992,0.6421545636224296,0.1645336719200869,-0.29391829595271524,1.3257348902494859,-0.19869351039448926,-0.07732912732684703,-0.40131607879222764,0,1354.87
13754,-0.5500923375986603,-0.25395340732976973,-0.2179930477754334,-0.42851738475894563,-0.5640958630720674,-0.25395340732976973,-0.7789114484186084,-0.3761751653833599,-0.7262801990900174,0.7478683525623988,-0.2651862457419724,0.867819144158676,0.7377797325864336,0,0.0
15918,-0.04155940374702904,-0.25395340732976973,-0.20921760051766328,-0.3813091664414633,-0.2520674386853257,-0.25395340732976973,-0.04206240513807012,-0.4817215304249927,-0.5181539760604515,-0.4038107110898766,-0.5410188408508065,-0.08318332990921855,1.150188215615112,0,0.0
14803,-0.4066599716405079,-0.08364389441418492,-0.12230956852380295,-0.17149181495371074,-0.22370121828653103,-0.08364389441418492,-0.32276680257827517,-0.31965306825723966,-0.7262801990900174,-0.7552180146668468,-0.5410188408508065,-1.0596053826693625,3.017597943410556,0,0.0
17747,-1.0586252714502915,-0.4242629202453546,-0.25389028699373756,-0.5563444023995427,-0.7059269650660409,-0.4242629202453546,-1.0420718210188007,-0.7049261384638555,6.300187227492996,-0.8261751829853697,-0.5410188408508065,-1.3226823162124386,-1.067450603885795,0,0.0
16006,0.2322660221730801,-0.4242629202453546,-0.24879124733204663,-0.5014830214379131,-0.6066451936702594,-0.4242629202453546,-0.6736472993785315,-0.45576750623442724,-0.7262801990900174,-0.8261751829853697,0.2277217052809155,1.0902022594507899,1.0842675515948192,0,0.0
16656,-0.9543108234807262,1.108522695994909,0.7974637040514446,0.4573110465015009,-0.5357296426732727,1.108522695994909,-0.8262803154866429,1.4260722744095045,0.8503795846597905,0.05683551900787662,-0.5410188408508065,1.178957473464386,-0.9531685868782072,1,2368.8
16096,0.9233492399714508,-0.4242629202453546,-0.21153086484418376,-0.10059262362429809,-0.54991275287267,-0.4242629202453546,-0.4631190012983777,-0.21006941056374104,0.15734267733636556,-0.8261751829853697,-0.5410188408508065,-0.6189855933824134,-0.7694592900861655,0,0.0
14397,-1.0977431894388785,0.9382131830793241,-0.12053340304164727,-0.5129835924098695,-0.5357296426732727,0.9382131830793241,-0.8900236057386895,-0.4957559286910022,-0.7262801990900174,-0.6868862066655081,4.226419265677741,-1.2233454258873775,-0.8046301470924924,0,1756.96
14041,0.949427851963842,-0.4242629202453546,-0.24199082810323816,-0.4283162263620863,-0.4222647610780939,-0.4242629202453546,0.010569669381968322,-0.4211621406470067,-0.7262801990900174,0.08562751571478988,-0.5410188408508065,0.10484661139332477,2.5550740996257724,0,0.0
18094,-0.7456819275415953,0.25697513141698475,0.142288097920776,0.19170881413926452,-0.22370121828653103,0.25697513141698475,-0.5052246609144084,0.7720308648072555,-0.01763742836507398,-0.22390788054840283,1.3390675716090732,0.5578489182988667,-0.3405660185985541,1,615.0
16551,-0.8239177635187694,-0.25395340732976973,-0.16112685778836883,-0.12260118095340523,-0.45063098147688857,-0.25395340732976973,-0.5157510758184162,0.2865175856157445,-0.6729984978465868,-0.1163240376839833,-0.5410188408508065,-0.1433036090616701,-0.13072477004284527,0,304.95
13026,0.34961977613884115,-0.25395340732976973,-0.22460140317698485,-0.46406755962208157,-0.6491945242684515,-0.25395340732976973,-0.9368076719787237,-0.1443192159476419,-0.7262801990900174,-0.8261751829853697,5.490701121234128,-1.3226823162124386,-0.5644875452823768,0,731.64
13345,1.2232532778839513,-0.4242629202453546,-0.19982346978094134,0.02536910706360353,-0.43644787127749124,-0.4242629202453546,-0.04206240513807012,-0.2585169223861299,-0.7262801990900174,0.2157894353702606,-0.5410188408508065,-0.07393981855800132,-0.41487625945332696,0,0.0
14019,-0.719603315549204,-0.4242629202453546,-0.20070900300218836,0.015841513903267223,-0.3655323202805045,-0.4242629202453546,0.2210979674621221,0.0598524410181396,-0.7262801990900174,-0.08034819003807464,0.4863180642782618,-1.0306040963365821,1.8534372239953827,0,1037.32
13575,-0.7847998455301823,-0.25395340732976973,-0.22884550385539892,-0.48689903766561315,-0.5357296426732727,-0.25395340732976973,-0.7525954111585892,-0.5509322615998339,-0.23482899165358298,-0.13437122639926655,-0.01698326856336734,0.7841770639060873,-0.6595301498474866,0,513.32
13081,-0.6544067855682256,0.7679036701637393,2.941290341973685,3.626589019710389,5.293528649279038,0.7679036701637393,3.852711109344775,4.732009362389763,-0.4349536158351146,0.393231682668296,-0.10816691480474978,-0.09537294072678787,0.08834541625755113,1,9467.26
15303,1.2623711958725383,-0.4242629202453546,-0.1684609765017676,0.36280317423160013,-0.28043365908412043,-0.4242629202453546,0.5368904145823528,0.1117604893992705,-0.48268816085267074,-0.8261751829853697,0.1938834895407983,0.48989595397838304,0.5266397514384209,0,0.0
12831,0.8972706279790594,-0.4242629202453546,-0.22947438541367415,-0.29364982322827277,-0.592462083470862,-0.4242629202453546,-0.621015224858493,-0.27928014173858223,-0.7262801990900174,1.2529581068856237,1.7617647713864895,0.6925777960530473,-1.067450603885795,0,0.0
12585,0.5321700600855805,-0.25395340732976973,0.08072569240529404,1.1784638992421224,0.3719894100881576,-0.25395340732976973,1.1947913460828334,1.4665605521467866,-0.4672780175895802,0.6811524770164801,0.053244330801069197,-0.6883885412976971,-0.07151940131982916,1,0.0
12881,1.0667816059296031,-0.4242629202453546,-0.2153755407490987,-0.14195810486936686,-0.6208283038696568,-0.4242629202453546,-0.7262793738985699,-0.673781309435177,-0.7262801990900174,-0.8261751829853697,-0.5410188408508065,-1.3226823162124386,0.6102101792243266,0,0.0
17470,-0.8630356815073564,0.08666561850139992,-0.12725223763586868,-0.31364222480703996,0.045777875502018596,0.08666561850139992,-0.3315388149982816,0.3565934509302712,-0.510443973559745,-0.08328034570453363,-0.26171548223740504,-0.3642580854431066,0.8382558388117588,0,308.6
16503,-1.1368611074274655,0.08666561850139992,-0.022643739296391855,-0.03226734541833517,0.2868907488917735,0.08666561850139992,0.010569669381968322,-0.2541912516877023,-0.45835849796535905,-0.09658183030632386,-0.32487104739563183,-0.5465457857915677,0.3390097164445639,0,0.0
14401,-1.12382180143127,0.9382131830793241,0.2041564458159594,-0.12482916259134702,0.3578062998887603,0.9382131830793241,-0.38709489365832217,0.5120292180271021,0.16095006230803968,-0.3523914875469003,-0.45814078609327724,1.5958927615346687,-1.0402982286589701,1,1285.18
14891,-0.602249561583443,-0.25395340732976973,-0.17179914780028796,-0.18001361612975061,-0.29461676928351777,-0.25395340732976973,-0.2262746659582047,0.12733290391360977,-0.7262801990900174,0.042382983977945474,-0.5410188408508065,-0.3860244478872329,-0.12207232735967695,0,0.0
12348,0.71472034403232,-0.08364389441418492,-0.013242809840121005,0.21966373559371263,-0.4080816508786965,-0.08364389441418492,-0.6034712000184802,1.7036073064206179,-0.7262801990900174,2.643727455043593,-0.5410188408508065,-0.5544079227715712,-0.8987267359405008,0,310.0
15351,2.2924763695719967,-0.4242629202453546,-0.219340893926007,-0.18462197213052747,-0.02513767549496814,-0.4242629202453546,1.5895319049831216,-0.3000433610910346,-0.6303496174841405,-0.7023483696910908,0.30536147282020004,-0.11119201984676101,0.3348589484692037,0,1659.99
13330,-0.1067559337280074,-0.25395340732976973,-0.1422519126406762,-0.021061908356922322,-0.4080816508786965,-0.25395340732976973,-0.38417088951832,-0.054345265420348364,0.0379067501634695,-0.6183641979764303,-0.5410188408508065,0.028861767433617458,-1.067450603885795,0,412.71
17637,-1.0195073534617045,-0.4242629202453546,-0.20841535161089056,-0.06707231985674242,-0.37971543047990186,-0.4242629202453546,0.16846589294208367,-0.002437217039217469,0.3496119957459712,0.17139944064613813,-0.31104305864766,-0.7202598822606368,0.9941466292063283,0,208.11
12919,-1.0064680474655088,-0.08364389441418492,-0.19095963916903524,-0.4176975012915131,-0.54991275287267,-0.08364389441418492,-0.813999498098634,-0.5122896033605476,-0.7262801990900174,0.7157573875216955,-0.5410188408508065,-1.1301489116652808,-0.6592815165634373,0,893.54
14760,1.353646337845908,-0.4242629202453546,-0.2508648567944676,-0.5237933163623091,-0.6491945242684515,-0.4242629202453546,-0.8315435229386468,-0.6080311148190779,1.1484947420834768,-0.8261751829853697,-0.5410188408508065,0.5838732469770753,1.3172589852485637,0,0.0
15797,-1.0455859654540958,0.08666561850139992,0.1091613369186572,0.32226061370095593,-0.6066451936702594,0.08666561850139992,-0.9894397464987621,0.008809526776694224,-0.7262801990900174,2.5808863184830324,1.5777713569680754,-1.3226823162124386,-0.34226316551786745,1,0.0
13976,0.16706949219210174,-0.4242629202453546,-0.20518086078549128,-0.03227191720008197,-0.5782789732714647,-0.4242629202453546,-0.5683831503384545,-0.2135299471224831,2.129608427559037,-0.5059183472741949,1.5801263187796197,-1.3226823162124386,-0.4880097479350403,0,0.0
12779,-0.054598709743224706,0.5975941572481545,0.24377768366718516,0.09666539029330987,0.24434141829358147,0.5975941572481545,-0.31274164552683925,-0.061760700903366945,0.3628022226590738,-0.7917747549534911,-0.1674972536321467,0.195368598875561,0.03524453823960411,1,981.95
12990,-0.1067559337280074,-0.25395340732976973,-0.22117144916455406,-0.4456158484919869,-0.6491945242684515,-0.25395340732976973,-0.9104916347187044,-0.5215177008505264,-0.7262801990900174,-0.8261751829853697,-0.5410188408508065,-1.3226823162124386,1.211798420913185,0,145.6
16966,-0.3023455236709425,0.08666561850139992,-0.013358388072452678,-0.0072917017355533355,-0.6066451936702594,0.08666561850139992,-0.8052274856786276,0.3955244872161194,-0.7262801990900174,0.06534784068913166,-0.5410188408508065,-1.3226823162124386,-0.4611250017711168,0,668.41
15454,2.201201227598627,-0.4242629202453546,-0.23558473460826715,-0.3593920447472923,-0.3938985406792992,-0.4242629202453546,0.2210979674621221,-0.44884643311694317,-0.7262801990900174,-0.5743945397385698,-0.5410188408508065,0.6349773102956228,1.7608728776258367,0,0.0
14913,-0.13283454572039874,-0.08364389441418492,-0.11013986053123391,-0.1278465385442366,0.08832720610021064,-0.08364389441418492,-0.00697435545804443,0.8246310205001347,0.7051379702200957,0.75751623868541,-0.29104275964734494,-0.03952458502712335,-0.6487943547488949,0,310.28000000000003
12791,2.3446335935567792,-0.4242629202453546,-0.2332901667605062,-0.33470442331455896,-0.6917438548666435,-0.4242629202453546,-0.9894397464987621,-0.4107805309707805,-0.7262801990900174,-0.23092314743040387,-0.5410188408508065,3.9046456013374446,-1.067450603885795,0,0.0
13564,-0.64136747957203,-0.08364389441418492,0.027112689722388318,0.3643941542794874,0.24434141829358147,-0.08364389441418492,0.326362116502199,-0.012818826715443647,0.12752764739017994,-0.44306393619459145,-0.4364448782208971,0.18538223737115914,-0.6943030902311068,1,0.0
18231,-0.01548079175463769,0.25697513141698475,0.08610857860815245,0.07081993247761494,0.7832996058706807,0.25697513141698475,0.2000451376541068,-0.17961668884681087,0.19808094964521858,-0.3622666438289413,-0.3018051612034088,0.615849757825324,-1.0601996430561698,1,0.0
12736,1.8100220477127567,-0.4242629202453546,-0.22625349202737272,-0.25899571758751005,-0.6633776344678488,-0.4242629202453546,-0.8841755974586852,-0.14777975250638398,-0.7262801990900174,2.1134541002937692,-0.5410188408508065,-1.3226823162124386,2.630352009774089,0,0.0
17908,2.3446335935567792,-0.4242629202453546,-0.2265883289651571,-0.2625982816039904,0.003228544903826554,-0.4242629202453546,1.747428128543237,-0.16162189874135222,-0.07823295119588143,-0.1878006610448054,0.22804132279884737,0.025932739923270255,0.712464524157437,0,0.0
13157,-0.680485397560617,-0.08364389441418492,-0.11760995363561114,-0.15463717958049902,-0.26625054888472305,-0.08364389441418492,-0.34031082741828794,0.1625150255941541,-0.7262801990900174,-0.1381968958450529,-0.34445048911048587,0.86019192554059,-0.4088906760837078,0,868.02
17404,-0.9151929054921392,1.108522695994909,3.3040326241466036,3.1541685246863027,0.5989191732785152,1.108522695994909,-0.36838126716230846,6.736265623799196,-0.7262801990900174,0.3691874741988234,-0.349130104003791,-0.2650717958008586,-0.1912191078275736,1,10902.52
16085,0.5582486720779719,-0.25395340732976973,-0.21077960633402795,-0.3897121012920862,-0.03932078569436549,-0.25395340732976973,0.40531022828225666,-0.3588724825896496,-0.3436550654125649,0.5576319688560682,0.25602178814747917,0.7016240518623719,-0.566460010115653,0,656.47
13767,-1.1107824954350742,4.174093928475436,1.378647145651316,-0.05493946421240666,-0.010954565295570795,4.174093928475436,-0.5665034333913103,-0.2603707812568845,1.504835625012758,-0.6078167138546374,-0.3872490384286537,0.20442064625031656,-0.14919265407293522,1,7543.990000000001
15996,-1.0064680474655088,0.25697513141698475,-0.11649496362958804,-0.36514883232286593,0.5705529528797205,0.25697513141698475,0.052675328997999114,-0.5139045204212938,1.408511651473061,-0.4483498197300443,-0.4719598086578505,0.6950034587086272,-0.6204145722077647,0,152.82
15730,0.16706949219210174,-0.4242629202453546,-0.18657786441975552,0.1678806876749301,-0.3087998794829151,-0.4242629202453546,0.4316262655422759,0.3401559022762464,-0.03630554003912169,0.7925924988408938,-0.336978719000874,-0.35853452076341485,0.5201727023394535,0,653.45
16016,0.036676432230145,0.08666561850139992,-0.13156942454943368,-0.3252545504439182,0.6840178344748993,0.08666561850139992,0.4974163586923239,-0.4869123352631058,-0.17558180267990645,-0.45565116382680865,-0.20917833433085353,0.11553834595679563,0.48933962860069646,0,674.44
17373,-0.7717605395339867,-0.25395340732976973,-0.21719419822843514,-0.4242199099169513,-0.35134921008110714,-0.25395340732976973,-0.35785485225830077,-0.4003989212945543,-0.24937064524954153,0.31775295439927215,-0.5410188408508065,0.19367416560394146,0.032687504024328705,0,359.62
17863,-0.6283281735758344,0.08666561850139992,0.037414449518891224,0.12927656260493003,0.13087653669840268,0.08666561850139992,0.06320174390200677,0.6524693267027173,-0.7262801990900174,0.8170125130182363,0.06255490977433169,-0.565369843054048,-0.1606989799416764,1,1374.72
18191,0.8842313219828637,-0.4242629202453546,-0.23070665333191614,-0.3069079902939999,-0.6208283038696568,-0.4242629202453546,-0.7262793738985699,-0.26197745894487195,2.621266842448569,-0.20090273678258846,2.835076550871089,-1.3226823162124386,-1.067450603885795,0,0.0
14400,-0.5761709495910516,-0.4242629202453546,-0.16834539826943595,0.3640466988667305,-0.3655323202805045,-0.4242629202453546,0.2210979674621221,0.8246310205001347,-0.6030388702924595,0.23509901867594163,-0.5410188408508065,0.6767449843582642,0.6116410053145113,0,0.0
15525,2.3446335935567792,-0.4242629202453546,-0.21929670224893902,-0.18414650682886002,-0.09605322649195489,-0.4242629202453546,1.4316356814230065,-0.35541194603090753,-0.11801655106078958,1.0083425293389856,-0.4492892663542697,-0.18862860641870247,-0.737421754241597,0,459.44
16634,0.3756983881312325,-0.25395340732976973,-0.2289899766458135,-0.4876762405625696,-0.592462083470862,-0.25395340732976973,-0.857859560198666,-0.6045705782603358,0.7248030234718708,1.0363545042542721,0.535691084234963,0.017127221217573468,-0.5793457499372296,0,0.0
12749,-0.8239177635187694,-0.08364389441418492,0.20227490018079541,0.9925935405441211,0.8825813772664621,-0.08364389441418492,1.1509312839828008,0.49934058397838116,0.4440198854978184,-0.31104148795706615,-0.4471567839902723,-0.6074618014951711,0.9658405647115721,1,1335.65
13050,-1.1368611074274655,1.6194512347416634,0.500485436075241,-0.05252842709360679,2.2725261768074025,1.6194512347416634,0.22514658857904832,-0.025862387590702196,0.16454338522944129,-0.06623394388552169,-0.07559816734689408,0.4942871953308584,-0.02876529046191913,1,1327.12
13277,-1.0064680474655088,-0.25395340732976973,-0.24462703160833238,-0.5717970247037351,-0.6633776344678488,-0.25395340732976973,-0.9894397464987621,-0.5976495051428518,-0.7262801990900174,0.7764948249914375,-0.5410188408508065,-1.3226823162124386,-1.067450603885795,0,132.5
14447,0.036676432230145,-0.25395340732976973,-0.16387014112635856,-0.13735889243208357,-0.23788432848592836,-0.25395340732976973,-0.06837844239808935,-0.20487860572562794,0.07336436437316707,-0.5682832760111054,-0.5410188408508065,0.13548179729069326,0.20275963662868543,0,562.2
13642,0.2844232461578628,-0.4242629202453546,-0.21294839787013384,-0.1158440875316312,0.08832720610021064,-0.4242629202453546,1.9053243521033523,-0.22391155679870928,0.29524414177993463,-0.26496467123138095,-0.3574771772190061,-0.5631599430286129,-0.6150683616621219,0,0.0
12857,0.2192267161768844,-0.25395340732976973,-0.07797341866540022,0.3247293758442293,-0.1953349978877363,-0.25395340732976973,0.11583381842204521,-0.15297055734449705,-0.7262801990900174,-0.70390318405505,-0.5410188408508065,-0.26310797330724567,0.9420430886874195,0,0.0
17830,0.8842313219828637,-0.25395340732976973,-0.21713470943238206,-0.4238998851946751,-0.507363422274478,-0.25395340732976973,-0.6736472993785315,-0.6339851390096434,1.215677598279527,-0.8261751829853697,-0.0707713800592361,1.743784578787286,-1.067450603885795,0,111.05
13919,-0.9412715174845304,-0.4242629202453546,-0.2297973245922479,-0.29712437735584263,-0.4931803120750806,-0.4242629202453546,-0.2525907032182239,0.42320877968605586,-0.7262801990900174,4.337311580606982,-0.5410188408508065,-1.3226823162124386,-0.08640093087398948,0,171.66
14334,-0.9282322114883348,0.4272846443325696,0.07620624358514866,-0.07322593808793856,0.5138205120821311,0.4272846443325696,0.028113694221980887,0.07657836771872616,0.7304788074344488,0.6815471295077556,-0.020662039870330256,0.337077270183235,-0.47429001507673185,1,538.7
14888,0.1801087981882974,-0.4242629202453546,-0.20327381995201887,-0.01175376072043254,-0.43644787127749124,-0.4242629202453546,-0.04206240513807012,-0.10971385036022131,-0.7262801990900174,-0.8261751829853697,-0.5410188408508065,-0.14193297036671718,-0.5010618232723973,0,0.0
18106,1.7709041297241697,-0.4242629202453546,-0.1943165069463151,0.08461939850216349,-0.2520674386853257,-0.4242629202453546,0.8526828617025835,-0.3104249707672608,1.1231846212988037,-0.43759228388966576,1.2087681050129777,-0.408333998135948,-0.6679472491005748,0,0.0
12364,-1.0586252714502915,-0.4242629202453546,-0.15997957386448836,0.4540559378977774,-0.23788432848592836,-0.4242629202453546,0.6947866381424681,1.1741452129330827,-0.7262801990900174,2.301256419872412,-0.5410188408508065,0.521739271812225,-0.5863856982929215,0,689.18
16272,-1.0064680474655088,-0.4242629202453546,-0.19605018043129005,0.06596652897520944,-0.3655323202805045,-0.4242629202453546,0.2210979674621221,0.028707611989461066,-0.7262801990900174,-0.7714096823714498,-0.5410188408508065,-1.028707533146341,-0.07058427504543491,0,0.0
13610,-1.0847038834426828,0.25697513141698475,-0.13604128233273663,-0.4072092243934487,1.2655253526501906,0.25697513141698475,0.6105753189104065,-0.4945255156923384,-0.07651847461704528,-0.36465077168671434,-0.16078823833400552,0.03952283109226979,-0.489155200630235,0,317.57
14840,0.9624671579600378,-0.4242629202453546,-0.2553435132973195,-0.5719798959736071,-0.6633776344678488,-0.4242629202453546,-0.8841755974586852,-0.6391759438477564,-0.7262801990900174,-0.8261751829853697,-0.5410188408508065,-1.3226823162124386,-1.067450603885795,0,0.0
17574,0.636484508055146,-0.4242629202453546,-0.23447144428213126,-0.3474139765706698,-0.6066451936702594,-0.4242629202453546,-0.6736472993785315,-0.47999126214562166,-0.7262801990900174,-0.14688567987373502,0.0764483362990853,1.3063823236947434,-0.5042652071649056,0,0.0
14068,1.6535503757584085,-0.4242629202453546,-0.22084001158654418,-0.20075121813324656,-0.4080816508786965,-0.4242629202453546,0.16846589294208367,-0.4938334083805899,-0.7262801990900174,1.105786556245517,0.7310018672241917,0.0302872509878896,0.6266221705262357,0,0.0
16496,0.1801087981882974,-0.25395340732976973,-0.06460713603222105,0.39663435915793843,0.2868907488917735,-0.25395340732976973,0.7737347499225258,0.610077753858127,-0.007944506851332045,-0.4837013265336741,-0.5410188408508065,0.36446576534466274,-0.8103683848612023,0,414.48
15061,-0.8630356815073564,5.7068795447157,5.950553186156307,1.1207927259312418,0.11669342649900534,5.7068795447157,-0.6708023223774483,1.048630616667357,0.5188885944957051,-0.2254273184328889,0.2591258090456894,-1.1455266849722248,-0.6091422181970308,1,17959.14
17364,-0.7326426215453997,0.4272846443325696,0.1788499119749872,0.11083399503832891,1.449905785242356,0.4272846443325696,0.8439108492825772,0.11522102595801255,0.669665816942307,0.30812834119824367,0.20702136185299044,-0.41754501220631535,-0.45781315251468957,1,1845.27
15724,0.10187296221112337,-0.25395340732976973,-0.22893048784976044,-0.48735621584029337,-0.5640958630720674,-0.25395340732976973,-0.8052274856786276,-0.6201429927746751,-0.7262801990900174,-0.8261751829853697,-0.5410188408508065,-1.3226823162124386,0.2375814525501843,0,0.0
15076,-0.27626691167855116,-0.4242629202453546,-0.11630969852187993,0.9239070915801609,-0.02513767549496814,-0.4242629202453546,1.4842677559430448,1.2295137978729556,-0.7262801990900174,-0.08256594543044281,-0.10548758292331675,0.7557045838113706,0.3614309538345304,0,0.0
17120,0.5191307540893849,-0.4242629202453546,-0.21376764357577882,-0.12465848273946634,-0.46481409167628596,-0.4242629202453546,-0.14732655417814702,-0.3311881901197131,-0.34920118868664946,-0.8261751829853697,0.5193325232593978,0.12098194508098892,0.0993127996713487,0,0.0
12967,2.1360046976176483,-0.25395340732976973,0.01627383108152062,0.8317399715646231,-0.45063098147688857,-0.25395340732976973,-0.5946991875984738,0.01140492919575077,-0.47371827160070157,-0.3439124416355599,-0.5410188408508065,-0.9653302786030695,1.5678098354293475,1,0.0
14071,0.8711920159866681,-0.25395340732976973,-0.20537972333229726,-0.36066300007290336,-0.4080816508786965,-0.25395340732976973,-0.3315388149982816,-0.23602343475430648,-0.7262801990900174,0.8114193705232051,0.047978382609228425,1.3136923789928137,-0.9704481867342121,0,1080.76
12645,-1.0977431894388785,-0.08364389441418492,-0.04322176369108928,0.11214762032691021,0.017411655103223903,-0.08364389441418492,-0.059606429978082874,0.2051949764853061,-0.5783387705822509,-0.1999740012704145,-0.4255867798389532,-0.7297922013253982,-0.683773187540484,0,464.32
14077,-0.14587385171659442,-0.08364389441418492,-0.2132679376889331,-0.49770368186055636,-0.29461676928351777,-0.08364389441418492,-0.4982070509784033,-0.575732773604152,1.1274485946048376,-0.4664304730799534,0.6065399956654021,-0.6029387548635717,-0.34924417646627137,0,189.02
16324,-0.8499963755111608,-0.08364389441418492,-0.1965787808762187,-0.43784991523141836,0.6982009446742966,-0.08364389441418492,0.8526828617025835,-0.4350042868819749,-0.5742599047827811,0.36520241200062037,0.19123490875848348,0.7646784917517085,-0.6450798949122354,0,0.0
14448,2.2142405335948228,-0.4242629202453546,-0.2486297777427598,-0.49974574437412805,-0.46481409167628596,-0.4242629202453546,-0.14732655417814702,-0.5941889685841096,-0.6130054433121771,-0.419193776594892,-0.5410188408508065,1.100484296830088,-1.067450603885795,0,273.0
17252,-1.0064680474655088,-0.25395340732976973,-0.20672247044320918,-0.36788641523285126,0.49963740188273376,-0.25395340732976973,1.1684753088228141,-0.41424106752952256,0.3740785759192847,0.2469735955775749,-0.15224009742655728,-0.3600332274299542,-0.15640661782423854,0,0.0
16477,-0.8108784575225737,0.4272846443325696,0.07378419974584546,-0.0775691307474009,0.6414685038767072,0.4272846443325696,-0.03329039271806365,-0.11259763082583983,-0.3498735979540773,-0.42820790418604854,-0.052120190153231424,0.31354922668905766,0.07572048900432295,1,495.2
14314,-1.1368611074274655,-0.4242629202453546,-0.24562984274179828,-0.46746896524170267,-0.6066451936702594,-0.4242629202453546,-0.6736472993785315,0.27786624421888934,-0.7262801990900174,0.8629358031868237,-0.5410188408508065,-1.107266958312866,-1.067450603885795,0,0.0
16767,-1.0455859654540958,0.4272846443325696,0.4528230126775285,0.6021207094042201,1.0669618098586278,0.4272846443325696,0.40531022828225666,1.2335510905248213,0.06925044473570614,0.7057680521669134,-0.32895475443267075,-0.544829296603843,-0.08664420304175417,1,1346.24
12652,1.7969827417165611,-0.4242629202453546,-0.10965885112314772,0.9954646194811131,-0.03932078569436549,-0.4242629202453546,1.4316356814230065,1.0011183849959797,0.41019923858857554,0.4324608468018569,-0.37654214407696635,-0.16178026490126934,0.05336969527185879,0,0.0
13425,-1.1107824954350742,-0.08364389441418492,0.010037705575272591,0.30315666170831723,0.21597519789478678,-0.08364389441418492,0.27373004198216055,0.5489416079870173,-0.6747998102386142,-0.38572217359692174,-0.08555830954896225,0.3589680625331807,-0.09134782617814709,0,0.0
15840,-0.27626691167855116,-0.4242629202453546,-0.22493793979465646,-0.2448414812994096,-0.4789972018756833,-0.4242629202453546,-0.19995862869818545,0.13944478186920697,-0.7262801990900174,1.0177143987230044,-0.5410188408508065,1.3991698467686007,-0.3851261733589229,0,113.82
14414,-1.0977431894388785,0.25697513141698475,-0.07275880077137764,-0.27103596199588903,0.24434141829358147,0.25697513141698475,-0.32627560754627777,0.48965108161390336,0.807445849453536,-0.037055294826116435,-0.0708256331378398,-0.18062153014466034,0.08288509679481743,0,359.9
14426,-0.6935247035568127,0.4272846443325696,0.22443022751084252,0.19256830910766345,1.4215395648435614,0.4272846443325696,0.4316262655422759,0.17808744010849337,0.26840429383164666,-0.26163123613964057,-0.3479500928735947,0.27749102730163405,-0.28625939872302064,1,1596.09
17050,-0.08067732173561605,0.25697513141698475,0.17884651261521275,0.27037637701284395,1.605919997435727,0.25697513141698475,1.8316394477752989,0.17681857670362125,-0.1278443073299495,0.573807553608927,-0.5121130852129393,0.045841512527389786,0.5252178849334723,1,568.25
18190,-0.01548079175463769,-0.25395340732976973,-0.21767690731640854,-0.4268166819491351,-0.5215465324738753,-0.25395340732976973,-0.6999633366385507,-0.5042150180568161,0.8397678739092191,-0.8261751829853697,1.1165879965995755,-0.12578418647369732,-0.1422199878862093,0,0.0
13414,-0.7847998455301823,-0.08364389441418492,-0.029685513069187052,0.16069384676895662,-0.3938985406792992,-0.08364389441418492,-0.6736472993785315,1.0691756039845735,-0.7262801990900174,0.044487833214328074,3.976691639404989,-0.8946156877854227,-0.7220830199692116,0,0.0
15024,-1.0586252714502915,0.25697513141698475,-0.1248471905954378,-0.38312142072589583,0.15924275709719737,0.25697513141698475,-0.28416994793024697,-0.4668412232224019,0.3328247126725132,0.6081708151384841,0.7990455782118089,0.38563633465717195,-0.6475012373887161,0,805.81
14918,-1.0195073534617045,-0.25395340732976973,0.007647955653826781,0.7853363868345781,-0.16696877748894162,-0.25395340732976973,0.089517781162026,0.4214785114066848,0.7465221835897122,-0.6021269231064666,0.01429320784990054,1.1586235434976038,-0.8638004663088256,0,0.0
13030,2.279437063575801,-0.4242629202453546,-0.19763768144596314,0.04888635236915546,-0.010954565295570795,-0.4242629202453546,1.9053243521033523,-0.1443192159476419,-0.3813832618323018,-0.20350214253573698,-0.3529841561182311,0.19046965547134362,-0.5962762382702392,0,350.08
14092,-0.8108784575225737,0.9382131830793241,0.14832196152044363,-0.19157717609466296,0.5138205120821311,0.9382131830793241,-0.28183074461824525,-0.261208450820707,0.3532559031137733,-0.23600161569535066,0.05260009133057199,-0.578907706834502,0.690490264851858,1,1639.11
13993,-0.6283281735758344,0.25697513141698475,0.07873876661712184,0.054961335954306585,0.102510316299608,0.25697513141698475,-0.13680013927413937,-0.32841976087271946,0.9762891730613473,-0.34010399342713327,-0.5116317611441917,-0.7599387664077054,0.38545060902871486,1,1218.95
12981,-0.7847998455301823,-0.4242629202453546,-0.23421139325938503,-0.34461604614162666,-0.5640958630720674,-0.4242629202453546,-0.5157510758184162,-0.2827406782973243,-0.7262801990900174,-0.11568886620180192,-0.5410188408508065,0.1292007934463624,-0.2661744311641111,0,185.04
16235,-0.09371662773181173,-0.08364389441418492,-0.15294799817101656,-0.28137306531085926,-0.23788432848592836,-0.08364389441418492,-0.4631190012983777,-0.4569210184206747,0.44815978623372277,-0.4263831260611769,-0.36871385890627517,-0.041234191314126825,0.04990368848411811,0,202.02
16624,0.04971573822634068,-0.4242629202453546,-0.19354655195739978,0.09290346702736962,-0.4222647610780939,-0.4242629202453546,0.010569669381968322,-0.0681874116553166,-0.4642891757505014,-0.46053970427813656,0.5163386159939698,0.5978560553442707,-0.9502114524736488,0,384.14
13373,-0.45881719562529055,-0.25395340732976973,0.08335679687072657,1.1926181355302228,0.6272853936773098,-0.25395340732976973,1.6947960540231983,0.8869206785574917,0.26124956844023267,-0.6566257381447045,-0.5410188408508065,-0.21504994165424876,-0.19793640128660642,1,1256.67
16227,0.4148163061198195,-0.4242629202453546,-0.21261865997201113,-0.11229638489611238,-0.6350114140690541,-0.4242629202453546,-0.7789114484186084,-0.4350042868819749,-0.7262801990900174,-0.8261751829853697,-0.26375796028054765,-1.0033576195682474,-0.7806008212240941,0,0.0
13618,-0.2632276056823555,-0.4242629202453546,-0.23588387826841967,-0.3626105790970412,-0.5357296426732727,-0.4242629202453546,-0.41048692677833926,0.10483941628178638,-0.7262801990900174,-0.8261751829853697,-0.5410188408508065,1.7671374909039368,-1.067450603885795,0,0.0
13792,1.2232532778839513,-0.4242629202453546,-0.2533463894298239,-0.5504925217636355,-0.6633776344678488,-0.4242629202453546,-0.8841755974586852,-0.6495575535239826,-0.7262801990900174,5.003432808547014,-0.5410188408508065,-1.3226823162124386,0.35826049095860685,0,120.95
15034,0.5060914480931892,0.25697513141698475,0.18275407667595528,0.27878479800156314,1.5208213362393428,0.25697513141698475,0.8316300318945682,0.17128171820963387,0.22880928022759703,-0.37003264501972516,-0.3847239086151594,0.7913134164814908,-0.3268201134988461,1,1633.78
16348,-0.8499963755111608,0.08666561850139992,-0.14054033499423527,-0.3493844145035417,0.9251307078646542,0.08666561850139992,0.9184729548526315,-0.4003989212945543,-0.13811608070451822,0.1610248684566066,-0.31484518059827515,0.5427649799114338,-0.1155152332967344,0,677.36
13548,0.6495238140513416,-0.4242629202453546,-0.218263296877503,-0.17302793362063645,0.11669342649900534,-0.4242629202453546,2.115852650183506,-0.1789245815350625,0.10261341747603622,-0.3238198310703821,0.47744969878562626,0.23810557864520152,0.44199858140888537,0,397.15
16721,0.8972706279790594,-0.4242629202453546,-0.21631546372673707,-0.15207088609329386,-0.1953349978877363,-0.4242629202453546,0.8526828617025835,-0.15124028906512602,-0.40194843768245225,0.21442966180710746,0.5616591265027516,0.8035874731841443,0.3810039792420824,0,0.0
12573,0.4408949181122109,-0.4242629202453546,-0.23873934047896658,-0.3933329524355538,-0.35134921008110714,-0.4242629202453546,0.3789941910222374,-0.45576750623442724,-0.2540266577119765,-0.38627451086939907,0.7228407775934628,1.0452722025409358,-0.12984204749927108,0,0.0
17176,0.10187296221112337,-0.4242629202453546,-0.21399370100078044,-0.12709067062876522,-0.507363422274478,-0.4242629202453546,-0.30522277773826234,-0.15816136218261015,0.18034595107503934,-0.5640255098611403,2.125121046901741,-0.039405319817685795,-0.7435773063365327,0,0.0
13452,0.8581527099904724,-0.25395340732976973,-0.16574488804197357,-0.1474442429655298,-0.7059269650660409,-0.25395340732976973,-1.0420718210188007,-0.7429920406100182,-0.7262801990900174,-0.8261751829853697,-0.5410188408508065,-1.3226823162124386,4.941478643311516,0,0.0
12910,-0.7717605395339867,0.08666561850139992,-0.013300598956286823,-0.007136261156161985,-0.35134921008110714,0.08666561850139992,-0.621015224858493,-0.028391241229782916,1.2079949014876668,-0.42060954227524644,-0.3118920492485662,-0.12364705635679513,-0.45641415074420266,0,1588.14
15527,-0.64136747957203,0.25697513141698475,-0.039834301675839255,-0.20018797462204052,0.24434141829358147,0.25697513141698475,-0.2315378734102086,-0.3941699554888186,-0.4301293729213202,-0.596733051879633,-0.3585192331443199,-0.6091751345230029,0.4533509198320917,0,1097.74
13012,-0.5892102555872473,0.08666561850139992,-0.09396570672435026,-0.22410845107766045,-0.12441944689074957,0.08666561850139992,-0.42364494540834885,-0.3043690317894622,-0.14670474283681342,-0.6572040686671804,-0.28283435025172093,2.139170024981042,-0.4708967919671833,0,634.53
16902,-1.0064680474655088,-0.4242629202453546,0.0240889592030056,2.4344786421046583,-0.11023633669135223,-0.4242629202453546,1.2211073833428525,1.430224918279995,-0.51016099920742,-0.7153500843381235,-0.5410188408508065,-0.30046182576527247,1.6881205428563446,1,0.0
14292,-0.6283281735758344,0.08666561850139992,0.1742267826817208,0.49727299075030124,-0.010954565295570795,0.08666561850139992,-0.27890674047824315,-0.03271691192821049,-0.7262801990900174,-0.7795534917104898,-0.5410188408508065,-0.9240364490371991,0.5343211783325792,1,2281.7200000000003
17619,1.549235927788843,-0.4242629202453546,-0.22958996364600584,-0.29489334786340304,0.2868907488917735,-0.4242629202453546,2.8000696189440055,-0.31734604388474486,-0.3624522920364587,-0.05606005237494652,-0.24156295800707275,0.9332652440083966,0.13085944564391983,0,0.0
15549,-0.47185650162148624,-0.25395340732976973,0.009301744184101879,0.7942330741138557,0.6131022834779125,-0.25395340732976973,1.6158479422431409,0.38860341409863525,0.5680736296456733,0.636725373926137,-0.4316142676089873,-0.04013808427104846,-0.04678433084931075,0,61.58
17519,-0.7847998455301823,0.25697513141698475,-0.013113634168691504,-0.1426895899488552,-0.010954565295570795,0.25697513141698475,-0.39996051187433157,-0.025276758326915044,-0.11099209043157257,2.8785913991328673,-0.17508758290059323,-0.15196323934241485,-0.40937593310402526,0,356.02
18055,-0.8499963755111608,0.5975941572481545,0.3582426256727106,0.2726006141438312,1.0102293690610382,0.5975941572481545,0.16094702515350676,-0.14036431702336527,-0.1181127233597315,-0.31097370874430197,-0.0018216124999382113,0.5978462589778984,0.1518048323338799,1,3088.48
13584,1.471000091811669,-0.4242629202453546,-0.24182255979440237,-0.4265058007903525,-0.37971543047990186,-0.4242629202453546,0.16846589294208367,-0.618412724495304,-0.23531565629155599,-0.7805531273951528,-0.36391763357318757,-0.6240314566734272,0.08876190575750752,0,0.0
14176,1.353646337845908,0.08666561850139992,-0.16797146869424529,-0.4231684001151867,-0.3229829896823125,0.08666561850139992,-0.686805318008541,-0.5656395419744876,0.13847831588206375,-0.8261751829853697,1.7679305789934225,0.09231305549014786,-0.1690797465955058,0,0.0
16205,-0.18499176970518144,-0.4242629202453546,-0.24693009785552947,-0.4814586173869182,-0.3371660998817098,-0.4242629202453546,0.326362116502199,-0.5249782374092684,0.47262839519210414,-0.594196961129092,-0.2580505152127293,-0.4507882388450451,-0.19993985720541768,0,645.28
16172,-0.8239177635187694,-0.08364389441418492,-0.12999212161408394,-0.1990444196144403,-0.13860255709014693,-0.08364389441418492,-0.23504667837821117,-0.13393760627141574,-0.7262801990900174,-0.395296454329104,0.04029714456707074,1.0582455198968068,-0.801671762940228,0,339.86
17744,0.7407989560247114,0.08666561850139992,-0.04694406264412364,-0.09763010905237009,-0.010954565295570795,0.08666561850139992,-0.27890674047824315,0.7121635823410178,-0.4073809745562026,1.3775068162841453,0.05661979127318209,0.0610993088251579,-0.47204000661975093,0,1033.44
15098,-0.14587385171659442,-0.08364389441418492,6.518501220474316,23.64502232374388,-0.7059269650660409,-0.08364389441418492,-1.0420718210188007,-0.6068776026328305,6.300187227492996,-0.8261751829853697,-0.5410188408508065,-1.3226823162124386,-1.067450603885795,1,0.0
16394,-0.28930621767474685,-0.08364389441418492,-0.10742887111110155,-0.11812388269603659,-0.02513767549496814,-0.08364389441418492,-0.04206240513807012,0.8730785323225235,2.160362200766732,-0.010186264412123223,-0.5410188408508065,0.10652262447408017,-0.6046902826944986,0,622.24
17796,1.5622752337850387,-0.08364389441418492,-0.16164865951374852,-0.312576999660035,0.13087653669840268,-0.08364389441418492,0.2561860171421478,-0.5641976517416785,-0.22169265062509172,-0.23561653670927932,-0.44395151248784287,0.06383054199322793,1.539745614833833,0,75.9
15793,0.9755064639562334,-0.4242629202453546,-0.21390701732653175,-0.12615802715241753,-0.6775607446672461,-0.4242629202453546,-0.9368076719787237,-0.08202955789028483,-0.7262801990900174,-0.8261751829853697,1.4926438614126072,1.4266905148481939,0.4281190548218063,0,658.97
15145,0.4408949181122109,-0.25395340732976973,-0.1429640785134257,-0.02489306146074284,-0.22370121828653103,-0.25395340732976973,-0.0157463678780509,0.01140492919575077,0.3072664508154985,1.1948174117107855,-0.5410188408508065,-1.0055857581702563,0.6131540292888737,0,470.7
17968,2.3446335935567792,-0.4242629202453546,-0.22096748757808646,-0.2021227526572873,0.32944007948996556,-0.4242629202453546,3.168494140584275,-0.22391155679870928,-0.3870165889041914,0.1958754810653212,0.6452351403307993,0.8875393868688037,-0.16713121611258813,0,0.0
17343,2.1099260856252573,-0.4242629202453546,-0.23311340005223427,-0.33280256210788917,-0.4789972018756833,-0.4242629202453546,-0.19995862869818545,-0.552662529879205,0.5419238732043242,-0.7097376876189634,0.24040685372675077,0.17181017946227803,0.288623596189202,0,0.0
14298,-0.9151929054921392,5.536570031800116,5.783447458363371,1.1210646714352672,8.711658207333798,5.536570031800116,0.5310424063023486,3.36995178547044,0.4817240713441605,-0.4185597884660338,0.10128662840519237,0.18493380837516235,-0.31175074483784193,1,15935.46
13137,-1.1759790254160525,0.08666561850139992,-0.02318253782064388,-0.033716600232071584,2.2725261768074025,0.08666561850139992,3.0369139542841785,0.010539795056065254,-0.3340794255031343,-0.18745453382023644,-0.49849569199300375,0.2840588132876156,0.22256232200296952,0,2174.53
15095,-1.1759790254160525,0.08666561850139992,-0.03306787604477539,-0.060306082871474785,-0.29461676928351777,0.08666561850139992,-0.4762770199283873,0.1870271595519103,-0.1992695092806399,0.25118843993654527,0.295350496941966,-0.9027938475823997,1.0334387112002632,0,0.0
14495,-0.9412715174845304,-0.4242629202453546,-0.25912530104640696,-0.612668753520149,-0.6917438548666435,-0.4242629202453546,-0.9894397464987621,-0.670320772876435,-0.7262801990900174,-0.8261751829853697,-0.5410188408508065,-1.3226823162124386,1.8630124279986078,0,83.2
16275,0.036676432230145,-0.4242629202453546,-0.17086602354219851,0.33692688954469824,-0.2520674386853257,-0.4242629202453546,0.6421545636224296,0.4162877065685717,0.07191103875212364,0.8660582988652978,-0.02368655341556219,-0.7601232783107713,-0.5608661102217068,0,0.0
18223,-0.6544067855682256,1.108522695994909,0.3466423104423637,-0.02773488099455521,0.4570880712845417,1.108522695994909,-0.22101145850620077,-0.2131838934666089,0.3605521943426587,-0.5628276673993564,-0.4328930084060255,1.0555881787575814,-0.37127292246823795,1,2879.9300000000003
16969,-0.7717605395339867,-0.25395340732976973,-0.18461813350977896,-0.24897437199851907,-0.26625054888472305,-0.25395340732976973,-0.2525907032182239,0.5339459495658018,-0.7262801990900174,1.6392688689046215,-0.37507861940518544,0.7877407312606378,-0.7155413309112573,0,171.45
15016,-0.27626691167855116,-0.4242629202453546,-0.2371246445860978,-0.37596018179770446,-0.43644787127749124,-0.4242629202453546,-0.04206240513807012,-0.4834517987043637,1.0836426030996793,-0.1204843611584203,-0.3073128644229225,0.234544368451392,-0.8218492261627812,0,0.0
15414,0.636484508055146,-0.4242629202453546,-0.2598731601967883,-0.6207150893945215,-0.6491945242684515,-0.4242629202453546,-0.8315435229386468,-0.7049261384638555,0.8750556094544535,0.5884199030566912,-0.5410188408508065,1.0732576197162178,-1.067450603885795,0,738.7
14287,0.06275504422253635,-0.25395340732976973,-0.251871067287708,-0.6107668923134792,-0.6633776344678488,-0.25395340732976973,-0.9894397464987621,-0.3727146288246178,-0.7262801990900174,3.5129548426502932,-0.5410188408508065,-0.2607986317385862,0.4044773096927967,0,93.35
13500,-0.9282322114883348,-0.4242629202453546,-0.2105484498693646,-0.09002266422569083,-0.43644787127749124,-0.4242629202453546,-0.04206240513807012,-0.30350389764977664,0.6460767201644774,-0.8261751829853697,-0.5410188408508065,-0.28322401752424364,1.7492349807379446,0,840.37
15910,0.1801087981882974,0.08666561850139992,-0.17243992711777378,-0.4351876143275304,0.9393138180640516,0.08666561850139992,0.6816286195124585,-0.37357976296430334,0.03569355736422722,0.9851609450458075,-0.48328016667954615,-0.12664987146965373,0.0008447122329547635,0,678.27
17672,1.510118009800256,-0.4242629202453546,-0.0658309055510269,1.4670164759733069,-0.13860255709014693,-0.4242629202453546,1.0632111597827372,1.478672430102384,-0.07185899018544928,0.24062093605018253,-0.2513808954939476,0.4114052698777097,-0.031305176573279095,0,2000.33
12917,-0.8499963755111608,-0.4242629202453546,-0.16506501608708146,0.3993408539520455,-0.6917438548666435,-0.4242629202453546,-0.9894397464987621,-0.3311881901197131,-0.7262801990900174,-0.8261751829853697,-0.5410188408508065,-1.3226823162124386,-1.067450603885795,0,0.0
12695,-1.12382180143127,-0.25395340732976973,-0.20927368995394188,-0.38161090403675224,-0.4789972018756833,-0.25395340732976973,-0.5946991875984738,-0.44884643311694317,2.6954137319144684,-0.4828222568161981,-0.5410188408508065,-0.5968893313756044,-0.837999127690031,0,248.2
15184,-0.04155940374702904,-0.4242629202453546,-0.2260444314012434,-0.25674640096808327,-0.43644787127749124,-0.4242629202453546,-0.04206240513807012,-0.4938334083805899,2.1353258012783565,-0.14384827371767053,-0.5410188408508065,-0.9708358338968374,-1.067450603885795,0,166.97
14692,-0.7326426215453997,0.08666561850139992,-0.1654814376594529,-0.41647073985612115,0.03159476530262125,0.08666561850139992,-0.19995862869818545,-0.5171920301520988,-0.5861190704725224,0.14737358362305888,-0.44025128722440815,0.3715925494012893,-0.4346109587156614,0,0.0
17334,1.4188428678268863,-0.25395340732976973,-0.21384242949081697,-0.40618880270756236,-0.5640958630720674,-0.25395340732976973,-0.8052274856786276,-0.2014180691668859,0.7567342274703996,1.215652137442756,-0.5410188408508065,-1.3226823162124386,-0.5742416369475757,0,0.0
16990,0.3235411641464498,-0.4242629202453546,-0.23560173140713944,-0.3595749160171644,-0.7059269650660409,-0.4242629202453546,-1.0420718210188007,-0.4003989212945543,-0.7262801990900174,-0.8261751829853697,-0.5410188408508065,-1.3226823162124386,-1.067450603885795,0,0.0
17892,-0.4979351136138776,-0.4242629202453546,-0.2418735501910193,-0.42705441459996885,-0.35134921008110714,-0.4242629202453546,0.27373004198216055,-0.5076755546155581,0.30469690044732106,-0.023683281810392122,1.5020960391984377,-0.8503467042395991,-0.521953156392162,0,102.0
15608,-0.9543108234807262,-0.4242629202453546,-0.21746954637016644,-0.1644878453176094,-0.46481409167628596,-0.4242629202453546,-0.14732655417814702,0.04947083134191342,-0.48130814795319743,1.1964148895480504,0.004698684896579002,-0.38806432653408457,-0.2786839881972654,0,808.0
15143,0.4148163061198195,-0.4242629202453546,-0.22192780671437157,-0.21245497940506095,-0.5215465324738753,-0.4242629202453546,-0.35785485225830077,-0.22737209335745134,-0.18734513727077712,2.5939693359995637,-0.5410188408508065,-0.06743464539761367,-0.5463447720802852,0,0.0
16150,-0.8499963755111608,-0.08364389441418492,-0.026592095674427874,0.17178803714119728,0.21597519789478678,-0.08364389441418492,0.30881809166218627,0.14636585498669108,0.4693215913209628,-0.4116597000361486,-0.24155931384620077,0.8349883730492696,-0.5144175401396953,0,644.32
16536,-1.0847038834426828,-0.4242629202453546,-0.17286314740969413,0.3154395153347266,-0.02513767549496814,-0.4242629202453546,1.747428128543237,0.11868156251675462,0.8991961011557791,1.0681298216614676,-0.5410188408508065,0.45381572428626016,-0.9589188963267692,0,0.0
17348,1.353646337845908,-0.4242629202453546,-0.23880562799456856,-0.394046150388055,-0.20951810808713367,-0.4242629202453546,0.800050787182545,-0.057805801979090424,-0.4586470345433031,2.167566039894811,-0.4813701877974829,-0.8540263951860424,0.47277134801835435,0,996.45
13772,0.5973665900665589,-0.4242629202453546,-0.2272019134044472,-0.2691999344463732,-0.20951810808713367,-0.4242629202453546,0.800050787182545,-0.44884643311694317,-0.021849308324099974,-0.11614442028036746,-0.44232149816577143,1.4308250684941242,0.12686420139727073,0,894.21
15841,0.3235411641464498,-0.25395340732976973,-0.16179143262427587,-0.12617631427940473,-0.45063098147688857,-0.25395340732976973,-0.4631190012983777,-0.11317438691896338,-0.609413017550138,-0.7027918582102255,0.47584567178992215,3.0976813377188215,-0.7405780218055972,0,610.8000000000001
14226,0.2192267161768844,-0.25395340732976973,0.021559835530806874,0.8601764540297344,-0.15278566728954426,-0.25395340732976973,-0.0157463678780509,1.1135858231550966,-0.7262801990900174,-0.7787449941948733,-0.5410188408508065,0.36523384202142734,2.0314096103691877,1,522.7900000000001
16407,-1.0847038834426828,0.7679036701637393,-0.014070553945202189,-0.3480608836878424,0.3578062998887603,0.7679036701637393,-0.30522277773826234,-0.4237575430660632,-0.013380787365492051,-0.6096249844964089,-0.20849662292756718,-0.13975382902327588,-0.35871986218164703,0,597.31
12797,2.240319145587214,-0.4242629202453546,-0.2228490332132504,-0.22236660223212867,-0.5357296426732727,-0.4242629202453546,-0.41048692677833926,-0.33810926323719726,-0.7262801990900174,0.46757183063746144,-0.5410188408508065,-1.3226823162124386,0.13182787831277853,0,0.0
17673,-0.4066599716405079,0.08666561850139992,-0.06620823448599203,-0.14944668337062933,0.8400320466682701,0.08666561850139992,1.036895122522718,0.17231987917725652,0.3196630475815495,0.34243010234535426,0.32901577734472776,0.2717079246703936,-0.8264023882227196,0,419.35
13867,0.3105018581502541,-0.4242629202453546,-0.24242594615436916,-0.43299773087081206,-0.6066451936702594,-0.4242629202453546,-0.6736472993785315,-0.6391759438477564,1.0853693066476267,-0.26471339981963143,0.4331740442532289,0.44716696547102736,-0.37935571709834676,0,866.24
12510,-0.6674460915644214,-0.25395340732976973,-0.09902055470897318,0.2115046291029193,-0.3087998794829151,-0.25395340732976973,-0.2262746659582047,-0.13566787455078677,0.7977646404159434,1.01035639423939,-0.05413158816915715,-1.2246027610316177,0.18837200510080945,0,0.0
14998,-0.31538482966713816,-0.25395340732976973,-0.19551138190703807,-0.3075754704290331,0.2727076386923762,-0.25395340732976973,0.8526828617025835,-0.3000433610910346,-0.42921307285224214,0.1196475452167956,-0.3531279560489253,-0.22354210428545465,1.3176106903412668,0,0.0
16596,2.2533584515834097,-0.4242629202453546,-0.2455193635491283,-0.466280301987534,-0.6350114140690541,-0.4242629202453546,-0.7789114484186084,-0.5838073589078835,3.5309495471446963,-0.8261751829853697,-0.5410188408508065,0.21375021008503392,-0.3278517698959065,0,129.5
12625,0.2322660221730801,-0.25395340732976973,0.19013748610608378,1.7670533684524596,0.31525696929056823,-0.25395340732976973,1.1684753088228141,2.0427398891773394,-0.5956901463897771,1.6152039032129617,-0.42569497044136445,-0.3366968153070083,-0.10895763091250761,1,0.0
12518,-1.0847038834426828,-0.4242629202453546,-0.2108152996116598,-0.09289374316268277,-0.46481409167628596,-0.4242629202453546,-0.14732655417814702,-0.09933224068399514,-0.7262801990900174,0.26088041381138594,-0.5410188408508065,-0.5190330202021114,0.051720099114042774,0,1732.06
17639,1.0798209119257989,-0.4242629202453546,-0.24758447461211314,-0.488499161276994,-0.6208283038696568,-0.4242629202453546,-0.7262793738985699,-0.5768862857903994,1.8511705251312165,-0.8261751829853697,-0.5410188408508065,-1.3226823162124386,1.840095806048388,0,0.0
18257,-1.0325466594579003,0.25697513141698475,-0.00038813085299817127,-0.11530644599820715,0.21597519789478678,0.25697513141698475,-0.2525907032182239,-0.2474432053981553,-0.2266087038342149,-0.39924456513570933,-0.21173696404609638,-0.25541816169694026,0.3088355320863266,0,774.76
16700,-0.9412715174845304,1.108522695994909,0.43015438202153783,0.062117088744401826,1.2938915730489853,1.108522695994909,0.24741400472214134,0.37476126786366704,-0.11775255831515642,0.21568636231371668,-0.39649469301081874,-0.1497221843911674,0.23689612732018359,1,980.6
16282,1.9012971896861264,-0.4242629202453546,-0.23742038888647587,-0.37914214189347895,-0.5640958630720674,-0.4242629202453546,-0.5157510758184162,-0.35195140947216547,-0.7262801990900174,-0.517365642115642,2.896375318328168,0.33788264367262344,0.2357336951201576,0,0.0
17742,-1.0455859654540958,-0.25395340732976973,-0.20566866891312638,-0.3622174058668162,-0.5357296426732727,-0.25395340732976973,-0.6999633366385507,-0.5924587003047386,-0.7262801990900174,-0.8261751829853697,0.982640668559746,0.48934311068867553,-0.8144768992714512,0,0.0
16302,-0.8760749875035521,-0.4242629202453546,-0.22638606705857667,-0.26042211349251243,-0.5640958630720674,-0.4242629202453546,-0.5157510758184162,-0.19968780088751487,-0.7262801990900174,-0.17729380272977438,2.530011166969527,-0.9143285579908341,1.004060893733036,0,0.0
17133,-0.04155940374702904,-0.08364389441418492,0.15528894937820065,0.8240837610659778,-0.592462083470862,-0.08364389441418492,-0.8490875477786596,0.551248632359512,-0.7262801990900174,0.052586349419489864,2.2263094286849694,0.8448722293650293,-0.6548865429607024,1,2413.4500000000003
16957,0.5973665900665589,-0.25395340732976973,-0.1952105385669983,-0.30595705969066506,-0.507363422274478,-0.25395340732976973,-0.6736472993785315,-0.44884643311694317,0.3463084345761679,0.37355255157872586,-0.5410188408508065,0.4733164535663161,-1.067450603885795,0,0.0
17442,-0.9412715174845304,0.08666561850139992,0.004299586275983057,0.04020453883197756,0.3719894100881576,0.08666561850139992,0.16846589294208367,0.1299283063326663,0.05604357839391468,0.17694177330900412,-0.4458789298205967,0.01809669504194309,0.35871847545152474,0,658.11
14177,-0.18499176970518144,-0.4242629202453546,-0.24764736276794064,-0.4891757849755208,-0.45063098147688857,-0.4242629202453546,-0.09469447965810857,-0.614952187936562,1.0249756702007637,-0.8261751829853697,-0.12403101108818948,0.08652901818049703,-0.0449379048343707,0,441.33
15039,-1.0325466594579003,5.536570031800116,2.708848919315616,0.20217311458194595,4.385809596517607,5.536570031800116,0.6947866381424681,0.03418679487413593,-0.2579563592729313,-0.381677550446497,-0.49491045548759977,0.04034442112475989,-0.3424711836173267,1,2264.03
17416,-1.0977431894388785,0.25697513141698475,0.6338678152256397,1.2495057301620351,1.449905785242356,0.25697513141698475,0.8947885213186141,1.525735727301276,0.13276993892652136,-0.37072472390925937,-0.49685011560375425,-0.13233919787386617,-0.1977459709320449,1,1598.93
13165,2.0577688616404743,-0.4242629202453546,-0.20574855386782623,-0.038379817613810124,-0.5357296426732727,-0.4242629202453546,-0.41048692677833926,0.9699735559673012,-0.7262801990900174,-0.7279001864182671,-0.10141647576081918,1.4631367037230858,-0.5001740665629719,0,666.84
16555,-1.0977431894388785,-0.4242629202453546,-0.24019426646243572,-0.4089867331366055,-0.592462083470862,-0.4242629202453546,-0.621015224858493,-0.4350042868819749,1.1267321344897112,0.1695618580937854,-0.5410188408508065,-0.6736656125858255,-0.4625248407451262,0,133.91
18043,0.16706949219210174,-0.25395340732976973,-0.1943691970228193,-0.3014309957613306,0.5138205120821311,-0.25395340732976973,1.3526875696429488,-0.35022114119279446,0.32454826279489185,0.6745495291320965,-0.5410188408508065,-0.8634912043520502,-0.19545105137380142,0,107.7
15440,-0.7456819275415953,-0.25395340732976973,-0.2256314091886464,-0.46960855909920624,-0.3655323202805045,-0.25395340732976973,-0.2525907032182239,-0.5301690422473816,-0.6641932614655782,1.8366346802828832,-0.5410188408508065,-1.3226823162124386,-1.0143547887754933,0,146.02
17183,-1.1499004134236612,-0.4242629202453546,-0.2099926545462403,-0.08404277370087314,-0.592462083470862,-0.4242629202453546,-0.621015224858493,-0.2585169223861299,-0.0740828403572235,-0.3671339735844235,-0.5410188408508065,-0.4281748168521725,2.545343602705582,0,3017.64
17377,-0.8760749875035521,0.9382131830793241,0.08076648472258757,-0.27233719267617895,0.5705529528797205,0.9382131830793241,-0.15317456245815125,-0.33041918199554815,1.2165586725593514,0.1670291855210752,-0.08799516457099459,-0.5123698820694922,-0.39214772476646026,1,2017.98
17418,1.6926682937469957,-0.4242629202453546,-0.23757505975621385,-0.3808062704493151,-0.54991275287267,-0.4242629202453546,-0.4631190012983777,-0.26543799550361397,0.2643681745724417,-0.8261751829853697,0.5273074572738646,1.0804471225318848,-1.067450603885795,0,296.07
13037,-0.719603315549204,-0.08364389441418492,-0.11627230556436086,-0.1498398566008543,-0.09605322649195489,-0.08364389441418492,-0.2525907032182239,-0.2492888248961511,0.342359789971151,-0.4149934234528455,-0.4421380324101759,0.16756623912365667,-0.6752985254881136,0,0.0
13669,-0.5761709495910516,-0.4242629202453546,-0.25784204273154804,-0.5988619726448057,-0.6775607446672461,-0.4242629202453546,-0.9368076719787237,-0.7014656019051135,-0.7262801990900174,-0.8261751829853697,-0.5410188408508065,-1.3226823162124386,3.3503291541782723,0,170.39999999999998
16200,-0.3805813596481165,-0.4242629202453546,-0.1724467258373227,0.3199198614465931,0.102510316299608,-0.4242629202453546,1.9579564266233906,0.05293136790065548,0.5615502820776667,-0.6804137367868478,0.1996444980555558,-0.26587170296224144,-0.26537964038155315,0,518.3
12502,-0.8630356815073564,0.08666561850139992,0.1812481602958692,0.5161590211463422,0.428721850885747,0.08666561850139992,0.326362116502199,-0.23948397131304855,0.48782219757323997,0.8217920389489943,-0.410334542683348,-1.0565306797308598,-0.021633131392191526,1,1092.35
14681,0.2322660221730801,-0.4242629202453546,-0.19906711223112386,0.0335068785729119,-0.6491945242684515,-0.4242629202453546,-0.8315435229386468,-0.5803468223491414,-0.7262801990900174,-0.8261751829853697,-0.5410188408508065,-1.3226823162124386,-1.067450603885795,0,105.0
17059,-1.0847038834426828,0.08666561850139992,0.1142093861837312,0.33583880548895917,2.570371490994747,0.08666561850139992,3.7474469603046976,0.36005398748901324,-0.2254665424950235,-0.32415572480241234,-0.2614100270385718,0.3323531350525663,-0.15863060889710007,1,843.29
17837,-0.602249561583443,-0.08364389441418492,-0.2020313539544535,-0.4574049496897415,-0.3938985406792992,-0.08364389441418492,-0.5157510758184162,-0.6287943341715302,-0.44075006276768847,-0.7754259589506448,-0.061999489096731086,-0.9274559963087402,-0.08593842970015675,0,1164.72
18064,-0.7847998455301823,-0.25395340732976973,-0.12767205856801458,0.05737157929122082,-0.6208283038696568,-0.25395340732976973,-0.9104916347187044,-0.08202955789028483,-0.7262801990900174,3.004732364560713,-0.5410188408508065,-1.1033113161530652,-1.067450603885795,0,0.0
16007,-0.17195246370898576,-0.25395340732976973,-0.14234539503447388,-0.021564804349070658,1.0953280302574224,-0.25395340732976973,3.089546028804217,0.258833293145808,0.35839154225986625,0.46658786576418837,-0.08417017844910786,0.008459771919615269,-0.8411052128903189,0,966.14
17667,-0.41969927763670356,0.08666561850139992,0.03158964654535295,0.11360906655863799,0.428721850885747,0.08666561850139992,0.19478193020210288,0.03476355096725967,-0.4305362288447492,-0.42329214096886086,-0.24650614659899564,0.47556495919940045,-0.2978933862319855,1,304.5
12591,1.6144324577698215,-0.4242629202453546,-0.18905599769533732,0.14121805652757816,-0.35134921008110714,-0.4242629202453546,0.27373004198216055,0.0425497582244293,-0.47957415496355243,1.457368571617558,-0.3688861448637106,-0.13158433999489644,0.2362422271556887,0,0.0
12388,-0.5892102555872473,0.08666561850139992,0.01753839291761994,0.07581414685782194,-0.010954565295570795,0.08666561850139992,-0.17364259143816624,-0.08895063100776895,-0.6833213491246952,-0.01392449846901423,0.2741647062552852,0.1768037383321884,0.7433609023544915,1,1112.3200000000002
16383,0.9755064639562334,-0.4242629202453546,-0.21342770759833277,-0.12100105734202436,-0.03932078569436549,-0.4242629202453546,1.6947960540231983,0.28478731733637347,-0.6683809812984236,2.10917945033101,0.10550224276659784,-0.1142146662283575,-0.6713342830597592,0,334.3
16222,1.627471763766017,-0.4242629202453546,-0.13454726371186118,0.7276862190073989,0.9818631486622436,-0.4242629202453546,5.3264091959058515,0.37822180442240905,0.22338972457264655,-0.5613786365967843,0.04532167394789412,0.5244950891254345,0.05176150384633433,0,0.0
13557,1.1319781359105816,-0.4242629202453546,-0.22511810586270284,-0.24677991676005384,-0.4931803120750806,-0.4242629202453546,-0.2525907032182239,0.028707611989461066,0.5121390639798319,0.1608015625822742,0.020999947983726203,-0.25147502663897625,-1.067450603885795,0,343.38
14766,-0.32842413566333384,0.08666561850139992,-0.0057506208972098,0.013171593363134513,0.48545429168333637,0.08666561850139992,0.12899183705205483,0.10483941628178638,-0.03883058055785803,0.20309819689234526,-0.36435206696070543,0.10337157623386724,0.4791623662904897,0,942.05
15607,1.8621792716975394,-0.4242629202453546,-0.24822015488993726,-0.49533854677021055,-0.5357296426732727,-0.4242629202453546,-0.41048692677833926,-0.047424192302864245,-0.7262801990900174,4.847006279178083,-0.5410188408508065,-1.3226823162124386,-0.49386056501625414,0,0.0
16386,0.7799168740132983,-0.4242629202453546,-0.25564095727758485,-0.5751801431963688,-0.6633776344678488,-0.4242629202453546,-0.8841755974586852,-0.6564786266414667,-0.7262801990900174,-0.8261751829853697,-0.5410188408508065,-1.3226823162124386,2.197630427324528,0,241.47
15152,-1.0455859654540958,0.4272846443325696,0.13904340901605333,0.03945324269825298,0.8400320466682701,0.4272846443325696,0.06320174390200677,-0.06991767993468763,-0.019567722156827453,-0.2624426994532856,-0.3136654196543109,-0.12491252948372814,0.44075102660250226,1,2362.48
13571,-0.8630356815073564,0.4272846443325696,-0.12985614722310554,-0.4427356259915013,0.5421867324809257,0.4272846443325696,0.06320174390200677,-0.3588724825896496,0.02061359863551355,0.004861299387168046,-0.11367076966838943,0.7727628526855408,0.15413624812821752,0,1287.79
15346,1.8100220477127567,-0.4242629202453546,-0.22312268167509447,-0.2253108296770695,-0.4789972018756833,-0.4242629202453546,-0.19995862869818545,-0.2481353127099037,-0.7262801990900174,-0.5173289402448471,-0.5410188408508065,1.9415746521968202,-0.7103713759800838,0,0.0
13120,0.5843272840703633,-0.4242629202453546,-0.26082498093363726,-0.630955880507359,-0.7059269650660409,-0.4242629202453546,-1.0420718210188007,-0.7049261384638555,6.300187227492996,-0.8261751829853697,-0.5410188408508065,-1.3226823162124386,-1.067450603885795,0,0.0
15969,-0.1067559337280074,-0.4242629202453546,-0.21355688326976227,-0.1223908789930523,-0.5782789732714647,-0.4242629202453546,-0.5683831503384545,-0.5941889685841096,2.3192051966884315,-0.1576880573417175,-0.5410188408508065,-0.9976476347108588,0.7720175330113408,0,357.4
16471,1.0537422999334074,-0.4242629202453546,-0.22796167031403916,-0.277374280209656,-0.5357296426732727,-0.4242629202453546,-0.41048692677833926,-0.2585169223861299,-0.7262801990900174,0.2522795699247173,0.3189189703375569,1.76422652103423,-0.2571373050898196,0,0.0
13404,0.24530532816927578,-0.4242629202453546,-0.2290052737647986,-0.28860257617980284,-0.592462083470862,-0.4242629202453546,-0.621015224858493,-0.40385945785329636,0.8047612777275291,1.8617480898573526,-0.5410188408508065,0.7269021157274387,-1.067450603885795,0,34.68
12621,-1.1107824954350742,1.7897607476572481,1.266303404145054,0.49069811548672104,1.7761173198284952,1.7897607476572481,0.018088537170545215,0.4763527339810231,-0.2918821818217536,0.9423864499015927,-0.10799783426273976,-0.6834130840267533,-0.20307632274154921,1,3494.63
13627,-0.22410968769376846,-0.08364389441418492,-0.09146887697000891,-0.06088517522606976,0.15924275709719737,-0.08364389441418492,0.028113694221980887,0.14751936717293837,-0.09314553924971371,-0.40197551425901296,-0.35201055467605274,0.9080859598479634,0.8164979144248791,0,611.47
16616,-0.47185650162148624,-0.4242629202453546,-0.23031572695785318,-0.3027019510869417,-0.5640958630720674,-0.4242629202453546,-0.5157510758184162,-0.36579355570713373,-0.7262801990900174,0.2738981762175765,-0.17873342021896196,0.571423012647251,-1.067450603885795,0,290.32
17671,-0.47185650162148624,-0.08364389441418492,-0.07930766737687604,-0.017270377361574264,-0.18115188768833898,-0.08364389441418492,-0.32276680257827517,-0.14201219157514725,0.732037194984833,0.05003798076143708,-0.5084618996022356,-0.5740289448049142,-0.11323121726382009,0,474.16
16904,-1.1107824954350742,1.6194512347416634,0.23258359192988637,-0.2742514016010709,4.017048731333277,1.6194512347416634,1.1806211721735924,-0.3202741902036805,0.23106116742187513,-0.3711702125969812,-0.009526733587008144,-0.1578441007192353,-0.6720376394301121,1,720.2
15198,-0.9021535994959434,-0.4242629202453546,-0.24773064708241493,-0.49007185419789406,-0.6491945242684515,-0.4242629202453546,-0.8315435229386468,-0.5249782374092684,-0.7262801990900174,-0.46830727023834473,-0.5410188408508065,4.080712948827007,-1.067450603885795,0,86.0
13358,0.9755064639562334,-0.4242629202453546,-0.19140495529948962,0.115945247031254,-0.3087998794829151,-0.4242629202453546,0.4316262655422759,0.23980034207272669,0.03713573204910697,-0.8261751829853697,-0.2799141750241496,0.06408357068979269,0.3520105997377232,0,0.0
14798,-0.64136747957203,-0.25395340732976973,-0.24947111928693877,-0.597856180660509,-0.6208283038696568,-0.25395340732976973,-0.8841755974586852,-0.5665046761141732,-0.7262801990900174,-0.02577509476603993,3.7288757285190024,0.5851625535454744,-1.067450603885795,0,76.34
15325,-1.1759790254160525,-0.4242629202453546,-0.23853537889249896,-0.3911384971970886,-0.05350389589376284,-0.4242629202453546,1.4316356814230065,0.05293136790065548,-0.45649929938010986,2.045988390515532,0.0023540566124428046,-0.09456536750316796,0.014780810550074875,0,0.0
16667,1.1841353598953641,-0.4242629202453546,-0.23196441644846655,-0.32044046426453526,-0.43644787127749124,-0.4242629202453546,-0.04206240513807012,-0.47999126214562166,-0.7262801990900174,-0.48864589252502605,-0.5410188408508065,-0.004482442522964936,2.622163886471636,0,366.78
17213,-0.680485397560617,0.25697513141698475,0.03651871821832085,-0.0358891109181521,0.23015830809418414,0.25697513141698475,-0.05258882004207777,-0.22183523486346407,0.962115173800071,-0.6007498217977353,0.5172890946640418,0.040375862659664634,-0.4598094869844769,1,1001.22
14755,-1.0586252714502915,0.5975941572481545,0.22138780051270032,0.06225162975009344,0.7407502752724887,0.5975941572481545,0.025607404959122112,-0.1329488815403466,0.35365742235535347,-0.38001513400695813,-0.006805647211420918,0.18440900856518397,0.10033532716492634,1,2142.6
16055,0.34961977613884115,-0.4242629202453546,-0.24311431650869741,-0.440404017300632,-0.6066451936702594,-0.4242629202453546,-0.6736472993785315,-0.670320772876435,1.4030313318885885,-0.264854279783552,-0.5410188408508065,0.7905110569043661,-1.067450603885795,0,0.0
16619,0.9103099339752551,-0.4242629202453546,-0.22757754265952512,-0.27324138951054655,-0.5215465324738753,-0.4242629202453546,-0.35785485225830077,-0.28620121485606637,0.6280099728697514,-0.8261751829853697,0.6954604779610091,0.6244805795593977,0.4793419785124165,0,0.0
16128,-0.6544067855682256,-0.25395340732976973,-0.1479492396226722,-0.05171113318748606,-0.23788432848592836,-0.25395340732976973,-0.09469447965810857,-0.11317438691896338,-0.7262801990900174,0.22868922578113385,-0.5410188408508065,-0.7820753347495327,1.5773605317346477,0,1185.52
17951,2.1490440036138443,-0.25395340732976973,-0.19642411000648072,-0.3124855640250989,-0.592462083470862,-0.25395340732976973,-0.857859560198666,-0.36579355570713373,-0.7262801990900174,-0.8261751829853697,0.9202341972584003,1.5096537949791649,-1.067450603885795,0,599.0400000000001
13101,0.5321700600855805,-0.4242629202453546,-0.24882694060967847,-0.5018670511046445,-0.6066451936702594,-0.4242629202453546,-0.6736472993785315,-0.35541194603090753,-0.03536853890125412,-0.6033571515321531,0.2066601368050791,0.962998763752443,1.1647427986455514,0,0.0
15987,-0.9543108234807262,0.4272846443325696,-0.06314711100909019,-0.3231134326591657,0.1876089774959921,0.4272846443325696,-0.4192589391983456,0.040819489945058275,-0.5877087462765296,-0.21307002470990666,-0.30668828053611885,-1.1559842901937307,3.7822616851652526,0,239.14
14623,-1.0064680474655088,-0.08364389441418492,-0.1629982053442094,-0.31741699260264994,0.5280036222815284,-0.08364389441418492,0.7474187126625066,-0.44077184781321166,-0.5784851289947731,-0.5452479605988813,-0.5410188408508065,-0.5159763929710016,1.1509045943090948,0,280.54
17375,0.07579435021873202,-0.08364389441418492,-0.19802180910047723,-0.4430251721687988,0.17342586729659473,-0.08364389441418492,0.11583381842204521,-0.3231136048159817,-0.06420116389336764,1.5095259627607058,-0.5410188408508065,-0.3745248982880126,0.7172058881023489,0,0.0
14628,0.636484508055146,-0.4242629202453546,-0.20966801568777932,-0.080549932446316,-0.54991275287267,-0.4242629202453546,-0.4631190012983777,-0.37963570194210194,1.845867144654014,1.3589983067988218,0.6344183293306978,-0.7302919625929112,-0.7956189532797285,0,340.38
12727,-0.08067732173561605,0.25697513141698475,0.20995235423141476,0.3373109192114297,0.5563698426803232,0.25697513141698475,0.052675328997999114,0.36645598012268615,-0.1622358206098499,2.3558758924236387,-0.4460509602137994,0.0011231876254011557,-0.9039452444241343,1,1180.3
13232,-0.17195246370898576,0.08666561850139992,-0.11960707750310673,-0.2930783505099224,0.7691164956712834,0.08666561850139992,0.6158385263624104,-0.27322420276078363,0.6847228772633347,-0.09021854298907074,-0.5410188408508065,-0.3030242211848149,1.0169980895264428,0,466.9
13634,-1.1368611074274655,-0.08364389441418492,-0.13753530095361208,-0.22609717613751948,0.31525696929056823,-0.08364389441418492,0.5018023649023269,-0.34618384854092865,0.8096587167966484,0.5467950504103973,-0.3423747892566706,0.16109408216832513,-0.7193004113818041,0,791.39
17615,-0.8239177635187694,-0.08364389441418492,-0.21000455230545093,-0.485999920588742,-0.5357296426732727,-0.08364389441418492,-0.8490875477786596,-0.5849608710941309,0.7276187041046471,-0.4157330118187861,-0.19322520784753822,1.79981530663722,-1.067450603885795,0,0.0
16091,-0.5109744196100733,-0.25395340732976973,-0.2124758868614838,-0.398837377658704,-0.4931803120750806,-0.25395340732976973,-0.621015224858493,-0.47999126214562166,-0.7262801990900174,-0.39679113037156344,0.44378636585644976,0.1951939439826068,-0.2149173170524304,0,0.0
13370,2.3185549815643878,-0.4242629202453546,-0.1377222657412074,0.6935258657952909,-0.16696877748894162,-0.4242629202453546,0.9579470107426603,0.44051146247976614,0.04816055215417871,-0.3705515310404535,0.3083715939382226,-0.5843314817123202,-0.06127913483054073,0,0.0
14626,-0.9282322114883348,-0.25395340732976973,0.0010429996120497644,0.7498044990984292,0.1876089774959921,-0.25395340732976973,0.7211026754024873,0.7744532403983749,-0.6551788542824588,-0.7400792111300757,0.38817915967557504,1.2795173069902819,-0.48674563778347696,0,1219.98
14768,-0.8630356815073564,-0.4242629202453546,-0.24338626529065424,-0.44332995761858557,-0.6633776344678488,-0.4242629202453546,-0.8841755974586852,-0.6080311148190779,-0.7262801990900174,-0.8261751829853697,-0.5410188408508065,-1.3226823162124386,2.6678297389665877,0,59.400000000000006
16168,-1.1759790254160525,2.130379773488418,0.13530241358425937,-0.41704221257447144,-0.16696877748894162,2.130379773488418,-0.8874651021161877,-0.4817215304249927,-0.24062905390183076,1.2461065951798818,1.2209042931249041,-0.6766926504978824,-0.5864715984138775,1,1426.4
16744,-0.6283281735758344,-0.25395340732976973,-0.22510790778337947,-0.4667923415431759,-0.05350389589376284,-0.25395340732976973,0.3789941910222374,-0.4955636766599609,1.2190303184050304,-0.2588367441728947,-0.5410188408508065,0.4782305021764009,-0.46765592992155436,0,1051.17
17869,-1.12382180143127,0.25697513141698475,-0.1932491079771345,-0.5303108484205508,-0.1953349978877363,0.25697513141698475,-0.6736472993785315,-0.6696286655646866,1.3134925626556704,-0.7010463042029759,-0.45177850466985703,0.08333673436728561,-0.3645049595490367,0,0.0
13937,-0.31538482966713816,-0.4242629202453546,-0.23902658637990853,-0.3964234768963923,-0.592462083470862,-0.4242629202453546,-0.621015224858493,-0.3208065804434869,-0.7262801990900174,1.5988107866771946,0.9311301936677323,0.3046291693367403,-0.5057093428163578,0,0.0
17386,-1.0455859654540958,-0.08364389441418492,-0.0040373435708816185,0.25267809551462245,-0.6350114140690541,-0.08364389441418492,-0.9543516968187364,0.2640240979839211,-0.7262801990900174,-0.8261751829853697,6.024299665270784,-0.5238832795235235,-1.067450603885795,0,1145.02
14583,-0.64136747957203,0.08666561850139992,-0.13995734479291527,-0.3478162933643884,1.7193848790309056,0.08666561850139992,1.707954072653208,-0.26889853206235603,0.22028268887872324,0.10792559058964517,-0.346079849964341,0.39022431377036815,-0.023997431477050957,0,245.24
17080,0.9885457699524292,-0.4242629202453546,-0.2530540444892203,-0.5473471359218354,-0.7059269650660409,-0.4242629202453546,-1.0420718210188007,-0.497293944939332,-0.7262801990900174,-0.8261751829853697,7.101166588341023,-1.3226823162124386,-1.067450603885795,0,211.3
18287,0.10187296221112337,-0.4242629202453546,-0.13595289897860066,0.7125627649889762,-0.3371660998817098,-0.4242629202453546,0.4316262655422759,0.9422892634973646,-0.7262801990900174,0.2284775140890608,-0.11261387154241058,1.4151362558575715,-0.9119822797501762,0,1072.0
17187,0.4278556121160152,-0.4242629202453546,-0.2313610300884998,-0.31394853418407576,-0.5782789732714647,-0.4242629202453546,-0.5683831503384545,-0.2481353127099037,1.0411028800161781,-0.8261751829853697,2.089436746936721,-0.7695584052691616,-0.4354744707532511,0,0.0
17218,0.2713839401616671,0.25697513141698475,-0.10564760658928418,-0.34180714343639124,0.48545429168333637,0.25697513141698475,0.33688853140620667,-0.47376229633988604,1.1539875314810106,-0.30898760236987355,-0.2984496325120383,-0.45413692493272106,-0.43572273627311425,0,1008.39
17047,0.15403018619590605,-0.25395340732976973,-0.13864689159986068,-0.0016684101869863187,-0.15278566728954426,-0.25395340732976973,0.036885706641987544,-0.13739814283015778,1.2392517802927974,-0.8261751829853697,0.22989934823543506,0.5149601534020879,-0.5398662471539014,0,351.47
13577,-0.5892102555872473,-0.25395340732976973,-0.12629531785935802,0.06477786572104084,-0.11023633669135223,-0.25395340732976973,0.11583381842204521,-0.16335216702072322,0.76858557503645,-0.06196453899751285,-0.5410188408508065,-0.2587001612721367,-0.2447952252553881,0,865.5
17588,-0.27626691167855116,-0.25395340732976973,-0.14666768098770055,-0.04481688631330797,-0.54991275287267,-0.25395340732976973,-0.7789114484186084,-0.2965828245322925,2.6116520370516056,-0.8261751829853697,2.331983200198753,-1.3226823162124386,-1.067450603885795,0,0.0
13652,0.8190347920018853,-0.25395340732976973,-0.15754563226597454,-0.10333569267237958,-0.2520674386853257,-0.25395340732976973,-0.09469447965810857,-0.24467477615116162,0.958116761719711,-0.38021964004819986,0.06940766513471522,0.4672112283674696,-0.6037695976428966,0,456.84
15780,-0.13283454572039874,-0.08364389441418492,-0.18524361570827974,-0.3971976319388508,-0.35134921008110714,-0.08364389441418492,-0.5859271751784674,-0.49267989619434255,0.09570176715727953,-0.8261751829853697,-0.5410188408508065,1.6398298979225996,0.15764879868409917,0,0.0
16209,-0.9673501294769218,0.08666561850139992,0.09377923393922287,0.2808859888923936,-0.22370121828653103,0.08666561850139992,-0.555225131708445,0.20779037890436264,3.9241531953492075,-0.6831999687539844,0.22825381874883774,-0.5305624728131585,-0.9831456302726062,1,145.72
13223,0.0888336562149277,-0.25395340732976973,-0.23828722562896332,-0.5376915328725885,-0.6491945242684515,-0.25395340732976973,-0.9631237092387429,-0.5941889685841096,-0.7262801990900174,-0.8261751829853697,-0.5410188408508065,2.178650900421481,-0.5151593127831012,0,0.0
12472,-0.719603315549204,0.25697513141698475,0.5715082598430469,1.1153184497552866,1.8328497606260847,0.25697513141698475,1.5263734155590754,1.3907748015103356,-0.41622356356030576,0.8181726394386137,-0.37110289076917335,-0.5817177614812111,0.09341072539457489,1,1644.51
14636,0.9755064639562334,-0.4242629202453546,-0.21500331085379526,-0.13795322405916788,-0.4931803120750806,-0.4242629202453546,-0.2525907032182239,-0.3415697997959393,-0.7262801990900174,-0.03129331422780202,0.9304436256113925,-0.40453620339290686,-0.41589443280657035,0,309.66
17282,-0.8239177635187694,-0.08364389441418492,0.020448244884558257,0.34049287930720423,0.40035563048695233,-0.08364389441418492,0.46671431522230156,1.4060011623688007,-0.3410764029653575,2.1366542644781332,-0.5142671564250527,-1.0452715778109163,-0.3799101073317382,1,0.0
13955,-0.5109744196100733,-0.25395340732976973,-0.21113313975057185,-0.39161396249875613,-0.2520674386853257,-0.25395340732976973,-0.2262746659582047,-0.47999126214562166,-0.06205537083395054,0.026969022865985657,0.8515456021388491,0.07328519921663569,-0.1966991524093458,0,0.0
17802,-0.17195246370898576,-0.25395340732976973,-0.1585348459603426,-0.1086572466256576,0.21597519789478678,-0.25395340732976973,0.8789988989626026,-0.04223338746475115,0.07089420693340229,0.002156774886733872,-0.2800036843558456,-0.5596022587393648,-0.22333866194687946,0,652.62
13707,0.949427851963842,-0.25395340732976973,-0.12896211560242238,0.05043161459957464,-0.03932078569436549,-0.25395340732976973,0.16846589294208367,-0.1391284111095288,-0.7262801990900174,-0.5873332655482735,-0.34769214257633985,1.186641534193794,-0.2574772538897043,0,0.0
12901,-1.1107824954350742,2.6413083122351724,1.7123113043134983,0.4333616475108302,-0.3087998794829151,2.6413083122351724,-0.8453940688649727,1.5156455312299966,0.11403664160836068,-0.6274077959371329,-0.5410188408508065,-1.0251431072965533,1.7499259551757231,1,6015.07
15998,-0.28930621767474685,-0.08364389441418492,0.09180080655048681,0.5963907429482279,3.2511607805658196,-0.08364389441418492,4.887808574905532,0.8338591179901136,0.34958775781745915,0.39289282015152754,0.20742353291337007,0.37490095809005414,-0.38785470895705504,1,974.96
15885,1.510118009800256,-0.4242629202453546,-0.2634764815577166,-0.6594837986074064,-0.7059269650660409,-0.4242629202453546,-1.0420718210188007,-0.7429920406100182,-0.7262801990900174,-0.8261751829853697,-0.5410188408508065,-1.3226823162124386,-1.067450603885795,0,364.35
14006,-1.0195073534617045,-0.08364389441418492,-0.10248450231914856,-0.10039146522743876,-0.4080816508786965,-0.08364389441418492,-0.5683831503384545,-0.007051265784207013,-0.7262801990900174,-0.6855774428129444,-0.5410188408508065,1.4423568616670641,-0.5709687498318282,0,0.0
13784,-1.0586252714502915,0.7679036701637393,0.06857808025125903,-0.23690715407783391,-0.592462083470862,0.7679036701637393,-0.9236496533487141,0.04644286185301412,-0.7262801990900174,-0.43016898277221255,1.1448481266288246,0.9641639815137721,-0.718568074941985,1,494.16
13948,2.1751226156062358,-0.4242629202453546,-0.24868926653881285,-0.5003857938186804,-0.6775607446672461,-0.4242629202453546,-0.9368076719787237,-0.6080311148190779,1.4643243515505688,-0.8261751829853697,-0.5410188408508065,-0.022187121462697447,1.6895875212988534,0,0.0
12644,-0.8369570695149651,-0.4242629202453546,-0.18479659989793815,0.1870455967575261,-0.28043365908412043,-0.4242629202453546,0.5368904145823528,0.37822180442240905,-0.1896392811969417,-0.7014326961889001,-0.3779122070123091,-0.32096172278321433,1.592189921860992,0,0.0
12616,1.353646337845908,-0.4242629202453546,-0.22258218347095524,-0.21949552329513675,-0.5640958630720674,-0.4242629202453546,-0.5157510758184162,-0.4073199944120384,-0.7262801990900174,0.860316358877122,-0.5410188408508065,-1.3226823162124386,0.8932094086973654,0,457.7
15038,-0.08067732173561605,0.08666561850139992,-0.18143293340110936,-0.45937691154986227,0.5563698426803232,0.08666561850139992,0.28688806061217015,-0.6400410779874419,0.4864454427494051,-0.8008366062819999,-0.1388712893327561,0.259622682540172,0.2757147140782408,0,188.04
13116,-0.719603315549204,-0.4242629202453546,-0.18084824351990217,0.22952659274881457,-0.29461676928351777,-0.4242629202453546,0.48425834006231433,0.26056356142517906,0.705821375222927,0.1282511278734361,0.25958525188290243,0.7411664270096998,-0.703898034194646,0,0.0
14643,-0.3023455236709425,-0.25395340732976973,-0.1481005111326357,-0.052524910338416886,-0.29461676928351777,-0.25395340732976973,-0.27890674047824315,0.663716070518629,-0.24320486686936663,-0.6067357401413737,-0.3348215948692403,0.5600628051501707,0.14921444943756165,0,0.0
14297,1.0537422999334074,-0.4242629202453546,-0.22649144721158496,-0.2615559153657194,-0.5640958630720674,-0.4242629202453546,-0.5157510758184162,-0.47653072558687964,0.6330965601371347,-0.8261751829853697,-0.5410188408508065,-0.13822442668906168,-0.7419454082078671,0,1072.73
17272,0.07579435021873202,-0.25395340732976973,-0.02646631936277283,0.6018159239544333,0.11669342649900534,-0.25395340732976973,0.9842630480026796,1.2623888951810052,-0.5219830064877279,0.21011171513734023,-0.5410188408508065,-0.4022784958497005,-0.34992960809788815,0,739.1899999999999
14595,1.5622752337850387,-0.4242629202453546,-0.2381852448357295,-0.38737134903772336,-0.6491945242684515,-0.4242629202453546,-0.8315435229386468,-0.4834517987043637,-0.7262801990900174,-0.8261751829853697,2.211660892496678,2.30425835403292,-1.067450603885795,0,1576.8
12891,-0.1067559337280074,-0.08364389441418492,-0.20976659712123868,-0.4851465213293389,-0.6917438548666435,-0.08364389441418492,-1.0420718210188007,0.3493839997662253,-0.7262801990900174,6.816860953540393,-0.5410188408508065,-1.3226823162124386,-1.067450603885795,0,0.0
15498,-0.9543108234807262,2.6413083122351724,1.2851647518536489,0.19148070629210848,3.3646256621609982,2.6413083122351724,-0.04760262350860046,0.07770152432112498,1.3823213800594971,-0.17880461134562958,-0.3465303434762655,-0.0759391747163762,-0.3499966837846492,1,4190.03
17854,-0.1067559337280074,-0.25395340732976973,-0.21312176521863133,-0.4023119317862739,-0.507363422274478,-0.25395340732976973,-0.6999633366385507,-0.6011100417015938,-0.6822603716729491,-0.6235951915751742,-0.17887068470938317,2.0340650142026675,-1.067450603885795,0,0.0
15898,0.4278556121160152,0.08666561850139992,-0.09640814672230019,-0.23067810144781553,0.23015830809418414,0.08666561850139992,-0.14732655417814702,-0.3822311043611585,2.7920934236363304,-0.3525541690138354,-0.4759261738085692,-0.42402292998965213,-0.34729915393409616,0,385.89
15630,0.14099088019971037,-0.4242629202453546,-0.1985725053839398,0.038828432526190025,-0.4222647610780939,-0.4242629202453546,0.010569669381968322,0.2224976592790164,-0.1632563010772684,-0.6320467642579104,0.23694893453434132,0.07688300623987265,-1.067450603885795,0,789.49
12865,-0.9151929054921392,-0.4242629202453546,-0.0992228166155536,1.1077475791825817,0.102510316299608,-0.4242629202453546,1.9579564266233906,1.1568425301393723,-0.5445649172555834,0.3004440751101863,-0.5410188408508065,-0.4715902762997106,0.8869913204507327,0,586.85
13804,-0.680485397560617,-0.08364389441418492,-0.035700680190095146,0.13912113263304468,0.32944007948996556,-0.08364389441418492,0.2561860171421478,0.16597556215289616,-0.5204291930201445,-0.23959862595407408,-0.37690847638631186,-0.04133898528379657,0.6881672186897593,0,1233.28
14459,-0.4979351136138776,-0.4242629202453546,0.04636156444527161,2.6741131541450565,-0.1953349978877363,-0.4242629202453546,0.8526828617025835,1.8835552074752049,-0.31912494699466504,-0.8261751829853697,-0.5410188408508065,-0.39922195491253637,0.8702028345902856,1,0.0
18226,-0.9543108234807262,0.9382131830793241,0.4565130177127055,0.17685357131665427,0.797482716070078,0.9382131830793241,0.004721661101964071,0.3862963897261405,-0.4976860830530972,-0.26079946380863117,0.0504328793685545,0.38136705068123095,-0.16671125737646883,1,977.02
16208,1.2493318898763426,-0.4242629202453546,-0.1814516298798689,0.22303466266835503,-0.15278566728954426,-0.4242629202453546,1.0105790852626988,0.09445780660556019,0.17040317796342294,0.06010304824422936,0.05795869434580324,1.2776700897832736,-1.0221653596546212,0,166.67
16134,2.16208330961004,-0.4242629202453546,-0.217834977545921,-0.16841957761985948,-0.4931803120750806,-0.4242629202453546,-0.2525907032182239,-0.19968780088751487,-0.7262801990900174,-0.2681712750176658,-0.5410188408508065,0.1174668028361547,2.9762262569939955,0,334.56
16927,-1.0195073534617045,-0.08364389441418492,-0.1737248851125199,-0.35588701207474377,-0.6491945242684515,-0.08364389441418492,-0.9894397464987621,0.39898502377486145,0.14709527516530554,-0.8261751829853697,-0.5410188408508065,3.2996467548690616,-0.8876419301596994,0,0.0
14957,0.7668775680171027,-0.4242629202453546,-0.2560845737281519,-0.5799530833400306,-0.54991275287267,-0.4242629202453546,-0.4631190012983777,-0.6287943341715302,0.8354239647940508,-0.8261751829853697,-0.5410188408508065,0.1010660562240198,0.9358682595155994,0,0.0
13711,0.3235411641464498,-0.25395340732976973,-0.22318387015103477,-0.4564418276684151,-0.5640958630720674,-0.25395340732976973,-0.7525954111585892,-0.5042150180568161,0.26889907223035703,-0.18940711638598473,-0.004374065413627282,0.4346849842081589,-0.02042936871597082,0,0.0
13745,-0.4066599716405079,-0.4242629202453546,-0.21502880605210373,-0.138227530963976,-0.3655323202805045,-0.4242629202453546,0.2210979674621221,0.9699735559673012,-0.1056916548810796,2.126700263441994,-0.4248731084247478,-0.6515828915223262,-0.5675743406874056,0,0.0
12428,-0.9543108234807262,0.7679036701637393,1.0169127736515247,1.0385033728455115,2.854033694982694,0.7679036701637393,0.7408397033475017,0.7182195213188164,0.35620492926009567,0.8766516149553949,-0.523098261673913,-0.6609318465031101,0.32877530916036074,1,408.34
15743,-1.0455859654540958,-0.25395340732976973,-0.19225139588333032,-0.2900381156482988,-0.28043365908412043,-0.25395340732976973,-0.19995862869818545,-0.5405506519236077,-0.21149696175482627,-0.6870668187910296,0.3384355127677436,0.39278869186381116,-0.06446264406677624,0,341.91
18245,-0.5761709495910516,0.4272846443325696,0.018298149827211896,-0.17706634083031192,0.7407502752724887,0.4272846443325696,-0.04206240513807012,0.019479514499482174,0.15042682757553705,0.595600144137308,0.09025260217364091,-0.0032514814556902807,0.36993501568008735,1,894.25
17787,-0.5370530316024646,0.08666561850139992,0.042897616835096214,0.1440251305201148,0.6131022834779125,0.08666561850139992,0.5895224891023912,0.028707611989461066,-0.11314500874699016,-0.4794602113992981,-0.37640537454312745,2.075543756939941,-0.4883910191467475,1,0.0
15326,1.8230613537089524,-0.4242629202453546,-0.21304527962370595,-0.11688645376990214,-0.3087998794829151,-0.4242629202453546,0.4316262655422759,0.5893145345056747,-0.6126701261697443,3.3085820712006986,-0.19900707755406946,0.07856558172931066,-0.41510654779148626,0,0.0
16180,-0.8630356815073564,0.5975941572481545,1.1836955622658862,1.5413405849427526,0.5563698426803232,0.5975941572481545,0.010569669381968322,1.6813609999715615,-0.7139232620795031,-0.6974079932460513,-0.5410188408508065,-0.5305974863360138,-0.17630318614268034,1,0.0
18065,-0.13283454572039874,0.7679036701637393,-0.02600570611333341,-0.3641124094008658,0.2868907488917735,0.7679036701637393,-0.5486461223934401,-0.4908054388916906,0.7702182913105114,-0.1734469614331222,-0.25365556762198116,-0.3080623599099557,-0.491088697195376,0,980.68
14079,-0.9021535994959434,-0.4242629202453546,-0.202271008818553,-0.0009643557979786512,-0.54991275287267,-0.4242629202453546,-0.4631190012983777,0.29516892701259967,3.510955023232237,0.6592349325910841,-0.5410188408508065,-1.3226823162124386,-0.520383331713606,0,0.0
16607,-0.8499963755111608,1.108522695994909,0.1193900104800092,-0.2722392549516474,0.6131022834779125,1.108522695994909,-0.5104878683664124,-0.030121509509153946,-0.3821426284656914,0.789069164444875,-0.3992684641709066,-0.4384767808944739,1.1717936090930952,1,1080.13
14779,1.1319781359105816,-0.08364389441418492,-0.2003928625431635,-0.45152868621785136,-0.15278566728954426,-0.08364389441418492,-0.37539887709831365,-0.6495575535239826,-0.2722846991722496,0.5989150716562326,-0.4578978288021067,-0.7376695374110481,0.4489812364337127,0,0.0
13695,-0.9673501294769218,1.2788322089104938,-0.030530253973140523,-0.4565748249555948,-0.29461676928351777,1.2788322089104938,-0.8554671931750278,-0.4589134485605564,-0.7262801990900174,-0.6024329719199403,3.536857878895503,0.36684059656708107,-0.742181794448397,0,1118.6
17613,-0.9934287414693131,0.9382131830793241,0.23991601096339793,-0.08207995540424597,1.733567989230303,0.9382131830793241,0.31466609994219047,-0.10548430567731433,-0.2149965771482368,-0.5066337301667588,0.5314631916049061,0.13999643129399075,-0.5352507084545949,1,1567.86
12820,1.7317862117355827,-0.4242629202453546,-0.2370532580308341,-0.3751921224642416,-0.5640958630720674,-0.4242629202453546,-0.5157510758184162,-0.24121423959241958,-0.7262801990900174,-0.8261751829853697,1.0460594425786829,1.4329134641772472,-1.067450603885795,0,771.88
17582,0.5582486720779719,-0.4242629202453546,-0.23623571200507634,-0.36639601438339364,-0.3229829896823125,-0.4242629202453546,0.4316262655422759,-0.3208065804434869,-0.5751431979020339,-0.6234016448165743,-0.5410188408508065,2.1923968393348745,-0.5823342186068429,0,0.0
13078,-1.1368611074274655,1.960070260572833,0.9096680718069537,0.1563841805089709,0.428721850885747,1.960070260572833,-0.203467433666188,-0.16969648404508372,2.2477496069504306,-0.6683897424071148,0.01614040998825795,-0.05104742003923233,-0.4357666023256158,1,5710.79
16038,-0.21107038169757278,-0.25395340732976973,-0.19917249238413215,-0.32727070619425813,-0.3938985406792992,-0.25395340732976973,-0.48943503855839693,-0.35022114119279446,-0.22787315868713415,-0.8261751829853697,1.2937040892043237,0.26195992212887703,-0.7557984119786815,0,78.45
13611,-0.3023455236709425,-0.25395340732976973,-0.15780398360883355,-0.10472551432340751,-0.28043365908412043,-0.25395340732976973,-0.2525907032182239,-0.019739899832927767,-0.12705733619352075,1.6478004228350218,0.21873479916025396,-0.35544213122616175,-0.057657555999577614,0,517.68
14023,0.7407989560247114,-0.4242629202453546,-0.2196009449487533,-0.1874199025595706,-0.4931803120750806,-0.4242629202453546,-0.2525907032182239,-0.18584565465254663,-0.7262801990900174,-0.8261751829853697,-0.5410188408508065,-0.005200350200708735,-0.4140669960591855,0,310.93
14082,2.2272798395910183,-0.4242629202453546,-0.2350493354437896,-0.3536315997463212,-0.3229829896823125,-0.4242629202453546,0.4316262655422759,-0.36579355570713373,-0.27134293909726315,-0.6164896922713575,-0.5410188408508065,-0.36310339899320326,0.28764948972084153,0,0.0
17874,-0.1067559337280074,0.4272846443325696,-0.14985967981591908,-0.47860582557691356,-0.1953349978877363,0.4272846443325696,-0.6911913242185442,-0.6189894805884277,1.0121911698784478,-0.6930991726487641,-0.5410188408508065,-0.6537466754788135,0.6078507569157846,0,0.0
16333,-0.9151929054921392,2.3006892864040025,2.176278022170419,0.8587995409389327,-0.6066451936702594,2.3006892864040025,-0.9863437421152305,3.9810474840209804,-0.7262801990900174,-0.8261751829853697,-0.5410188408508065,1.2682215557669134,-0.15765559301515014,1,12257.6
12888,0.2713839401616671,-0.25395340732976973,-0.20583693722196222,-0.3631226186526831,-0.6633776344678488,-0.25395340732976973,-0.9631237092387429,-0.614952187936562,4.615597019323738,-0.8261751829853697,-0.5410188408508065,-0.9192755748855891,-1.067450603885795,0,0.0
14761,1.8361006597051481,-0.4242629202453546,-0.24945412248806648,-0.5086150009629249,-0.6208283038696568,-0.4242629202453546,-0.7262793738985699,-0.5457414567617208,2.6896639652180316,-0.8261751829853697,-0.5410188408508065,0.12504842918549847,-1.067450603885795,0,158.4
15373,-1.0195073534617045,0.9382131830793241,0.02069299878831943,-0.34415277225795077,0.20179208769538942,0.9382131830793241,-0.5099030675384119,-0.6103381391915725,0.29963652814182534,-0.3753135279105706,-0.2352226961650233,-1.1355025402452148,2.016271044877447,1,729.01
14256,0.8711920159866681,-0.25395340732976973,-0.10131682223662136,0.19915167482305896,0.003228544903826554,-0.25395340732976973,0.3000460792421798,-0.030121509509153946,0.07565910021041913,-0.8261751829853697,-0.4156285158718065,0.3813698405750255,1.1810147484414257,0,0.0
12922,-0.41969927763670356,-0.4242629202453546,-0.1971243781200196,0.054409064719292806,-0.3229829896823125,-0.4242629202453546,0.3789941910222374,0.5339459495658018,-0.7262801990900174,2.1829238534483757,-0.011657335962291234,0.3428095241815706,-1.067450603885795,0,0.0
12590,0.2322660221730801,-0.25395340732976973,1.4105824310524862,8.332534273654524,0.24434141829358147,-0.25395340732976973,0.6947866381424681,6.66428646337736,0.36192452053323537,-0.2735728212704344,0.5875063427196353,-0.5531239473254892,0.19558523470107314,1,0.0
16955,-0.11979523972420307,0.08666561850139992,-0.1778687046775874,-0.4497898852268175,-0.46481409167628596,0.08666561850139992,-0.7657534297885987,-0.5163268960124133,-0.7262801990900174,0.504470821465006,-0.5410188408508065,-0.2985842924619174,2.0521136246078906,0,0.0
14290,2.1881619216024313,-0.4242629202453546,-0.13386569207708182,0.7350193569292701,-0.3938985406792992,-0.4242629202453546,0.11583381842204521,0.014865465754492829,0.07119620195421131,-0.2835860647999929,1.9593309368980512,0.41217241714312874,-0.2235606483917543,0,1537.09
13833,-0.44577788962909487,-0.4242629202453546,-0.20078378891722648,0.015036880315829991,-0.3229829896823125,-0.4242629202453546,0.3789941910222374,-0.3415697997959393,0.4379332393121696,-0.8261751829853697,-0.5410188408508065,1.100062962811363,-0.30195199716976384,0,0.0
14046,1.1841353598953641,-0.4242629202453546,-0.2396826628163794,-0.4034823079134553,-0.5215465324738753,-0.4242629202453546,-0.35785485225830077,0.8453942398525871,-0.7262801990900174,-0.8261751829853697,-0.5410188408508065,1.407307447749259,-0.8639092234884412,0,0.0
17217,0.5321700600855805,-0.4242629202453546,-0.246734634668498,-0.4793555977833891,-0.592462083470862,-0.4242629202453546,-0.621015224858493,-0.6633996997589509,0.7347297680232786,0.25125722392575084,-0.5410188408508065,-1.3226823162124386,-1.067450603885795,0,0.0
16253,0.8059954860056897,-0.4242629202453546,0.022987566636080353,2.4226285838169463,0.03159476530262125,-0.4242629202453546,1.6947960540231983,3.8906664115456,0.3140535102234025,1.9142425256226205,-0.07180914971482287,-0.5374346747957859,-1.067450603885795,1,1983.46
13501,1.2232532778839513,-0.4242629202453546,-0.03821450674330877,1.764145715261493,0.017411655103223903,-0.4242629202453546,1.6421639795031602,1.1914478957267929,0.2582388580846046,-0.30440589916351646,0.6450616570754228,0.16046121342861955,-0.18928041994389405,0,0.0
14108,-1.202057637408444,-0.4242629202453546,-0.21650922723388133,-0.15415561856983587,-0.4931803120750806,-0.4242629202453546,-0.2525907032182239,-0.023200436391669826,-0.2400495214395408,0.8108874433119824,-0.41825280985977353,-0.884867579737038,1.085888267522571,0,306.58
16960,0.7668775680171027,-0.4242629202453546,-0.23177235262120954,-0.3183740189149805,-0.08187011629255754,-0.4242629202453546,1.2737394578628911,-0.4177016040882646,0.3702433982207341,-0.043022817485161825,-0.32942059396503076,-0.322698511616309,0.7990654030340267,0,305.52
17338,-1.0325466594579003,0.5975941572481545,0.6116750949380736,0.6621320936516765,3.8184851885417133,0.5975941572481545,3.1008243304870824,0.4098609958166225,-0.01803015644591679,-0.45757502662346405,0.051881271563236006,0.4242628329311166,0.34985946735588275,1,1329.62
17616,-0.2632276056823555,-0.08364389441418492,-0.16894028622996657,-0.3387275912517451,-0.7059269650660409,-0.08364389441418492,-1.0420718210188007,-0.48806584744935316,-0.7262801990900174,-0.8261751829853697,7.101166588341023,-1.3226823162124386,-1.067450603885795,0,0.0
15669,-1.1759790254160525,-0.08364389441418492,-0.16990230504613893,-0.34217776254333215,-0.3087998794829151,-0.08364389441418492,-0.5683831503384545,-0.44423238437195367,-0.316276618304858,0.3171583692833985,1.2616255985419687,-0.7826032728189343,0.4825416134306529,0,118.8
17920,-1.1499004134236612,0.9382131830793241,0.12979545074963322,-0.21372491877917266,2.5278221603965547,0.9382131830793241,0.6889386298624637,-0.1577768581205277,-0.37688783907700124,-0.17313012525353583,-0.32026574319461737,-0.602273169753697,0.6593424741380184,1,1790.7
14461,-0.5892102555872473,-0.08364389441418492,0.0914268769752961,0.5950496869691656,1.733567989230303,-0.08364389441418492,2.0632205756634674,0.1371377574967122,-0.19090738973809165,-0.5298024703981514,-0.4274613129332747,-0.14083471681132054,0.8726667191729467,1,0.0
15862,-1.0586252714502915,-0.08364389441418492,-0.1538930201883166,-0.2847622795124888,0.669834724275502,-0.08364389441418492,0.6596985884624426,-0.17084999623133099,1.4122376712260258,-0.4070263684407803,0.7082948155515678,-0.31510884846590936,-0.7280804013020539,0,173.15
12381,-0.9673501294769218,-0.4242629202453546,-0.05038081537610334,1.6332464602870447,0.15924275709719737,-0.4242629202453546,2.1684847247035446,1.2191321881967294,-0.4310970143264928,1.3455184084656266,0.1923958050643506,-0.49966294006591694,0.095697821969138,0,576.57
17900,-0.04155940374702904,-0.25395340732976973,-0.2469555930538379,-0.5843237066899737,-0.6633776344678488,-0.25395340732976973,-0.9368076719787237,-0.6201429927746751,2.0918217099673413,2.7296758537939962,-0.5410188408508065,-1.3226823162124386,-1.067450603885795,0,0.0
16327,0.07579435021873202,0.08666561850139992,0.1537337422813849,0.4421510182291038,0.9676800384628462,0.08666561850139992,1.6684800167631793,0.6533344608424028,-0.4925520852378794,-0.4294221207161315,0.195553857077041,0.3759406985127277,0.34169055576270513,1,1350.63
16440,0.2713839401616671,-0.4242629202453546,-0.21971652318108492,-0.18866342719470092,-0.22370121828653103,-0.4242629202453546,0.7474187126625066,-0.3484908729134234,-0.5586517829085984,-0.4951620933171473,-0.5174578199283919,0.42336411792681994,0.08930025501275501,0,3368.21
16882,0.5973665900665589,-0.25395340732976973,-0.22936390622100417,-0.4896878245311626,-0.507363422274478,-0.25395340732976973,-0.6999633366385507,-0.5699652126729152,0.5685834087295224,0.7949138445809428,0.4191259209994417,0.6799346556963324,-0.3180755610039794,0,489.42
13884,1.0928602179219946,-0.08364389441418492,-0.23266978360166715,-0.5672862000468899,-0.5782789732714647,-0.08364389441418492,-0.9192636471387109,-0.6714742850626824,-0.17848426723411917,-0.8261751829853697,0.837495116822522,1.3290280230675833,-0.6081693875395041,0,591.35
17686,-0.9543108234807262,0.25697513141698475,0.5140165876574816,0.9916060356868118,1.7477510994297003,0.25697513141698475,1.2737394578628911,0.610077753858127,0.5708454795245269,-0.5534849900398054,-0.10503618773631271,-0.25381537053651115,-0.3039073614232281,1,1150.11
14000,0.2322660221730801,-0.4242629202453546,-0.15798414967688,0.4755250249807618,-0.507363422274478,-0.4242629202453546,-0.30522277773826234,1.7105283795381019,-0.7262801990900174,1.0567487999299219,1.5941668436731036,-1.3226823162124386,0.6681303824676429,0,0.0
18120,0.2713839401616671,-0.4242629202453546,-0.2471340594419971,-0.48365307262538343,-0.4789972018756833,-0.4242629202453546,-0.19995862869818545,-0.6391759438477564,2.3144133071505846,-0.5373694990140866,-0.5410188408508065,-0.3383518932511132,-0.48629010539392786,0,0.0
18229,-1.0847038834426828,1.6194512347416634,0.5607084938395855,-0.0026861591389281715,0.102510316299608,1.6194512347416634,-0.6776959204954575,-0.34236838515564905,1.646076720022867,-0.7673446436927784,-0.3807611726111947,-0.9745853122505963,0.28464062904975884,1,2412.84
13003,-1.1499004134236612,-0.08364389441418492,-0.24069227266939422,-0.5960579465067668,-0.6633776344678488,-0.08364389441418492,-0.9894397464987621,-0.6276408219852828,-0.7262801990900174,-0.8261751829853697,-0.5410188408508065,-1.3226823162124386,0.7084187912100892,0,0.0
17589,-0.5500923375986603,-0.08364389441418492,0.047236899587195194,0.4365673487890091,1.0385955894598329,-0.08364389441418492,2.080764600503481,0.7611878502565304,-0.6087066639362685,0.2574110847495408,-0.5136523144396201,-0.2768960688466498,0.36195514296522896,1,561.1
17314,-0.5892102555872473,0.25697513141698475,-0.00989783982205174,-0.135769741096895,0.08832720610021064,0.25697513141698475,-0.41048692677833926,-0.041887333808876964,-0.5598182189391047,-0.5538109960800044,0.06693990231506576,0.20542367992163107,-0.83417852510189,0,1021.0
16690,0.10187296221112337,-0.4242629202453546,-0.2513237703640198,-0.5287308406488558,-0.6491945242684515,-0.4242629202453546,-0.8315435229386468,-0.5872678954666255,-0.7262801990900174,0.048576929749948615,0.7842156266391056,-1.3226823162124386,3.2117406288003827,0,139.07999999999998
16458,-1.1368611074274655,1.2788322089104938,0.09966012634903974,-0.32923490987929344,-0.11023633669135223,1.2788322089104938,-0.45833426725110143,-0.3186044208151965,-0.3722625049038226,-0.7632973119110005,-0.11140121237729902,-0.41582837242933907,0.20706242082534657,1,1331.24
13995,-1.0195073534617045,-0.08364389441418492,-0.11783091202095107,-0.1554296217499448,-0.16696877748894162,-0.08364389441418492,-0.14732655417814702,-0.04511716793036967,0.4615868713060553,0.05567988678695716,-0.5410188408508065,0.021217409065135386,-0.6784105121272351,0,521.79
17451,-1.1499004134236612,-0.4242629202453546,-0.20721537761050599,-0.05416160820377224,-0.3938985406792992,-0.4242629202453546,0.11583381842204521,0.17751068401536962,-0.7262801990900174,1.7069983788676817,-0.5410188408508065,1.043574221964528,-0.7930623431253617,0,1375.39
18138,1.3275677258535166,-0.4242629202453546,-0.24008038790999128,-0.4077614956284624,-0.6066451936702594,-0.4242629202453546,-0.6736472993785315,-0.614952187936562,3.4440306351610213,-0.8261751829853697,0.20993288818867875,-0.9550349558583836,-1.067450603885795,0,0.0
14680,-0.9412715174845304,1.6194512347416634,3.846587440949392,2.7167981219373556,0.2727076386923762,1.6194512347416634,-0.19186138646433343,2.3275686674738014,-0.716842423579448,-0.8261751829853697,0.24731722696352942,-0.21242999958090572,0.8970761877050587,1,4557.71
15768,-1.0195073534617045,-0.08364389441418492,-0.1603348069609195,-0.30786501660633064,-0.3938985406792992,-0.08364389441418492,-0.621015224858493,-0.46499560372440607,0.08390540547393398,0.2984695052607861,-0.5410188408508065,-1.1873043924437725,1.7175121818309849,0,0.0
13994,-1.1499004134236612,-0.25395340732976973,-0.19471423203992705,-0.3032871391505324,-0.46481409167628596,-0.25395340732976973,-0.5420671130784354,-0.5163268960124133,-0.33104559315198945,-0.34525194434422196,0.05460386754506678,1.1628670336832774,-0.24823344081094018,0,1854.58
13311,-0.5631316435948559,-0.4242629202453546,-0.18272299043551715,0.20935589168192212,-0.37971543047990186,-0.4242629202453546,0.16846589294208367,0.19135283025033786,-0.6540241834405136,0.147079566521012,-0.338312488033085,1.0809384351500466,-1.067450603885795,0,108.46
15624,-1.0064680474655088,0.08666561850139992,-0.16606272818088566,-0.41803428921352753,-0.35134921008110714,0.08666561850139992,-0.6473312621185122,-0.43759968930103144,-0.13131296762106662,-0.522080772574912,0.378959273489189,0.8724416408096238,-0.8504413419701119,0,0.0
17128,1.8361006597051481,-0.4242629202453546,-0.23932573004006105,-0.39964201124614124,-0.5215465324738753,-0.4242629202453546,-0.35785485225830077,-0.4834517987043637,1.6801361708263747,0.742912062561487,0.32005877132498645,-0.6839516129242744,-0.0920371733457775,0,0.0
15228,-0.8369570695149651,-0.08364389441418492,0.11198790457112123,0.6687894786905917,0.4570880712845417,-0.08364389441418492,0.46671431522230156,0.9895832631335064,-0.45236540212920906,-0.059132622555632335,-0.4021968414446167,-0.16555917505747816,0.5105204835244993,1,1162.68
16525,-0.9934287414693131,2.811617825150757,1.4334074322581023,0.22730927860161543,0.23015830809418414,2.811617825150757,-0.7289109776245719,0.22059436417170822,1.9350289051770886,-0.3689941864875452,0.8248683177254837,-0.22620087532488287,-0.44907817392233,1,3028.9
15503,2.201201227598627,-0.4242629202453546,-0.2420537162590657,-0.4289928500606131,0.21597519789478678,-0.4242629202453546,2.379013022783698,-0.5042150180568161,-0.08361549543913237,0.013778448013986968,-0.1671456172162097,-0.4665707384478447,1.2566212227918374,0,0.0
14854,-0.7847998455301823,0.4272846443325696,0.1218120543193124,0.00855409379886406,0.6272853936773098,0.4272846443325696,-0.13855454175814055,0.07773187990497345,-0.6032308753602672,1.964645215095673,-0.3651885927461845,-0.2606797130973803,-0.44491918215961707,1,458.2
17646,0.33658047014264547,-0.08364389441418492,-0.09463198124014453,-0.0722292896671356,-0.06768700609316018,-0.08364389441418492,-0.19995862869818545,-0.37386814101086513,-0.04899002974693695,0.14702550318754684,-0.3136608118384656,-0.8892523699338989,1.9837618553164096,0,0.0
14130,1.6405110697622127,-0.4242629202453546,-0.18428669593176905,0.19253173485368907,0.21597519789478678,-0.4242629202453546,2.379013022783698,0.14290531842794904,0.10215069876458442,0.8126967190306756,-0.5410188408508065,-0.6402920742037985,1.644570549977041,0,0.0
15754,0.6886417320399286,-0.4242629202453546,-0.2504229400237878,-0.5190386633456345,-0.6350114140690541,-0.4242629202453546,-0.7789114484186084,-0.6218732610540462,0.42183539348890614,-0.8261751829853697,-0.5410188408508065,-0.24819910687504534,-1.067450603885795,0,366.77
17374,0.3235411641464498,-0.25395340732976973,-0.18176097161934482,-0.23360404176576915,-0.37971543047990186,-0.25395340732976973,-0.35785485225830077,-0.5993797734222227,4.656563314265427,-0.8261751829853697,-0.5410188408508065,-0.8267730250776243,-0.8262547025218029,0,0.0
12557,-0.45881719562529055,0.08666561850139992,1.2638490663878936,3.4281279740816935,-0.507363422274478,0.08666561850139992,-0.7131213552685604,2.250372082701863,-0.7262801990900174,-0.8261751829853697,-0.5410188408508065,-1.0609994652859167,3.768527237314191,1,2990.0
16466,-1.1759790254160525,0.25697513141698475,-0.09612090082135828,-0.321307274083729,0.24434141829358147,0.25697513141698475,-0.14732655417814702,-0.3803278092538504,-0.5182197809084337,-0.7470404791319027,1.183543436308835,0.8401511782151833,0.6497555804492647,0,596.33
14701,-0.27626691167855116,0.5975941572481545,0.06395495095799257,-0.17972624699138018,1.9463146422212634,0.5975941572481545,0.6647111669881606,-0.41720724172273005,-0.07956130401982801,-0.16203576192362865,-0.2087892728397066,0.04956447851975527,-0.21790624752439264,1,584.66
12948,-1.1499004134236612,0.08666561850139992,-0.023998384166514418,-0.03591105547053675,0.1876089774959921,0.08666561850139992,0.023727688011977933,-0.055210399560033874,-0.3561960274884801,0.17120464151055514,-0.5410188408508065,-0.5351552770937054,-0.6678287045981852,0,640.99
13798,-1.12382180143127,6.38811759637804,4.504336362429328,0.5649169619691188,0.6272853936773098,6.38811759637804,-0.773776611880068,0.7422533697359335,0.20180341300358282,-0.6893173694423954,0.16893101040252972,0.33161240250103247,0.4722060594622291,1,9087.61
15222,1.627471763766017,-0.4242629202453546,-0.16659472798558875,0.3828824396635566,-0.6491945242684515,-0.4242629202453546,-0.8315435229386468,0.7761835086777459,-0.7262801990900174,-0.8261751829853697,-0.5410188408508065,1.3421500464678338,-1.067450603885795,0,0.0
14076,-0.8369570695149651,-0.4242629202453546,-0.2458559001667999,-0.46990115313100156,-0.11023633669135223,-0.4242629202453546,1.2211073833428525,-0.4730701890281376,-0.7262801990900174,0.7974950032606439,-0.11276795095339709,-0.059652582527097577,0.30831924229563995,0,0.0
16226,0.12795157420351472,-0.08364389441418492,-0.2226637681055423,-0.5314007611889884,-0.6350114140690541,-0.08364389441418492,-0.9543516968187364,-0.5249782374092684,-0.7262801990900174,-0.8261751829853697,0.35763890011718774,1.6797152303900111,1.0523504005347046,0,0.0
12963,2.240319145587214,-0.4242629202453546,-0.2038517111136772,-0.017971383896083857,-0.4931803120750806,-0.4242629202453546,-0.2525907032182239,-0.15124028906512602,1.6248395740476556,-0.8261751829853697,-0.5410188408508065,0.202228565295859,-0.3019609840952135,0,1490.83
12930,-0.28930621767474685,-0.4242629202453546,-0.22836789380708722,-0.28174490355959914,-0.5215465324738753,-0.4242629202453546,-0.35785485225830077,-0.3727146288246178,-0.7262801990900174,-0.8261751829853697,0.4358122268270802,0.8659406675497637,0.7794896458620695,0,194.24
17675,-1.202057637408444,3.3225463638975117,2.1261357658172373,0.43211377079055874,1.8186666504266873,3.3225463638975117,0.028876477910677427,0.08934223082307202,0.5389561235110933,-0.568170532738117,0.2003836828481426,0.5093175722913414,-0.36117399349641194,1,6300.09
17580,0.7668775680171027,-0.08364389441418492,-0.22936050686122972,-0.5554178546321907,-0.11023633669135223,-0.08364389441418492,-0.30522277773826234,-0.6449435047789931,-0.5878484979822031,-0.7074834944198166,-0.24343698657113283,1.9936802891783287,-0.9031047733718693,0,0.0
13588,-0.9543108234807262,-0.08364389441418492,-0.08320503335829516,-0.031247838088798212,0.41453874068634966,-0.08364389441418492,0.326362116502199,0.5431740470557807,-0.4817041030233141,2.8581317625796143,-0.5410188408508065,-0.43885532586077064,-0.7992995804151728,0,1403.33
16775,-0.9282322114883348,0.7679036701637393,-0.06639010023392566,-0.4184251765528792,0.20179208769538942,0.7679036701637393,-0.42364494540834885,-0.6240360964032599,0.6986949326728479,-0.6944043075312416,-0.2235026440566635,0.5139967803437416,0.3729427634024453,0,516.96
12359,-0.054598709743224706,-0.08364389441418492,0.32813619583020004,1.443980791678418,1.1946098016532039,-0.08364389441418492,1.414091656582993,0.3666866825599356,0.00013898316007077127,-0.4093395465292833,-0.5410188408508065,-0.7499667464549886,0.8880946922537871,1,2814.3
17109,0.5060914480931892,-0.25395340732976973,-0.18706057350772895,-0.26211367273882935,0.017411655103223903,-0.25395340732976973,0.3000460792421798,-0.31734604388474486,-0.48580831617676146,1.226927358693132,-0.3937975067900935,0.8166558608861041,-0.7945467378622834,0,416.7
16105,0.71472034403232,-0.4242629202453546,-0.20875358790844942,-0.0707114581271972,-0.5357296426732727,-0.4242629202453546,-0.41048692677833926,0.3955244872161194,-0.7262801990900174,0.12648245511435097,-0.5410188408508065,-0.8078851552401133,2.929942499306719,0,0.0
15584,-0.4066599716405079,-0.4242629202453546,-0.2404628158846181,-0.4118760992005846,-0.22370121828653103,-0.4242629202453546,0.7474187126625066,-0.5803468223491414,0.8411265971989453,-0.8261751829853697,-0.2818755849407113,-0.32950715512380874,-0.6627268454143272,0,570.46
13737,0.0888336562149277,-0.4242629202453546,-0.20830487241822063,-0.06588365660257371,-0.3087998794829151,-0.4242629202453546,0.48425834006231433,-0.31388550732600284,0.17685673604057287,-0.43749663740880956,-0.5410188408508065,1.1575121755052549,-0.20928491339972438,0,0.0
17817,1.0798209119257989,-0.25395340732976973,-0.22018563482996048,-0.440312581665696,-0.54991275287267,-0.25395340732976973,-0.7525954111585892,-0.7014656019051135,-0.5048305397427592,-0.7199038240236664,-0.18398681857488192,-1.1902625950049268,-0.97944440986863,0,117.98
12494,-0.41969927763670356,0.25697513141698475,-0.11834761470666907,-0.36913542600607774,-0.12441944689074957,0.25697513141698475,-0.5578567354344469,-0.4945255156923384,-0.5815229690002038,0.3666472511385316,0.25393169098442225,0.6561151854552446,0.4201546271895697,0,377.24
12561,1.4188428678268863,-0.4242629202453546,-0.22542914728206603,-0.2501264609987133,-0.4931803120750806,-0.4242629202453546,-0.2525907032182239,-0.13393760627141574,1.3565077171841187,0.844189005110275,-0.5410188408508065,-1.0805972539540694,-1.067450603885795,0,0.0
16765,1.314528419857321,-0.4242629202453546,-0.26024708977197897,-0.6247382573317076,-0.7059269650660409,-0.4242629202453546,-1.0420718210188007,-0.732610430933792,-0.7262801990900174,-0.8261751829853697,-0.5410188408508065,-1.3226823162124386,-1.067450603885795,0,0.0
18099,-0.8630356815073564,-0.4242629202453546,-0.23741868920658865,-0.37912385476649174,-0.45063098147688857,-0.4242629202453546,-0.09469447965810857,-0.23083262991619338,0.026421409259407246,-0.8261751829853697,-0.5410188408508065,-0.9282794691783015,0.19531350682283144,0,0.0
16369,0.036676432230145,-0.4242629202453546,-0.2057808477856836,-0.03872727302656711,-0.507363422274478,-0.4242629202453546,-0.30522277773826234,-0.057805801979090424,1.0697360199773291,-0.043435130069908866,-0.5410188408508065,-0.04641697106050616,0.23622173102596433,0,1190.96
15705,0.10187296221112337,-0.4242629202453546,-0.24170358220229626,-0.42522570190124787,-0.6350114140690541,-0.4242629202453546,-0.7789114484186084,-0.5318993105267525,2.3965942127246556,-0.8261751829853697,2.663251779355411,-1.3226823162124386,-1.067450603885795,0,0.0
16671,-0.3805813596481165,-0.4242629202453546,-0.03098066914325653,1.8419757277190585,-0.6775607446672461,-0.4242629202453546,-0.9368076719787237,1.5236594053660306,-0.7262801990900174,5.371024544513477,-0.5410188408508065,-1.3226823162124386,-1.067450603885795,0,309.39
17068,-1.0847038834426828,1.960070260572833,0.2917222539261778,-0.2868543268398256,0.5421867324809257,1.960070260572833,-0.3648724621943059,-0.3985533017965586,-0.5483429074484009,-0.7113720748944248,-0.5410188408508065,-0.2851364392313043,0.28733222450585916,1,1270.65
15759,0.3235411641464498,-0.08364389441418492,-0.2230173015220862,-0.5326686686601015,-0.6491945242684515,-0.08364389441418492,-0.9718957216587494,-0.6772418459939191,-0.7262801990900174,-0.6739427212082207,-0.5410188408508065,-1.3226823162124386,-1.067450603885795,0,0.0
16586,0.71472034403232,-0.4242629202453546,-0.18716935302051166,0.16151676748338104,-0.6066451936702594,-0.4242629202453546,-0.6736472993785315,-0.4177016040882646,0.4731943567573249,-0.23311709285728024,-0.5410188408508065,1.7930638374900936,-1.067450603885795,0,0.0
15644,-0.3545027476557252,0.08666561850139992,-0.12944992373005748,-0.3195535386056556,1.6342862178345217,0.08666561850139992,1.9579564266233906,-0.2706288003417271,0.0456745815291779,-0.1633995178123669,-0.40653828982811663,-0.39744346560895966,0.34687698219881485,0,0.0
15247,-0.9282322114883348,-0.4242629202453546,-0.20551739740316288,-0.035892768343549555,-0.6350114140690541,-0.4242629202453546,-0.7789114484186084,-0.19276672777003073,-0.7262801990900174,-0.07904693143734613,4.6024295547513345,-0.023311144967234514,-1.067450603885795,0,0.0
13226,1.0407029939372119,-0.4242629202453546,-0.2476337653288428,-0.48902948795962314,-0.4931803120750806,-0.4242629202453546,-0.2525907032182239,-0.4696096524693955,-0.08019064272276029,-0.5577754295540983,1.821342332852795,0.8650095854714579,-1.067450603885795,0,0.0
15628,-0.8499963755111608,0.08666561850139992,-0.042764549801424315,-0.08638809773698285,0.03159476530262125,0.08666561850139992,-0.08153646102809896,-0.0015720828995319542,0.05524078680604926,0.0012312641342398561,0.544613073493676,-0.0735167295032339,0.4532286701070719,0,1556.69
16332,-0.8239177635187694,-0.08364389441418492,-0.15524596537855195,-0.2896144638730952,-0.11023633669135223,-0.08364389441418492,-0.16487057901815977,-0.4361577990682222,0.3975966734590092,-0.5486069221701058,0.0917944945489242,-0.14111534551576363,-0.3703716644123786,0,931.03
14576,2.3185549815643878,-0.4242629202453546,-0.2600091345877667,-0.6221780595534983,-0.7059269650660409,-0.4242629202453546,-1.0420718210188007,-0.7049261384638555,6.300187227492996,-0.8261751829853697,-0.5410188408508065,-1.3226823162124386,-1.067450603885795,0,0.0
14022,0.4148163061198195,-0.4242629202453546,-0.19124008635042827,0.11771909834901341,-0.3229829896823125,-0.4242629202453546,0.3789941910222374,0.9388287269386226,-0.7262801990900174,1.0772882257430232,0.07382971413417205,0.5580792834394516,-0.8626007431858871,0,0.0
14312,-0.09371662773181173,0.08666561850139992,-0.12077305790574673,-0.2962145927882289,-0.12441944689074957,0.08666561850139992,-0.4499609826683681,-0.413375933389837,0.5300464871359905,-0.6848676893836351,1.4479757450451751,0.9722701840174384,-0.5928338587965497,0,757.0
16255,-0.8108784575225737,0.4272846443325696,0.03953395033826743,-0.13898644673394525,1.0102293690610382,0.4272846443325696,0.6246105387824167,-0.06357336291032725,0.03516960430138969,-0.23012252475095923,-0.1805363909020004,0.3491914844939029,0.11361191843219688,1,822.16
13062,-0.028520097750833362,-0.4242629202453546,-0.20705050866144464,-0.05238775688601283,-0.5640958630720674,-0.4242629202453546,-0.5157510758184162,0.44051146247976614,-0.4042995890183424,0.3236504159732001,-0.5410188408508065,0.34375428302704425,-0.773048052723324,0,0.0
13972,0.10187296221112337,-0.4242629202453546,-0.24122767183387175,-0.42010530634482907,-0.592462083470862,-0.4242629202453546,-0.621015224858493,-0.6011100417015938,0.0394554560345186,0.7768193734072844,-0.5410188408508065,1.5097875786107713,-1.067450603885795,0,44.35
17095,1.3797249498382993,-0.25395340732976973,-0.17357021424278193,-0.18954120929008691,-0.2520674386853257,-0.25395340732976973,-0.19995862869818545,-0.3415697997959393,0.5713867574408474,-0.7553594940963161,0.2977164891785189,0.0712842618567123,-0.36046576709517136,0,780.1999999999999
13158,-0.9673501294769218,-0.08364389441418492,-0.11846489261888798,-0.15770332120535457,-0.05350389589376284,-0.08364389441418492,-0.11223850449812132,-0.14777975250638398,0.026408180688390306,-0.12628763463216922,-0.4533445755862266,-0.3687039906865882,0.20269073496855172,0,332.89
15952,-0.44577788962909487,-0.25395340732976973,-0.21347189927540075,-0.4041955058659565,-0.3655323202805045,-0.25395340732976973,-0.41048692677833926,-0.5042150180568161,-0.601294523649505,-0.38865338603677335,0.9901370043575825,1.4173109804181798,-0.671972886613915,0,472.71
16714,0.3235411641464498,-0.08364389441418492,-0.07412194404093636,0.0013276307844182105,0.3719894100881576,-0.08364389441418492,0.4316262655422759,-0.0670338994690693,-0.2626451192178809,0.13913839917020535,-0.06789184892787165,0.6159629189991288,0.47993941845368954,0,0.0
15311,-1.0586252714502915,10.134926880520906,7.381945401906863,0.6192084330785546,5.889219277653726,10.134926880520906,0.3163369594507631,0.8364407881212385,0.028856105096834502,-0.4193883162191677,-0.1266888269890606,-0.6636168538565915,0.38237781262427417,1,15636.21
16877,-0.5370530316024646,-0.25395340732976973,-0.23390545087968356,-0.5141194261860751,-0.06768700609316018,-0.25395340732976973,0.2210979674621221,-0.5665046761141732,0.9461216680266296,-0.15278883695322973,-0.5410188408508065,0.27645553875776335,-0.59209081848205,0,657.64
14931,0.16706949219210174,-0.25395340732976973,-0.1664247599968657,-0.15110166836297179,-0.5782789732714647,-0.25395340732976973,-0.8315435229386468,-0.5768862857903994,-0.24905596090229784,-0.8261751829853697,-0.0245844671375022,-0.3727187745500521,-0.6060140575993123,0,671.6800000000001
14460,-1.0847038834426828,-0.08364389441418492,-0.19220210516660063,-0.4221534645673966,-0.5215465324738753,-0.08364389441418492,-0.813999498098634,0.26979165891515794,-0.39626238930438124,3.4150288728820133,-0.5410188408508065,-0.9702895349515508,-1.067450603885795,0,0.0
15262,1.6926682937469957,-0.4242629202453546,-0.23561022980657556,-0.3596663516521004,-0.5782789732714647,-0.4242629202453546,-0.5683831503384545,-0.4938334083805899,-0.031290126720532455,-0.8261751829853697,0.8554576248355459,1.4634209362790547,-1.067450603885795,0,0.0
18069,-0.17195246370898576,-0.08364389441418492,-0.09974291866104606,-0.09055908661731558,2.102328854414634,-0.08364389441418492,3.0105979170241595,-0.02435394857791731,-0.16966147969331394,-0.14376124222414158,1.1169023255279589,0.22148036026240683,-0.44243155061610984,0,1030.92
15829,-0.6935247035568127,-0.4242629202453546,-0.21071161913853872,-0.09177822841646295,-0.35134921008110714,-0.4242629202453546,0.27373004198216055,0.7069727775029048,-0.6252358666280938,1.2818598576198177,-0.5410188408508065,-0.030892501141643488,-0.6353926381028027,0,310.7
16159,1.1450174419067771,-0.4242629202453546,-0.20684314771520254,-0.05015672739357328,-0.5215465324738753,-0.4242629202453546,-0.35785485225830077,0.07023405069436578,-0.7262801990900174,-0.8261751829853697,-0.5410188408508065,2.994872092548909,-0.49451421386008954,0,0.0
13781,0.7407989560247114,-0.4242629202453546,-0.24429729371020972,-0.4531318576837301,-0.4789972018756833,-0.4242629202453546,-0.19995862869818545,-0.6426364804064985,-0.7262801990900174,-0.8261751829853697,-0.5410188408508065,1.8230190311534462,-0.4611052715262418,0,0.0
15874,-0.21107038169757278,0.4272846443325696,0.10922082571471024,-0.014024412321344448,0.40035563048695233,0.4272846443325696,-0.3315388149982816,-0.1322073379920447,-0.3309966505081535,-0.11430222601388643,-0.16464704978930672,-1.0899209052308336,0.820078524381144,1,2198.13
18009,0.5452093660817763,-0.4242629202453546,-0.22397762065837135,-0.23450925455163607,-0.28043365908412043,-0.4242629202453546,0.5368904145823528,-0.31388550732600284,0.1669749873202486,-0.04824701322216703,-0.17650213417526012,1.5084076810954763,-0.5950237723324274,0,0.0
14529,-1.0847038834426828,-0.4242629202453546,-0.24303953059365926,-0.4395993837131948,-0.02513767549496814,-0.4242629202453546,1.5368998304630832,-0.45576750623442724,-0.41246872869249196,0.35271962482243374,0.07718219874811787,0.7807016599158769,0.764019845459614,0,443.37
16686,-1.1759790254160525,0.25697513141698475,0.07368051927272443,0.04407683797151927,3.265343890765217,0.25697513141698475,2.8000696189440055,0.2820188880893798,0.24912489309993865,0.5648027092418234,-0.2536315259842428,-0.7839219788659959,0.09723510950662748,1,961.23
17629,-0.9543108234807262,0.25697513141698475,-0.13032695855186832,-0.39491296020724875,0.21597519789478678,0.25697513141698475,-0.34732843735429314,-0.28620121485606637,-0.40126273614792163,-0.1286732253871501,-0.39743711105061497,1.257961640055571,-0.32444414670585786,0,1015.74
16229,0.24530532816927578,-0.4242629202453546,-0.20514346782797221,-0.031869600406363406,-0.54991275287267,-0.4242629202453546,-0.4631190012983777,-0.42808321376449077,-0.07895070417868498,0.9320218512126281,-0.007644648416982746,-0.3826258747041214,-0.07099500007920571,0,652.4
17526,1.2623711958725383,-0.08364389441418492,-0.11767794083110035,-0.1548810079403285,-0.592462083470862,-0.08364389441418492,-0.9192636471387109,-0.5849608710941309,-0.7262801990900174,-0.8261751829853697,-0.5410188408508065,0.6985578358193462,-0.5469704811908856,0,323.1
14191,-1.1107824954350742,0.5975941572481545,0.11780590882511059,-0.09695609780055575,0.2868907488917735,0.5975941572481545,-0.245071835429647,-0.06027761380676335,-0.010770714169313102,-0.09695509053550155,-0.33878481941461136,-0.24048308522457615,-0.3311887373604633,1,2426.5
15681,-0.13283454572039874,-0.08364389441418492,-0.14650111235875196,-0.2582520410900302,-0.4080816508786965,-0.08364389441418492,-0.533295100658429,-0.22737209335745134,-0.7262801990900174,0.9169352740209743,1.5242252064794959,-1.3226823162124386,-0.028393414870703338,0,722.94
13417,0.15403018619590605,-0.4242629202453546,-0.22591355604992663,-0.2553382921900681,-0.5782789732714647,-0.4242629202453546,-0.5683831503384545,-0.497293944939332,3.8290143613642247,1.1169695974872818,0.20377041707890514,-1.3226823162124386,-1.067450603885795,0,404.83
14653,1.8882578836899306,-0.4242629202453546,-0.2074193391969736,-0.056356063442237404,-0.3087998794829151,-0.4242629202453546,0.4316262655422759,0.3090110732475679,0.2549106207527133,1.1499179453208617,0.2347025420026891,0.38975303558462104,-0.8679139318623351,0,1581.84
18061,-1.12382180143127,0.7679036701637393,0.038813286066081774,-0.27693767505283634,-0.46481409167628596,0.7679036701637393,-0.824964513623642,-0.3567096472404358,1.3293467328635862,-0.8046972418932713,0.438675319694596,-0.9672883087218647,0.8066145887879496,1,325.9
16136,1.0928602179219946,-0.4242629202453546,-0.23895010078498316,-0.3956005561819678,-0.6066451936702594,-0.4242629202453546,-0.6736472993785315,-0.5180571642917843,0.15147687428727039,-0.8261751829853697,-0.5410188408508065,1.321346013641568,1.3881758493002994,0,550.08
17204,-0.23714899368996412,0.08666561850139992,-0.00010088495205623918,0.028368195889505926,-0.09605322649195489,0.08666561850139992,-0.3446968336282912,-0.18757592293191766,-0.4581664128708856,1.2284989739806371,-0.5410188408508065,0.11832887762310747,0.11873452036440292,0,0.0
15456,1.1710960538991686,-0.08364389441418492,-0.19215961316941987,-0.42200107184250313,-0.03932078569436549,-0.08364389441418492,-0.077150454818096,-0.016279363274185707,-0.6438232077290258,-0.2816886582451837,0.3074485582115411,1.0393390571361012,-0.6561073951048291,0,0.0
18189,0.9624671579600378,-0.4242629202453546,-0.15841926772801093,0.4708435204720362,-0.15278566728954426,-0.4242629202453546,1.0105790852626988,0.4716562915084447,0.16604009959466792,-0.08855157227343836,-0.11370346540713146,0.0002823409740807295,-0.13730518258531121,0,457.14
12564,0.8842313219828637,-0.4242629202453546,-0.18836762734100904,0.14862434295739807,-0.4222647610780939,-0.4242629202453546,0.010569669381968322,-0.28620121485606637,-0.7262801990900174,0.07713834595398474,-0.5410188408508065,-0.4870610035598823,-0.3375412731362861,0,0.0
12464,-1.1368611074274655,0.4272846443325696,-0.13335748779079998,-0.44901420625711,-0.6350114140690541,0.4272846443325696,-0.9104916347187044,-0.6997353336257425,-0.7262801990900174,0.7894816775959522,-0.5410188408508065,-1.3226823162124386,-0.34765701652694764,0,431.5
15990,1.2232532778839513,-0.4242629202453546,-0.19780594975479898,0.04707592679742166,-0.3938985406792992,-0.4242629202453546,0.11583381842204521,-0.15470082562386808,0.10701538729000937,0.5433520834743375,-0.3239599827079793,-0.6744049735065761,-0.07337306442369929,0,390.74
13615,1.627471763766017,-0.4242629202453546,-0.19503207217883908,0.07692051804054817,-0.3938985406792992,-0.4242629202453546,0.11583381842204521,-0.09241116756651102,-0.19133403287741993,0.0027398903575803564,-0.5410188408508065,1.8991386900349259,-0.6337097510930569,0,0.0
14646,-1.1499004134236612,6.2178080834624545,29.708838419771016,7.3756941852336935,6.257980142838058,6.2178080834624545,0.6461019692114327,10.21747888847974,-0.43908724996510756,-0.26435402200915536,-0.22272073008815685,-0.18089176141910257,0.2133660008480745,1,103850.08
15620,0.34961977613884115,-0.25395340732976973,-0.11730231157602244,0.11315646016570453,0.11669342649900534,-0.25395340732976973,0.48425834006231433,0.2917083904538576,0.36100302002672324,-0.097692978454852,0.0568115755194986,-0.7278187939808506,0.6713419646452609,0,678.17
18133,0.24530532816927578,-0.4242629202453546,-0.10770081989305841,1.016531389770379,-0.7059269650660409,-0.4242629202453546,-1.0420718210188007,3.9252717771330206,-0.7262801990900174,-0.8261751829853697,-0.5410188408508065,-1.3226823162124386,4.941478643311516,0,0.0
17490,-0.22410968769376846,-0.4242629202453546,-0.2141517712302929,-0.12879137343857575,-0.46481409167628596,-0.4242629202453546,-0.14732655417814702,-0.26197745894487195,-0.03560515715852857,-0.5707395060765798,-0.28561159518319,-1.0162091316446877,2.743257966871216,0,1787.12
18179,0.7668775680171027,0.08666561850139992,-0.07852411494886284,-0.18257381390795996,0.045777875502018596,0.08666561850139992,-0.38417088951832,-0.11576978933801992,-0.5332873757230853,0.4604122662992611,-0.22512300020108497,-0.37356159401794264,0.6478144709378326,0,690.01
14740,0.036676432230145,-0.08364389441418492,-0.01987666043998091,0.19587218338335272,0.48545429168333637,-0.08364389441418492,0.46671431522230156,0.10137887972304431,-0.01015022335193251,1.4241825749465495,-0.21616751747847213,-0.8239919802222466,0.21092138709720548,0,0.0
15625,-1.1759790254160525,0.08666561850139992,-0.005250915010364079,0.014515697196694464,-0.09605322649195489,0.08666561850139992,-0.2525907032182239,0.2813267807776314,-0.6356019209322459,-0.22240790772112415,0.10751044550272923,-0.6869873381667657,0.5146195598448331,0,0.0
14655,0.3756983881312325,-0.4242629202453546,-0.1282567484492218,0.7953668759870626,-0.5215465324738753,-0.4242629202453546,-0.35785485225830077,1.0599475064945947,-0.7262801990900174,-0.633816890958715,-0.33963081187388083,-0.86809087509466,-0.29646678811827565,0,1121.67
18018,-1.12382180143127,-0.25395340732976973,-0.24526611124593098,-0.5752350045773305,-0.3087998794829151,-0.25395340732976973,-0.3315388149982816,-0.6512878218033537,-0.7262801990900174,-0.5633558627511457,-0.17186136555825893,0.17180083176404984,-0.3073559840299051,0,0.0
16637,-0.9151929054921392,-0.25395340732976973,-0.1758494849715578,-0.20180272793501122,-0.3087998794829151,-0.25395340732976973,-0.2525907032182239,-0.1391284111095288,-0.23758611174497316,0.08139484170810464,-0.5410188408508065,0.8163095193661036,-0.38450190233834836,0,623.92
12989,-0.47185650162148624,0.7679036701637393,0.493584735733086,0.3346821447070183,-0.5215465324738753,0.7679036701637393,-0.9236496533487141,0.13857964772952144,1.361406701983236,-0.8261751829853697,-0.5410188408508065,1.3669127671360686,-0.7267715263328759,1,2454.9700000000003
15719,-0.8760749875035521,1.108522695994909,0.3368164610142853,-0.03830666910586125,2.854033694982694,1.108522695994909,2.53164603889181,-0.08133745057853646,-0.049961908021681815,-0.3248352830297144,-0.06914599518908073,-0.17964717589723758,0.041849780457100555,1,1483.27
12909,0.10187296221112337,-0.08364389441418492,-0.00625202646394275,0.24473538669317746,0.05996098570141595,-0.08364389441418492,0.045657719061994013,0.16020800122165932,-0.37384656526976884,-0.4205122274216193,-0.48401633890900836,-0.4773490833377252,0.7132859480833477,0,650.3
16788,-0.9151929054921392,-0.25395340732976973,-0.16499872857147949,-0.14343021859183724,1.237159132251396,-0.25395340732976973,2.8000696189440055,-0.2204510202399672,-0.4688121048236639,-0.37393745872754086,0.35319875466777834,0.32191503375547603,0.2936796874088865,0,0.0
16885,2.1360046976176483,-0.4242629202453546,-0.2357801977952986,-0.36149506435082146,-0.3371660998817098,-0.4242629202453546,0.3789941910222374,-0.6253337976127882,0.361548840541126,-0.8261751829853697,-0.5410188408508065,-0.8559877992386086,0.19038932001473768,0,272.46
15164,0.19314810418449307,-0.25395340732976973,-0.20428852884469537,-0.35479283231000897,0.017411655103223903,-0.25395340732976973,0.3526781537622182,-0.500754481498074,-0.4119336537001158,-0.7567370329136935,-0.04974601159213011,1.7437240292021683,-0.39497593522249447,0,461.35
14309,-0.32842413566333384,0.4272846443325696,-0.04336453680161661,-0.28763945415847647,0.08832720610021064,0.4272846443325696,-0.4982070509784033,-0.19045970339753607,-0.6586984144035655,-0.029327901625781416,1.368681638607703,-0.6430827689550673,0.6618102670882257,0,1042.51
17935,-0.719603315549204,-0.25395340732976973,-0.2412463683126313,-0.5536104769149548,-0.3229829896823125,-0.25395340732976973,-0.3315388149982816,-0.6045705782603358,-0.7262801990900174,-0.02931566398412421,-0.5410188408508065,-1.2904090126762342,-0.6214898764375827,0,0.0
15789,2.1490440036138443,-0.4242629202453546,-0.20631624695016115,-0.04448771802753818,-0.3655323202805045,-0.4242629202453546,0.2210979674621221,0.7692624355602617,0.021769563945008504,-0.4215054643990357,-0.5410188408508065,-0.746601872371162,1.0378127372615007,0,0.0
16808,1.0407029939372119,-0.4242629202453546,-0.23772633126617732,-0.3824338247511767,-0.45063098147688857,-0.4242629202453546,-0.09469447965810857,-0.34503033635468133,-0.7262801990900174,0.9503142973962937,-0.5410188408508065,0.032388213960311045,0.3021521884934118,0,121.92
17345,0.036676432230145,-0.25395340732976973,-0.24471541496246835,-0.5722724900054025,-0.45063098147688857,-0.25395340732976973,-0.5420671130784354,-0.6409062121271274,-0.30596989681395625,1.2982450543564936,1.7995452082875427,-1.3226823162124386,-1.0070641718275037,0,394.31
14693,0.9233492399714508,-0.4242629202453546,-0.2366385361383499,-0.3707300634793624,-0.6066451936702594,-0.4242629202453546,-0.6736472993785315,-0.6287943341715302,-0.33411472386430335,-0.8261751829853697,0.29878175576367955,-0.7735046283463406,-1.067450603885795,0,0.0
12876,0.036676432230145,-0.4242629202453546,-0.14255615534049043,0.6415172766436659,-0.23788432848592836,-0.4242629202453546,0.6947866381424681,1.5063567225723205,-0.7262801990900174,1.173726127300297,-0.33271897507158765,-0.7483316763707132,0.34993307590063893,0,1491.59
15192,-0.9673501294769218,-0.08364389441418492,-0.08852503140532603,-0.05032740724545396,-0.20951810808713367,-0.08364389441418492,-0.19995862869818545,0.31247160980630995,-0.4584950340275811,1.029547433432464,-0.12741350871322263,-0.30857751563714225,-0.16109380231298165,0,0.0
17173,-1.0064680474655088,-0.25395340732976973,-0.10264257254866099,0.19201969529804713,-0.5357296426732727,-0.25395340732976973,-0.43680296403835844,-0.3346487266784552,-0.7262801990900174,-0.5423223335232377,0.021853564520041134,-0.5477789265822761,3.454342730126488,0,2805.34
16009,-0.44577788962909487,-0.4242629202453546,-0.19096983724835867,0.12062675153997973,0.05996098570141595,-0.4242629202453546,1.9579564266233906,-0.0681874116553166,-0.403271777795072,1.3217466099511712,-0.43302899262472166,0.30765533047612525,-0.4088483357992219,0,530.52
16283,-0.9543108234807262,-0.08364389441418492,-0.16636527120081263,-0.32949259212320414,0.11669342649900534,-0.08364389441418492,0.20355394262210935,-0.23775370303367752,1.3851951323057818,1.0350836725352464,-0.3646757542012536,-0.4455056962563223,-0.3864693666106843,0,984.46
15267,-0.4979351136138776,-0.25395340732976973,-0.026751865583827535,0.6002798052875077,-0.6208283038696568,-0.25395340732976973,-0.9104916347187044,0.4716562915084447,-0.7262801990900174,0.19017445385444814,0.8269918485822931,-0.2434890192635449,1.2836022952989232,0,309.6
15786,-1.0325466594579003,-0.4242629202453546,0.2689720386356001,5.069214749913908,1.6201031076351242,-0.4242629202453546,7.5895884002675045,7.164333996115588,-0.16186621777790833,0.3131268195491919,-0.21276546053198556,0.12062013311398634,0.05236545103581922,1,1771.36
12766,-0.5761709495910516,0.25697513141698475,0.5756877726857462,1.1243120588075963,1.563370666837535,0.25697513141698475,1.2947922876709064,0.9803551656435273,-0.23787999280180913,0.558531789422981,-0.42527935848252385,-0.2286936843299441,0.8272066411570473,1,2037.44
16985,-0.47185650162148624,0.5975941572481545,0.34221124497635425,0.2479600167519222,-0.010954565295570795,0.5975941572481545,-0.5082322080298393,-0.11020821272575577,1.6982510282665872,-0.46928345104623975,1.0273361249169308,0.17056951105770277,-0.6704979712374404,1,1885.58
15967,1.627471763766017,-0.4242629202453546,-0.23850818401430324,-0.3908459031652933,-0.26625054888472305,-0.4242629202453546,0.6421545636224296,-0.5388203836442367,-0.17726961881654557,-0.21954754645444938,-0.5410188408508065,0.032373493207518096,0.21673069292104225,0,235.78
13551,1.6405110697622127,-0.4242629202453546,-0.2504229400237878,-0.5190386633456345,-0.6633776344678488,-0.4242629202453546,-0.8841755974586852,-0.7049261384638555,-0.7262801990900174,-0.8261751829853697,-0.5410188408508065,-1.3226823162124386,-1.067450603885795,0,0.0
13933,-1.0977431894388785,-0.25395340732976973,-0.1625511895338678,-0.13026348716104605,-0.3938985406792992,-0.25395340732976973,-0.48943503855839693,-0.39174757989769915,0.05278409449948463,-0.6077273951183745,-0.5410188408508065,0.4246444307106982,1.396171893363583,0,0.0
16450,-0.5761709495910516,-0.4242629202453546,-0.2130095863460741,-0.11650242410317067,-0.5640958630720674,-0.4242629202453546,-0.5157510758184162,-0.054345265420348364,-0.7262801990900174,-0.8261751829853697,1.1936141688529047,0.9592415524136537,-1.067450603885795,0,0.0
15935,0.5973665900665589,-0.25395340732976973,-0.19517314560947918,-0.3057559012938057,-0.54991275287267,-0.25395340732976973,-0.7789114484186084,-0.5474717250410919,-0.6413274671656823,-0.36413874235674404,-0.5410188408508065,-0.9038371010255379,-0.6350083512927919,0,0.0
12576,-0.5761709495910516,-0.08364389441418492,-0.15370265604094682,-0.28407956010496627,-0.12441944689074957,-0.08364389441418492,-0.2876787528982495,-0.2123764349362357,-0.298854927774837,-0.2097360121041971,-0.27735563772517496,0.8415676647953605,0.8024688932559569,0,654.98
15734,-1.0325466594579003,-0.25395340732976973,-0.03836237889349779,0.5378201230626923,-0.3655323202805045,-0.25395340732976973,-0.41048692677833926,-0.14777975250638398,0.5988052254908691,-0.7662611291322805,-0.5410188408508065,1.6787965276645036,0.3575644212157209,0,0.0
15574,-0.21107038169757278,0.08666561850139992,-0.15118882948773318,-0.37802662714725915,1.1378773608556143,0.08666561850139992,0.9053149362226219,-0.4592280427931693,-0.16708720647950212,0.40471517580831945,-0.09762639986993012,-0.6226792271506314,-0.3546217613618704,0,0.0
15116,-0.7717605395339867,-0.25395340732976973,-0.13158642134830598,0.036313952565448664,-0.43644787127749124,-0.25395340732976973,-0.48943503855839693,-0.30523416592914765,-0.5530547735765738,-0.6812322116364107,-0.5410188408508065,-0.8036533750959334,3.9013094933737738,0,561.7800000000001
12875,-0.6544067855682256,-0.25395340732976973,-0.207687888619156,-0.3730799592972188,-0.7059269650660409,-0.25395340732976973,-1.0420718210188007,2.7469590788813485,-0.7262801990900174,-0.8261751829853697,-0.5410188408508065,4.34614289167105,-1.067450603885795,0,0.0
13492,-0.7456819275415953,-0.08364389441418492,-0.05019385058850802,0.08714302202639844,-0.18115188768833898,-0.08364389441418492,-0.2175026535381982,-0.27581960517984017,3.0120501365424124,-0.8261751829853697,-0.5410188408508065,-0.46287656506397945,-0.040409398842872896,0,0.0
16139,-1.0586252714502915,-0.25395340732976973,-0.21395290868348696,-0.4067831343346467,-0.5357296426732727,-0.25395340732976973,-0.6999633366385507,-0.47826099386625065,-0.25841475697005345,-0.8261751829853697,-0.5410188408508065,-1.0479098047489477,0.7844379606615501,0,329.04
16926,2.3185549815643878,-0.4242629202453546,-0.22689087198508406,-0.26585339020771376,-0.5215465324738753,-0.4242629202453546,-0.35785485225830077,-0.6253337976127882,1.6997965019451595,-0.8261751829853697,-0.5410188408508065,-0.7428741353409678,1.8528498641332243,0,0.0
13301,-1.1759790254160525,0.08666561850139992,-0.16097048723874363,-0.40433723110010733,0.3436231896893629,0.08666561850139992,-0.02890438650806051,-0.44798129897725764,-0.22722355680977663,0.006275095632491875,0.15644541202613785,1.7906820887579202,-0.8088515034708904,0,0.0
16225,-0.5761709495910516,0.08666561850139992,-0.10393772862273049,-0.2509310945861505,0.8116658262694754,0.08666561850139992,0.6026805077324008,-0.35627708017059306,-0.14980394866443258,-0.3939482012702213,0.0868546002560887,1.047769246376902,-0.15272779568182537,0,142.68
12527,1.314528419857321,-0.25395340732976973,-0.21759872204159594,-0.42639607802842927,-0.507363422274478,-0.25395340732976973,-0.6999633366385507,-0.36406328742776267,-0.7262801990900174,0.7414895362992207,2.8385802188086435,-0.35612493660068884,-0.8881866048643958,0,63.790000000000006
13249,0.8842313219828637,-0.4242629202453546,-0.21642254355963256,-0.15322297509348806,-0.6917438548666435,-0.4242629202453546,-0.9894397464987621,0.08407619692933402,-0.7262801990900174,-0.8261751829853697,-0.5410188408508065,-1.3226823162124386,-1.067450603885795,0,419.5700000000001
12710,-0.41969927763670356,-0.25395340732976973,-0.13169010182142704,0.035756195192338754,-0.05350389589376284,-0.25395340732976973,0.16846589294208367,0.026977343710090036,-0.7262801990900174,1.076944296325666,-0.5410188408508065,-0.16038523015352976,0.07258550702219209,0,358.66
13614,-0.3805813596481165,-0.25395340732976973,-0.13364133433196743,0.025259384301680267,0.4429049610851444,-0.25395340732976973,1.1684753088228141,-0.32599738528160005,0.2773333244403853,-0.4046149523655742,-0.5410188408508065,-0.19005266998859335,0.15226451780418906,0,806.58
17134,-1.1368611074274655,-0.25395340732976973,-0.1957952284482055,-0.30910244553246513,-0.4222647610780939,-0.25395340732976973,-0.48943503855839693,-0.5768862857903994,2.5531347167292804,-0.6069835609673875,0.06377172917478098,0.4361351853622543,-1.067450603885795,0,0.0
17430,2.240319145587214,-0.4242629202453546,-0.2468876058583487,-0.4810014392122379,-0.6491945242684515,-0.4242629202453546,-0.8315435229386468,-0.5388203836442367,0.7588878715376532,0.23271792296313673,2.1059192740557777,-0.4466826837331075,-0.1709140909824662,0,153.16
14859,0.14099088019971037,-0.4242629202453546,-0.21556930425624293,-0.14404283734590875,-0.5640958630720674,-0.4242629202453546,-0.5157510758184162,-0.023200436391669826,-0.7262801990900174,0.2242724164562897,-0.02203191687146576,-1.3226823162124386,-0.2253989408681836,0,1056.88
16583,2.3446335935567792,-0.4242629202453546,-0.22634697442117035,-0.2600015095718066,-0.5215465324738753,-0.4242629202453546,-0.35785485225830077,-0.36233301914839167,-0.7262801990900174,-0.3350826918828363,-0.5410188408508065,-0.10611284559790556,0.0946961320789024,0,0.0
16942,-0.7456819275415953,0.5975941572481545,-0.021367279701081893,-0.3108684595100871,0.9109475976652568,0.5975941572481545,0.36395645544508365,-0.45329569440675443,0.1760446659990936,-0.5886179129719187,-0.1622118531522318,0.24165572432796503,-0.19610910874359094,0,465.55
17070,-1.0325466594579003,-0.4242629202453546,-0.214314940499467,-0.13054693762934785,0.15924275709719737,-0.4242629202453546,2.1684847247035446,-0.29312228797355044,0.5086172940055442,0.16186258735895737,-0.12278853781358638,0.1502358821940485,0.4555198610477593,0,0.0
14903,-0.9021535994959434,0.08666561850139992,0.1416626157222752,0.40968222426331263,2.045596413617045,0.08666561850139992,2.7211215071639483,0.4041758286129745,0.2813090547507297,-0.5953182868987485,0.5467074790856943,0.6482023614815174,-0.3428828915483353,1,396.71
17696,-1.1107824954350742,0.5975941572481545,0.05956297812938942,-0.18647680929637306,0.2868907488917735,0.5975941572481545,-0.38793032341260847,-0.09241116756651102,-0.2611722847186097,-0.0009017192071148823,-0.25856449081411736,0.5331603559501288,-0.1636597641432147,1,370.12
13827,-0.7847998455301823,-0.25395340732976973,-0.21490642910022315,-0.41191267345455906,0.11669342649900534,-0.25395340732976973,0.5105743773223336,-0.5820770906285124,0.967258249350608,-0.8261751829853697,0.31020210567774215,0.10960265368736906,0.09433698663330191,0,109.04
12665,1.7057075997431914,-0.4242629202453546,-0.25531801809901106,-0.571705589068799,-0.6775607446672461,-0.4242629202453546,-0.9368076719787237,-0.618412724495304,-0.7262801990900174,1.3575494274505622,-0.5410188408508065,0.027037971378867688,-1.067450603885795,0,0.0
14915,1.0928602179219946,-0.4242629202453546,-0.24184295595304914,-0.42672524631419906,-0.6066451936702594,-0.4242629202453546,-0.6736472993785315,-0.4834517987043637,-0.7262801990900174,-0.8261751829853697,-0.5410188408508065,3.330152992872702,-1.067450603885795,0,165.20000000000002
14013,-1.0847038834426828,-0.08364389441418492,-0.18562774336279378,-0.3985752621718873,-0.29461676928351777,-0.08364389441418492,-0.4982070509784033,-0.2135299471224831,-0.5747644751224334,-0.6613640363265338,-0.5410188408508065,-0.4058814866426811,-0.5664312611318697,0,0.0
15921,-0.27626691167855116,-0.4242629202453546,-0.21112124199136123,-0.09618542602038047,-0.37971543047990186,-0.4242629202453546,0.16846589294208367,-0.18584565465254663,0.69628417480259,1.0931607653629873,-0.3635851946911974,-0.2713269677794767,0.3371689282191763,0,0.0
15208,-0.3936206656443122,-0.25395340732976973,-0.21103795767688696,-0.39110192294311424,-0.4931803120750806,-0.25395340732976973,-0.6736472993785315,-0.47999126214562166,0.13812819475890606,1.8126945513430421,-0.5410188408508065,-1.0125370201579822,0.2943653345554353,0,546.6
12539,0.8972706279790594,-0.08364389441418492,0.501836681585589,2.066937868206718,1.0527786996592303,-0.08364389441418492,2.9404218176641086,1.1233906767381991,-0.16863466982017541,-0.38106212575481035,-0.47403094593194445,0.06325107941836197,0.3891297322164553,1,1050.66
13482,0.5060914480931892,-0.4242629202453546,-0.23464311195074156,-0.34926097639637804,-0.5640958630720674,-0.4242629202453546,-0.5157510758184162,-0.34503033635468133,-0.15545583059594714,0.7343884129148751,0.2983633109256785,-0.3279361250543744,-0.003260902936098006,0,0.0
15653,-1.0195073534617045,-0.4242629202453546,-0.2578675379298565,-0.5991362795496138,-0.6633776344678488,-0.4242629202453546,-0.8841755974586852,-0.5803468223491414,-0.7262801990900174,-0.8261751829853697,-0.5410188408508065,4.34614289167105,-1.067450603885795,0,829.4399999999999
12350,1.5231573157964517,-0.4242629202453546,-0.20918870595958036,-0.07539296263592293,-0.4789972018756833,-0.4242629202453546,-0.19995862869818545,-0.06472687509657454,-0.7262801990900174,0.0880635893263238,-0.08852101938550144,-0.17332122442266434,-0.3648515202571624,0,0.0
12461,-0.5109744196100733,-0.4242629202453546,-0.15947646861786818,0.4594689274859916,-0.23788432848592836,-0.4242629202453546,0.6947866381424681,0.2294187323965005,2.645052229074287,-0.2592386395505057,-0.5410188408508065,-0.7026093445040243,-0.8494773855963831,0,200.0
15424,0.7929561800094941,-0.25395340732976973,-0.20087047259147522,-0.3364051261243695,-0.4789972018756833,-0.25395340732976973,-0.6473312621185122,0.2121160496027902,-0.5118239229617207,0.5734730060481473,-0.5410188408508065,-0.6563358251934216,0.004732733382154994,0,0.0
13139,-1.0977431894388785,-0.08364389441418492,0.024779029237221094,0.35602474582834115,-0.16696877748894162,-0.08364389441418492,-0.2175026535381982,0.09099727004681814,1.5653073633220609,-0.8261751829853697,-0.5410188408508065,-0.9121667848339192,-0.37894575297310346,1,3354.0
12353,0.12795157420351472,-0.4242629202453546,-0.25089885039221227,-0.5241590589020533,-0.6633776344678488,-0.4242629202453546,-0.8841755974586852,-0.6772418459939191,-0.7262801990900174,-0.8261751829853697,-0.5410188408508065,-1.3226823162124386,0.1275836396579397,0,0.0
14525,-0.9673501294769218,0.4272846443325696,0.1751514085403741,0.10420186365096747,1.5208213362393428,0.4272846443325696,0.5018023649023269,0.17289663527038027,0.015361116519154795,-0.6091614240957088,1.5078694299771531,0.7229125994009881,-0.6367911899216181,1,1395.61
13967,-0.6283281735758344,-0.4242629202453546,-0.2523095846986134,-0.5393373743014375,-0.6917438548666435,-0.4242629202453546,-0.9894397464987621,-0.6011100417015938,-0.7262801990900174,-0.8261751829853697,3.720422848289619,-1.3226823162124386,-1.067450603885795,0,0.0
12716,-0.7847998455301823,-0.4242629202453546,-0.15080470183321915,0.5527698493747364,-0.08187011629255754,-0.4242629202453546,1.2737394578628911,0.9941973118784956,-0.31789722725439223,0.7019810612168753,-0.5410188408508065,0.4217002451749276,0.15099963113373938,0,375.59
14221,-1.0586252714502915,0.5975941572481545,0.17878192477949806,-0.0032345719911052377,0.5705529528797205,0.5975941572481545,-0.06461900850380081,0.01783163994770042,-0.4219174540193261,-0.5573703079540058,-0.024143925979654986,1.6512842305945965,-0.7565809737437459,1,815.79
12734,2.0708081676366703,-0.4242629202453546,-0.24726153543353935,-0.4850246071494242,-0.6633776344678488,-0.4242629202453546,-0.8841755974586852,-0.44192535999945903,-0.7262801990900174,-0.8261751829853697,-0.5410188408508065,-0.4600350019692994,4.027076366564099,0,0.0
18008,0.12795157420351472,0.5975941572481545,0.08502758219987396,-0.14733713265031909,-0.4080816508786965,0.5975941572481545,-0.8916944652472621,0.00349513134719742,-0.6585809520693283,-0.7934258161244305,-0.5410188408508065,-1.219346286524961,1.25825617598335,1,50.78
14393,0.3105018581502541,-0.4242629202453546,-0.254476676554832,-0.56265346121013,-0.6491945242684515,-0.4242629202453546,-0.8315435229386468,-0.7014656019051135,-0.7262801990900174,6.816860953540393,-0.5410188408508065,-1.3226823162124386,-1.067450603885795,0,0.0
17331,-0.9151929054921392,-0.4242629202453546,-0.23624760976428694,-0.3665240242723042,-0.7059269650660409,-0.4242629202453546,-1.0420718210188007,-0.6910839922288873,-0.7262801990900174,-0.8261751829853697,-0.5410188408508065,-1.3226823162124386,-1.067450603885795,0,0.0
16756,0.2713839401616671,-0.4242629202453546,-0.2253356648882683,-0.2491206690144167,-0.5357296426732727,-0.4242629202453546,-0.41048692677833926,-0.37963570194210194,-0.2772202507745619,-0.8261751829853697,0.6225469857742648,0.6237564143139722,0.9392908051092974,0,0.0
15042,0.07579435021873202,-0.4242629202453546,-0.24292225268144038,-0.4383375719510773,-0.6491945242684515,-0.4242629202453546,-0.8315435229386468,-0.6426364804064985,-0.7262801990900174,-0.8261751829853697,-0.5410188408508065,4.34614289167105,-1.067450603885795,0,0.0
15165,2.3446335935567792,-0.4242629202453546,-0.18312411488890354,0.20504012971294058,-0.3371660998817098,-0.4242629202453546,0.326362116502199,-0.19276672777003073,0.4888556849331031,-0.3599930711214208,-0.2636909431640913,-0.34988750350132014,0.2513723093125078,0,0.0
17864,1.0667816059296031,-0.4242629202453546,-0.2318879308535412,-0.3196175435501108,-0.3087998794829151,-0.4242629202453546,0.5368904145823528,0.4543536087147344,1.0368960931668103,1.6693702978877174,-0.5410188408508065,-0.958590480605284,-0.27314106187390247,0,354.0
18237,-0.9673501294769218,-0.25395340732976973,-0.16972383865797974,-0.16884932510405895,-0.28043365908412043,-0.25395340732976973,-0.2262746659582047,-0.12182572831581852,0.08203824434294255,-0.6130405160178853,-0.5410188408508065,0.16668622267023858,-0.11614374447493611,0,420.51
17965,-0.7717605395339867,1.108522695994909,0.054827669963565785,-0.34170290681256416,2.0030470830188527,1.108522695994909,0.11583381842204521,-0.35575799968678173,1.2784105281904088,0.26262738826926313,-0.12080045816360456,-0.21184806944612095,-0.16544116356419067,1,711.46
17388,-0.8108784575225737,-0.08364389441418492,-0.10404140909585155,-0.10597513466753353,-0.54991275287267,-0.08364389441418492,-0.8666315726186725,0.15213341591792792,-0.7262801990900174,-0.8261751829853697,-0.18273752234426355,-0.8964928718666662,3.903473520738152,0,306.53000000000003
15861,-0.7717605395339867,-0.08364389441418492,-0.07502277438116842,-0.0019030949833222773,1.7477510994297003,-0.08364389441418492,2.4491891221437494,0.257103024866437,-0.33986700858418867,1.0724775256646375,-0.4206491159124794,0.20721847136400465,-0.23569921177222852,0,2023.16
16983,-0.17195246370898576,0.08666561850139992,-0.11556693841116028,-0.282211225297773,0.045777875502018596,0.08666561850139992,-0.29206475910825275,-0.2844709465766953,1.245404250835674,0.07858720009062738,-0.4736807256391122,-0.34007399297342195,-0.42502830891420224,0,1020.65
16558,-0.9412715174845304,1.6194512347416634,0.4754423526167895,-0.07325477548049535,1.5208213362393428,1.6194512347416634,-0.009673436202661777,0.054262343500171666,-0.10484436960985545,-0.027251545021004957,-0.23903829704829255,0.5968486401595529,0.5853768469645327,1,3976.09
15838,-1.1107824954350742,1.4491417218260785,2.139615927002861,1.469975942690737,0.003228544903826554,1.4491417218260785,-0.642945255908509,1.5599950392328223,-0.6336431254474284,-0.25171219912723536,-0.5410188408508065,-0.41500541208203173,1.718296382359652,1,19489.58
15438,-0.8108784575225737,-0.4242629202453546,-0.2394124137143098,-0.40057465472248893,-0.3655323202805045,-0.4242629202453546,0.2210979674621221,-0.5422809202029788,0.163583442940517,0.30383047904408117,-0.4165612291223671,0.4458839847526169,0.5942343903896143,0,0.0
14631,0.5452093660817763,-0.25395340732976973,-0.15893257105395447,-0.11079684048316117,-0.37971543047990186,-0.25395340732976973,-0.43680296403835844,-0.13739814283015778,0.7925822683753936,0.6694862499019243,-0.5410188408508065,-1.2309129899040152,0.1427657519251154,0,376.9
15063,0.25834463416547143,-0.4242629202453546,-0.20300187117006205,-0.008827820402478918,-0.6491945242684515,-0.4242629202453546,-0.8315435229386468,-0.552662529879205,-0.7262801990900174,-0.009928605298152971,-0.5410188408508065,3.046654912517608,-0.74496491882855,0,0.0
13435,-1.0847038834426828,-0.08364389441418492,-0.08108043349925727,-0.023628201844127394,-0.28043365908412043,-0.08364389441418492,-0.44557497645836486,0.28478731733637347,1.1260358885798512,-0.7206033406040319,1.2248476834863082,-0.8442716456614512,0.920192214869239,0,2721.77
17722,-0.054598709743224706,-0.08364389441418492,0.09105634675987992,0.5937208224080952,0.5989191732785152,-0.08364389441418492,0.5544344394223654,0.8949952638612233,-0.38513759336695536,0.24223750720868487,-0.25292000322467306,-0.49991367526777086,0.09807939698665069,1,323.16
14978,0.5452093660817763,0.08666561850139992,-0.006445789971086984,0.01130173462869234,0.9818631486622436,0.08666561850139992,1.2211073833428525,-0.3874219091992716,1.9580518399871742,-0.42356244149686006,-0.23677856656673502,0.3128262601628439,-0.2588657479102584,0,394.14
12523,-1.12382180143127,0.5975941572481545,-0.09304108086569696,-0.42103272492775184,-0.02513767549496814,0.5975941572481545,-0.621015224858493,-0.4696096524693955,-0.4771176253485482,1.3456411281747875,-0.5410188408508065,-0.3215936848069861,0.8017972464337028,0,772.02
16393,-0.6674460915644214,0.7679036701637393,-0.010508024901567447,-0.34326965641719337,0.6131022834779125,0.7679036701637393,0.11583381842204521,-0.35800734844996407,-0.49188233472015974,-0.5321633693614252,-0.414032888317955,-0.1539464532073712,0.03202600339707993,0,1537.63
16812,2.1751226156062358,-0.4242629202453546,-0.184551845994177,0.18967894304368432,-0.507363422274478,-0.4242629202453546,-0.30522277773826234,-0.46614911591065344,-0.7262801990900174,-0.8261751829853697,-0.5410188408508065,0.4447233942667252,0.5421175933398956,0,0.0
14407,-1.12382180143127,0.4272846443325696,0.10071902691878423,-0.02926978051968171,0.23015830809418414,0.4272846443325696,-0.4543469888783713,0.06965729460124204,-0.6268292412742367,0.006835809227169985,-0.27042754036823663,0.1702863596107413,0.45936486842464114,1,0.0
17211,-0.17195246370898576,0.4272846443325696,-0.017041594388080738,-0.24043733154998995,0.7832996058706807,0.4272846443325696,0.14214985568206442,-0.28908499532168475,0.7297227685998932,0.23349526280126373,-0.03628371379395662,0.4348241562273793,-0.025428133484923284,0,852.33
12722,-1.0325466594579003,-0.08364389441418492,-0.10801526067219601,-0.12022690229956579,-0.03932078569436549,-0.08364389441418492,-0.2175026535381982,-0.1016392650564899,-0.22366084356076432,0.09371866234982833,0.581572287219366,1.2694949503623703,-0.9026276104973894,0,67.98
12449,-0.8369570695149651,-0.25395340732976973,0.01219119999239341,0.8097771320529841,0.2868907488917735,-0.25395340732976973,1.1947913460828334,0.3903336823780063,0.2107938926107009,1.344195312701488,-0.5410188408508065,-1.0281034392131658,0.3104828318138178,1,2430.41
17704,-0.32842413566333384,-0.25395340732976973,-0.11557203745082197,0.12246460780219443,-0.3371660998817098,-0.25395340732976973,-0.27890674047824315,-0.15297055734449705,-0.5683178387052392,0.5668900914382752,-0.08258613568006828,0.46981892723426577,0.19720841706209066,0,0.0
16029,-1.12382180143127,7.239665160955964,8.608553386124363,1.3888032289414878,-0.11023633669135223,7.239665160955964,-0.8956173527891284,1.0896629834664016,-0.34048769093445824,0.3657702412153718,0.8763788095591979,0.2367775892578001,-0.5506756270482188,1,28637.6
16232,-0.6544067855682256,-0.08364389441418492,-0.14279241084481545,-0.24495120406133286,-0.3938985406792992,-0.08364389441418492,-0.5508391254984417,-0.24121423959241958,-0.7262801990900174,-0.8261751829853697,0.23369790449510464,1.6384704077499825,0.2550210390239405,0,265.84
13262,0.9103099339752551,-0.4242629202453546,-0.2319831129272261,-0.32064162266139457,-0.5640958630720674,-0.4242629202453546,-0.5157510758184162,-0.31388550732600284,1.0628747200558892,-0.8261751829853697,-0.5410188408508065,-0.9400245858685138,-0.38342450754499596,0,0.0
12556,-0.5500923375986603,-0.4242629202453546,-0.21354838487032612,-0.12229944335811622,0.13087653669840268,-0.4242629202453546,2.32638094826366,-0.18238511809380456,-0.7262801990900174,-0.35335902036952543,0.12852323480794273,0.42579452442479115,-0.2866303888329821,0,290.81
16133,-1.202057637408444,3.3225463638975117,1.5389099622182625,0.1574156804833798,1.2513422424507932,3.3225463638975117,-0.6233035759245816,0.1898482491378414,-0.023942456983374966,-0.4140706192016149,-0.21576464479236418,0.1569881108477725,0.5565034263261661,1,3969.77
14536,0.8581527099904724,-0.4242629202453546,-0.23696997371635983,-0.3742960532418684,-0.46481409167628596,-0.4242629202453546,-0.14732655417814702,-0.6114916513778199,0.9733069789691083,-0.8261751829853697,-0.20573723383741896,-0.8120072170524171,0.11886915097181977,0,0.0
17255,1.3797249498382993,-0.4242629202453546,-0.24762526692940667,-0.48893805232468707,-0.20951810808713367,-0.4242629202453546,0.8526828617025835,-0.4938334083805899,-0.7262801990900174,-0.15901564585098574,-0.5410188408508065,0.8273450534134257,-0.8343312353449795,0,183.22
15839,-0.5892102555872473,-0.4242629202453546,-0.21517497852240552,-0.13980022388487606,-0.43644787127749124,-0.4242629202453546,-0.04206240513807012,0.06331297757688166,-0.7262801990900174,3.935202834013332,-0.5410188408508065,-1.3226823162124386,-0.7360536770231854,0,749.31
17212,0.7668775680171027,-0.4242629202453546,-0.2274687631467424,-0.27207101338336515,-0.6633776344678488,-0.4242629202453546,-0.8841755974586852,-0.23775370303367752,-0.7262801990900174,-0.8261751829853697,-0.5410188408508065,1.316188928894444,2.0396571796550673,0,0.0
16933,0.5973665900665589,-0.4242629202453546,-0.2278290952828352,-0.2759478843046536,-0.45063098147688857,-0.4242629202453546,-0.04206240513807012,-0.3069644342085187,-0.3573382882028218,0.2900284658411132,0.8158235861716382,-0.14467253911032096,-0.7008666143024056,0,338.5
16033,-1.1107824954350742,2.130379773488418,0.730759766877091,-0.016628423007960632,4.485091367913389,2.130379773488418,1.257291934575379,-0.2816592606227174,0.7319105310081353,-0.4830527688147174,-0.36594528662892756,-0.04138118210020862,0.12706045078593525,1,2914.27
13168,0.07579435021873202,-0.08364389441418492,-0.10403631005618985,-0.10595684754054634,0.6131022834779125,-0.08364389441418492,0.782506762342532,-0.11778843566395292,0.1458905945271421,0.06318404680153383,0.6080433084400974,0.6910812058963829,-0.536579680109733,0,346.53000000000003
15241,-0.8630356815073564,0.4272846443325696,-0.03744285207450621,-0.2770207290879033,0.31525696929056823,0.4272846443325696,-0.296450765318256,0.15213341591792792,-0.6660918488124894,0.1841745666923288,-0.5410188408508065,-0.6233841721767245,0.7183031193473663,0,411.58
17654,1.0928602179219946,-0.4242629202453546,-0.2460462643141697,-0.47194931135356905,-0.4080816508786965,-0.4242629202453546,0.06320174390200677,-0.6045705782603358,-0.7262801990900174,-0.8261751829853697,-0.5410188408508065,0.08307059582332177,1.590689088621735,0,0.0
16813,-1.0455859654540958,0.4272846443325696,-0.09106775251662258,-0.3731805384956486,1.9321315320218662,0.4272846443325696,1.5719878801431084,-0.11663492347770543,-0.2855901226734101,0.1693737845142159,-0.4452465240359174,0.17933387559425965,0.19001369348225178,0,622.82
17085,-0.9151929054921392,0.25697513141698475,-0.00046801580769796196,-0.11547834499188692,0.9109475976652568,0.25697513141698475,0.8632092766065913,-0.20314833744625693,-0.3228789393841187,-0.692627508556829,0.5074338260381261,0.9920516942032226,-0.4272904187885136,0,0.0
15460,2.0968867796290613,-0.4242629202453546,-0.22960866012476536,-0.29509450626026235,0.03159476530262125,-0.4242629202453546,1.8526922775833137,-0.3761751653833599,0.7920874003256156,-0.3642255985178607,0.03144954400184343,-0.5577904243058226,0.3572371855178428,0,0.0
16652,-1.0977431894388785,0.25697513141698475,0.5032270197333435,0.9683886992638501,0.03159476530262125,0.25697513141698475,-0.2525907032182239,0.6910543093326912,0.4252955672638433,-0.7663936428101086,0.1556118667628411,0.39139120346099343,-0.4791534257889592,1,2248.1
13963,1.4970787038040603,0.08666561850139992,-0.15307547416255884,-0.3831013048862099,-0.22370121828653103,0.08666561850139992,-0.6341732434885027,-0.3484908729134234,1.5570520920747006,0.1264727888273557,-0.5410188408508065,-0.25501120082631057,0.46430461698160885,0,0.0
15230,0.5973665900665589,-0.25395340732976973,-0.1930077534331478,-0.294107001402953,-0.3938985406792992,-0.25395340732976973,-0.48943503855839693,-0.1391284111095288,-0.7262801990900174,3.032704095442092,0.08871431602393913,1.0168956850858448,-1.067450603885795,0,0.0
14152,0.5321700600855805,-0.4242629202453546,-0.21256936925528147,-0.11176605821348336,-0.3087998794829151,-0.4242629202453546,0.4316262655422759,0.5304854130070596,-0.3911652221457388,1.3288737648608178,-0.3344798559278138,-0.40884988468500616,-0.621332839992573,0,306.78000000000003
14157,1.1971746658915599,-0.4242629202453546,-0.22027401818409645,-0.1946616048465057,-0.20951810808713367,-0.4242629202453546,0.8526828617025835,-0.1027927772427372,-0.23423431532788927,1.5378904560930717,0.44697452023053513,0.5952161594616426,-0.926815139670983,0,155.71
13894,1.5231573157964517,-0.4242629202453546,-0.23868665040246245,-0.39276605149895033,-0.5782789732714647,-0.4242629202453546,-0.5683831503384545,-0.383096238500844,-0.7262801990900174,-0.8261751829853697,3.150605702812266,1.0791233282840476,-0.507090400541315,0,403.77
14684,0.2844232461578628,-0.25395340732976973,-0.18215699703306948,-0.2357344920597791,1.2655253526501906,-0.25395340732976973,3.2474422523643325,-0.27928014173858223,-0.08762694016847085,-0.22317705394243054,-0.03751801338844798,-0.2341585069408748,-0.34275990288727076,0,708.07
16729,-1.0325466594579003,2.130379773488418,0.5831833609884318,-0.11586580349492846,1.1946098016532039,2.130379773488418,0.2572825186946485,0.05141738315620583,1.4219558025837475,-0.4073776345851258,-0.30837093534890897,0.07168151194331972,-0.29865056786338456,1,2209.04
12968,-1.0586252714502915,-0.4242629202453546,-0.2429188533216659,-0.4383009976971029,-0.6491945242684515,-0.4242629202453546,-0.8315435229386468,-0.4938334083805899,0.8242458972504784,1.1302621656802905,-0.5410188408508065,-1.3226823162124386,1.6375620472982833,0,0.0
16117,-0.054598709743224706,-0.4242629202453546,-0.22655773472718693,-0.2622691133182206,-0.29461676928351777,-0.4242629202453546,0.48425834006231433,-0.2965828245322925,-0.5749846599964599,-0.29460878358443504,1.6090348781496762,0.5731919598490216,-0.8733721001435799,0,0.0
12386,1.8752185776937351,-0.25395340732976973,-0.19771586672077573,-0.3194346722802387,-0.5782789732714647,-0.25395340732976973,-0.8315435229386468,-0.13393760627141574,-0.7262801990900174,-0.2556574320628201,-0.5410188408508065,-1.3226823162124386,0.02698487980378676,0,0.0
13149,-1.1368611074274655,-0.08364389441418492,-0.07351685800108237,0.0034977031869005545,0.102510316299608,-0.08364389441418492,0.028113694221980887,0.2732521954739,-0.5290016200738074,-0.22046548015957487,0.21036623922441863,0.36632348860503056,-0.47038813149471465,0,543.4399999999999
13239,0.8842313219828637,-0.4242629202453546,-0.21001135102499985,-0.08424393209773247,-0.4222647610780939,-0.4242629202453546,0.010569669381968322,0.3851428775398932,-0.7262801990900174,-0.8261751829853697,-0.5410188408508065,-1.0233815557525143,3.581282861539094,0,0.0
13617,-1.0455859654540958,-0.25395340732976973,-0.2038687079125495,-0.3525343721270886,-0.3938985406792992,-0.25395340732976973,-0.35785485225830077,-0.4211621406470067,0.0785836797712414,-0.8261751829853697,0.3498380496234829,-0.00646698014083083,1.6062517945389971,0,178.48000000000002
12429,-0.27626691167855116,-0.08364389441418492,0.2175125303698152,1.0472415716909,0.15924275709719737,-0.08364389441418492,0.1333778432620578,0.45896765745972373,1.2654183375078498,0.22938740596072665,-0.057485835151259344,-0.4963738472418234,-0.7038158427719737,1,905.52
13473,1.8100220477127567,-0.4242629202453546,-0.2250195244292435,-0.24571926339479572,-0.54991275287267,-0.4242629202453546,-0.4631190012983777,-0.06126633853783248,2.0346793965332504,-0.5600659914624637,-0.5410188408508065,-0.42040722716856077,0.719088793036459,0,181.38
12843,-0.44577788962909487,0.5975941572481545,0.021612525607311004,-0.24480751949214766,0.24434141829358147,0.5975941572481545,-0.32777938110399313,-0.36084993205178784,-0.21454646807953132,-0.4174470124045773,-0.27458483034308817,0.3272733918996042,0.5233456930865916,1,9.95
17517,1.4970787038040603,-0.4242629202453546,-0.2398611292045386,-0.40540245624711235,-0.5640958630720674,-0.4242629202453546,-0.5157510758184162,-0.3934778481770702,-0.7262801990900174,0.30285328099147735,-0.5410188408508065,-0.45729715065922316,-1.067450603885795,0,0.0
14573,-0.18499176970518144,0.9382131830793241,0.012690905879239092,-0.35371897157526,1.081144920058025,0.9382131830793241,0.2327939840221306,-0.5411274080167313,-0.024927496730546648,-0.5312334657729013,-0.4435702810549752,0.23966529782499454,0.32003154059273864,1,0.0
17578,0.3105018581502541,-0.4242629202453546,-0.24164239372635596,-0.42456736532970835,-0.6491945242684515,-0.4242629202453546,-0.8315435229386468,-0.26889853206235603,-0.7262801990900174,-0.8261751829853697,-0.5410188408508065,-1.3226823162124386,2.868134172823109,0,0.0
13439,0.8059954860056897,-0.4242629202453546,-0.21780438330795082,-0.1680904093340898,0.045777875502018596,-0.4242629202453546,1.747428128543237,0.09099727004681814,-0.41174727350542656,-0.48404216358571095,0.048892903181131,0.5769166140807594,-0.7868178714288344,0,0.0
16003,-0.7717605395339867,-0.08364389441418492,0.03887957358168378,0.4065947476569722,0.07414409590081329,-0.08364389441418492,-0.077150454818096,-0.06011282635158519,-0.239413650718164,-0.15130092911075013,-0.48776764632218367,-0.6810012600148685,1.2523799549184684,1,941.47
14584,-0.32842413566333384,0.08666561850139992,-0.09043887095834735,-0.21462200395304531,0.24434141829358147,0.08666561850139992,0.19478193020210288,-0.4168364699485791,-0.7262801990900174,-0.6064414083209606,-0.30318535436549404,0.9668852110728177,0.1127439097497481,0,0.0
14195,0.10187296221112337,-0.25395340732976973,-0.09401839680085439,0.2384141364645986,-0.6208283038696568,-0.25395340732976973,-0.9104916347187044,0.5685513151532223,0.9734028305814463,-0.8261751829853697,-0.5410188408508065,-0.7580404377987475,0.02270691566502176,0,0.0
12915,-0.5892102555872473,-0.25395340732976973,-0.2042171422894317,-0.3544088026432776,-0.45063098147688857,-0.25395340732976973,-0.5157510758184162,-0.5855376271872544,-0.1572455071805722,-0.11578161385414283,-0.5410188408508065,-0.04363073280300596,0.11153221417423022,0,0.0
12418,-1.0586252714502915,-0.4242629202453546,-0.15238880348811779,0.5357262470226568,-0.23788432848592836,-0.4242629202453546,0.6947866381424681,0.661985802239258,-0.05787353372360018,-0.05178877015780221,-0.5410188408508065,-0.5038746188160038,-0.21596543101273113,0,0.0
12517,-0.8760749875035521,-0.25395340732976973,-0.0074282049459061,0.7042329786463022,1.733567989230303,-0.25395340732976973,3.6948148857846594,0.6965911678266785,-0.3065717895281761,0.09739916628687735,0.08790622246978094,0.11873325440888076,0.08883728970384415,0,960.15
16625,1.0537422999334074,-0.4242629202453546,-0.20941306370469479,-0.07780686339823463,-0.3938985406792992,-0.4242629202453546,0.11583381842204521,-0.1789245815350625,-0.012410685112687376,-0.8261751829853697,-0.1349101519571617,0.4328698640240865,0.02201510176523624,0,0.0
14241,-0.13283454572039874,-0.4242629202453546,-0.22970384219845025,-0.2961185853715461,-0.5782789732714647,-0.4242629202453546,-0.5683831503384545,-0.24121423959241958,-0.7262801990900174,-0.19313007481267,0.5318195441550649,-0.04938512398778996,-0.35886372026683294,0,0.0
16411,2.2924763695719967,-0.4242629202453546,-0.24417661643821637,-0.4518334716676382,-0.45063098147688857,-0.4242629202453546,-0.04206240513807012,-0.5076755546155581,-0.7262801990900174,-0.6507807325555685,-0.5410188408508065,-0.5509635986864875,1.395953295976502,0,83.15
16365,-0.9151929054921392,0.5975941572481545,-0.11941841303562419,-0.46157528545839616,-0.23788432848592836,0.5975941572481545,-0.82402465515007,-0.5857848083700218,-0.28109789888740944,-0.28876312854244757,-0.4112214742471388,-0.5507899021590211,0.7581615257289881,0,677.8599999999999
14353,0.2844232461578628,-0.4242629202453546,-0.2506269016102554,-0.5212331185840997,-0.6350114140690541,-0.4242629202453546,-0.7789114484186084,-0.5249782374092684,-0.7262801990900174,0.8441572177123127,-0.5410188408508065,1.6431268985080623,-1.067450603885795,0,0.0
17053,-0.8239177635187694,-0.4242629202453546,-0.1813003583699054,0.2246622169702168,-0.5357296426732727,-0.4242629202453546,-0.41048692677833926,-0.324267117002229,-0.7262801990900174,-0.2787983773482936,0.0016977459598793276,-0.5755273327468132,3.2924224705130243,0,0.0
16431,0.25834463416547143,-0.08364389441418492,-0.1600883533772711,-0.30698113880194877,0.003228544903826554,-0.08364389441418492,0.23864199230213468,-0.23660019084743014,-0.7262801990900174,0.9445449076870724,-0.34974350280788463,0.08115411498512315,0.12232278591753552,0,0.0
15587,-0.6674460915644214,-0.25395340732976973,-0.18837782542033243,-0.2691999344463732,-0.6775607446672461,-0.25395340732976973,-0.9631237092387429,-0.47653072558687964,6.300187227492996,-0.8261751829853697,-0.5410188408508065,-1.3226823162124386,-1.067450603885795,0,456.84
15421,0.2844232461578628,-0.08364389441418492,-0.14035846924630163,-0.23622214877943806,-0.22370121828653103,-0.08364389441418492,-0.37539887709831365,-0.30927145858101346,0.3033230807682429,0.014252805950391096,-0.15444432363081376,-0.263687864642341,0.3995096443276791,0,211.0
14282,-1.0977431894388785,0.9382131830793241,0.15337680950506655,-0.18553429657688944,0.102510316299608,0.9382131830793241,-0.5566871337784461,-0.0589593141653379,-0.6688733958285052,-0.7610052241143886,-0.4514510921568738,-0.8820488614874686,-0.2621575538214884,1,1233.9
15826,0.2192267161768844,-0.4242629202453546,-0.14364904950797952,0.6297586539908899,-0.3229829896823125,-0.4242629202453546,0.3789941910222374,0.9422892634973646,-0.7262801990900174,-0.17651711138068074,0.13828653063291088,0.7047100324403369,0.5399379697394858,0,934.31
17764,0.2322660221730801,-0.4242629202453546,-0.2268194854298204,-0.26508533087425096,-0.4789972018756833,-0.4242629202453546,-0.19995862869818545,-0.35541194603090753,1.0684892151132648,0.7244993355450225,-0.5410188408508065,-0.8876963788146941,0.16861690718852076,0,541.88
13236,-1.1368611074274655,-0.4242629202453546,-0.191370961701745,0.11631098957099828,-0.4222647610780939,-0.4242629202453546,0.010569669381968322,-0.16508243530009425,0.0914986749552971,-0.8261751829853697,0.33589335920672125,0.9696020112974911,0.40184566719994874,0,305.62
16401,-0.8108784575225737,0.5975941572481545,0.15131679748174343,-0.045449098417722926,0.017411655103223903,0.5975941572481545,-0.29018504216110846,0.4004681108714652,-0.5045050137611603,-0.8029854153622678,-0.5410188408508065,0.957942706535452,-0.19590110844434305,1,1642.9
14852,-0.6935247035568127,0.08666561850139992,0.011737385462502904,0.060210655755985165,0.045777875502018596,0.08666561850139992,-0.055220423768079736,0.1299283063326663,0.4156965043327057,0.1742136468485313,0.3769543692937625,0.3387568633103127,-0.25778341286821,1,1202.48
17516,-0.9673501294769218,0.08666561850139992,-0.16308488901845813,-0.41002452759312963,0.6272853936773098,0.08666561850139992,0.3789941910222374,-0.4237575430660632,0.28142880887332844,0.32826210879928547,-0.30884479330332926,0.07540638402954383,-0.31391609331923753,0,159.23
13394,-1.0195073534617045,0.25697513141698475,-0.0036889091939994122,-0.12240916612003949,0.3578062998887603,0.25697513141698475,-0.09469447965810857,0.27440570766014727,-0.6457019662671083,0.5298577404175355,-0.0787593367079133,0.7240741213768782,-0.11120764059148479,0,976.57
14970,-0.7326426215453997,-0.08364389441418492,-0.07570434601594776,-0.00434747429061252,-0.5782789732714647,-0.08364389441418492,-0.7964554732586211,-0.556123066437947,6.300187227492996,-0.8261751829853697,-0.5410188408508065,-1.3226823162124386,-1.067450603885795,0,472.31
16980,0.8059954860056897,-0.25395340732976973,-0.09122072370647329,0.25346444197507234,0.2868907488917735,-0.25395340732976973,1.036895122522718,0.5322156812864307,-0.14521622515725863,-0.18594847201781228,1.1918221467301728,-0.19896005659008445,-0.5159631064206974,0,0.0
12435,0.9624671579600378,-0.4242629202453546,0.4102749260604921,6.589515051995601,-0.45063098147688857,-0.4242629202453546,-0.09469447965810857,2.29535905796551,-0.7262801990900174,-0.8261751829853697,0.8303141849781005,0.4283180465673429,0.7422549654619285,1,3850.9
17775,0.7929561800094941,-0.4242629202453546,-0.25643980682458306,-0.5837750928803576,-0.6775607446672461,-0.4242629202453546,-0.9368076719787237,-0.497293944939332,-0.7262801990900174,-0.8261751829853697,-0.5410188408508065,4.34614289167105,-1.067450603885795,0,0.0
13515,-0.9934287414693131,-0.08364389441418492,-0.17696957401724256,-0.36752372054760496,-0.29461676928351777,-0.08364389441418492,-0.4806630261383905,-0.20084131307376224,0.1668466247332294,1.2306003251643602,0.23346784952648567,0.24566813446087712,-0.7727153537656124,0,367.16
12492,-1.1499004134236612,-0.4242629202453546,-0.24454374729385808,-0.45578349109687555,-0.592462083470862,-0.4242629202453546,-0.621015224858493,-0.5076755546155581,-0.7262801990900174,2.2724020116944303,-0.5410188408508065,-0.030949062101793507,1.1361562527294067,0,136.82
13508,0.6495238140513416,-0.4242629202453546,-0.24716465367996723,-0.4839822409111531,-0.54991275287267,-0.4242629202453546,-0.4631190012983777,-0.6633996997589509,2.2370312865735404,-0.07543990418811988,0.21514224784457311,-1.3226823162124386,-1.067450603885795,0,0.0
15680,2.2533584515834097,-0.4242629202453546,-0.1846300312689896,0.1888377352022726,-0.29461676928351777,-0.4242629202453546,0.48425834006231433,0.39898502377486145,-0.06602203083376755,-0.21906061673124097,0.30635747999549684,1.171818583905099,-0.6947863205602713,0,854.79
12814,-1.202057637408444,-0.4242629202453546,-0.2446236322485579,-0.45664298606527437,-0.6917438548666435,-0.4242629202453546,-0.9894397464987621,-0.5768862857903994,-0.7262801990900174,1.60172702048533,4.673534622269921,-1.3226823162124386,-1.067450603885795,0,0.0
15365,1.58835384577743,-0.4242629202453546,-0.23056897926105044,-0.3054267330080359,-0.54991275287267,-0.4242629202453546,-0.4631190012983777,-0.4523069696756852,0.7894239099950479,-0.4524684163271909,0.10740013281630095,-0.17212357357408556,-0.20331236786681592,0,2105.71
12956,1.471000091811669,-0.4242629202453546,-0.24765756084726404,-0.48928550773744406,-0.45063098147688857,-0.4242629202453546,-0.09469447965810857,-0.6287943341715302,-0.5604849558422458,-0.6175422913156098,-0.06722738738929832,0.9522963944927241,-0.9284451156097399,0,0.0
13931,1.1319781359105816,-0.4242629202453546,-0.20174240837362437,0.004722940695043542,-0.43644787127749124,-0.4242629202453546,-0.04206240513807012,-0.016279363274185707,-0.7262801990900174,0.6621768210735451,-0.5410188408508065,0.3704259979054293,-0.38427470258893826,0,859.32
15769,-1.202057637408444,2.6413083122351724,6.849466287475576,3.3423863730012413,-0.45063098147688857,2.6413083122351724,-0.8564745056060334,3.2859831812811975,-0.6851926123674923,-0.8261751829853697,-0.5410188408508065,-0.8102855538933923,0.9010983479302855,1,14389.0
15866,-1.202057637408444,-0.4242629202453546,-0.23001148425803894,-0.29942855535623114,-0.11023633669135223,-0.4242629202453546,1.1684753088228141,-0.31734604388474486,0.6084468475849851,0.5221503197912265,-0.4346219036847498,0.10863652196664815,-0.3627364040988622,0,0.0
18168,-0.23714899368996412,0.4272846443325696,-0.06885633575029684,-0.3333511759175054,0.6556516140761046,0.4272846443325696,0.045657719061994013,-0.4050129700395437,0.0026300885854072184,0.437517733625817,-0.5410188408508065,-0.21700631233695358,1.0487073435621528,0,0.0
13678,-0.5500923375986603,-0.4242629202453546,-0.22649144721158496,-0.2615559153657194,-0.4931803120750806,-0.4242629202453546,-0.2525907032182239,2.4510832031089027,2.3308070905497114,0.0058182605951643054,-0.5410188408508065,-1.0945645004523807,0.13846864486386323,0,0.0
16174,-0.8760749875035521,-0.08364389441418492,-0.09443481837322582,-0.07152218742363006,-0.45063098147688857,-0.08364389441418492,-0.6911913242185442,0.00448385607826665,-0.37132022805764336,1.2906024939722875,-0.5410188408508065,-0.931864392911274,-0.6871122562101888,0,0.0
17550,0.04971573822634068,-0.08364389441418492,-0.22061735352131698,-0.5240615275581215,-0.12441944689074957,-0.08364389441418492,-0.35785485225830077,-0.647250529151488,1.3501519139835296,0.019204805913927123,-0.057875735973392975,0.19595003941048889,-0.45567161180701504,0,0.0
12412,-0.7326426215453997,-0.25395340732976973,-0.11462871511340915,0.12753928554114513,-0.23788432848592836,-0.25395340732976973,0.089517781162026,0.28997812217448654,-0.5691442995710405,0.019180274466319668,-0.4555661084319744,-0.6918652937306693,1.624876744786597,0,336.14
16203,-0.602249561583443,-0.08364389441418492,-0.2017271112546393,-0.45631381777950464,-0.45063098147688857,-0.08364389441418492,-0.6736472993785315,-0.5641976517416785,2.3383963152800518,-0.4625097046415591,-0.5410188408508065,-1.3226823162124386,-0.4241473141382637,0,214.6
12681,-0.5500923375986603,1.960070260572833,1.4109767567863236,0.5159615201748804,2.385991058402581,1.960070260572833,0.5684696592943759,0.5037239302861211,0.21308603761090525,0.48978128711166113,-0.1356799616439625,-0.7055946296710861,0.20721891940307474,1,3920.96
14934,1.1580567479029729,-0.4242629202453546,-0.1251497336153648,0.8287957441196824,-0.16696877748894162,-0.4242629202453546,0.9579470107426603,0.8419337032938451,-0.029432046895235087,0.72578054040791,-0.5410188408508065,0.4556479312439894,-0.1887741105211962,0,1062.1
16080,1.0537422999334074,-0.4242629202453546,-0.24388597117749997,-0.44870637295282534,-0.6491945242684515,-0.4242629202453546,-0.8315435229386468,-0.5180571642917843,-0.7262801990900174,-0.8261751829853697,1.8385838077598229,1.0665277552815238,-1.067450603885795,0,86.9
12451,0.3105018581502541,-0.25395340732976973,0.6361334885153177,4.166324429174395,1.5775537770369321,-0.25395340732976973,4.036923370164909,6.356298709649317,-0.39361042801633594,0.7309662455702763,-0.4105731965213498,-0.5864469772117789,-0.06800770504913478,1,3727.7
15661,1.6144324577698215,-0.25395340732976973,-0.21336991848216694,-0.4036468920563402,-0.6633776344678488,-0.25395340732976973,-0.9631237092387429,-0.33810926323719726,-0.7262801990900174,-0.8261751829853697,-0.5410188408508065,4.34614289167105,-1.067450603885795,0,0.0
17045,-1.0455859654540958,-0.08364389441418492,-0.2083320672964163,-0.4800017429369372,-0.43644787127749124,-0.08364389441418492,-0.7087353490585572,-0.6241802854265408,-0.7262801990900174,-0.6640556325994831,0.48562402849619857,0.14512656759877923,0.12481131220759073,0,0.0
16315,1.7839434357203654,-0.4242629202453546,-0.22755034778132946,-0.27294879547875117,-0.5215465324738753,-0.4242629202453546,-0.35785485225830077,-0.4869123352631058,-0.7262801990900174,-0.3703683718217982,-0.5410188408508065,1.4069282667239054,0.3526921479146031,0,0.0
12574,1.58835384577743,-0.4242629202453546,-0.22889649425201583,-0.28743220005262143,-0.5640958630720674,-0.4242629202453546,-0.5157510758184162,-0.5353598470854947,1.165028039331045,0.9529430937019041,-0.5410188408508065,-0.34954912648650244,0.8938066876004415,0,0.0
13742,-0.4066599716405079,1.108522695994909,0.18142662668402842,-0.2054930701610301,1.5917368872363296,1.108522695994909,0.2632036270781529,-0.4128568529060257,0.6215912916678433,-0.1843804469136285,-0.07660694488522601,-0.5724146770116708,0.1724900757371569,1,475.3
16214,-0.3023455236709425,-0.08364389441418492,-0.08539252137316054,-0.039093015566311284,-0.20951810808713367,-0.08364389441418492,-0.32276680257827517,-0.26197745894487195,-0.6211559157847532,-0.40761512356801044,-0.3986379690578187,-0.4224446024185118,1.8167223521201785,0,0.0
16124,1.6144324577698215,-0.4242629202453546,-0.22370397219652724,-0.23156502710669524,-0.5640958630720674,-0.4242629202453546,-0.5157510758184162,-0.5803468223491414,-0.7262801990900174,0.20210477915765393,0.3981412962305987,-1.3226823162124386,-0.4520783315824563,0,0.0
13672,1.4058035618306906,-0.25395340732976973,-0.23434566797047626,-0.5164876091309187,-0.6633776344678488,-0.25395340732976973,-0.9368076719787237,-0.6478272852446115,-0.7262801990900174,-0.8261751829853697,5.2745698778388705,-1.3226823162124386,-1.067450603885795,0,0.0
13268,-0.31538482966713816,0.4272846443325696,0.09393390480896081,-0.04143681567517207,2.2016106258104156,0.4272846443325696,1.4842677559430448,0.6896700947091944,-0.5549158922905352,1.030440821488912,0.11981164802586228,0.5932205885782108,-0.46298547867488604,1,1056.94
14143,-0.7847998455301823,-0.4242629202453546,-0.246343708294435,-0.4751495585763308,-0.6208283038696568,-0.4242629202453546,-0.7262793738985699,-0.6426364804064985,2.368277993964677,-0.8261751829853697,-0.5410188408508065,-1.3226823162124386,-0.040017105660348176,0,0.0
16858,2.279437063575801,-0.4242629202453546,-0.2021707277052064,0.00011458469426678976,-0.592462083470862,-0.4242629202453546,-0.5683831503384545,-0.43154375032323283,-0.28021762589401844,-0.8261751829853697,0.6550750217393061,-1.3226823162124386,3.6195429988151018,0,0.0
12619,-1.0064680474655088,0.25697513141698475,0.08877537635121682,0.07655843292620146,-0.3229829896823125,0.25697513141698475,-0.6841737142825391,0.468887862261451,-0.592311929720543,0.38867894121305707,-0.12454378771213022,-0.5028254900888122,0.8567965356397463,1,1553.78
12747,-1.0977431894388785,0.7679036701637393,0.20468334658100076,-0.05385987060848324,-0.23788432848592836,0.7679036701637393,-0.6341732434885027,-0.37357976296430334,0.5037448635255107,-0.5261831168192873,0.14030403864203025,-0.8742568311647624,-1.0305647090340753,1,1426.61
14676,-0.602249561583443,0.08666561850139992,0.02137627010298601,0.08613723004210198,-0.45063098147688857,0.08666561850139992,-0.7262793738985699,0.8315520936176188,-0.014208984473557179,-0.5061559281028065,-0.5410188408508065,-0.49796500188690135,0.07454872362782326,1,857.32
15917,0.7016810380361244,-0.4242629202453546,-0.2451029419767569,-0.46179995587566763,-0.54991275287267,-0.4242629202453546,-0.4631190012983777,-0.6011100417015938,2.4558933105119567,-0.8261751829853697,-0.5410188408508065,-1.0947319930684645,0.8582379322793873,0,0.0
13108,2.3315942875605837,-0.4242629202453546,-0.2065270072561777,-0.046755321773952224,-0.5782789732714647,-0.4242629202453546,-0.5683831503384545,0.28478731733637347,-0.7262801990900174,1.93576297410344,-0.5410188408508065,-1.3226823162124386,-1.067450603885795,0,0.0
16769,0.8711920159866681,-0.4242629202453546,-0.20457577474563732,-0.025761699992635247,-0.2520674386853257,-0.4242629202453546,0.9053149362226219,-0.4696096524693955,1.0821304720488585,-0.8261751829853697,0.0825483167559833,0.19338425830284162,-0.5995871356427119,0,0.0
14719,-0.18499176970518144,-0.25395340732976973,-0.183061226733076,-0.24059886783837692,0.2727076386923762,-0.25395340732976973,0.9316309734826411,-0.057805801979090424,-0.17365771997315735,2.3497590536194,-0.221628972057245,-0.5823159984984088,-0.29928460981648386,0,1093.72
16148,1.3406070318497123,-0.4242629202453546,-0.2530540444892203,-0.5473471359218354,-0.7059269650660409,-0.4242629202453546,-1.0420718210188007,-0.497293944939332,-0.7262801990900174,-0.8261751829853697,-0.5410188408508065,-1.3226823162124386,4.941478643311516,0,0.0
14672,0.5321700600855805,-0.25395340732976973,-0.13590700762164545,0.013071014164704846,0.102510316299608,-0.25395340732976973,0.5105743773223336,0.03908922166568724,0.3673173371615217,-0.5629045110237946,1.9107096437805222,-0.12530913860841542,-0.8402172400214335,0,0.0
18112,-0.3545027476557252,-0.4242629202453546,-0.23260349608606518,-0.32731642401172617,-0.54991275287267,-0.4242629202453546,-0.4631190012983777,-0.36579355570713373,-0.4064730211612245,-0.8261751829853697,-0.5410188408508065,-1.3226823162124386,4.183945303004248,0,156.05
16156,-0.5500923375986603,0.25697513141698475,-0.02549240278738986,-0.16932661911842517,0.15924275709719737,0.25697513141698475,-0.38943409697032383,-0.29381439528529885,-0.7262801990900174,0.28206694708740315,-0.15144920832475117,0.6080518443108643,-0.04087512242781244,0,1676.87
13089,-1.0586252714502915,10.98647444509883,6.237749796381499,0.3421319975276018,6.300529473436249,10.98647444509883,-0.1032084917128206,0.3342017437854696,-0.16118744576147997,-0.16135683007449347,0.373210358245696,0.08649475584386548,-0.20843652565460552,1,19815.18
16114,-0.3023455236709425,-0.4242629202453546,-0.24295284691941052,-0.43866674023684704,-0.6066451936702594,-0.4242629202453546,-0.6736472993785315,-0.5976495051428518,-0.7262801990900174,0.17037538509202235,-0.5410188408508065,0.03658295462813234,2.717178866724666,0,0.0
13334,-0.04155940374702904,-0.25395340732976973,0.19434759318675326,1.789701975226119,1.7761173198284952,-0.25395340732976973,4.510612040845255,1.5772977220265325,0.08412980170911878,-0.261876279651007,-0.05880266501645226,-0.015578584997469292,0.8673891625399593,1,793.73
17061,-1.0847038834426828,1.108522695994909,0.5258259635139577,0.1650516691300087,-0.03932078569436549,1.108522695994909,-0.6789105068305353,-0.25920902969787823,-0.16884789079263823,-0.7174888509996933,-0.3941732938741513,0.6600187557274589,0.13321828427195642,1,573.4
17763,0.9103099339752551,-0.4242629202453546,-0.2634764815577166,-0.6594837986074064,-0.7059269650660409,-0.4242629202453546,-1.0420718210188007,-0.7049261384638555,6.300187227492996,-0.8261751829853697,-0.5410188408508065,-1.3226823162124386,-1.067450603885795,0,0.0
16717,-0.4066599716405079,-0.08364389441418492,-0.07291517132100281,0.0056555841713913325,0.14505964689780004,-0.08364389441418492,0.028113694221980887,-0.15124028906512602,0.6132607498941751,-0.40882730776527926,0.2743467042543132,-0.13219709001102348,-0.33495104331613296,0,2706.92
15611,-1.1759790254160525,0.7679036701637393,-0.1050425205494302,-0.47040862090489666,-0.4789972018756833,0.7679036701637393,-0.9368076719787237,-0.6352828402191716,-0.7262801990900174,-0.27421489016872014,1.5387684305435865,-1.2472687579007509,0.2388383628962293,0,644.3100000000001
13681,-0.4979351136138776,-0.4242629202453546,-0.23144431440297408,-0.314844603406449,-0.5357296426732727,-0.4242629202453546,-0.41048692677833926,-0.41424106752952256,0.08874305495185356,-0.8261751829853697,0.12381297914671326,2.855241304755463,-1.067450603885795,0,624.37
13008,1.6926682937469957,-0.4242629202453546,-0.22702344701628804,-0.26727978611271613,-0.5215465324738753,-0.4242629202453546,-0.35785485225830077,-0.14085867938889984,-0.7262801990900174,-0.8261751829853697,-0.5410188408508065,1.8307823536194674,-0.6668029484967735,0,0.0
12726,-0.11979523972420307,0.25697513141698475,-0.016628572175483802,-0.15025314567076525,-0.15278566728954426,0.25697513141698475,-0.38943409697032383,0.5976198222466556,-0.7262801990900174,1.0115038161193166,-0.025401008687412793,-0.4480114693182223,-0.7455700060409429,0,1141.78
17514,-0.8499963755111608,-0.4242629202453546,-0.23056218054150154,-0.3053535845000871,-0.15278566728954426,-0.4242629202453546,1.0105790852626988,-0.27928014173858223,-0.4400354201494208,-0.5459488400933398,0.5870871319222978,0.9785374063264132,-0.06754634573726609,0,0.0
15854,-0.6935247035568127,0.9382131830793241,0.1408246735378707,-0.20053990022139426,0.2727076386923762,0.9382131830793241,-0.5274470923784246,-0.4603815549794167,-0.6220730571277346,-0.7994178991164955,0.5655494573657076,-1.0481326016086543,-0.6121788651595172,1,575.4300000000001
12782,-0.5761709495910516,0.08666561850139992,0.08728135773034139,0.2634080672743677,0.31525696929056823,0.08666561850139992,0.07635976253201637,0.08234592864996299,-0.5201512879723167,1.4829102869248028,-0.3082977558936744,-0.5008585171506879,0.41018859521621587,1,252.25
13700,-0.22410968769376846,0.4272846443325696,-0.05708265317145247,-0.31223868781077163,0.49963740188273376,0.4272846443325696,-0.10346649207811523,0.13944478186920697,-0.4596961472431838,0.4404831473742576,-0.45746711494900977,1.096221184772084,-0.41562908196393544,0,1019.32
16186,-1.1759790254160525,0.9382131830793241,0.1922977792427535,-0.1390057498124317,0.23015830809418414,0.9382131830793241,-0.21165464525819397,0.11560553002009502,-0.06228446025459503,0.9916085484910336,0.36804109850368577,-0.26255126785344185,-0.8378146795965484,1,1310.41
13093,1.0667816059296031,0.7679036701637393,1.0652431712449186,1.1035026798306757,0.6556516140761046,0.7679036701637393,-0.048641414453074926,0.9669455864784019,0.7313013486674007,-0.0827803420823017,0.2024688835891431,-0.5016783975488861,-0.05472445976327919,1,0.0
13517,-1.1368611074274655,-0.25395340732976973,0.00799299067093453,0.7871925302237799,0.6840178344748993,-0.25395340732976973,1.747428128543237,0.9509406048942198,0.4358340031852209,0.18129396399144973,-0.37321291087190184,-0.2655925853846075,1.0110638820847864,0,516.24
12748,-1.202057637408444,21.034735707118337,2.0011854985873883,-0.4948413385065346,15.434452441848142,21.034735707118337,-0.30107851990203877,-0.5142696479007202,-0.09966324686025974,-0.10336979388310896,-0.016128310815858308,0.28906587167608194,-0.2851980718270558,1,19714.14
16249,-1.0586252714502915,0.08666561850139992,-0.021141222276080274,-0.028225890354161825,-0.03932078569436549,0.08666561850139992,-0.4499609826683681,-0.08722036272839792,0.6042311547835202,0.35998421797880953,-0.40629122304819276,0.42364178844479844,-0.7406811635740804,0,359.3
15117,-0.9543108234807262,-0.25395340732976973,-0.15117353236874811,-0.06905647313485465,-0.28043365908412043,-0.25395340732976973,-0.17364259143816624,1.130888505948807,-0.7262801990900174,-0.351122250994661,-0.4233997792972352,-0.5286457839788956,-0.3341750267708376,0,876.0500000000001
16145,-0.9151929054921392,0.5975941572481545,0.12189193927401226,-0.09067577590380543,0.5989191732785152,0.5975941572481545,-0.10221334744668546,0.19926262809889111,-0.2555502908726304,0.25774082556271477,-0.17637177725750644,0.11776013342515097,-0.24142358639655875,1,1517.19
16041,-0.680485397560617,-0.25395340732976973,0.19965229411479907,1.8182390368896602,-0.6491945242684515,-0.25395340732976973,-0.9631237092387429,1.0599475064945947,1.0048189734567137,2.668676876230439,-0.5410188408508065,-1.3226823162124386,-1.067450603885795,1,426.6
18196,1.2623711958725383,-0.4242629202453546,-0.189407831431994,0.1374326212412256,0.38617252028755494,-0.4242629202453546,3.0105979170241595,0.08753673348807607,-0.1417544248833916,-0.7761575322405477,0.2803660565367083,1.1714347774464022,-0.16233880681250581,0,235.85
17428,-1.0847038834426828,2.811617825150757,1.5460180235066596,0.2878890441721455,2.1874275156110183,2.811617825150757,-0.43153975658635463,0.41957521629937666,-0.4945622961515702,-0.2831807987182848,-0.01966863532292744,-0.11236299145931124,0.11360599555639461,1,6595.76
17759,-0.31538482966713816,-0.25395340732976973,-0.23761585207350733,-0.5340798252926147,-0.46481409167628596,-0.25395340732976973,-0.621015224858493,-0.613221919657191,1.1233432933996779,-0.8261751829853697,0.830596850897652,-0.4358155547038943,0.06495305322886394,0,652.8100000000001
13110,-0.7326426215453997,0.25697513141698475,-0.08887856482186991,-0.3057229844652287,0.40035563048695233,0.25697513141698475,4.3254477960670414e-05,-0.5568151737496955,0.7432077355241783,-0.31453234520769635,0.8649807907575884,-0.2982318749466505,-0.5595189694464311,0,446.43
14924,0.675602426043733,-0.4242629202453546,-0.21332742648498618,-0.11992211684977892,-0.5782789732714647,-0.4242629202453546,-0.5683831503384545,-0.5249782374092684,-0.14272420413916273,-0.43668970981295596,-0.5410188408508065,0.16011634322749307,-1.067450603885795,0,0.0
13593,-1.1107824954350742,0.25697513141698475,0.07592919576353013,0.04891561177233492,0.3719894100881576,0.25697513141698475,0.2421507972701374,-0.24882742002165206,1.1858571630062302,-0.6761165674651767,0.24785975525560067,0.07601185699538877,-0.6183967277519724,1,0.0
17071,-0.7717605395339867,0.4272846443325696,-0.027659494643608507,-0.2594772785981732,0.20179208769538942,0.4272846443325696,-0.32276680257827517,-0.38771028724583334,0.6693234729017524,-0.5089915267726813,-0.17482692912558126,0.8381020444827862,-0.7723214367697028,0,1026.61
17527,-1.0977431894388785,-0.25395340732976973,-0.1629200200693968,-0.1322476404391584,-0.3655323202805045,-0.25395340732976973,-0.43680296403835844,-0.39001731161832814,0.6567276323926431,0.5383377140271588,-0.2265733093605363,-0.3044580660212398,-0.5236336910389842,0,332.75
15983,2.1751226156062358,-0.08364389441418492,-0.07253954206592494,0.007002735859449045,0.08832720610021064,-0.08364389441418492,0.30881809166218627,0.05408488008690277,-0.4614845240455144,-0.5841348510003798,0.9291873390318416,1.9046095491082675,-0.86185155069717,0,326.75
15706,-1.0064680474655088,-0.4242629202453546,-0.1895319080637618,0.13609766097115936,-0.3087998794829151,-0.4242629202453546,0.4316262655422759,-0.19276672777003073,-0.4686716832837299,-0.1689471005866436,-0.24045960943941827,0.4407562552878133,-0.7283176122652826,0,610.51
17288,0.1801087981882974,0.25697513141698475,-0.15321824727308617,-0.44417116545999724,-0.5357296426732727,0.25697513141698475,-0.8210171080346391,-0.2882775367913116,-0.40867582543099956,-0.6534381902960733,-0.5410188408508065,-0.5539701439817414,-0.1168139141830415,0,753.93
14406,-0.9673501294769218,-0.4242629202453546,-0.23938351915622688,-0.40026377356370635,-0.6066451936702594,-0.4242629202453546,-0.6736472993785315,-0.47999126214562166,0.7529761012432479,-0.8261751829853697,-0.5410188408508065,-0.21604084022370068,-0.310344685977362,0,0.0
12473,-1.0325466594579003,-0.25395340732976973,-0.06618613864745801,0.3881399886723795,0.13087653669840268,-0.25395340732976973,0.5895224891023912,0.7294662651347281,-0.465241630352492,2.2387099351512805,-0.3759229361929528,-0.5073261342816057,-0.4909613680075417,0,2752.3
17123,-0.41969927763670356,-0.4242629202453546,-0.20733605488249934,-0.05545999421986421,-0.592462083470862,-0.4242629202453546,-0.621015224858493,0.10483941628178638,0.9341882110147434,-0.8261751829853697,0.6341912555583629,2.134759296241262,-1.067450603885795,0,0.0
14907,-0.602249561583443,0.08666561850139992,0.06232155858636422,0.1962714523225734,0.49963740188273376,0.08666561850139992,0.11583381842204521,0.06071757515782512,-0.2407104247586451,-0.17633788684786392,-0.456519725629131,1.024846686517998,0.06726038853460582,1,1569.28
15694,-0.22410968769376846,0.9382131830793241,0.2958507763722603,-0.015212059624013794,-0.3938985406792992,0.9382131830793241,-0.8607835643386681,-0.4623040752898289,1.6166266231951685,-0.7914948527613722,-0.47027884177849416,-0.7970892863628151,-0.919562213384318,1,3173.62
15261,-0.7587212335377911,-0.4242629202453546,-0.22271475850215922,-0.2209219192001391,-0.45063098147688857,-0.4242629202453546,-0.09469447965810857,0.1878922936915958,-0.7262801990900174,1.0526403871895524,-0.5410188408508065,-0.2361686078966487,1.3731905431392488,0,0.0
15882,0.06275504422253635,0.08666561850139992,-0.17826133073153758,-0.45084596681032885,-0.3938985406792992,0.08666561850139992,-0.792069467048618,-0.5076755546155581,-0.3833663809207328,-0.5923073950910579,0.6068777853172123,1.2265105207047233,-0.4809411258883817,0,0.0
13155,1.7317862117355827,-0.25395340732976973,-0.16928022220741262,-0.16646285503222805,0.05996098570141595,-0.25395340732976973,0.563206451842372,-0.29312228797355044,0.5235965172513912,0.1579395718388976,-0.42689625450482915,-0.4353099936150761,-1.0517209753223309,0,402.56
13227,0.10187296221112337,-0.4242629202453546,-0.22222525069463686,-0.21565522662782266,-0.592462083470862,-0.4242629202453546,-0.621015224858493,-0.40385945785329636,1.114179836976546,-0.8261751829853697,-0.5410188408508065,-1.3226823162124386,0.6044167885241666,0,0.0
13035,0.8711920159866681,-0.4242629202453546,-0.2094266611437926,-0.07795316041413228,-0.54991275287267,-0.4242629202453546,-0.4631190012983777,-0.012818826715443647,-0.7262801990900174,4.702976184249033,-0.5410188408508065,-0.9856170335815287,-1.067450603885795,0,588.88
13002,1.627471763766017,-0.4242629202453546,-0.24546837315251138,-0.4657316881779177,-0.6208283038696568,-0.4242629202453546,-0.7262793738985699,-0.4938334083805899,0.16255776392544416,-0.8261751829853697,-0.5410188408508065,2.9260072670421153,-0.32223407880965066,0,0.0
17142,0.5843272840703633,-0.4242629202453546,-0.1676145359179269,0.3719101634712307,-0.507363422274478,-0.4242629202453546,-0.30522277773826234,-0.46614911591065344,0.0746642744064913,0.7539136348766922,-0.5410188408508065,-0.5736924571397498,-0.5724144638317165,0,0.0
16161,-0.6935247035568127,1.4491417218260785,0.25010899124711805,-0.22414959711338162,1.7193848790309056,1.4491417218260785,0.12021982463204817,-0.3210949584900487,-0.6402038559139992,-0.6394195760586115,-0.4180808898730809,-0.18031507795981225,-0.07083023303396227,1,2497.01
15213,1.627471763766017,-0.25395340732976973,-0.21021701229135473,-0.386685581775703,-0.4080816508786965,-0.25395340732976973,-0.4631190012983777,-0.27581960517984017,-0.7262801990900174,0.6088580980160403,-0.5410188408508065,1.0183948824749403,0.541152657355696,0,0.0
17987,-0.1067559337280074,-0.4242629202453546,-0.23227545786782972,-0.32378700850319464,-0.5357296426732727,-0.4242629202453546,-0.41048692677833926,0.15674746466291728,-0.7262801990900174,2.1137205722034182,-0.5410188408508065,-1.082877049826674,-0.8177972509655259,0,0.0
13549,-0.6674460915644214,0.25697513141698475,-0.13650189558217607,-0.40820038667615544,-0.23788432848592836,0.25697513141698475,-0.6420680546665084,-0.4619964720401629,-0.22653013738698063,-0.6215718929320596,0.149941825865704,0.3120192643037962,0.11612039539813154,0,156.15
14515,-0.028520097750833362,-0.25395340732976973,-0.13589001082277313,0.013162449799640916,-0.3655323202805045,-0.25395340732976973,-0.30522277773826234,-0.10452304552210823,1.9165488866637557,-0.4318697857506448,1.4282924439131826,-0.8967337571978274,-0.7610591746288464,0,1311.24
12438,-0.6935247035568127,-0.4242629202453546,-0.1147425936658536,0.9407678226623682,-0.02513767549496814,-0.4242629202453546,1.4842677559430448,1.2814218462540865,-0.5691839012831018,0.9837938720967029,-0.5410188408508065,-1.0626374509345584,-0.04229987845193932,0,2016.78
13841,0.7668775680171027,-0.4242629202453546,-0.2515787223471044,-0.5314739096969372,-0.7059269650660409,-0.4242629202453546,-1.0420718210188007,-0.4003989212945543,-0.7262801990900174,-0.8261751829853697,-0.5410188408508065,-1.3226823162124386,-1.067450603885795,0,0.0
17781,-0.44577788962909487,-0.25395340732976973,-0.23406862014885768,-0.5149972082814611,-0.54991275287267,-0.25395340732976973,-0.7789114484186084,-0.6876234556701453,-0.7262801990900174,-0.8261751829853697,-0.5410188408508065,-0.8390744216562687,-1.067450603885795,0,0.0
18218,0.2322660221730801,-0.25395340732976973,-0.1569201500674738,-0.09997086130673301,-0.4789972018756833,-0.25395340732976973,-0.5683831503384545,0.1809712205741117,-0.2052497755086503,-0.6761529756694666,-0.5410188408508065,0.9934361834006016,-0.9284416941760495,0,0.0
14548,-0.5631316435948559,-0.25395340732976973,-0.1550708983501672,-0.09002266422569083,-0.6917438548666435,-0.25395340732976973,-0.9894397464987621,-0.30350389764977664,-0.7262801990900174,-0.8261751829853697,7.101166588341023,-1.3226823162124386,-1.067450603885795,0,0.0
12709,-0.7587212335377911,1.108522695994909,0.8284165744777957,0.49061373345790865,0.3436231896893629,1.108522695994909,-0.4631190012983777,0.141175050148578,-0.04126861720409173,0.3534364888884298,-0.5410188408508065,-0.8562601561411444,1.0755140208339196,1,3267.41
16233,1.7709041297241697,-0.25395340732976973,-0.2105314530704923,-0.3883771410220199,-0.592462083470862,-0.25395340732976973,-0.857859560198666,-0.5907284320253676,-0.7262801990900174,2.818604989930591,-0.5410188408508065,0.12186977351468616,-1.067450603885795,0,210.18
12987,0.04971573822634068,-0.4242629202453546,-0.2143047424201436,-0.1304372148674246,-0.5215465324738753,-0.4242629202453546,-0.35785485225830077,-0.3727146288246178,-0.17672408751369234,-0.8261751829853697,0.7247259689791903,1.0357576158219013,-0.23710070298324204,0,254.4
15563,0.0888336562149277,-0.25395340732976973,-0.14099414952412576,-0.014295671371654689,0.05996098570141595,-0.25395340732976973,0.5368904145823528,0.5374064861245438,-0.5199621321339897,0.9234880743906375,-0.06396661971966747,-0.38368344236370866,0.08529143054024595,0,664.8199999999999
17372,-0.3545027476557252,0.4272846443325696,-0.08660269345286851,-0.3651738247297484,1.7903004300278924,0.4272846443325696,0.650926576042436,-0.4050129700395437,-0.023719986822616054,-0.09715335849499067,0.19414777087340535,-0.025215534786437836,0.4015530913712644,0,281.55
18010,0.8190347920018853,-0.4242629202453546,-0.23631559695977616,-0.3672555093517925,-0.5215465324738753,-0.4242629202453546,-0.35785485225830077,-0.5388203836442367,-0.024839371893944896,0.8550304202721561,-0.5410188408508065,-1.0000003321252495,1.2048046778060935,0,0.0
17496,2.1490440036138443,-0.4242629202453546,-0.21995617804518441,-0.19124191209989744,-0.5782789732714647,-0.4242629202453546,-0.5683831503384545,-0.4730701890281376,-0.7262801990900174,-0.8261751829853697,1.2098747771267346,-0.16821210232139053,1.898772355992457,0,0.0
17715,0.0888336562149277,-0.4242629202453546,-0.2105484498693646,-0.09002266422569083,-0.7059269650660409,-0.4242629202453546,-1.0420718210188007,0.5823934613881906,6.300187227492996,-0.8261751829853697,-0.5410188408508065,-1.3226823162124386,-1.067450603885795,0,0.0
12358,-0.5631316435948559,-0.4242629202453546,-0.18361532237631306,0.19975515001363695,-0.54991275287267,-0.4242629202453546,-0.4631190012983777,-0.4003989212945543,-0.49586145536467474,0.4348958291048438,-0.5410188408508065,-0.5222702926763589,-1.067450603885795,0,683.2
16795,2.240319145587214,-0.4242629202453546,-0.1955096822271508,0.07178183535714219,0.1876089774959921,-0.4242629202453546,2.379013022783698,0.08061566037059197,0.0875015205573831,0.6332379551161799,0.0009043545956439751,0.8558692918307146,0.09485312752469503,0,0.0
15791,0.14099088019971037,-0.4242629202453546,-0.05811435886300126,1.55004003249524,0.045777875502018596,-0.4242629202453546,1.747428128543237,1.1845268226093089,-0.14037745105082058,-0.28633155279356337,0.3561213995206224,-0.05442147235393626,0.14466091286147983,0,389.4500000000001
15594,0.5321700600855805,-0.4242629202453546,-0.2204898775297747,-0.19698406997388132,-0.507363422274478,-0.4242629202453546,-0.30522277773826234,-0.24467477615116162,-0.7262801990900174,1.4675059240157537,-0.11314089139809015,0.718357135664838,0.30519868105495107,0,1503.87
13581,1.510118009800256,-0.4242629202453546,-0.24596977871924433,-0.47112639063914463,-0.5782789732714647,-0.4242629202453546,-0.5683831503384545,-0.6426364804064985,1.0154500740248398,0.7024320443197828,0.6053089735279679,0.2746773292293073,-1.067450603885795,0,0.0
12757,-0.6674460915644214,0.5975941572481545,0.6315885444968639,0.6927395193348407,0.5421867324809257,0.5975941572481545,-0.17740202533245478,-0.2926279256080159,-0.6789144632203936,-0.7576479572920474,-0.5410188408508065,-1.083523989446618,-0.6818654691614162,1,2553.57
15187,-0.8369570695149651,0.08666561850139992,-0.0022288841708685875,0.02264432514250924,-0.3087998794829151,0.08666561850139992,-0.7131213552685604,-0.25159584926864575,-0.7262801990900174,1.4589943286209124,0.4014274177168305,-0.24446448589414438,-1.067450603885795,0,3225.14
13011,2.3315942875605837,-0.4242629202453546,-0.2574341195586128,-0.5944730621678752,-0.6775607446672461,-0.4242629202453546,-0.9368076719787237,-0.7014656019051135,1.7340259027995841,-0.8261751829853697,-0.5410188408508065,0.3594616623880027,-1.067450603885795,0,0.0
15124,-0.028520097750833362,-0.4242629202453546,-0.25060140641194695,-0.5209588116792916,-0.592462083470862,-0.4242629202453546,-0.621015224858493,-0.43846482344071697,-0.7262801990900174,-0.8261751829853697,-0.5410188408508065,-1.3226823162124386,0.03170339615250122,0,93.44
13975,-0.8499963755111608,0.08666561850139992,-0.01673905136815375,-0.01638497562994339,1.6342862178345217,0.08666561850139992,1.6421639795031602,0.07369458725310785,-0.18348682400778732,-0.22063965074956168,-0.405335620647111,0.12151204170424737,0.13649026119046712,0,994.57
16814,-1.1107824954350742,2.130379773488418,0.6061970266615302,-0.10039032228200213,0.8400320466682701,2.130379773488418,-0.2262746659582047,-0.28598493132114494,0.9749889300914787,-0.6563114010011183,-0.2970855609173694,-0.0633361527669976,-0.37832576576023375,1,1285.01
15953,0.2322660221730801,0.08666561850139992,-0.12596557996123534,-0.3101813860247105,-0.3087998794829151,0.08666561850139992,-0.5946991875984738,-0.35714221431027854,0.0641590155649088,-0.8261751829853697,3.356862980285699,0.09830760532099841,-0.9252559042106,0,833.24
17082,1.627471763766017,-0.4242629202453546,-0.1577665906513145,0.47786577723512486,-0.37971543047990186,-0.4242629202453546,0.16846589294208367,0.34707697539373056,0.15073201621024535,-0.60730216648424,-0.2962538979118909,-0.6427152143154019,1.6938983311075366,0,1366.91
14496,1.5361966217926475,-0.25395340732976973,-0.17444554938470555,-0.19425014448929342,-0.4931803120750806,-0.25395340732976973,-0.5946991875984738,-0.4713399207487665,-0.3891777270179129,-0.8261751829853697,-0.3963476369426455,0.9478567756999898,1.110578538070803,0,0.0
16893,2.2533584515834097,-0.4242629202453546,-0.24122257279421006,-0.42005044496386745,-0.09605322649195489,-0.4242629202453546,1.2737394578628911,-0.5318993105267525,0.9469175194994414,-0.3443281847256771,-0.38653075056014796,0.432000303126266,-0.23156172758821789,0,0.0
15795,-0.5761709495910516,-0.4242629202453546,-0.16234382858762572,0.4286185442585685,-0.12441944689074957,-0.4242629202453546,1.1158432343027758,1.2641191634603761,-0.7262801990900174,0.7044116835217152,-0.5410188408508065,0.19848946503450515,-0.5768936023441383,0,0.0
13643,-0.1067559337280074,-0.4242629202453546,-0.25108581517980755,-0.5261706428706464,-0.6350114140690541,-0.4242629202453546,-0.7789114484186084,-0.5388203836442367,-0.7262801990900174,-0.8261751829853697,-0.5410188408508065,-0.7745024041873007,0.9355258118466419,0,431.54
12409,-0.14587385171659442,-0.4242629202453546,0.7889789020543908,10.664051528888846,0.1876089774959921,-0.4242629202453546,2.2737488737436213,10.12655329039879,0.1315558552003421,-0.5343472116435143,-0.3049230473534098,0.3000950217435497,0.9003200908060867,1,4865.59
13871,-1.0586252714502915,0.7679036701637393,0.42646437698636086,0.24441231411640338,0.9251307078646542,0.7679036701637393,0.30662508855718457,0.008809526776694224,0.5740398385845082,-0.23694193936625502,0.03625667254263023,-0.5163623899880239,0.4869769654482663,1,2329.01
13266,-1.0586252714502915,0.7679036701637393,0.16494143145778156,-0.10730857101035095,0.045777875502018596,0.7679036701637393,-0.32495980568327676,0.5772026565500775,-0.40205588397859815,0.4972295549366321,-0.4502377867616996,-0.8503212035985107,0.8491607941654695,1,1298.68
17323,-0.9021535994959434,0.08666561850139992,-0.17578149777606858,-0.44417573724174403,0.669834724275502,0.08666561850139992,0.4974163586923239,-0.3182111780244304,-0.5087171055915254,0.8544434608405694,-0.24912031838351215,0.5208736657919719,-0.5341786458333658,0,375.57
14739,0.33658047014264547,-0.08364389441418492,-0.043772459974551904,0.11017261061229157,-0.3938985406792992,-0.08364389441418492,-0.6736472993785315,0.492419510860897,1.9470251531721448,2.009583991695989,0.05370194139063948,-0.623497438704104,-1.067450603885795,0,2594.66
14355,2.240319145587214,-0.4242629202453546,-0.23638358415526536,-0.3679869944312809,-0.5640958630720674,-0.4242629202453546,-0.5157510758184162,-0.42808321376449077,-0.12193953739996469,-0.16880395564657139,2.2108690315875354,-0.8351113407637442,-0.1888514307004085,0,0.0
14159,-0.64136747957203,0.4272846443325696,0.10116264336935137,-0.028474290495738075,4.144696723127852,0.4272846443325696,3.879027146604794,0.358612097256204,-0.5395551951739074,-0.43824600870259534,-0.08270137961503199,0.5765213372448097,0.19803655998533598,1,2470.01
12982,0.636484508055146,-0.4242629202453546,-0.1996467030726694,0.027270968270273394,-0.3229829896823125,-0.4242629202453546,0.3789941910222374,0.25018195174895286,-0.4143046135496136,0.006350953256259593,0.15561095706804684,0.04785713206010446,0.5679493287321244,0,0.0
13509,-0.5761709495910516,0.08666561850139992,-0.15299388952797177,-0.38288185936236335,-0.37971543047990186,0.08666561850139992,-0.7131213552685604,-0.08289469202997035,-0.7262801990900174,0.5564257120614695,0.158133908708651,0.446960872197853,0.7230661018142128,0,314.7
12951,-0.2632276056823555,0.25697513141698475,-0.13824746682636158,-0.4119565625593284,-0.16696877748894162,0.25697513141698475,-0.621015224858493,-0.5173650569800359,-0.31185900446567183,0.822235095522022,0.000799887202512305,-0.10677066018113637,-0.3013277110928738,0,312.29
14047,0.07579435021873202,-0.08364389441418492,-0.157939957999812,-0.2992761626313377,-0.507363422274478,-0.08364389441418492,-0.7789114484186084,-0.5042150180568161,-0.7262801990900174,-0.8261751829853697,0.4396113186378921,-0.7733789300793081,-0.5279018241415406,0,672.69
14711,-1.0977431894388785,0.7679036701637393,0.08355226005775807,-0.21676845548316906,1.3506240138465746,0.7679036701637393,0.3526781537622182,-0.44149279292961624,0.2552996004003536,-0.1504004719502756,-0.3936914559886925,-0.01195615010945316,-0.5958761775925443,1,782.89
14165,1.0667816059296031,-0.4242629202453546,-0.24555505682676013,-0.4666643316542654,-0.3938985406792992,-0.4242629202453546,0.16846589294208367,-0.5630441395554311,0.3617604643587799,-0.5310895134831712,-0.16665074028428553,0.2564366286936643,0.8648462222845129,0,0.0
13144,1.8100220477127567,-0.4242629202453546,-0.2471680530397417,-0.4840188151651276,-0.6775607446672461,-0.4242629202453546,-0.9368076719787237,-0.673781309435177,-0.7262801990900174,-0.8261751829853697,-0.5410188408508065,-1.3226823162124386,1.488849175003011,0,0.0
14784,1.6926682937469957,-0.4242629202453546,-0.24653407244180478,-0.4771977167988983,-0.6633776344678488,-0.4242629202453546,-0.8841755974586852,-0.552662529879205,-0.7262801990900174,-0.8261751829853697,-0.5410188408508065,3.6778265609195264,-1.067450603885795,0,175.31
17542,0.9885457699524292,-0.4242629202453546,-0.23700396731410445,-0.3746617957816125,-0.37971543047990186,-0.4242629202453546,0.2210979674621221,-0.2827406782973243,-0.5904831712263342,0.7830028498585606,-0.5410188408508065,-0.16235762505268486,-0.26684656070138046,0,0.0
15074,-1.1499004134236612,-0.4242629202453546,-0.1409856511246896,0.6584145819798478,-0.13860255709014693,-0.4242629202453546,1.0632111597827372,0.7450386796490673,-0.4397468039570231,-0.6422860212464031,-0.5410188408508065,1.1664780503956915,-0.22941705519896,0,0.0
14540,1.510118009800256,-0.4242629202453546,-0.23272927239772018,-0.3286696714087797,-0.5640958630720674,-0.4242629202453546,-0.5157510758184162,-0.324267117002229,0.32822792924862737,-0.8261751829853697,-0.5410188408508065,2.1801828773265925,-0.06442872341947503,0,756.76
16065,2.240319145587214,-0.4242629202453546,-0.20362395400878835,-0.01552090887979778,0.2868907488917735,-0.4242629202453546,2.7474375444239674,0.0425497582244293,-0.582742296111937,0.41456391854792907,0.8744319658851638,0.5672348964174544,-0.6296370794468128,0,0.0
15087,1.1450174419067771,-0.4242629202453546,-0.2138560269299148,-0.1256094133428012,-0.507363422274478,-0.4242629202453546,-0.30522277773826234,0.8799996054400077,-0.7262801990900174,0.9293276762870166,0.3055124180027872,0.2741334375948409,-1.067450603885795,0,0.0
17469,-1.1107824954350742,-0.08364389441418492,-0.08751372187242398,-0.04670046039299064,-0.09605322649195489,-0.08364389441418492,-0.16487057901815977,-0.23544667866118285,0.47928544619191826,-0.7541307965403561,-0.16919476186949464,0.04779518817566757,-0.3748849918305768,0,820.7
14532,0.5582486720779719,0.08666561850139992,-0.1074713631082823,-0.26043582883775285,-0.08187011629255754,0.08666561850139992,-0.2525907032182239,-0.500754481498074,4.737620182797015,-0.4987745033310103,-0.10600780339560383,-1.1200180929365484,-0.7483399699080335,0,0.0
15321,1.2754105018687338,-0.4242629202453546,-0.06895321750386896,1.4334230236978025,-0.18115188768833898,-0.4242629202453546,0.9053149362226219,1.1395398473456622,0.13000745593872776,-0.2882813618942665,-0.3749230619038452,-0.044560169158266216,-0.24136340714655097,0,1588.84
14534,-0.9673501294769218,1.6194512347416634,0.2268386739110479,-0.27900605461774547,2.9249492459796804,1.6194512347416634,0.4154317810745718,-0.36100204354887544,0.7085754562772142,0.06784720761663794,-0.364179236643971,-0.29696657862391934,-0.31052963272491524,1,1497.55
17860,2.279437063575801,-0.4242629202453546,-0.2275367503422316,-0.27280249846285354,-0.02513767549496814,-0.4242629202453546,1.6421639795031602,-0.4246226772057487,0.03702781015680144,-0.6270410994989407,-0.5410188408508065,1.0640069985131597,-0.287842119528732,0,0.0
12468,-0.08067732173561605,-0.25395340732976973,-0.1420275548955618,-0.01985495797576653,-0.20951810808713367,-0.25395340732976973,-0.09469447965810857,-0.11317438691896338,-0.7262801990900174,1.5335548652519617,-0.39960164193904096,-0.913181687795272,0.06672923181762014,0,0.0
14410,-0.680485397560617,0.5975941572481545,-0.1002766181456364,-0.4321539105826879,1.0244124792604357,0.5975941572481545,-0.01198693398376236,-0.5071811922500236,0.07703903775829733,-0.29909897122819973,-0.43984714548085857,0.9881437842386,-0.5393786207803076,0,125.09
13769,-0.9282322114883348,0.4272846443325696,0.028059411419575592,-0.15956251244905423,0.05996098570141595,0.4272846443325696,-0.3490828398382944,-0.33810926323719726,-0.3620104283272931,-0.490458319211583,1.9154925507212417,0.9816212169440107,-0.6321241282892405,1,1066.27
15622,0.04971573822634068,0.25697513141698475,0.17623070526876533,0.2647475993261808,1.081144920058025,0.25697513141698475,0.35794136121422215,0.10137887972304431,-0.045371758808347346,0.051217166738013804,-0.25918021141758363,0.528226151067183,-0.31933660325951957,1,1107.56
16287,-0.31538482966713816,-0.4242629202453546,-0.24180556299553008,-0.42632292952048045,-0.6066451936702594,-0.4242629202453546,-0.6736472993785315,0.28478731733637347,-0.7262801990900174,1.4329453929477183,-0.5410188408508065,0.6822916520495113,-1.067450603885795,0,0.0
17560,-0.4979351136138776,-0.08364389441418492,-0.14605749590818487,-0.2566610610421429,-0.43644787127749124,-0.08364389441418492,-0.6911913242185442,-0.23544667866118285,-0.22604644849030348,-0.42249102792015575,-0.09060597393613878,2.441649569560327,-0.3651049074804592,0,149.12
16086,0.0888336562149277,-0.08364389441418492,-0.16624459392881927,-0.3290597967845068,-0.4931803120750806,-0.08364389441418492,-0.6911913242185442,-0.4603815549794167,-0.42466370477956955,-0.7228029434800141,0.5149789822269722,-1.3226823162124386,0.583044815850801,0,534.33
12567,-1.1107824954350742,0.7679036701637393,0.9166384590244852,0.9036449548783323,2.627103931792336,0.7679036701637393,0.9776840386876747,0.5616302420357382,0.2767911048428382,0.39292585615205755,-0.4362624618315953,-0.4625690786653122,0.08456539111305726,1,2443.12
14348,0.8711920159866681,-0.4242629202453546,-0.19641221224727012,0.06207137092693374,-0.46481409167628596,-0.4242629202453546,-0.14732655417814702,-0.11317438691896338,-0.7262801990900174,-0.45668494809704824,0.29527959637940476,0.06833004649061715,-0.8209725626403064,0,0.0
13991,-0.6544067855682256,-0.4242629202453546,-0.24455054601340703,-0.4558566396048244,-0.6208283038696568,-0.4242629202453546,-0.7262793738985699,-0.4592280427931693,-0.7262801990900174,-0.8261751829853697,-0.5410188408508065,1.2817917899817564,-0.12580597314177647,0,726.53
13984,-0.8760749875035521,0.08666561850139992,-0.1267661291881208,-0.31233469522745444,-0.5782789732714647,0.08666561850139992,-0.9368076719787237,-0.18671078879223213,2.9826119843386643,-0.746883802027186,1.885960091539944,-0.9452587932240895,-0.8474319576554368,0,101.18
13786,2.2663977575796053,-0.4242629202453546,-0.2268653767867756,-0.2655790833029056,-0.6208283038696568,-0.4242629202453546,-0.7262793738985699,-0.27581960517984017,0.481393889853938,-0.24896672475816398,3.2203693000795472,-1.3226823162124386,-1.067450603885795,0,0.0
15048,-1.0064680474655088,-0.08364389441418492,-0.21138469237388194,-0.4909496362932802,0.32944007948996556,-0.08364389441418492,0.27373004198216055,-0.5503555055067103,-0.26510543642701695,-0.018554374357212033,0.22800162273745891,-0.006163434725001709,0.11665312825912702,0,59.52
14477,-0.11979523972420307,-0.25395340732976973,-0.17713274328641668,-0.2087061183726829,-0.6775607446672461,-0.25395340732976973,-1.0157557837587814,-0.22737209335745134,-0.7262801990900174,-0.8261751829853697,-0.5410188408508065,-1.3226823162124386,-1.067450603885795,0,786.6
13208,-0.4979351136138776,0.08666561850139992,-0.12515313297513928,-0.3079960743497389,0.6556516140761046,0.08666561850139992,0.3658361723922278,-0.25159584926864575,0.1070753522155857,-0.22815523480157146,0.39071885565728204,1.0119582528603996,-0.8817060908272357,0,388.83
18220,0.4278556121160152,-0.4242629202453546,-0.21413817379119504,-0.128645076422678,-0.6917438548666435,-0.4242629202453546,-0.9894397464987621,0.25018195174895286,-0.7262801990900174,-0.8261751829853697,-0.5410188408508065,1.511730287729306,-1.067450603885795,0,0.0
16623,0.675602426043733,-0.4242629202453546,-0.24402364524836562,-0.4501876302387893,-0.6491945242684515,-0.4242629202453546,-0.8315435229386468,-0.6114916513778199,-0.7262801990900174,-0.8261751829853697,0.5039149721788987,2.4083637070527084,0.16497173302489365,0,0.0
15869,1.0928602179219946,-0.25395340732976973,-0.24059199155604766,-0.5500902049699169,-0.5357296426732727,-0.25395340732976973,-0.6999633366385507,-0.44365562827883004,-0.17220163965617927,1.2546674540238496,1.0498263617643062,0.6718622386864236,-0.766281335281279,0,0.0
16696,-0.7587212335377911,0.08666561850139992,-0.15420406160767974,-0.3861369679660867,-0.6208283038696568,0.08666561850139992,-0.9631237092387429,-0.6201429927746751,-0.7262801990900174,-0.8261751829853697,-0.5410188408508065,0.554001268339961,2.952202476660696,0,0.0
15810,-0.3023455236709425,-0.08364389441418492,-0.03466727481865909,0.1428273237024526,0.1876089774959921,-0.08364389441418492,0.4316262655422759,0.24095385425897398,-0.7262801990900174,0.11713917499281676,-0.5410188408508065,0.15629556055396665,0.5577798133580593,0,30.79
14762,0.9103099339752551,-0.4242629202453546,-0.21494722141751668,-0.13734974886859,-0.4222647610780939,-0.4242629202453546,0.010569669381968322,0.433590389362282,-0.7262801990900174,0.3594974667046042,-0.5410188408508065,-1.0114364226610026,-1.067450603885795,0,0.0
13922,2.0577688616404743,-0.4242629202453546,-0.23674901533101989,-0.37191872673353105,-0.6208283038696568,-0.4242629202453546,-0.7262793738985699,-0.4246226772057487,0.8972518971538369,-0.8261751829853697,0.2442739434551172,0.750676105248576,0.2668979807603423,0,0.0
13799,-1.0064680474655088,-0.25395340732976973,-0.1489418526768147,-0.057050974267751374,-0.26625054888472305,-0.25395340732976973,-0.06837844239808935,-0.050884728861606304,-0.21831330038224842,-0.8261751829853697,-0.14829264947173032,-0.023607399224244614,-0.37135480223328876,0,0.0
18127,-0.7847998455301823,-0.4242629202453546,-0.24229847016282688,-0.4316261963467713,-0.6066451936702594,-0.4242629202453546,-0.6736472993785315,-0.6495575535239826,0.9170877198063676,-0.8261751829853697,0.4279401999564667,1.7838014116033705,-1.067450603885795,0,207.48
16838,0.04971573822634068,-0.25395340732976973,-0.16594035122900505,-0.14849575276729435,-0.37971543047990186,-0.25395340732976973,-0.43680296403835844,-0.42635294548511976,-0.1761907903008915,-0.8261751829853697,0.533053106368206,-0.19199789629919145,-0.5791645132372578,0,0.0
15292,0.10187296221112337,-0.4242629202453546,-0.2357054118802605,-0.3606904307633842,-0.37971543047990186,-0.4242629202453546,0.16846589294208367,-0.556123066437947,-0.49388960647361646,-0.6462281468655864,-0.03550963033192349,0.498180312924418,-0.34829235831338273,0,0.0
17440,-0.4848958076176819,-0.08364389441418492,-0.23434056893081454,-0.573278281989699,-0.6775607446672461,-0.08364389441418492,-1.0069837713387748,-0.4626885793519114,-0.7262801990900174,-0.8261751829853697,7.101166588341023,-1.3226823162124386,-1.067450603885795,0,0.0
17410,0.2844232461578628,-0.4242629202453546,-0.21462768159871737,-0.13391176899499455,-0.507363422274478,-0.4242629202453546,-0.30522277773826234,-0.4003989212945543,2.640568776147677,-0.44705632700690934,-0.5410188408508065,-1.1314719421370036,-0.01231124202674323,0,912.32
18024,-0.5370530316024646,-0.25395340732976973,-0.1997758787440989,-0.3305166712344879,-0.4222647610780939,-0.25395340732976973,-0.5420671130784354,-0.42808321376449077,-0.7262801990900174,2.4004182704122248,-0.5410188408508065,0.6139505656228665,-0.9317879804178486,0,0.0
13491,-0.602249561583443,0.9382131830793241,-0.08102434406297863,-0.4657520072079035,0.21597519789478678,0.9382131830793241,-0.6385592496985059,-0.43423527875780993,-0.11042738775645242,-0.45499516536696594,0.3463158043246844,0.1520611684348014,0.6596231484162915,0,127.37
12626,-1.0586252714502915,0.4272846443325696,0.5454011767751892,0.7681312481941113,1.691018658632111,0.4272846443325696,0.712330662982481,0.6014264124612719,-0.44361721851287744,0.6671146213680109,-0.5093231409140664,-0.1962437621792351,-0.12300149189700134,1,1846.48
12407,-0.7717605395339867,0.08666561850139992,-0.026819852779316762,-0.043500213170228806,-0.010954565295570795,0.08666561850139992,-0.2525907032182239,0.3237183536222216,-0.321874885912704,1.0598195798988006,-0.5045281873689909,-0.465929870699693,0.18872199858828445,0,300.76
17990,0.5582486720779719,-0.08364389441418492,-0.15880339538252497,-0.30237278280117186,-0.3371660998817098,-0.08364389441418492,-0.5859271751784674,-0.26889853206235603,0.3077969613372968,0.40235164512272725,-0.08527884997166688,-0.7188127867441577,0.7223499882586073,0,0.0
13590,-0.5631316435948559,0.08666561850139992,-0.07627713813794436,-0.17652991843868707,-0.06768700609316018,0.08666561850139992,-0.42364494540834885,0.03216814854820312,0.13473553386520917,-0.5879250732099385,0.8686076515435227,-0.737356995342547,0.15976223436013054,0,865.54
12489,1.8621792716975394,-0.4242629202453546,-0.20909862292555714,-0.07442374490560076,-0.507363422274478,-0.4242629202453546,-0.30522277773826234,-0.383096238500844,-0.5185889575673959,0.6292717605180876,-0.5410188408508065,-1.0941893764745023,1.058540247315594,0,0.0
18193,-0.3675420536519209,-0.4242629202453546,-0.22459460445743593,-0.24114748164799324,-0.4931803120750806,-0.4242629202453546,-0.2525907032182239,-0.31734604388474486,-0.7262801990900174,0.6898274310654202,-0.5410188408508065,0.45777903066793524,-1.067450603885795,0,0.0
14463,-0.3023455236709425,-0.25395340732976973,-0.2134345063178817,-0.4039943474690972,-0.6633776344678488,-0.25395340732976973,-0.9894397464987621,-0.5267085056886395,-0.7262801990900174,-0.8261751829853697,1.343964650700872,-0.59717821747226,-1.067450603885795,0,220.2
18036,-1.1499004134236612,-0.25395340732976973,-0.22290682232941622,-0.4549514268189575,0.045777875502018596,-0.25395340732976973,0.4579423028022951,-0.4817215304249927,-0.5517887142562716,0.3045085105138295,1.085683091335558,-0.29724816906523815,-0.5510934057743154,0,149.43
17460,0.4148163061198195,0.25697513141698475,-0.18740220916506223,-0.5177293050533502,-0.5215465324738753,0.25697513141698475,-0.8631227676506698,-0.6239495829892914,0.10611725643497079,-0.3602371418897183,0.9210707663165522,0.12436442283136402,-1.067450603885795,0,159.85000000000002
15572,-1.0977431894388785,0.08666561850139992,-0.002101408179326314,0.022987208773519428,0.8258489364688728,0.08666561850139992,0.6289965449924201,-0.15210542320481155,0.7957688761909038,-0.05364668806479599,-0.5410188408508065,-0.4573850443517596,-0.7245122091984093,0,980.63
14386,1.3406070318497123,-0.4242629202453546,-0.24182255979440237,-0.4265058007903525,-0.6208283038696568,-0.4242629202453546,-0.7262793738985699,-0.5595836029966891,2.352733617053101,0.12383703342267754,-0.5410188408508065,-0.6180600818055727,-1.067450603885795,0,0.0
14662,0.5321700600855805,-0.08364389441418492,-0.17895480012552759,-0.3746435086546253,0.4429049610851444,-0.08364389441418492,0.4316262655422759,-0.3750216531971126,1.1108499779938603,0.6938383283546097,-0.2903966904439534,-0.8003731301967818,-0.634035409687426,0,229.09
12697,-0.8108784575225737,-0.25395340732976973,-0.14128479478484215,-0.015859220729061166,-0.3371660998817098,-0.25395340732976973,-0.3315388149982816,-0.12528626487456057,-0.7262801990900174,1.2899765835010315,-0.5410188408508065,0.35113930026417534,1.0491145058592373,0,223.68
13218,-0.8630356815073564,-0.4242629202453546,-0.25537920657495133,-0.5723639256403386,-0.6491945242684515,-0.4242629202453546,-0.8315435229386468,-0.44192535999945903,0.9563029969308185,-0.1087254307061314,-0.5410188408508065,1.826665021500611,-1.067450603885795,0,0.0
15289,-0.7326426215453997,-0.25395340732976973,-0.14739174461966065,-0.04871204436158367,-0.13860255709014693,-0.25395340732976973,0.16846589294208367,0.5823934613881906,-0.7262801990900174,0.1737991142545691,0.3471643191481057,0.7171786242328705,0.14125690393176765,0,241.8
13198,-0.9543108234807262,0.25697513141698475,0.24543827091700918,0.4136706466592232,1.8612159810248794,0.25697513141698475,1.031631915070714,0.8931496443632276,-0.38975846043724754,0.5526385127969947,-0.022630811618047184,-0.28023848864665407,-0.290689696307225,1,392.06
17353,-0.8369570695149651,-0.25395340732976973,0.029718298989512375,0.9040655587990382,-0.6491945242684515,-0.25395340732976973,-0.8841755974586852,1.3298693580764753,-0.7262801990900174,-0.8261751829853697,-0.5410188408508065,2.9289365897001782,-0.3163344479861311,1,0.0
15626,1.7709041297241697,-0.4242629202453546,-0.21811542472731396,-0.17143695357274918,-0.43644787127749124,-0.4242629202453546,-0.04206240513807012,0.3332348291587623,1.576490699404869,-0.8261751829853697,-0.5410188408508065,0.46355670381101577,-0.21475736602609452,0,393.92
14769,-1.1107824954350742,0.4272846443325696,0.8021956128574939,1.2286132971500476,6.059416600046495,0.4272846443325696,4.572016127785301,1.7503245499636355,0.06400229494781509,-0.09161024297963273,-0.028474753768455,0.2013188929658411,-0.08442785473094215,1,4132.14
15032,0.8190347920018853,-0.08364389441418492,0.5768622514878223,2.3360085589875292,-0.3087998794829151,-0.08364389441418492,-0.1824146038581727,2.677171591613384,-0.7262801990900174,-0.8261751829853697,-0.5410188408508065,-1.062223397534402,-0.5754408196861484,1,0.0
16611,-0.09371662773181173,-0.4242629202453546,-0.2440168465288167,-0.45011448173084045,-0.592462083470862,-0.4242629202453546,-0.5683831503384545,-0.5838073589078835,-0.11582565781996675,1.1363775356761605,0.19374993352125502,-1.3226823162124386,-0.4873933362205978,0,0.0
18171,-0.4066599716405079,-0.08364389441418492,-0.14969651054674496,-0.2697119740020151,-0.2520674386853257,-0.08364389441418492,-0.44557497645836486,-0.49267989619434255,1.2325316196646048,-0.4482780688448836,0.0753404643877731,0.486915491301054,-0.9107348634596357,0,546.89
16034,0.036676432230145,-0.08364389441418492,-0.19163101272449123,-0.42010530634482907,-0.46481409167628596,-0.08364389441418492,-0.7087353490585572,-0.4673026280969008,1.4071845507223704,-0.8261751829853697,0.9980687661477307,0.6711848091100725,-0.6555980166892693,0,0.0
15062,0.3105018581502541,-0.08364389441418492,-0.12766525984846566,-0.19069939399927696,-0.18115188768833898,-0.08364389441418492,-0.30522277773826234,-0.12240248440894226,-0.07114178122645967,-0.14979033300832237,-0.38142330218408166,-0.45150886833982273,-0.1189131754242273,0,173.82
14482,0.5973665900665589,-0.4242629202453546,-0.2255566232736083,-0.25149799552275404,-0.507363422274478,-0.4242629202453546,-0.30522277773826234,-0.36233301914839167,-0.49167114389751465,-0.614314458495366,-0.5410188408508065,-0.8274636504250528,0.060643211106728365,0,1784.71
17138,1.0667816059296031,-0.4242629202453546,-0.20135318167944863,0.00891069277511464,-0.37971543047990186,-0.4242629202453546,0.16846589294208367,-0.3104249707672608,-0.21568407728970135,-0.8261751829853697,-0.5410188408508065,0.42936458115181425,0.40911939509698714,0,0.0
14828,0.036676432230145,-0.08364389441418492,0.09766470216143139,0.6174209389835192,-0.4789972018756833,-0.08364389441418492,-0.7964554732586211,1.7589758913604907,-0.7262801990900174,0.02336855776653065,1.0018757386398227,-0.5822083165099325,0.051627379162830576,1,0.0
16279,-0.22410968769376846,-0.4242629202453546,-0.20499389599789597,-0.030260333231488842,-0.4931803120750806,-0.4242629202453546,-0.2525907032182239,-0.20660887400499897,-0.7262801990900174,-0.8261751829853697,0.21238809964543534,-0.3470406824617438,1.5548040831917882,0,1143.7
17340,-0.9543108234807262,0.5975941572481545,1.0246514161780842,1.2968861087178682,1.5066382260399456,0.5975941572481545,0.8677205972797373,1.234951783893836,0.03427696397121233,-0.39788776694506794,0.31751368908341027,0.18131274302345293,-0.21351660537117978,1,4759.64
15279,2.0968867796290613,-0.4242629202453546,-0.2166486009846342,-0.15565516298278706,-0.45063098147688857,-0.4242629202453546,-0.09469447965810857,-0.09241116756651102,-0.7262801990900174,-0.6051793358654209,-0.5410188408508065,1.0210669375787762,0.33906617284965995,0,0.0
14451,0.010597820237753656,-0.4242629202453546,-0.20483752544827077,-0.028577917548665607,0.017411655103223903,-0.4242629202453546,1.6421639795031602,-0.040503119185380125,-0.650160135302035,-0.3633468836068657,-0.353148449049841,0.46221028743643194,0.29190272359128555,0,283.9
15065,-0.3805813596481165,-0.08364389441418492,0.2198699863734036,1.0556963200679865,1.1520604710550117,-0.08364389441418492,1.3263715323829295,0.6158453147893639,-0.16883277894169152,-0.206203639583898,-0.4255339574083631,-0.16928583797354702,1.0001255234445539,1,299.38
16873,-0.8630356815073564,0.08666561850139992,0.3919999679129918,1.0830370988411142,0.6556516140761046,0.08666561850139992,0.8921569175926123,1.0313980798849727,0.02274358436970396,-0.6421802229510161,-0.3728361612569721,-0.7959892442589713,1.271618701417814,1,3252.15
14029,-0.64136747957203,-0.4242629202453546,-0.23794728965151726,-0.384811151259514,-0.6350114140690541,-0.4242629202453546,-0.7789114484186084,-0.6633996997589509,-0.7262801990900174,0.8116182748415794,-0.5410188408508065,-1.3226823162124386,-1.067450603885795,0,302.46
17054,-0.7326426215453997,0.08666561850139992,-0.06082024924347193,-0.1349541352332655,0.102510316299608,0.08666561850139992,-0.1341685355481374,-0.10711844794116476,0.3757738312397705,0.08517514850441617,-0.3250434848192451,0.6929500639686434,-0.4354111072307354,0,149.01
13658,0.14099088019971037,-0.4242629202453546,-0.10739487751335695,1.0198230726280766,-0.26625054888472305,-0.4242629202453546,0.5895224891023912,0.2917083904538576,0.07024852022047479,-0.5411889432434902,-0.5410188408508065,-0.6436137870777832,-0.3083669670653055,0,1705.87
17181,2.3446335935567792,-0.4242629202453546,-0.2395925797823562,-0.40251309018313314,-0.6917438548666435,-0.4242629202453546,-0.9894397464987621,0.0010233195195245904,-0.7262801990900174,-0.8261751829853697,3.3508348499413283,-1.3226823162124386,1.8813757859425149,0,84.39999999999999
12725,2.3185549815643878,-0.4242629202453546,-0.19331369581284927,0.09540880342461738,-0.37971543047990186,-0.4242629202453546,0.16846589294208367,-0.1789245815350625,-0.7262801990900174,0.17431575587728249,0.8523670017788397,2.1510963846913866,-0.6228909716422354,0,0.0
13630,-1.1499004134236612,0.25697513141698475,-0.034621383461703875,-0.18897065092808593,-0.02513767549496814,0.25697513141698475,-0.45259258639437006,-0.07303216283755551,0.5247412809415087,-0.2625443542374184,2.681984427503288,-0.24717693875272284,-0.43807235505708453,0,670.3199999999999
18268,-0.7847998455301823,-0.4242629202453546,-0.2616918176761247,-0.640282315270836,-0.7059269650660409,-0.4242629202453546,-1.0420718210188007,-0.7395315040512761,-0.7262801990900174,-0.8261751829853697,-0.5410188408508065,-1.3226823162124386,4.941478643311516,0,0.0
14387,-1.0977431894388785,-0.4242629202453546,-0.19111091067899877,0.11910892000004135,-0.15278566728954426,-0.4242629202453546,1.0105790852626988,-0.023200436391669826,1.0233223058275926,0.37205922357132787,-0.022246293338737642,-0.70597442820533,-0.43910059707182836,0,1286.84
17438,0.7799168740132983,-0.4242629202453546,-0.20000193616910053,0.023448958729946682,-0.4789972018756833,-0.4242629202453546,-0.19995862869818545,-0.39001731161832814,0.8546523612996216,0.5668662855846497,-0.5410188408508065,-1.3226823162124386,1.2111316540937747,0,0.0
16713,-1.0195073534617045,1.2788322089104938,0.40887778919318885,-0.02678744157000875,2.6412870419917334,1.2788322089104938,0.8144049893243737,-0.07196254244667158,0.35063121770568983,-0.009472066781742129,-0.4063153555849428,-0.4158176152723819,-0.023567557522198516,1,2940.01
14470,1.2232532778839513,-0.4242629202453546,-0.215436729225039,-0.14261644144090643,-0.22370121828653103,-0.4242629202453546,0.7474187126625066,-0.26889853206235603,-0.2199042875854965,0.80930718341473,-0.5410188408508065,0.05624170290718414,-0.7555370275210647,0,163.55
14223,-0.47185650162148624,-0.25395340732976973,-0.15442671967290691,-0.0865572536616145,-0.22370121828653103,-0.25395340732976973,-0.06837844239808935,-0.06991767993468763,0.2946384754192187,-0.4350543706256543,-0.28961201883014914,0.7045190709714098,0.006503990546962958,0,334.54
16170,-1.0586252714502915,0.25697513141698475,-0.000763760108076038,-0.11611473701104194,0.5705529528797205,0.25697513141698475,-0.02100957533005482,0.27994256615413465,-0.4198576771741364,0.31675907145978904,0.10305267344545317,-0.2470780714964477,0.4085037600503712,0,324.39
14220,0.7016810380361244,-0.25395340732976973,-0.15853824532011707,-0.1086755337526449,-0.4222647610780939,-0.25395340732976973,-0.5420671130784354,-0.27581960517984017,-0.7262801990900174,-0.46541517559243173,-0.2364915277331057,2.461464681744574,-0.24269560917243863,0,0.0
17026,-0.1067559337280074,-0.25395340732976973,-0.23970985769457512,-0.545344695516736,-0.6633776344678488,-0.25395340732976973,-0.9894397464987621,-0.5786165540697704,-0.7262801990900174,-0.8261751829853697,-0.5410188408508065,-0.5757725814012064,3.6549320790501274,0,0.0
14404,-1.1107824954350742,0.25697513141698475,-0.04123993694257872,-0.20321266542572503,0.1876089774959921,0.25697513141698475,-0.17890579889017016,-0.21422205443423148,0.7798847366100239,-0.5294738285640893,-0.5410188408508065,-0.35310283006232746,-0.40363866681450145,0,126.79999999999998
14976,-1.202057637408444,0.08666561850139992,-0.17085072642321344,-0.4309129983942701,-0.18115188768833898,0.08666561850139992,-0.38417088951832,-0.6063008465397068,-0.3815822560079487,-0.08297331564872526,-0.4263778707722093,0.15374719360563363,-0.013666669185502443,0,230.9
17236,-0.18499176970518144,0.25697513141698475,-0.1474342366168414,-0.43172494683250223,0.15924275709719737,0.25697513141698475,-0.32627560754627777,-0.4696096524693955,-0.10493234215370745,-0.49809851681228473,-0.46106247716700294,0.4105532929741869,-0.6131616700723455,0,218.4
13898,1.718746905739387,-0.4242629202453546,-0.23952289290697976,-0.40176331797665754,-0.54991275287267,-0.4242629202453546,-0.4631190012983777,-0.28620121485606637,-0.7262801990900174,-0.1556388246984951,-0.5410188408508065,0.6732036833566213,0.7495250518914972,0,0.0
12583,-1.1368611074274655,0.9382131830793241,0.4533142201649381,0.17302952987332895,0.47127118148393904,0.9382131830793241,-0.2408946866582154,0.5850849898227677,0.6343496171955265,1.4350182706816044,-0.3199987363349442,-0.7536178346367843,-0.5234366418290635,1,3049.17
18172,-0.8630356815073564,1.108522695994909,0.6397878002728629,0.28766502686655226,0.6131022834779125,1.108522695994909,-0.39996051187433157,0.00794439263700871,0.05226734832640118,-0.28535779407198814,1.4086323922388202,-0.36011423864946124,-0.6955259678195606,1,2232.36
13837,0.2322660221730801,-0.25395340732976973,-0.2207142352748891,-0.4431562299122071,-0.4789972018756833,-0.25395340732976973,-0.621015224858493,-0.43154375032323283,-0.6709308551692994,-0.38064916339870053,1.3337661363394315,0.48052252128529116,1.0445441088280654,0,0.0
13599,-0.4848958076176819,0.7679036701637393,0.12725272963833667,-0.15799591523714987,0.2868907488917735,0.7679036701637393,-0.5289090944484257,-0.08419239323949862,-0.10928090279764792,-0.1114985854251609,-1.774600344446119e-05,0.00015136405266635665,0.040616475598589497,1,2836.08
17961,-0.9151929054921392,4.685022467222191,-0.0655283625310999,-0.6173278415506324,2.045596413617045,4.685022467222191,-0.7194881384766295,-0.6940980079413401,0.20556273695264593,-0.20792650277709257,-0.4179918480053542,-0.3609302360054887,0.11567100049023067,0,116.82
16807,-0.6674460915644214,-0.08364389441418492,-0.0753916049166974,-0.0032258638353970656,0.08832720610021064,-0.08364389441418492,0.08074576874201933,0.15097990373168044,0.20403338506067697,-0.3867784604011984,-0.5410188408508065,-0.6873598466549763,0.022802609681241634,0,0.0
12778,-0.13283454572039874,0.08666561850139992,-0.18239155285750727,-0.4619553964550589,-0.3655323202805045,0.08666561850139992,-0.686805318008541,-0.35022114119279446,-0.4992330258130393,1.1104458500228653,-0.5410188408508065,0.23144628709504939,-0.01052090761922787,0,330.17
12462,1.431882173823082,-0.4242629202453546,-0.13649169750285267,0.7067657457340308,-0.15278566728954426,-0.4242629202453546,1.0105790852626988,0.24672141519021082,0.136688861974881,0.9609540234663109,0.290776151147018,0.18179418527227376,-0.6326151497086665,0,427.48
16782,-0.719603315549204,0.9382131830793241,0.011089807425468164,-0.3556330241999213,0.5421867324809257,0.9382131830793241,-0.21165464525819397,-0.5538160420654523,-0.41727767548476635,-0.43263195208415683,0.17801406201844427,-0.20501556996970863,0.41373718754951316,1,637.5500000000001
13018,-0.9282322114883348,2.3006892864040025,0.5479252014077263,-0.1717715004252798,2.49945593999776,2.3006892864040025,-0.13803854102755203,-0.01851853398866599,-0.3307374093057796,0.6300531456715802,-0.20567134696597647,0.07050263709832147,0.0070759652983339,1,2488.85
17389,-0.9412715174845304,3.4928558768130964,1.2488612891422968,-0.007793073800452736,-0.1953349978877363,3.4928558768130964,-0.8315435229386468,-0.47422370121438495,0.5394296527608106,-0.594640268305331,-0.2019865615055918,0.11049160269096328,-0.6003835379564944,1,22920.9
16298,-0.09371662773181173,-0.4242629202453546,-0.24659866027751956,-0.47789262762441226,-0.6208283038696568,-0.4242629202453546,-0.7262793738985699,-0.5734257492316572,2.040045559407232,-0.8261751829853697,-0.5410188408508065,1.3703816276902159,-1.067450603885795,0,483.9
17886,0.2192267161768844,-0.25395340732976973,-0.20182739236798589,-0.3415529523712691,-0.09605322649195489,-0.25395340732976973,0.089517781162026,-0.3692540922658758,-0.4481681871564814,-0.34093516669274376,-0.3892717578534314,-0.22331654226558645,1.4262606017962853,0,491.57
13021,-0.3545027476557252,0.08666561850139992,-0.07014299342493018,-0.160030358114477,-0.03932078569436549,0.08666561850139992,-0.3315388149982816,-0.2905268855544939,0.37847384890849145,-0.555594712890486,-0.2651635788011394,-0.2963645989400675,0.508050841380122,0,1463.91
14731,0.15403018619590605,-0.25395340732976973,-0.2233606368593067,-0.45739275827175,-0.3938985406792992,-0.25395340732976973,-0.30522277773826234,-0.43154375032323283,0.874283132325872,-0.8261751829853697,-0.5410188408508065,0.04585727265593599,-0.38545556662720454,0,129.0
17293,-0.9673501294769218,0.25697513141698475,-0.11865865612603223,-0.3698047348538096,-0.08187011629255754,0.25697513141698475,-0.5578567354344469,-0.3886330969948313,0.46906937984150066,-0.03941927467201943,0.8045586220056397,0.7703298350945087,-0.615237147166161,0,987.03
15709,1.1710960538991686,-0.4242629202453546,-0.24337776689121812,-0.44323852198364955,-0.6350114140690541,-0.4242629202453546,-0.7789114484186084,-0.32772765356097106,-0.7262801990900174,1.09533859242636,1.6475424798093075,-0.4803353059603332,0.07977010942527099,0,0.0
13379,-0.7456819275415953,-0.4242629202453546,-0.2428610642055001,-0.4376792353795378,-0.5357296426732727,-0.4242629202453546,-0.41048692677833926,-0.1720035084175784,-0.7262801990900174,1.2229593127857894,-0.5410188408508065,0.1435007388751905,1.7763085599870245,0,436.27
16094,0.33658047014264547,-0.4242629202453546,-0.22317707143148585,-0.2258960177406602,-0.4931803120750806,-0.4242629202453546,-0.2525907032182239,-0.1789245815350625,-0.26639637307407243,-0.8261751829853697,0.07738886543841687,-0.2568262477726238,0.2840221780106252,0,826.13
14618,1.8752185776937351,-0.4242629202453546,-0.230026781377024,-0.299593139499116,-0.6491945242684515,-0.4242629202453546,-0.8315435229386468,-0.42808321376449077,-0.7262801990900174,-0.8261751829853697,1.0826749472211115,-0.7766764888242278,1.0603572031954054,0,341.64
15555,-1.1759790254160525,1.108522695994909,0.21152115876732833,-0.17311388311747627,2.9674985765778725,1.108522695994909,1.4947941708470527,0.09376569929381183,0.2840388022251989,0.19480776592991414,-0.3293486671625607,0.1743267388023613,-0.5611369932034308,1,1985.23
13880,-0.6283281735758344,0.7679036701637393,0.01964939533756,-0.3027110946504353,0.2585245284929788,0.7679036701637393,-0.5157510758184162,-0.37790543366273094,-0.6017004082143578,-0.24229298687771184,0.04598117039926198,0.9910412925169894,-0.19065088359548557,1,1539.01
18113,2.279437063575801,-0.4242629202453546,-0.2530540444892203,-0.5473471359218354,-0.7059269650660409,-0.4242629202453546,-1.0420718210188007,-0.497293944939332,-0.7262801990900174,-0.8261751829853697,-0.5410188408508065,-1.3226823162124386,4.941478643311516,0,0.0
16493,-0.2632276056823555,-0.08364389441418492,-0.1330617434904219,-0.2100532700607407,-0.3655323202805045,-0.08364389441418492,-0.4982070509784033,0.067927026321871,-0.7262801990900174,2.8798116854482707,0.2748874433227112,-0.24006271726857795,-0.6342306860267807,0,569.34
15073,-0.1067559337280074,-0.25395340732976973,-0.11952039382885798,0.10122410980655014,-0.4080816508786965,-0.25395340732976973,0.06320174390200677,-0.005897753597959529,-0.7262801990900174,-0.2994728458587859,1.0137326985049397,2.802204187087627,-1.067450603885795,0,181.45
12405,-0.5892102555872473,-0.4242629202453546,0.024685546843423438,2.4408974236771694,0.045777875502018596,-0.4242629202453546,1.747428128543237,2.2192272536731847,-0.7262801990900174,1.0551023113155469,-0.38606529769142667,-0.284032392132827,-0.29802632379255134,1,0.0
17190,0.1801087981882974,-0.4242629202453546,-0.23288224358757093,-0.33031551283762856,-0.7059269650660409,-0.4242629202453546,-1.0420718210188007,-0.7429920406100182,-0.7262801990900174,-0.8261751829853697,-0.5410188408508065,-1.3226823162124386,-1.067450603885795,0,249.74
17980,-0.3675420536519209,-0.08364389441418492,-0.1281054769392583,-0.19227818262917276,-0.3938985406792992,-0.08364389441418492,-0.5683831503384545,0.04024273385193453,-0.6938083858548387,-0.18521319014467977,3.963580691815965,-1.1703865622758314,0.6638793092262038,0,0.0
16146,-0.47185650162148624,-0.08364389441418492,-0.1412474018273231,-0.23941020458420825,-0.35134921008110714,-0.08364389441418492,-0.5859271751784674,-0.25390287364114045,-0.5798416233245264,-0.3168684828112312,0.6269666728256854,1.2693035139950866,-0.8218975309751126,0,0.0
17408,-0.3936206656443122,-0.4242629202453546,-0.26047654655675506,-0.627207019474981,-0.6917438548666435,-0.4242629202453546,-0.9894397464987621,-0.7360709674925341,-0.7262801990900174,-0.8261751829853697,-0.5410188408508065,-1.3226823162124386,-1.067450603885795,0,0.0
14060,-1.1107824954350742,1.7897607476572481,0.43131526338451615,-0.15099978294118596,0.23015830809418414,1.7897607476572481,-0.572142584232743,0.18542048186392288,-0.1548503097092348,0.4743097386796072,0.5182526798919117,-0.4054799437973405,-0.7502183674648955,1,2037.64
15111,2.3315942875605837,-0.4242629202453546,-0.2169902366419675,-0.15933087550721622,-0.4931803120750806,-0.4242629202453546,-0.2525907032182239,-0.37963570194210194,0.7252881150325043,-0.3572610075382092,-0.5410188408508065,0.16280532925027139,1.0820173278672809,0,1278.98
14315,-0.8369570695149651,0.25697513141698475,-0.002550123669555095,-0.1199586911037533,-0.02513767549496814,0.25697513141698475,-0.3789076820663162,-0.26959063937410443,0.6185915136262867,-0.8261751829853697,-0.4286156361379894,1.036235014591189,-0.3980043690111212,0,930.98
16325,-0.4979351136138776,-0.25395340732976973,-0.19531591872000656,-0.30652396062726855,-0.5640958630720674,-0.25395340732976973,-0.7525954111585892,-0.5388203836442367,-0.7262801990900174,0.1493673843179277,-0.5410188408508065,-0.897268338542802,1.1814563808472014,0,178.22
16809,-0.7456819275415953,-0.08364389441418492,-0.18602376877651844,-0.3999955623678939,0.14505964689780004,-0.08364389441418492,0.5018023649023269,-0.3184995560709922,-0.3702470389973773,-0.23868650164626745,-0.5410188408508065,0.3766765756959513,-0.5880792698182369,0,444.0
15691,0.7668775680171027,-0.4242629202453546,-0.24277438053125136,-0.43674659190319004,-0.6917438548666435,-0.4242629202453546,-0.9894397464987621,-0.497293944939332,-0.7262801990900174,-0.8261751829853697,-0.5410188408508065,4.34614289167105,-1.067450603885795,0,0.0
13523,0.07579435021873202,-0.08364389441418492,0.13666895621359254,0.7573052690176829,0.5847360630791179,-0.08364389441418492,0.6947866381424681,0.20865551304404817,0.8713452009117844,-0.6045528135422911,-0.36974026785267866,-0.6634999012726687,0.581248787663007,1,1595.64
13623,0.2192267161768844,0.08666561850139992,-0.17438436090876525,-0.4404177326458725,0.14505964689780004,0.08666561850139992,-0.2657487218482335,-0.6175475903556186,2.665169405105252,-0.634096358774223,-0.06122957813562703,-0.3822063719922892,-0.5436460995211723,0,188.57
13049,1.627471763766017,-0.4242629202453546,-0.23988832408273428,-0.4056950502789077,-0.6208283038696568,-0.4242629202453546,-0.7262793738985699,-0.47653072558687964,-0.7262801990900174,-0.006106927993335124,-0.5410188408508065,0.9001695503201039,1.5466563452460824,0,502.9
15028,2.279437063575801,-0.4242629202453546,-0.23441705452573988,-0.3468287885070791,-0.5215465324738753,-0.4242629202453546,-0.35785485225830077,-0.3346487266784552,2.1036515654476378,-0.8261751829853697,-0.5410188408508065,-1.3226823162124386,-0.8751984717095084,0,441.16
15235,0.3105018581502541,1.4491417218260785,0.11597875294633801,-0.34441031596302063,1.1520604710550117,1.4491417218260785,-0.4675050075083809,-0.3646400435208864,-0.02035393183316708,-0.2908419704026077,-0.09490081320689482,0.4416954215589872,0.7676775806311865,1,0.0
13791,-0.8630356815073564,-0.25395340732976973,-0.008354530484446628,0.6992497365422875,-0.6208283038696568,-0.25395340732976973,-0.8052274856786276,1.3298693580764753,-0.7262801990900174,-0.8261751829853697,-0.5410188408508065,-0.7804793774636882,-0.4966815988749691,0,0.0
13418,-0.9021535994959434,1.7897607476572481,0.4719971014853737,-0.11973532690983817,1.733567989230303,1.7897607476572481,-0.2638690049010892,-0.08301828262135406,0.9877090259130251,0.14003619163071032,-0.3876869059268892,-0.5769838727667359,0.4578888226487152,1,1785.3
12530,-0.9151929054921392,-0.08364389441418492,-0.05838460796507087,0.05776780037594375,-0.16696877748894162,-0.08364389441418492,-0.2876787528982495,-0.054345265420348364,-0.6348294299804774,0.5037938113277687,-0.417157447245439,-0.5551763289133522,0.4890718536720892,0,440.63
13059,0.7277596500285156,-0.4242629202453546,-0.23485387225675808,-0.35152858014279204,-0.6066451936702594,-0.4242629202453546,-0.6736472993785315,-0.6253337976127882,-0.4006260380978935,-0.8261751829853697,-0.33475483935408096,-1.1403155292630789,0.7689751556856845,0,0.0
15203,-1.1499004134236612,0.08666561850139992,-0.040254122607985145,-0.07963557609695561,0.31525696929056823,0.08666561850139992,0.28688806061217015,0.4119620358701441,-0.6366720036203143,0.3087263825774019,-0.5410188408508065,0.65247855068156,-0.6499125336043027,0,499.48
17083,-1.0977431894388785,-0.08364389441418492,-0.027088402201499138,0.17000809011444212,-0.37971543047990186,-0.08364389441418492,-0.1824146038581727,0.1440588306141963,-0.4878627395671833,-0.12753802529102226,-0.5410188408508065,-1.06137551609375,3.911337406009412,0,0.0
18167,-1.1499004134236612,-0.4242629202453546,-0.1813003583699054,0.2246622169702168,-0.5357296426732727,-0.4242629202453546,-0.41048692677833926,-0.324267117002229,-0.7262801990900174,-0.2787983773482936,0.0016977459598793276,-0.5755273327468132,3.2924224705130243,0,886.3800000000001
12484,-1.1759790254160525,-0.08364389441418492,0.33203186213173197,1.457952156696647,2.4285403890007733,-0.08364389441418492,3.800079034824736,1.389851991761338,-0.37362388273728026,1.0415698477375044,-0.3762578709735838,-0.010312991019591971,-0.3696179810667491,1,868.6700000000001
16042,-1.12382180143127,-0.25395340732976973,-0.1911585017158412,-0.2841588043219108,-0.35134921008110714,-0.25395340732976973,-0.41048692677833926,-0.2965828245322925,0.19254590827281715,-0.2015173076790507,-0.10814441645393044,-0.29761437258748474,-0.8955642333021452,0,736.99
13663,-0.18499176970518144,-0.4242629202453546,-0.2338221665652093,-0.34042829406155567,-0.5357296426732727,-0.4242629202453546,-0.41048692677833926,-0.43154375032323283,3.4153563776809284,-0.8261751829853697,-0.5410188408508065,-0.9322343879764144,0.33876633188624644,0,0.0
16889,0.010597820237753656,-0.08364389441418492,0.0022973633688257535,0.27539680294173274,0.8683982670670648,-0.08364389441418492,1.2737394578628911,0.32054619511004134,0.32065530236427997,0.6627128702909754,-0.415349046820503,-0.49911243686585105,0.1890168937545178,0,0.0
15210,0.4148163061198195,-0.4242629202453546,-0.20973600288326852,-0.08128141752580446,-0.43644787127749124,-0.4242629202453546,-0.04206240513807012,0.0425497582244293,-0.4738043177676621,-0.5907776088789545,1.897151678046496,0.32346455329101914,-0.318103487788057,0,0.0
12360,-1.0586252714502915,-0.25395340732976973,0.009029795402145005,0.7927701039548788,0.17342586729659473,-0.25395340732976973,0.8789988989626026,0.4197482431273138,-0.7262801990900174,0.8970359824327216,-0.5410188408508065,0.19831769939858707,0.5728740520710754,0,1043.78
16712,-1.1107824954350742,0.5975941572481545,0.07576432681446879,-0.161574967233218,1.364807124045972,0.5975941572481545,0.7098243737196219,-0.25159584926864575,0.6372858722656151,0.1366776271682772,-0.5022551510895761,-0.46727440582352747,0.23129519712437796,1,1600.4
12818,0.8842313219828637,-0.4242629202453546,-0.003921765338549985,2.1331067893554394,-0.5215465324738753,-0.4242629202453546,-0.35785485225830077,2.468385885902613,-0.7262801990900174,0.958098660880885,-0.5410188408508065,0.9006170494027917,-0.2000587367802485,0,0.0
14224,-1.0847038834426828,0.08666561850139992,-0.09440422413525566,-0.22528797076833545,0.7691164956712834,0.08666561850139992,0.39215220965224706,-0.3285927877006566,-0.4055510104047146,-0.46133077727241506,-0.40554191218419944,-0.21438328153160383,1.3475946726709205,0,0.0
14443,-0.719603315549204,-0.08364389441418492,-0.09749934120990207,-0.08251275074294329,0.102510316299608,-0.08364389441418492,0.045657719061994013,0.021786538871976947,-0.4527389264317712,0.35506055362227057,0.31636851103649655,0.47706906267012844,-0.37778610056659406,0,428.68
14870,0.8842313219828637,-0.4242629202453546,-0.21040397707895003,-0.08846825843177795,-0.5357296426732727,-0.4242629202453546,-0.41048692677833926,-0.3346487266784552,-0.7262801990900174,-0.8261751829853697,-0.30282085344742543,1.0912238494669015,0.1132190694367021,0,0.0
17889,0.24530532816927578,-0.25395340732976973,-0.23179954749940523,-0.5027905510174985,-0.43644787127749124,-0.25395340732976973,-0.5683831503384545,-0.613221919657191,1.1736609608516078,-0.8261751829853697,0.5633541838772174,-0.5062949147692191,1.0258422733595314,0,0.0
17888,-0.41969927763670356,0.08666561850139992,-0.21554550873782174,-0.5511325712081878,-0.26625054888472305,0.08666561850139992,-0.6341732434885027,-0.28101041001795324,0.9295529833562618,1.4685370469607655,0.04050772716176968,-0.5845898219738712,-0.8590601283095922,0,419.0
17248,-0.9543108234807262,-0.4242629202453546,-0.2118657017819681,-0.1041951876407785,0.24434141829358147,-0.4242629202453546,2.5369092463438134,-0.009358290156701587,-0.40103182456593384,-0.018577421438774874,-0.5410188408508065,-0.5107407424236344,0.33403573426485306,0,0.0
17707,-0.1067559337280074,-0.25395340732976973,-0.24012287990717204,-0.5475665814456819,-0.6775607446672461,-0.25395340732976973,-0.9631237092387429,-0.497293944939332,-0.7262801990900174,-0.8261751829853697,-0.5410188408508065,-1.3226823162124386,4.941478643311516,0,0.0
15108,-0.680485397560617,0.08666561850139992,-0.04502512405144062,-0.09246856746023012,-0.010954565295570795,0.08666561850139992,-0.30522277773826234,-0.3147506414656883,-0.3085559675384954,0.790016153863512,-0.5410188408508065,0.2599237598973146,-0.30954681881341745,0,0.0
16681,-0.64136747957203,0.08666561850139992,-0.03951306217715271,-0.07764227925534968,-0.507363422274478,0.08666561850139992,-0.6473312621185122,0.16193826950103035,0.7741490864526438,-0.38709689966723476,-0.5410188408508065,-1.3226823162124386,1.0603022788410494,0,437.66
17245,0.14099088019971037,-0.4242629202453546,-0.2368849897219983,-0.3733816968925079,-0.592462083470862,-0.4242629202453546,-0.621015224858493,-0.4869123352631058,0.8228622256684421,1.3938493116135395,-0.5410188408508065,0.8595426107068393,-1.067450603885795,0,0.0
17444,-0.602249561583443,-0.08364389441418492,0.2336866841766988,1.1052483384943295,1.1520604710550117,-0.08364389441418492,1.2737394578628911,1.6978397454893812,-0.348839755871471,1.745593496740826,-0.4895517616620888,-0.6162483290339134,0.23021519577356908,1,0.0
15301,-1.0455859654540958,0.9382131830793241,0.3675126797776647,0.0704570346020689,1.123694250656217,0.9382131830793241,-0.10639049621811707,0.021786538871976947,-0.14154554999097171,-0.10825389411902886,-0.3749467745942909,0.2798246412632157,1.156291707880166,1,1322.55
13838,-0.9934287414693131,-0.08364389441418492,-0.186559167940996,-0.40191571070155097,0.7832996058706807,-0.08364389441418492,0.9053149362226219,-0.5572765786241943,0.47871222565102256,0.17346476172214212,-0.5410188408508065,-0.21714379019366756,0.004167911388431269,0,207.28
16258,-0.8630356815073564,0.08666561850139992,0.3698344425036213,1.0234164930810634,0.30107385909117085,0.08666561850139992,0.07635976253201637,1.282286980393772,0.40327065290033365,-0.056980594980379246,-0.5410188408508065,0.7018483267723875,0.2538983306960796,1,1462.45
13925,-0.9412715174845304,-0.25395340732976973,-0.1817133805825024,-0.23334802198794818,-0.3655323202805045,-0.25395340732976973,-0.2262746659582047,-0.2844709465766953,-0.7262801990900174,-0.3146364273505446,-0.5410188408508065,0.0994094262913838,0.5116725019798258,0,182.2
13192,0.15403018619590605,-0.4242629202453546,-0.18710646486468416,0.16219339118190781,-0.2520674386853257,-0.4242629202453546,0.6421545636224296,0.28478731733637347,-0.4856684828540817,-0.23161439462538028,1.3069837866251979,-0.1375667430533025,-0.41714759158465636,0,447.62
16449,0.04971573822634068,-0.25395340732976973,-0.14574135544916003,-0.03983364420929324,-0.15278566728954426,-0.25395340732976973,-0.04206240513807012,-0.11144411863959235,0.2675863094108223,-0.4643759339164088,0.11986621936841299,1.9967152701528326,-0.5579962455765939,0,0.0
15482,-0.3675420536519209,0.08666561850139992,0.06172327126605916,0.19466218514769895,-0.4789972018756833,0.08666561850139992,-0.8183855043086372,-0.16248703288103772,0.546157920166731,-0.4853044119740051,0.7525606457893496,-0.9787251781517801,0.6683861164682938,1,8951.46
12913,1.1580567479029729,-0.08364389441418492,-0.11876743563881496,-0.15878835740659564,-0.54991275287267,-0.08364389441418492,-0.8315435229386468,-0.3484908729134234,-0.7262801990900174,1.873266243828055,-0.4060617925623511,-1.136074789661074,0.02365703721010968,0,1617.24
13225,-0.6544067855682256,0.25697513141698475,0.46476156420543435,0.8856175050943409,-0.507363422274478,0.25697513141698475,-0.8736491825546776,0.7512676454548032,0.3768246565099816,-0.8261751829853697,0.3240939828093459,0.47971393181876504,-0.33652232371661633,1,2164.28
14702,-1.0064680474655088,0.9382131830793241,0.014633639990343351,-0.3513965064478844,0.7832996058706807,0.9382131830793241,-0.07130244653809156,-0.5019079936843214,-0.25926745113090477,0.651979905704715,-0.027297367639426223,-0.3555918931627623,0.38651922546632345,1,1600.54
14133,-0.8369570695149651,-0.08364389441418492,-0.16308658869834536,-0.3177339694704282,-0.3655323202805045,-0.08364389441418492,-0.6034712000184802,-0.34503033635468133,-0.4954059143845789,-0.3434690667742377,0.285736309602678,1.2061244112393177,0.03980206104257779,0,0.0
17898,0.1801087981882974,-0.4242629202453546,-0.2490563973944546,-0.5043358132479178,-0.43644787127749124,-0.4242629202453546,-0.04206240513807012,-0.31734604388474486,0.06546417740295987,2.191538003130872,0.09582994491517897,-0.46020780792167143,-0.14661108583572635,0,52.22
17891,-0.41969927763670356,-0.4242629202453546,-0.23137632720748486,-0.3141131183269606,-0.23788432848592836,-0.4242629202453546,0.6947866381424681,0.6135382904168691,-0.5525659058006113,3.9022645184696936,-0.43043095202457354,0.5237318592190522,-1.0055514995047772,0,0.0
15480,-1.0064680474655088,-0.4242629202453546,-0.11211998759985721,0.9689848596036332,-0.08187011629255754,-0.4242629202453546,1.2737394578628911,0.30209000013008375,-0.479519664396103,-0.3079174040978144,-0.5410188408508065,-0.640294742872516,2.1228229859431473,0,0.0
16929,-0.8630356815073564,-0.25395340732976973,-0.19313013038502835,-0.29476533797449256,-0.3938985406792992,-0.25395340732976973,-0.35785485225830077,-0.18238511809380456,-0.7262801990900174,-0.8261751829853697,-0.5410188408508065,0.33006414898470604,0.5401425266481992,0,866.51
15489,0.2322660221730801,-0.4242629202453546,-0.20683294963587917,-0.05004700463165002,-0.3938985406792992,-0.4242629202453546,0.11583381842204521,0.014865465754492829,0.24519056008408244,1.0941305137527118,0.5254550920117752,0.03486670560310983,-0.30913084159807397,0,786.02
16023,-0.01548079175463769,-0.25395340732976973,-0.1809247291148275,-0.22910540852691552,0.11669342649900534,-0.25395340732976973,0.6158385263624104,-0.3536816777515365,-0.5073565300439113,0.056142196413437685,-0.5410188408508065,0.13831192139023996,0.6325330743692111,0,219.12
12949,-1.0325466594579003,0.5975941572481545,0.3202649782724365,0.21422810480065732,1.32225779344778,0.5975941572481545,0.2511734386164299,0.26600154744605936,-0.5110711831921291,0.21491490146592757,0.30884644973079434,0.3467305191837167,0.07945491581599982,1,717.8
17974,0.33658047014264547,-0.4242629202453546,-0.2381393534787743,-0.38687759660906873,-0.46481409167628596,-0.4242629202453546,-0.09469447965810857,-0.4523069696756852,-0.04962885917405737,0.743705464304922,-0.19167776253704594,-0.028046608652285844,0.580637505603319,0,539.92
14644,1.3666856438421036,-0.4242629202453546,-0.23415700350299365,-0.34403085807803596,-0.6066451936702594,-0.4242629202453546,-0.6736472993785315,-0.5180571642917843,-0.7262801990900174,-0.8261751829853697,-0.5410188408508065,0.672744156962549,2.8263355482980628,0,643.26
15218,-1.0064680474655088,0.7679036701637393,0.39095976382200687,0.19666233966192503,0.24434141829358147,0.7679036701637393,-0.2328536752732095,0.23028386653618604,1.9151051240684842,-0.3851338257338737,0.20687873741628046,-0.9329840394098725,-0.102735578614284,1,1891.54
13285,-0.41969927763670356,-0.08364389441418492,0.06882793319468185,0.5140011401618513,1.0102293690610382,-0.08364389441418492,1.308827507542916,0.9307541416348915,-0.22468008799178138,0.07767465158534836,-0.38507962240833643,-0.030572291543599178,-0.14871060701214678,1,739.02
16614,-0.14587385171659442,-0.4242629202453546,-0.17998990517685082,0.23876159187735557,-0.35134921008110714,-0.4242629202453546,0.27373004198216055,0.025247075430719006,2.6384952887776256,-0.8261751829853697,-0.5410188408508065,0.6790281436091594,-1.067450603885795,0,0.0
16766,1.0407029939372119,-0.25395340732976973,-0.07131067350745743,0.3605721447391605,-0.4789972018756833,-0.25395340732976973,-0.19995862869818545,0.1809712205741117,0.33725807934005797,-0.3618287137970035,-0.5410188408508065,0.47752596820447263,1.3936087560871262,0,0.0
16836,-1.0064680474655088,-0.4242629202453546,-0.2505045246583748,-0.5199164454410206,-0.6917438548666435,-0.4242629202453546,-0.9894397464987621,-0.45576750623442724,-0.7262801990900174,-0.8261751829853697,0.7142678590821483,-1.3226823162124386,3.954466611905913,0,160.55
16374,0.8972706279790594,-0.4242629202453546,-0.2398169375274706,-0.4049269909454449,-0.35134921008110714,-0.4242629202453546,0.27373004198216055,-0.5699652126729152,0.06886802784820267,-0.5560419343208736,0.11565403163162993,0.5345748141525021,-0.5889184952244269,0,312.53000000000003
14499,-0.7847998455301823,-0.25395340732976973,-0.2035100754563439,-0.3506050802299379,0.2868907488917735,-0.25395340732976973,1.1684753088228141,-0.4211621406470067,-0.4620784522379933,-0.650793260274521,0.8088976577071255,0.5853695603977023,-0.3000995075565553,0,440.63
17659,-1.0977431894388785,0.7679036701637393,-0.0024821364740659057,-0.33247567971299274,0.24434141829358147,0.7679036701637393,-0.5815411689684642,-0.40429202492313915,0.5518566798676035,0.4316687829097283,0.21721133968311415,-0.5551397254265501,-0.906623436907182,0,1346.43
14034,-0.47185650162148624,-0.25395340732976973,-0.18547647185283025,-0.2535918715627895,-0.3938985406792992,-0.25395340732976973,-0.43680296403835844,-0.21526021540185414,1.2982901351504723,-0.1794579812494222,-0.5410188408508065,2.233087727246121,-1.067450603885795,0,174.98
15457,0.8972706279790594,-0.4242629202453546,-0.22573169030199303,-0.25338156960243663,0.07414409590081329,-0.4242629202453546,1.9579564266233906,-0.28966175141480843,-0.7262801990900174,-0.7310684355995729,-0.21865897122614653,2.887508995855921,-0.8983884784426518,0,0.0
16144,0.6886417320399286,-0.4242629202453546,-0.23624760976428694,-0.3665240242723042,-0.7059269650660409,-0.4242629202453546,-1.0420718210188007,-0.6910839922288873,-0.7262801990900174,-0.8261751829853697,-0.5410188408508065,-1.3226823162124386,-1.067450603885795,0,0.0
14116,-0.9412715174845304,-0.4242629202453546,-0.2116413440368537,-0.1017812868784667,-0.4789972018756833,-0.4242629202453546,-0.19995862869818545,-0.18584565465254663,0.2970450566488592,0.4278780006493534,-0.5410188408508065,-0.8436216742110962,-0.5040606691546664,0,1062.77
14265,-1.0977431894388785,-0.25395340732976973,-0.17591237312738534,-0.20214103978427458,-0.28043365908412043,-0.25395340732976973,-0.27890674047824315,-0.17546404497632045,-0.45591931127400515,1.8796943006350715,-0.24869638337596778,-0.9602145231096243,0.12316016494380491,0,0.0
17652,-0.64136747957203,0.4272846443325696,0.19519403377059394,0.14014216388983067,0.7123840548736939,0.4272846443325696,0.2649580295621539,0.10080212362992057,-0.5078399922383265,-0.4974781834119095,-0.023526543760995576,0.13688500948468982,0.5107522338805138,1,2154.15
17259,-0.5892102555872473,-0.25395340732976973,-0.16723550730307457,-0.15546314814942133,0.754933385471886,-0.25395340732976973,1.9579564266233906,-0.07510848477280072,-0.2536017819756298,0.5357456618780628,0.8077336002250117,-0.4429479016930736,-0.5660431257978275,0,0.0
14099,-0.9543108234807262,0.7679036701637393,0.12658645512254235,-0.15889198445952318,1.3080746832483825,0.7679036701637393,0.2210979674621221,0.0001581853798390756,-0.3837964907542393,-0.4361352249895711,0.17168098648369143,1.146434246224207,-0.4246550018811995,1,794.25
15288,-0.4979351136138776,0.08666561850139992,0.07499097246577896,0.230349513463239,0.32944007948996556,0.08666561850139992,-0.055220423768079736,-0.12269086245550404,1.4975514242877477,-0.707321773099007,-0.5410188408508065,-0.011401300353506743,0.0042889299513812346,1,300.16
12597,-0.13283454572039874,-0.25395340732976973,-0.023174039421207732,0.619527006441546,0.30107385909117085,-0.25395340732976973,0.9579470107426603,0.4214785114066848,-0.07055328882162724,1.3894767005743554,-0.393931334952349,-0.4750227213997575,-0.1547204896514095,0,2382.41
17862,1.6926682937469957,-0.4242629202453546,-0.20978359392011095,-0.08179345708144639,-0.5640958630720674,-0.4242629202453546,-0.5157510758184162,-0.4003989212945543,-0.5457876843545821,-0.8261751829853697,-0.5410188408508065,-1.3226823162124386,3.441516250387679,0,0.0
13340,-1.1499004134236612,0.25697513141698475,1.302700349250204,2.6887209111824393,0.8542151568676675,0.25697513141698475,0.08425457371002207,2.816515863712064,0.19870175269721782,-0.09800514032129047,-0.20219564081859537,0.23150694937181118,0.5790650476160127,1,1506.94
14930,-1.1107824954350742,-0.08364389441418492,0.13560155724441195,0.7534771637683605,0.9251307078646542,-0.08364389441418492,1.1333872591427887,0.5916215588781695,1.066198118251046,-0.21892681472211262,-0.18105708175668284,0.14336835097515635,-0.22878009497930818,1,0.0
13573,0.7799168740132983,-0.4242629202453546,-0.2606261183868313,-0.6288162866498554,-0.6775607446672461,-0.4242629202453546,-0.9368076719787237,-0.7118472115813397,-0.7262801990900174,1.3029047606171797,-0.5410188408508065,-1.3226823162124386,-0.9880124457547638,0,258.48
14475,-0.09371662773181173,-0.25395340732976973,-0.16027701784475368,-0.11802939920660276,-0.3938985406792992,-0.25395340732976973,-0.35785485225830077,-0.32599738528160005,1.9593104819801732,-0.7193001899966784,0.02154780919176346,-0.2689516070947932,-0.27781102748247777,0,303.68
13928,-1.1368611074274655,-0.25395340732976973,-0.22770671833095463,-0.4807728501248978,-0.5357296426732727,-0.25395340732976973,-0.7525954111585892,-0.5959192368634807,-0.7262801990900174,-0.3678303235228361,1.3911371558843195,0.20107376095650945,-0.6716528690404631,0,239.12
13173,2.2663977575796053,-0.4242629202453546,-0.2378215133398622,-0.3834579038624605,-0.3938985406792992,-0.4242629202453546,0.11583381842204521,-0.35195140947216547,0.5440224572766837,-0.7686013902249915,-0.03258370081056493,-0.26298026758916626,0.8952103892327672,0,187.71
13302,-0.5109744196100733,-0.4242629202453546,-0.2551905421074688,-0.5703340545447582,-0.7059269650660409,-0.4242629202453546,-1.0420718210188007,-0.72914989437505,-0.7262801990900174,-0.8261751829853697,-0.5410188408508065,-1.3226823162124386,4.941478643311516,0,0.0
14350,1.0537422999334074,-0.4242629202453546,-0.21793695833915477,-0.16951680523909213,-0.46481409167628596,-0.4242629202453546,-0.14732655417814702,-0.11317438691896338,-0.23455413594244176,-0.8261751829853697,0.41516595465829675,0.8424230171346428,-1.067450603885795,0,0.0
14311,0.636484508055146,-0.4242629202453546,-0.21329173320735434,-0.11953808718304755,-0.43644787127749124,-0.4242629202453546,-0.04206240513807012,-0.24121423959241958,0.6053651457274938,-0.8261751829853697,-0.10504036442234248,0.16861373699277765,0.5718060566014749,0,0.0
13221,0.6104058960627546,-0.25395340732976973,-0.1219934280647781,0.08792022492335488,0.15924275709719737,-0.25395340732976973,0.6421545636224296,-0.324267117002229,-0.43855829387007633,-0.011462760176609181,-0.2348480435731463,-0.13775529260827724,0.8120017237592027,0,0.0
13461,-0.719603315549204,-0.25395340732976973,-0.11574030575965777,0.12155939501632752,-0.54991275287267,-0.25395340732976973,-0.6473312621185122,0.7000517043854206,-0.7262801990900174,-0.31272082140469826,-0.5410188408508065,-0.5885944556575199,0.2502731928022376,0,560.8
17457,-0.8760749875035521,0.25697513141698475,0.02932737261544941,-0.051363677774729076,-0.5215465324738753,0.25697513141698475,-0.8947020123626929,-0.17477193766457208,-0.40967065802916164,0.10790525915882962,4.076748725847369,-0.48708762855215415,-0.786870228034043,1,0.0
15256,-0.5892102555872473,-0.4242629202453546,-0.24929265289877958,-0.50687772389914,-0.6350114140690541,-0.4242629202453546,-0.7789114484186084,-0.556123066437947,-0.7262801990900174,-0.8261751829853697,-0.5410188408508065,1.57938767339983,1.8652974949240653,0,0.0
14129,0.8711920159866681,-0.4242629202453546,-0.20502449023586608,-0.03058950151725863,-0.4931803120750806,-0.4242629202453546,-0.2525907032182239,-0.1789245815350625,-0.7262801990900174,-0.44924082908036567,-0.5410188408508065,0.7622575763498916,1.0220293906815618,0,764.96
15757,0.3105018581502541,-0.4242629202453546,-0.22160316785591055,-0.20896213815050382,-0.4931803120750806,-0.4242629202453546,-0.2525907032182239,-0.16854297185883632,-0.052023223811849914,-0.064678928795246,-0.10241774872547202,0.08367912578008267,-1.067450603885795,0,453.06
14373,2.1490440036138443,-0.4242629202453546,-0.253014951851814,-0.5469265320011295,-0.6633776344678488,-0.4242629202453546,-0.8841755974586852,-0.6876234556701453,-0.7262801990900174,-0.8261751829853697,1.0463194782105925,-0.5673326477550702,0.8910442977154184,0,0.0
17436,0.4278556121160152,-0.4242629202453546,-0.245221919568863,-0.46308005476477226,-0.6633776344678488,-0.4242629202453546,-0.8841755974586852,-0.5803468223491414,-0.7262801990900174,-0.8261751829853697,-0.5410188408508065,4.34614289167105,-1.067450603885795,0,93.9
17893,0.4148163061198195,-0.4242629202453546,-0.24780373331756583,-0.4908582006583441,-0.507363422274478,-0.4242629202453546,-0.30522277773826234,-0.23083262991619338,-0.5132775021737339,3.215986452505823,-0.5410188408508065,-1.2354370816913334,-0.8852939015875837,0,0.0
12535,-0.09371662773181173,-0.4242629202453546,-0.20289139197739206,-0.007639157148310319,-0.46481409167628596,-0.4242629202453546,-0.14732655417814702,-0.3484908729134234,-0.067992229120738,0.14707992337529396,-0.5410188408508065,-0.40013423755701555,1.4343152006075799,0,344.9
13644,-1.1499004134236612,-0.4242629202453546,-0.12136794586627735,0.8694846016662243,-0.03932078569436549,-0.4242629202453546,1.4316356814230065,1.5340410150422568,-0.7262801990900174,0.034765345523629955,-0.4063294643596279,2.2429047665686883,0.16739145198938826,0,1773.17
17812,2.279437063575801,-0.4242629202453546,-0.2331711891684001,-0.3334243244254542,-0.3371660998817098,-0.4242629202453546,0.4316262655422759,-0.3069644342085187,-0.7262801990900174,-0.3101812793037291,1.2617936556372813,0.9427949073209269,0.1169270697728573,0,506.51
15835,-0.7326426215453997,-0.08364389441418492,-0.15121092532626718,-0.2751432507172164,-0.26625054888472305,-0.08364389441418492,-0.4806630261383905,-0.36233301914839167,-0.4142285302805402,-0.712125347666604,-0.5410188408508065,0.16142856003542602,-0.5614804545459141,0,278.58
14243,-0.6935247035568127,0.5975941572481545,0.07234287120147415,-0.1668338224653972,0.49963740188273376,0.5975941572481545,-0.2525907032182239,-0.318334768615814,0.525282178202469,-0.5491372945136661,-0.04044068557166309,0.2995895617365573,0.5691750485797341,1,597.99
15535,-0.2632276056823555,0.08666561850139992,-0.1805490998597496,-0.456999585041525,0.05996098570141595,0.08666561850139992,-0.14732655417814702,-0.6296594683112158,1.6524354091338007,-0.706111580920241,-0.1580737765922384,0.8754105760867863,-1.01666923721133,0,0.0
13802,-0.719603315549204,-0.08364389441418492,0.5157281653039224,2.1167580978288743,0.05996098570141595,-0.08364389441418492,-0.04206240513807012,2.220380765859432,0.2208542820256309,-0.172912300710864,-0.347015777266173,-0.7285638179652345,1.348182275492002,1,0.0
12541,-0.2632276056823555,-0.25395340732976973,-0.17489936391459607,-0.19669147594208602,-0.3371660998817098,-0.25395340732976973,-0.35785485225830077,-0.021470168112298797,-0.7262801990900174,1.4390511424034158,-0.5410188408508065,0.4266874951135641,0.1630495305003592,0,445.04
13495,0.5060914480931892,-0.08364389441418492,-0.0837472312423216,-0.033192369258438194,-0.43644787127749124,-0.08364389441418492,-0.6034712000184802,-0.186999166838794,-0.5297228267696886,-0.057901919912277236,2.040391294752207,0.25412042104001104,0.41176698724844213,0,972.44
17746,0.6104058960627546,-0.4242629202453546,-0.24728703063184782,-0.4852989140542323,-0.6350114140690541,-0.4242629202453546,-0.7789114484186084,-0.6460970169652406,-0.7262801990900174,-0.8261751829853697,-0.5410188408508065,2.3871203028242394,-0.38071583277753074,0,0.0
17677,-0.8760749875035521,2.4709987993195877,1.4448513769388236,0.33573009867853515,0.9960462588616409,2.4709987993195877,-0.5654591461984525,0.4135961781339946,-0.17025704324369006,-0.5425761338220206,-0.16218483076344836,-0.43659821769549567,0.37185613837097203,1,4678.88
18149,0.2844232461578628,-0.25395340732976973,-0.1725979973472862,-0.18431109097174497,-0.592462083470862,-0.25395340732976973,-0.7262793738985699,-0.26197745894487195,-0.7262801990900174,-0.8261751829853697,-0.13088117864523477,2.1097785590965805,-0.099996378924068,0,62.400000000000006
13466,-0.11979523972420307,-0.4242629202453546,-0.21369285766074067,-0.12385384915202911,-0.4789972018756833,-0.4242629202453546,-0.19995862869818545,0.14982639154543315,-0.7262801990900174,1.7057822250225152,0.572918418201253,0.06037110897823235,-1.067450603885795,0,0.0
12977,-0.4848958076176819,-0.4242629202453546,-0.2593564575110703,-0.6151558027904096,-0.592462083470862,-0.4242629202453546,-0.621015224858493,-0.7049261384638555,-0.7262801990900174,-0.8261751829853697,-0.5410188408508065,-0.9846331065680108,0.23417780083329637,0,0.0
12785,2.2272798395910183,-0.4242629202453546,-0.21300448730641242,-0.11644756272220909,-0.5215465324738753,-0.4242629202453546,-0.35785485225830077,-0.29312228797355044,-0.7262801990900174,1.4646530868179921,-0.5410188408508065,-0.7956878266191667,-0.37400148415794365,0,0.0
17179,-0.19803107570137712,-0.08364389441418492,-0.1450444866953956,-0.25302801848068396,0.07414409590081329,-0.08364389441418492,0.30881809166218627,-0.41193404315702775,-0.5959757974674946,-0.2704956706780767,-0.5410188408508065,-1.1487445781995764,2.6882251480819765,0,0.0
12417,-1.1368611074274655,0.5975941572481545,0.21269223820962999,0.04888635236915546,1.1520604710550117,0.5975941572481545,0.018088537170545215,-0.1388812299267615,-0.2246391419921406,0.7902890231291493,-0.5071020506753782,-0.44947004843509214,0.6985625481431337,1,832.58
14085,-0.680485397560617,1.4491417218260785,0.2814306922089983,-0.19606666577002296,2.5136390501971575,1.4491417218260785,0.4140822407022631,-0.1149046551983344,0.32275755265178413,0.29536219416773957,-0.1608243034878949,0.23591285766393888,-0.2887005074364439,1,1200.35
13885,-0.054598709743224706,-0.25395340732976973,-0.17988622470372978,-0.22351869123232287,-0.3229829896823125,-0.25395340732976973,-0.35785485225830077,-0.43154375032323283,-0.23964048584403536,-0.8261751829853697,0.37278628347639337,1.017329983490059,-0.14500645346758087,0,0.0
13706,1.4188428678268863,-0.4242629202453546,-0.20980229039887052,-0.08199461547830562,-0.43644787127749124,-0.4242629202453546,-0.04206240513807012,-0.09241116756651102,0.12125464271494049,-0.06369689614069499,0.2768213725576723,0.9423457309654103,-1.067450603885795,0,0.0
14487,2.279437063575801,-0.4242629202453546,-0.24476300599931083,-0.4581425304782256,-0.5357296426732727,-0.4242629202453546,-0.41048692677833926,-0.618412724495304,-0.7262801990900174,-0.8261751829853697,-0.5410188408508065,-0.040286206035758415,0.9307225110894897,0,1040.38
14326,0.636484508055146,-0.4242629202453546,-0.23477738666183273,-0.3507056594283676,-0.6066451936702594,-0.4242629202453546,-0.6736472993785315,-0.39001731161832814,-0.7262801990900174,-0.8261751829853697,0.7060062495802775,1.0530749982690562,-0.5183616109409227,0,0.0
12352,0.8972706279790594,0.25697513141698475,-0.0005682969210445752,-0.11569413309033598,-0.35134921008110714,0.25697513141698475,-0.6947001291865469,-0.5706573199846637,-0.7262801990900174,-0.4346788480137279,-0.37465141805768704,-0.550437772235072,-0.5921026367891394,0,944.23
15146,-0.3805813596481165,-0.25395340732976973,-0.040451285474903835,0.5265826835290519,0.5563698426803232,-0.25395340732976973,1.3000554951229102,1.8022325983447665,-0.47564503228688915,0.7947363506552915,0.03043485123831381,-0.2601299798603061,-0.11863417403357801,0,0.0
16461,-0.21107038169757278,-0.4242629202453546,-0.24173417644026637,-0.42555487018701765,-0.28043365908412043,-0.4242629202453546,0.5895224891023912,-0.5803468223491414,0.39710897455553135,0.058881128654017977,-0.2474588212156042,-0.5579541465511341,-0.4367905233655063,0,0.0
18016,-0.09371662773181173,-0.08364389441418492,-0.18395525835375912,-0.39257708452008244,-0.02513767549496814,-0.08364389441418492,-0.09469447965810857,-0.5099825789880529,1.477003222727764,-0.8261751829853697,-0.1833305032379682,-0.10523383413167472,0.15895037633889705,0,994.8
16781,2.3315942875605837,-0.4242629202453546,-0.21312346489851855,-0.11772766161131376,-0.4789972018756833,-0.4242629202453546,-0.19995862869818545,-0.35541194603090753,0.7501245228329672,-0.8261751829853697,-0.5410188408508065,-0.4156702829510804,0.3273932133351069,0,0.0
14239,-0.8239177635187694,0.5975941572481545,-0.025429514631562355,-0.31711220715286303,0.17342586729659473,0.5975941572481545,-0.5458265469727238,-0.4231395901091449,0.2639993066839702,-0.19012840445368975,0.2102750288571028,-0.15699173769771926,-0.007480816366425287,0,965.31
13812,-1.1499004134236612,-0.4242629202453546,-0.2186491242119043,-0.17717911144673304,-0.43644787127749124,-0.4242629202453546,-0.04206240513807012,-0.0854900944490269,-0.7262801990900174,2.069371261791557,-0.5410188408508065,-0.6649733141928074,0.5006397794145291,0,260.26
13533,-0.14587385171659442,-0.08364389441418492,-0.22028931530308155,-0.5228850557219443,0.14505964689780004,-0.08364389441418492,0.2210979674621221,-0.5134431155467949,-0.10350994332427052,0.0032003240440708143,-0.3050139320225929,0.6552655776824695,0.1448752678684207,0,0.0
15358,-0.9543108234807262,1.960070260572833,0.692561161091477,0.0006583219366864596,2.6838363725899255,1.960070260572833,0.21057155255811444,0.3916025457828784,-0.14406045094410957,1.5944721698620337,-0.5141889881610887,-0.4942520946118008,-0.13707933300297512,1,2707.39
16546,1.2623711958725383,-0.25395340732976973,-0.13223569906522797,0.032821111310891535,-0.3655323202805045,-0.25395340732976973,-0.43680296403835844,0.20346470820593507,-0.7262801990900174,0.4846421687658564,-0.5410188408508065,1.3718370911808246,-0.6827081354125123,0,0.0
17027,-0.18499176970518144,0.08666561850139992,-0.15635755602480056,-0.39192941543928544,0.6272853936773098,0.08666561850139992,0.5368904145823528,-0.500754481498074,0.11223938593685927,1.4806066734488113,-0.5410188408508065,0.04007434109551017,-0.21113418295094624,0,232.33
16557,-0.7326426215453997,-0.4242629202453546,-0.2488337393292274,-0.5019401996125933,-0.6350114140690541,-0.4242629202453546,-0.7789114484186084,-0.7014656019051135,0.5657840039198099,-0.8261751829853697,-0.5410188408508065,-1.3226823162124386,0.4177024478189279,0,180.7
16242,-0.3675420536519209,-0.08364389441418492,-0.12213280181553098,-0.17085786121815422,0.13087653669840268,-0.08364389441418492,0.30881809166218627,-0.31388550732600284,0.6394401791854576,-0.7476313608426869,-0.5410188408508065,0.09728611429556715,-0.3679620943223761,0,2733.27
14368,1.6405110697622127,-0.4242629202453546,-0.23968096313649218,-0.4034640207864681,-0.6066451936702594,-0.4242629202453546,-0.6736472993785315,-0.6218732610540462,0.7107457197659919,-0.8261751829853697,-0.5410188408508065,-0.49978833442290016,-1.067450603885795,0,0.0
13328,1.6013931517736257,-0.4242629202453546,-0.04362628750425007,1.705919502934217,-0.4789972018756833,-0.4242629202453546,-0.19995862869818545,1.60671228277584,-0.40408341687326155,-0.7105202891366221,-0.5410188408508065,0.5411051352056009,1.00734934252817,0,0.0
12423,-0.028520097750833362,0.4272846443325696,-0.01928517183922476,-0.2444604994871761,0.40035563048695233,0.4272846443325696,-0.2525907032182239,-0.17719431325569146,-0.4309313006543357,0.6845418358097598,-0.018691320316524127,0.07385686163914937,0.305336550970261,0,208.64
13842,-0.4979351136138776,0.5975941572481545,0.10200058555375588,-0.12124923977970785,0.6414685038767072,0.5975941572481545,-0.10221334744668546,-0.3049869847463804,0.2996508288714928,-0.35900211326695886,-0.03136804627308639,1.0298616876761966,-0.6273132636901182,1,1220.35
15850,-0.32842413566333384,-0.4242629202453546,-0.2462825198184947,-0.4744912220047913,-0.13860255709014693,-0.4242629202453546,1.2211073833428525,0.08061566037059197,-0.7008745833947279,1.6609698407807612,-0.5410188408508065,-0.8527203090506106,-0.8501856001131651,0,118.72
17329,1.58835384577743,-0.4242629202453546,-0.22466259165292513,-0.24187896672748158,-0.4931803120750806,-0.4242629202453546,-0.2525907032182239,-0.5145966277330423,0.6307380826711656,-0.8261751829853697,-0.5410188408508065,1.872321240301776,-0.44275505016253736,0,279.75
15562,2.0577688616404743,-0.4242629202453546,-0.24315680850587817,-0.4408611954753123,-0.7059269650660409,-0.4242629202453546,-1.0420718210188007,-0.6114916513778199,-0.7262801990900174,-0.8261751829853697,-0.5410188408508065,-1.3226823162124386,-1.067450603885795,0,0.0
13805,-0.8369570695149651,-0.4242629202453546,-0.18100121470975286,0.2278807513199657,-0.6350114140690541,-0.4242629202453546,-0.7789114484186084,1.772818037595459,-0.7262801990900174,1.652647347779742,-0.5410188408508065,2.50760498641154,-1.067450603885795,0,424.36
14304,0.3756983881312325,-0.4242629202453546,-0.20085177611271568,0.014305395236341533,-0.4789972018756833,-0.4242629202453546,-0.19995862869818545,-0.26543799550361397,1.9673974947623827,-0.12057215981934583,-0.5410188408508065,-0.659631564944804,-0.04023633304531059,0,0.0
14403,-0.8239177635187694,0.08666561850139992,-0.015185543951225264,-0.01220636711336599,-0.4789972018756833,0.08666561850139992,-0.8315435229386468,-0.29744795867197804,-0.16923241589962537,-0.5912613938439436,-0.5410188408508065,0.08779234945239409,-1.006987130050491,0,0.0
16833,0.8581527099904724,-0.08364389441418492,-0.15192819023867837,-0.2777156399134173,-0.26625054888472305,-0.08364389441418492,-0.533295100658429,-0.3934778481770702,0.6947348880301689,-0.009486446265036039,-0.138013635658728,-0.5474612432280294,-0.32359620348939944,0,435.24
15716,-0.6283281735758344,0.08666561850139992,-0.07887254932574508,-0.18351102916605444,0.7123840548736939,0.08666561850139992,0.4447842841722855,-0.10798358208085028,-0.2418788746520266,-0.21118394532865803,0.44521736578446053,1.3324928367821123,-0.43005476144258287,0,0.0
14051,-1.0586252714502915,1.960070260572833,1.2105607025634488,0.3722076340702227,-0.12441944689074957,1.960070260572833,-0.6596120795065211,-0.23983002496892272,1.0316631020065288,-0.6662311753582227,-0.5410188408508065,-1.0243450747414957,0.5449248448242565,1,6922.95
17175,-0.6935247035568127,-0.08364389441418492,-0.07351515832119511,0.0035037988958961817,-0.12441944689074957,-0.08364389441418492,-0.11223850449812132,-0.0035907292254649535,-0.5866975312301538,0.2872519401940892,-0.42402079617409333,1.3301735265487138,-0.7557648872150009,0,311.06
13027,-1.0455859654540958,0.4272846443325696,0.90879273666503,1.4197625398383567,-0.6350114140690541,0.4272846443325696,-0.8666315726186725,9.219892712008372,-0.7262801990900174,-0.8261751829853697,-0.5410188408508065,-0.2991444314556979,0.35132435725801453,1,0.0
16913,1.2623711958725383,-0.4242629202453546,-0.24674483274782136,-0.4794653205453123,-0.6066451936702594,-0.4242629202453546,-0.6736472993785315,-0.4626885793519114,2.9901165357035375,-0.7419562551763326,-0.5410188408508065,0.6756985023988157,-1.067450603885795,0,0.0
16571,-0.22410968769376846,-0.25395340732976973,-0.11360040878163483,0.13307114145477608,0.045777875502018596,-0.25395340732976973,0.4579423028022951,0.7952164597508272,-0.24598664848225146,1.4622442162257416,-0.32627171742655553,0.16672835460403765,-0.3974019584730107,0,524.9
12373,1.5361966217926475,-0.4242629202453546,-0.20405567270014485,-0.020165839134549023,-0.5215465324738753,-0.4242629202453546,-0.35785485225830077,-0.06472687509657454,-0.7262801990900174,0.012336735448613946,-0.5410188408508065,-1.3226823162124386,-0.034099359236120536,0,0.0
13539,0.6104058960627546,-0.25395340732976973,-0.2123756057481372,-0.3982979074125813,-0.4222647610780939,-0.25395340732976973,-0.5420671130784354,-0.3467606046340524,0.6894756327828786,0.31186599685531086,-0.1124850784662179,-0.5339137335093094,1.0827428333736262,0,315.69
12402,1.6926682937469957,-0.4242629202453546,-0.2276812231326462,-0.27435690425676634,-0.5640958630720674,-0.4242629202453546,-0.5157510758184162,-0.4211621406470067,-0.7262801990900174,0.789839106519412,-0.5410188408508065,-0.5839258396531543,-1.067450603885795,0,0.0
17937,-1.0325466594579003,0.25697513141698475,0.34832669321060894,0.6350692356679757,-0.45063098147688857,0.25697513141698475,-0.7473322037065853,0.23357137626699095,-0.7262801990900174,-0.48615763964535713,-0.5410188408508065,-1.3226823162124386,1.0942557578761003,1,686.7
17515,0.16706949219210174,-0.08364389441418492,-0.16891139167188365,-0.3386239641988176,-0.05350389589376284,-0.08364389441418492,0.2561860171421478,-0.49267989619434255,-0.033311650709891644,-0.693746007929618,-0.5410188408508065,1.5909531543217936,-0.4264574862620557,0,67.65
13238,-0.3936206656443122,-0.25395340732976973,-0.21183170818422353,-0.3953719670946277,-0.5215465324738753,-0.25395340732976973,-0.6736472993785315,-0.5094058228949292,-0.28774577290528514,-0.8261751829853697,-0.5410188408508065,-0.8693185313574009,-0.3079716995042626,0,381.88
16726,0.036676432230145,0.08666561850139992,-0.13393367927257105,-0.3316138988537205,0.2868907488917735,0.08666561850139992,0.18162391157209326,-0.30350389764977664,1.255101159363412,-0.08189475834659608,-0.33549915961385546,-0.21541011157412268,-0.28614134912578676,0,581.58
13969,-1.12382180143127,1.2788322089104938,0.3939987914603747,-0.04134066971964839,2.414357278801376,1.2788322089104938,0.5608140848187338,-0.12670193892131867,-0.014175519292080519,-0.11251967642436898,-0.4556274461168784,-0.05577565431971386,-0.25860657280792765,1,5140.9400000000005
15601,-0.9282322114883348,1.2788322089104938,0.6833234009043802,0.24164929547524497,2.116511964614032,1.2788322089104938,0.5177514783932481,0.5128681359807363,0.5517648173209397,-0.147348843416615,0.145695031759753,-0.8235927522415742,0.011281218642199874,1,1191.1
15687,-0.09371662773181173,0.25697513141698475,0.01942673727233284,-0.07266818071482864,0.2585245284929788,0.25697513141698475,-0.07364164985009326,-0.29173807335005364,-0.4601911054399065,-0.44389822596481915,-0.5410188408508065,0.27118428485492424,0.9485255694646023,1,1313.65
13263,-1.12382180143127,3.3225463638975117,0.559132890584123,-0.3009137881045837,4.3574433761188125,3.3225463638975117,1.5391881815291717,-0.3259221562259752,-0.3877359992889898,-0.21848423266641853,-0.1613014958720015,0.483736905442857,0.2524668692100982,1,2582.14
17381,-0.9673501294769218,3.3225463638975117,2.602294287505261,0.6548557480496414,-0.15278566728954426,3.3225463638975117,-0.8887522995908624,2.485839026807573,-0.6180580320317142,0.0989611557843035,-0.04378646157933444,-1.0679225269504644,-0.5349678163529447,1,3399.96
15334,-0.4848958076176819,-0.08364389441418492,-0.2063978315847482,-0.4730648260997889,0.23015830809418414,-0.08364389441418492,0.6246105387824167,-0.43154375032323283,-0.41082822380730144,-0.09633734428286424,0.20398640878821214,0.7194650236550586,-0.4902289072021699,0,0.0
18147,-1.1107824954350742,-0.4242629202453546,-0.24921956666362868,-0.5060913774386899,-0.6633776344678488,-0.4242629202453546,-0.8841755974586852,-0.4696096524693955,-0.7262801990900174,-0.8261751829853697,-0.5410188408508065,0.3972282444318239,-1.067450603885795,0,80.46
12738,2.3185549815643878,-0.4242629202453546,-0.23962147434043912,-0.4028239713419158,-0.5640958630720674,-0.4242629202453546,-0.5157510758184162,-0.23429316647493545,-0.7262801990900174,1.0335400790723948,-0.5410188408508065,-0.4779233618352082,0.23219550300721836,0,0.0
13720,-1.0064680474655088,0.08666561850139992,-0.1300686072090093,-0.3212176671614917,-0.12441944689074957,0.08666561850139992,-0.5289090944484257,-0.3130203731863173,-0.5523533894308811,-0.4334651127125748,1.1404721399439952,0.711262970276574,-0.6933479954217046,0,0.0
14817,0.0888336562149277,-0.25395340732976973,-0.0773037447898315,0.32833193986070947,0.017411655103223903,-0.25395340732976973,0.563206451842372,0.38687314581926424,0.01728476535646175,-0.6898816913492859,-0.03238409544194438,0.45851960259296465,-0.5200478323437377,0,0.0
16871,0.2192267161768844,0.08666561850139992,0.08033816539100554,0.2447323388386796,0.754933385471886,0.08666561850139992,0.3000460792421798,-0.0015720828995319542,0.5622491495836002,0.005181556089867766,-0.29463222049282495,0.3850143491532541,-0.35032564048452025,1,774.52
12598,-0.41969927763670356,0.08666561850139992,0.0032678805844342683,0.0374294673116685,-0.08187011629255754,0.08666561850139992,-0.2657487218482335,0.09359267246587469,0.15980028149626,0.4754342859282629,-0.5410188408508065,-0.8003022808983166,0.29978389390806137,0,1438.7
15299,-0.3805813596481165,0.25697513141698475,0.24982854406572513,0.42311777646081594,-0.6491945242684515,0.25697513141698475,-1.0420718210188007,1.0378000725186456,-0.7262801990900174,-0.8261751829853697,2.75042306728867,-0.20199568759174488,-1.067450603885795,1,1472.0
17562,-1.0977431894388785,0.08666561850139992,-0.15366016404376606,-0.3846739978071099,-0.22370121828653103,0.08666561850139992,-0.555225131708445,-0.2265069592177658,-0.7262801990900174,-0.10545687599548031,-0.42079689490678174,0.8115947889792119,-0.41393069332236043,0,461.28
13448,0.3235411641464498,0.08666561850139992,-0.02411736175862055,-0.036231080192812945,0.20179208769538942,0.08666561850139992,-0.16048457280815662,-0.12355599659518955,0.011783738823055303,-0.41053011675214895,-0.3412736797657375,0.684663164071642,0.7824379891695667,0,2111.4300000000003
17238,-0.7456819275415953,1.2788322089104938,0.06431868245385984,-0.36380256728338933,2.2867092870067998,1.2788322089104938,0.5033972762514192,-0.463946956282363,-0.3449087800877474,-0.38577755545998105,-0.3745757957237007,-0.3577479719263599,0.8784633936476032,1,1775.53
18260,-0.27626691167855116,0.4272846443325696,0.18070936177161717,0.11416834785899672,0.49963740188273376,0.4272846443325696,0.07197375632201324,0.10426266018866263,-0.5018534901427146,0.3003537036888098,0.5975965696050005,0.1108563535506595,0.04885429189349724,1,0.0
14700,-0.054598709743224706,-0.25395340732976973,-0.004088333967498559,0.7222000809112358,0.07414409590081329,-0.25395340732976973,0.9053149362226219,0.7208149237378729,-0.7262801990900174,0.11359440854682559,-0.3699362392629037,-1.17201391019407,1.1605048641880116,0,654.0
13317,0.06275504422253635,0.25697513141698475,-0.0426914635662734,-0.20633610671514052,0.07414409590081329,0.25697513141698475,-0.3789076820663162,-0.4003989212945543,0.06648209256657683,-0.7540480211618116,0.06094328332258533,-0.07250181975094205,0.958421674617994,0,959.7
18150,-0.6935247035568127,-0.25395340732976973,-0.19578163100910767,-0.3090292970245163,-0.4080816508786965,-0.25395340732976973,-0.41048692677833926,-0.33810926323719726,0.8038738572216145,-0.6375404351326727,-0.5410188408508065,-0.7383521917064463,-0.8493564819637092,0,153.3
15434,-1.12382180143127,-0.08364389441418492,-0.16620720097130023,-0.32892569118660064,-0.26625054888472305,-0.08364389441418492,-0.533295100658429,-0.19392023995627813,-0.3314541790020882,1.278236585295886,-0.41141087382528124,-0.31059894363618273,0.30002895252327816,0,454.2000000000001
15547,-1.0847038834426828,0.7679036701637393,0.20056332253435447,-0.05940087008560789,2.627103931792336,0.7679036701637393,1.2605814392328814,0.04990339841175618,0.2617447944751333,-0.3346828221827603,0.5193039040058075,0.6287667146090421,-0.155897726930409,1,2165.44
16014,-0.5370530316024646,-0.25395340732976973,-0.17859786734920918,-0.21658787010417035,0.9109475976652568,-0.25395340732976973,2.32638094826366,-0.36233301914839167,-0.20378247548723305,0.22805206901996228,-0.30330554160303436,-0.09067879743391898,-0.0709856076069144,0,132.45000000000002
12559,1.5231573157964517,-0.25395340732976973,-0.17055328244294812,-0.17331138408893815,-0.4222647610780939,-0.25395340732976973,-0.5420671130784354,-0.2567866541067588,0.823593070308133,0.7664925277200484,-0.5410188408508065,0.09222803636320503,-0.04690290100953618,0,0.0
18236,-0.8369570695149651,0.08666561850139992,-0.1570442266992416,-0.39377641526499363,-0.28043365908412043,0.08666561850139992,-0.621015224858493,-0.47826099386625065,-0.09507178384464361,0.6221145448455067,-0.5410188408508065,-1.0203166802704944,0.7276653481731027,0,241.05
15897,0.010597820237753656,-0.25395340732976973,-0.23057237862082494,-0.49618889817511574,-0.4789972018756833,-0.25395340732976973,-0.5157510758184162,-0.3606027508690206,0.10743699160910325,-0.12742308977118746,3.50740864812612,-0.6932657966545422,-0.5172298424807965,0,0.0
14066,0.949427851963842,-0.4242629202453546,-0.2400973847088636,-0.40794436689833447,-0.6208283038696568,-0.4242629202453546,-0.7262793738985699,-0.5907284320253676,0.9180651770424868,-0.8261751829853697,-0.5410188408508065,0.6672592759354524,0.7287288367710214,0,0.0
18232,-0.47185650162148624,-0.08364389441418492,-0.18093662687403814,-0.38175110534365425,-0.3087998794829151,-0.08364389441418492,-0.533295100658429,-0.4269297015782435,0.0420247566272014,-0.1941155448323467,-0.27082052257208145,0.7721853747676369,0.5205429628997994,0,92.35
12656,-1.0064680474655088,-0.08364389441418492,0.2133976053628306,1.0324838602122217,0.003228544903826554,-0.08364389441418492,0.11583381842204521,0.7300430212278518,-0.5954993775491753,0.1005260471095406,-0.4337285364210093,-0.014338833872373953,0.4747944402024863,1,1230.5
14346,-0.9543108234807262,-0.25395340732976973,-0.09239010346888774,0.24717367029147216,0.05996098570141595,-0.25395340732976973,0.48425834006231433,0.30035973185071274,-0.15842927137148985,-0.41618440372029847,-0.11192297345085467,-0.3183550247865764,-0.13250737492476183,0,0.0
14088,-0.8499963755111608,0.5975941572481545,4.06949875847976,5.976885848137221,2.570371490994747,0.5975941572481545,1.1233621020913527,2.750666796622858,0.6153627147631799,-0.5656492414046899,-0.2743231555744598,-0.546340156572919,0.5662252463256884,1,24983.92
13569,2.2663977575796053,-0.4242629202453546,-0.24736011686699874,-0.4860852605146823,-0.3938985406792992,-0.4242629202453546,0.11583381842204521,-0.5976495051428518,0.07988889192205609,-0.4399172103235782,-0.5410188408508065,0.15620898050821286,1.143082464651551,0,228.8
13397,-1.0847038834426828,0.08666561850139992,-0.05727301731882225,-0.1254128267276887,-0.4080816508786965,0.08666561850139992,-0.7131213552685604,-0.43673455516134596,2.4491002228729,-0.8261751829853697,-0.5410188408508065,0.7028706865637351,-0.196584202106656,0,315.94
12643,-0.8499963755111608,0.4272846443325696,0.3024557324140372,0.3324831176868061,-0.5640958630720674,0.4272846443325696,-0.8841755974586852,0.29632243919884693,-0.7262801990900174,1.7309183866580982,-0.5410188408508065,0.922719172558863,-0.5931522276001292,1,0.0
12842,1.4970787038040603,-0.4242629202453546,-0.21321184825265452,-0.11867859221464863,-0.5215465324738753,-0.4242629202453546,-0.35785485225830077,-0.20314833744625693,2.229209430667005,0.5507667374043965,-0.5410188408508065,-0.211648765669831,-1.067450603885795,0,808.26
16883,-0.08067732173561605,-0.25395340732976973,-0.21971312382131047,-0.4377706710144738,-0.2520674386853257,-0.25395340732976973,-0.1210105169181278,-0.5682349443935442,0.7706606189999111,0.7390091109743242,0.04095175389277223,-1.0969528920142009,-0.3478698591116899,0,0.0
17855,2.3315942875605837,-0.4242629202453546,-0.2305077907851102,-0.3047683964364964,-0.4789972018756833,-0.4242629202453546,-0.19995862869818545,-0.06472687509657454,-0.7262801990900174,2.083715973745212,-0.5410188408508065,-0.29726434780551003,-1.067450603885795,0,0.0
14215,-0.09371662773181173,0.08666561850139992,-0.07935525841371849,-0.18480941518214639,0.102510316299608,0.08666561850139992,-0.27890674047824315,-0.23688856889399199,-0.16007847524014773,0.13836432781112887,-0.30443375285557617,-0.7232662606054301,1.060544280254646,0,691.45
18102,-0.8760749875035521,3.8334749026442663,21.921124435187174,8.494435132329558,0.045777875502018596,3.8334749026442663,-0.7748628273016823,3.218923026469786,2.589416182603184,0.3005361184459209,-0.5410188408508065,-1.0878922596444043,-1.0291811889537492,1,129120.07
18037,-0.5109744196100733,0.4272846443325696,-0.2541248428181754,-0.6655734118941472,-0.45063098147688857,0.4272846443325696,-0.9280356595587173,-0.7349174553062867,-0.7262801990900174,-0.460505787707431,-0.5410188408508065,-0.9947939687127513,-0.14062347064199396,0,0.0
16923,-0.5370530316024646,1.6194512347416634,0.4550495933298003,-0.090132386987614,2.1448781850128262,1.6194512347416634,0.326362116502199,-0.23083262991619338,-0.3780722159660428,-0.6287406220032284,-0.18038374981215377,0.5061278752626295,0.9515593679486483,1,2826.66
14229,1.2754105018687338,-0.25395340732976973,-0.1364882981430782,0.009943915449891995,-0.3938985406792992,-0.25395340732976973,-0.41048692677833926,-0.22218128851933824,-0.5796899427260509,-0.8261751829853697,-0.5410188408508065,1.11055452035734,-0.9491847716682476,0,785.0699999999999
16839,-1.0977431894388785,3.152236850981927,1.5814036590789071,0.21657598190969052,0.6556516140761046,3.152236850981927,-0.6401541610475979,0.15391611656940105,-0.5991230973492514,-0.7527634231766901,1.1235129983121661,-0.09378527019581714,0.15142561756983172,1,5725.07
16256,0.949427851963842,-0.4242629202453546,-0.1381369876336916,0.6890638068104117,-0.5357296426732727,-0.4242629202453546,-0.41048692677833926,1.2641191634603761,-0.7262801990900174,3.686327472796835,-0.5410188408508065,0.26240086160690257,-0.962034995705626,0,0.0
14522,0.06275504422253635,-0.4242629202453546,-0.21866782069066382,-0.1773802698435924,-0.6208283038696568,-0.4242629202453546,-0.7262793738985699,-0.16508243530009425,2.6781382145363217,-0.791886717383471,1.2362973699363682,-1.297047173686748,0.5784650553974795,0,695.91
12365,1.2754105018687338,-0.25395340732976973,-0.15701193278138423,-0.10046461373538763,-0.4080816508786965,-0.25395340732976973,-0.5157510758184162,-0.4453858965582011,-0.7262801990900174,-0.6188272320427959,-0.4230581377590371,-0.28990576324666856,-0.0716461047049628,0,0.0
18241,-1.1368611074274655,1.108522695994909,-0.06108199994610539,-0.4664119693018419,-0.09605322649195489,1.108522695994909,-0.7420689962545814,-0.5325914178385011,0.22502999629361486,0.13793584586364732,0.13207251294521907,-0.6781236604038946,0.642615968105578,0,867.3100000000001
13280,-0.9282322114883348,-0.08364389441418492,-0.13031336111277048,-0.2001965086146345,0.23015830809418414,-0.08364389441418492,0.34390614134221154,-0.14893326469263135,-0.38703926116604487,-0.18895238458780464,-0.4922059439131039,-0.2903861645877374,1.3945652807178173,0,0.0
13497,1.1580567479029729,-0.25395340732976973,-0.206868642913511,-0.36867276169330127,-0.45063098147688857,-0.25395340732976973,-0.5946991875984738,-0.4644188476312824,-0.7262801990900174,0.6539013451049518,0.22308991632740188,0.8981029649107152,-0.19731690453586143,0,0.0
17700,0.25834463416547143,-0.25395340732976973,-0.07471513232157974,0.3422575870614698,0.08832720610021064,-0.25395340732976973,0.5895224891023912,0.11695129423738358,-0.30053583979387305,0.5581095321297646,0.6688903104964965,0.20541300999910694,-0.6358275776538392,0,1409.07
17750,-1.0586252714502915,0.08666561850139992,-0.09388922112942488,-0.2239027208990543,0.5138205120821311,0.08666561850139992,0.48425834006231433,1.1032042134788704,2.200003847657665,-0.4006145291891226,-0.37802740628531933,-0.5619953363244437,-0.6302908553436946,0,697.69
15005,-1.1107824954350742,2.6413083122351724,0.4672549946000011,-0.271678321393324,3.151879009170038,2.6413083122351724,1.0549008322269418,-0.22136168775542567,0.02162246418041207,-0.3630821985854113,-0.3208173053038294,0.37590360670566897,-0.1764382521991525,1,1981.14
14036,1.1841353598953641,-0.4242629202453546,-0.1595155612552745,0.45904832356528574,-0.18115188768833898,-0.4242629202453546,0.9053149362226219,0.1809712205741117,0.14270763392711083,-0.5151603876747386,-0.1751598080960718,0.5022153287031226,0.21641684510047776,0,0.0
17611,-0.9151929054921392,0.9382131830793241,0.19308303135065388,-0.13806701062708826,4.797119792300131,0.9382131830793241,1.747428128543237,-0.03089051763331887,0.24420809941602248,0.21880553840379008,0.45040133873840515,-0.35893061343241695,-0.14516121729285023,1,1259.97
16498,-0.41969927763670356,-0.25395340732976973,-0.24886433356719756,-0.5945919284932921,-0.507363422274478,-0.25395340732976973,-0.6999633366385507,-0.6685905045970639,0.5054566876141449,-0.23574553195138995,-0.5410188408508065,0.7658617833544206,1.0053532554772073,0,0.0
13743,-1.12382180143127,0.25697513141698475,-0.11099479951451074,-0.3533134037367437,-0.6066451936702594,0.25697513141698475,-0.7789114484186084,0.09238148467031498,0.18888921971240086,-0.0720274257962735,-0.5410188408508065,-0.3710416156126054,-1.067450603885795,0,429.48
12712,-1.1368611074274655,1.2788322089104938,0.3990723359237571,-0.03637820844175547,0.045777875502018596,1.2788322089104938,-0.5492442141493497,-0.4497902158147819,0.8736315014337297,0.4267063143963474,-0.2398685977733896,-1.1644423166578393,-0.7692369052632988,1,483.05
16031,0.7016810380361244,-0.4242629202453546,-0.21407868499514196,-0.1280050269781257,-0.16696877748894162,-0.4242629202453546,0.9579470107426603,0.01140492919575077,0.4183973952873936,0.02482936410088341,-0.18845261845246625,0.6667761525163608,-0.6703025137330426,0,242.27
15513,-1.1368611074274655,1.960070260572833,1.2515960740808503,0.4016413745270366,1.3364409036471774,1.960070260572833,-0.3508372423222957,0.11106838208752212,0.4905856949982724,0.3419363924981071,0.05658496683933961,-0.3949026149695744,-0.27495221590393926,1,5829.35
16774,-1.0064680474655088,-0.08364389441418492,-0.17386935790293445,-0.35640514733938133,-0.43644787127749124,-0.08364389441418492,-0.533295100658429,-0.4857588230768584,-0.7262801990900174,0.6511213627687799,0.4653478866377515,0.29317333830322584,0.6880167379733971,0,119.32
18212,1.7317862117355827,-0.4242629202453546,-0.22930101806517666,-0.2917845362755774,-0.29461676928351777,-0.4242629202453546,0.6947866381424681,-0.42808321376449077,-0.4677509444904209,-0.19476779169095257,0.7110446764972322,0.9223372285581917,-0.6419560073100613,0,0.0
16395,-0.32842413566333384,-0.08364389441418492,-0.10212586986294299,-0.09910527062933835,0.5138205120821311,-0.08364389441418492,0.800050787182545,0.2870943417088682,-0.1757776437873664,1.881740710454459,-0.49148689132011214,-0.799125774665095,-0.5549187874573197,0,517.76
16048,2.3446335935567792,-0.25395340732976973,-0.22243941036042789,-0.4524369468582161,-0.6066451936702594,-0.25395340732976973,-0.8841755974586852,-0.497293944939332,-0.7262801990900174,-0.8261751829853697,-0.5410188408508065,2.7359524840036302,0.23162534941563553,0,0.0
15312,-1.1759790254160525,-0.08364389441418492,-0.13093544395149678,-0.20242753810707417,-0.2520674386853257,-0.08364389441418492,-0.4280309516183521,-0.2735125808073455,-0.5910198170735099,1.2609468138333915,0.9243423310274453,0.09309750734678669,-0.21389233512815004,0,130.05
17368,-0.2632276056823555,0.25697513141698475,0.0032491841056747134,-0.10747955564768137,0.03159476530262125,0.25697513141698475,-0.4210133416823469,0.13667635262221328,-0.07010047229915692,1.242833829286404,-0.5251003345884069,-0.8002660106893973,-0.9489234342903882,0,294.6
14189,-1.0455859654540958,1.108522695994909,0.22806414310974094,-0.1553150224208249,0.9676800384628462,1.108522695994909,-0.2315378734102086,0.10137887972304431,0.9121878946517474,0.8524763470412688,-0.1384775492892264,-0.1966435197418435,-0.49933335621134844,1,1747.12
13141,0.2713839401616671,0.08666561850139992,-0.027895750147933537,-0.04639415101595484,0.3719894100881576,0.08666561850139992,0.07635976253201637,0.06850378241499475,-0.490565068757761,0.05027299135367232,0.243474787712728,-0.4662265431364173,0.696589137855819,0,987.72
14030,-0.9412715174845304,0.4272846443325696,0.015695939919862296,-0.18173260606654834,1.364807124045972,0.4272846443325696,0.34390614134221154,-0.2504423370823984,0.4427204992837574,-0.3370669820796158,-0.5181960246369307,-0.3177526565850447,0.6626134777718222,1,701.34
18235,-0.9543108234807262,-0.25395340732976973,-0.13858400344403318,-0.001330098337722932,-0.02513767549496814,-0.25395340732976973,0.3000460792421798,0.47511682806718675,-0.6082040593528264,-0.3613546337381378,0.12555748226088384,-0.07089865434358127,0.04569993283827337,0,1046.68
17242,-1.1107824954350742,-0.25395340732976973,-0.07310553546837262,0.3509165416899137,-0.29461676928351777,-0.25395340732976973,-0.04206240513807012,0.31074134152693894,-0.7262801990900174,-0.584165457560067,-0.5410188408508065,-1.1578676560593564,2.4557225124887916,0,0.0
13474,0.5582486720779719,-0.4242629202453546,-0.22747046282662964,-0.27208930051035235,0.11669342649900534,-0.4242629202453546,2.1684847247035446,-0.3000433610910346,-0.6101223219533297,-0.20149748076712096,-0.39952184383702793,0.8409876119243646,0.07558103522795852,0,0.0
17858,-1.0064680474655088,0.9382131830793241,0.35286993754917556,0.05295219026931173,0.20179208769538942,0.9382131830793241,-0.46896700957838194,0.17097411495996787,-0.14804993080972936,-0.8208226962986166,-0.5410188408508065,-0.5345346302554141,0.270397371590445,1,1499.41
14483,1.1450174419067771,-0.4242629202453546,-0.24272339013463445,-0.4361979780935738,-0.592462083470862,-0.4242629202453546,-0.621015224858493,-0.4107805309707805,-0.7262801990900174,0.7459154008952025,-0.5410188408508065,1.9024698808328728,-0.04185655294183408,0,0.0
14389,-0.04155940374702904,-0.4242629202453546,-0.2131421613772781,-0.11792882000817309,-0.45063098147688857,-0.4242629202453546,-0.09469447965810857,-0.09241116756651102,-0.7262801990900174,-0.7023694938162183,-0.5410188408508065,0.8691273916630634,-0.4243402872062603,0,732.32
14825,-0.8630356815073564,0.5975941572481545,-0.03937878746606152,-0.3385525573220104,0.24434141829358147,0.5975941572481545,-0.47815673687553156,-0.47949689978008714,-0.6843891808883825,0.2548214763686153,0.17822813985635172,0.08207864705859065,-0.5285048923476291,0,887.54
17714,1.6535503757584085,-0.4242629202453546,-0.24002089911393823,-0.40712144618391005,-0.5782789732714647,-0.4242629202453546,-0.5683831503384545,-0.42808321376449077,-0.7262801990900174,-0.8261751829853697,1.7216674332824609,1.000424484665305,-0.4783398933762547,0,0.0
15044,-0.7456819275415953,1.6194512347416634,0.6097646547448268,0.03791407617682953,1.364807124045972,1.6194512347416634,0.006521048265042302,-0.33677828763768103,0.8248886998931217,-0.2927165719052867,-0.10905207671018109,-0.26603480799154844,-0.16727972467117197,1,2482.05
18129,0.6495238140513416,-0.4242629202453546,-0.24689610425778485,-0.481092874847174,-0.5357296426732727,-0.4242629202453546,-0.35785485225830077,-0.5803468223491414,-0.7262801990900174,-0.8261751829853697,-0.5410188408508065,0.5912702195456468,-0.15449911452929552,0,0.0
14622,-0.11979523972420307,-0.4242629202453546,-0.2115376635637327,-0.10066577213224687,-0.4222647610780939,-0.4242629202453546,0.010569669381968322,-0.24121423959241958,0.8233212952621537,0.11078694866807785,0.06448215703263083,-1.0220708353526868,0.781638142249381,0,0.0
18004,2.201201227598627,-0.4242629202453546,-0.23918465660942093,-0.39812417970620284,-0.26625054888472305,-0.4242629202453546,0.8526828617025835,-0.4869123352631058,0.33489791719674084,1.450957860476745,-0.4200369286612203,-0.9213559115509814,-0.0362830342363073,0,0.0
17454,-0.01548079175463769,0.08666561850139992,-0.17806246818473165,-0.450311068345953,0.08832720610021064,0.08666561850139992,-0.29206475910825275,-0.5362249812251801,-0.5769339936673115,-0.5256403630168671,0.004608951950843177,-0.14089661938607181,-0.27153133370749505,0,0.0
15163,-0.01548079175463769,-0.4242629202453546,-0.23968096313649218,-0.4034640207864681,-0.5782789732714647,-0.4242629202453546,-0.5683831503384545,-0.5803468223491414,-0.7262801990900174,-0.8261751829853697,-0.5410188408508065,2.005466676803029,-0.1758030381726458,0,149.47
12610,-1.1368611074274655,-0.25395340732976973,-0.052503715555254,0.46174567479589923,0.24434141829358147,-0.25395340732976973,0.800050787182545,0.33496509743813335,-0.5710686798162439,1.1164488475759644,-0.050702307045543744,0.14748942725298692,-0.23158163994730327,0,843.29
15333,0.19314810418449307,-0.4242629202453546,-0.091203726907601,1.194026244308238,-0.4931803120750806,-0.4242629202453546,-0.2525907032182239,0.4439719990385082,-0.5469569024930235,-0.8261751829853697,-0.5410188408508065,-0.33062688199467016,-1.067450603885795,0,0.0
14032,-0.32842413566333384,0.4272846443325696,0.04762782596125816,-0.12447256361509633,-0.11023633669135223,0.4272846443325696,-0.2525907032182239,0.017749246220111144,0.1525184602874293,-0.36346039019440773,-0.013751653866785531,-0.6256026973972844,1.4923284430298642,1,1130.22
17505,-0.41969927763670356,-0.25395340732976973,-0.07126988119016389,0.360791590263007,-0.03932078569436549,-0.25395340732976973,0.27373004198216055,0.21557658616153227,-0.4895790517517297,-0.03361640187981365,-0.5410188408508065,0.9346266253509555,-0.23704326403582085,0,0.0
18119,2.2663977575796053,-0.4242629202453546,-0.23531278582631027,-0.35646610442933874,-0.3087998794829151,-0.4242629202453546,0.4316262655422759,-0.31734604388474486,-0.2499424792469522,0.48883308200957165,-0.33167286478827446,-0.5289840441623431,-0.40404087238836095,0,0.0
13887,0.14099088019971037,-0.4242629202453546,-0.20661369093042645,-0.047687965250299905,-0.45063098147688857,-0.4242629202453546,-0.09469447965810857,-0.23775370303367752,1.266177106940331,-0.4850755871341272,0.22330901669331107,-0.8750794675853919,0.043397652311859936,0,0.0
15738,-1.0977431894388785,1.4491417218260785,0.3387897893633597,-0.14463869290024198,-0.12441944689074957,1.4491417218260785,-0.5596111379184482,-0.11865356980363843,-0.6480856936528459,2.1748421505860267,-0.5410188408508065,-0.35417045694586546,0.08110544130678353,1,1254.01
17669,-0.9282322114883348,0.25697513141698475,0.14754350813209208,0.20301757346815516,-0.18115188768833898,0.25697513141698475,-0.5578567354344469,0.22111344465551966,-0.7262801990900174,-0.8261751829853697,-0.46092919484905154,-0.4338778444394173,-0.5072359090671148,1,973.5
15675,-0.5109744196100733,-0.25395340732976973,-0.22771691641027803,-0.4808277115058595,-0.4931803120750806,-0.25395340732976973,-0.6736472993785315,0.09272753832618917,-0.7262801990900174,-0.027249181935869234,0.5677236212574183,0.9323727800155819,-0.29643931754236247,0,98.3
16247,-0.3023455236709425,-0.4242629202453546,-0.24655446860045158,-0.47741716232274484,-0.4931803120750806,-0.4242629202453546,-0.2525907032182239,-0.11663492347770543,-0.7262801990900174,0.09451178178466714,-0.5410188408508065,1.564182755609513,-0.3383643911060936,0,0.0
12506,0.5060914480931892,-0.4242629202453546,-0.25353335421741924,-0.5525041057322286,-0.3938985406792992,-0.4242629202453546,0.11583381842204521,-0.6668602363176929,-0.4155860611798844,-0.21785189864964635,-0.5410188408508065,-0.28918221028538094,0.4286501474572091,0,0.0
17932,-0.2632276056823555,-0.25395340732976973,-0.10718921624700208,0.16756066295265393,0.17342586729659473,-0.25395340732976973,0.5895224891023912,0.2795965124982604,-0.6067300261837142,-0.5292899578343446,-0.27017189280869586,-0.6972680574749318,0.8778912912753853,0,397.06
16907,-0.602249561583443,0.08666561850139992,-0.15401879649997166,-0.38563864375568524,0.32944007948996556,0.08666561850139992,0.3395201351322086,-0.5587184688570035,-0.5108981113239259,-0.5518799666257378,1.3434636736694017,0.9026449164123044,-0.931586560754276,0,269.77
12754,0.5452093660817763,-0.08364389441418492,0.24570342097941708,1.1483450010941878,-0.02513767549496814,-0.08364389441418492,0.010569669381968322,6.729459901900335,-0.7193954867241479,-0.7990122640150092,-0.5410188408508065,-1.0763090729395044,-1.0443189186605626,1,0.0
12514,0.9624671579600378,-0.4242629202453546,-0.09305297862490758,1.1741298501461535,0.003228544903826554,-0.4242629202453546,1.5895319049831216,0.7761835086777459,-0.7262801990900174,0.06529206546758969,-0.46442276804033916,-0.4515923016608901,-0.7409297059905717,0,0.0
14880,-0.1067559337280074,-0.25395340732976973,-0.20693323074922573,-0.36902021710605826,-0.3655323202805045,-0.25395340732976973,-0.43680296403835844,-0.3363789949578262,1.5958675482404627,-0.4937832412467398,-0.5410188408508065,-0.647647473958645,1.7143170560687802,0,342.92
14875,-1.12382180143127,-0.25395340732976973,-0.016968508152929825,0.6529101567566978,-0.06768700609316018,-0.25395340732976973,0.14214985568206442,0.21903712272027434,-0.2587505304225297,0.12521413218285224,-0.5410188408508065,-0.9597246134556152,0.5751508069032168,0,0.0
15234,1.0798209119257989,-0.4242629202453546,-0.23254230761012487,-0.3266580874401866,-0.5215465324738753,-0.4242629202453546,-0.35785485225830077,-0.0681874116553166,-0.7262801990900174,-0.8261751829853697,1.3869842851940353,0.9131944282167341,0.13128502766168879,0,0.0
13357,0.8320740979980811,-0.4242629202453546,-0.1624475090607468,0.4275030295123487,0.48545429168333637,-0.4242629202453546,3.5895507367445822,0.36437965818744084,0.3886843564573691,0.4298964761433714,-0.5410188408508065,0.31908164988430693,-0.19697427644474055,0,0.0
13451,-0.8760749875035521,0.08666561850139992,0.13943263571022907,0.40368404661150786,3.307893221363409,0.08666561850139992,3.6816568671546497,0.7614762283030921,-0.17096688786231035,0.09345619922674055,-0.34098611890625086,0.4731863008916109,0.3175124976417779,1,512.76
15315,-1.0064680474655088,-0.4242629202453546,-0.2263316773021853,-0.25983692542892173,-0.4931803120750806,-0.4242629202453546,-0.2525907032182239,0.16020800122165932,-0.15583478328110295,-0.8261751829853697,0.29015145075436766,2.424655337264709,-0.5580012628970704,0,336.96
16081,-0.1067559337280074,-0.08364389441418492,-0.09735486841948748,-0.08199461547830562,0.08832720610021064,-0.08364389441418492,0.010569669381968322,-0.19738077651502017,0.38217075733910727,-0.537742740133521,0.05156877140703216,1.6899289458506976,-0.4685982579384026,0,1807.05
16245,-0.9412715174845304,-0.25395340732976973,-0.13520164046844485,0.01686559301455098,-0.02513767549496814,-0.25395340732976973,0.24741400472214134,-0.002437217039217469,-0.42502851001993924,-0.528278490643194,0.5590904816832382,1.1548970003160859,-0.08573973882790045,0,643.96
13034,2.2924763695719967,-0.4242629202453546,-0.23783511077896002,-0.3836042008783581,-0.5640958630720674,-0.4242629202453546,-0.5157510758184162,-0.34503033635468133,0.023559867535566253,-0.8261751829853697,0.15012297416111545,2.7978625231848446,-0.6109661681286138,0,476.91
14383,-0.3936206656443122,-0.4242629202453546,-0.2248784509986034,-0.24420143185485726,-0.507363422274478,-0.4242629202453546,-0.30522277773826234,-0.050884728861606304,0.1908843706155593,-0.6998909723773191,-0.21271643900192846,-0.18418720444699982,0.5352449287323644,0,1005.6
16353,-1.1759790254160525,1.6194512347416634,0.29927223198525493,-0.21905803894951958,-0.08187011629255754,1.6194512347416634,-0.8274949018217208,-0.42409028696594225,-0.3978483936182533,-0.7627495949904723,4.025115205136608,-0.38779513450154063,-0.1526268941887923,1,3349.8
17491,-0.7847998455301823,0.25697513141698475,0.016173549968174005,-0.07966849292553255,-0.010954565295570795,0.25697513141698475,-0.5157510758184162,-0.030813616820902317,-0.7262801990900174,0.05214952435790685,-0.30627264472551474,1.1386649045542425,0.11355402292812931,1,1898.56
15291,-0.27626691167855116,1.2788322089104938,0.29593406068673456,-0.13725831323365392,0.08832720610021064,1.2788322089104938,-0.6975709696149125,-0.37963570194210194,0.5873026348500301,-0.6738355127838896,0.017420729932204393,-0.5777367502661556,-0.32501042605017566,1,1362.03
16005,-0.14587385171659442,-0.25395340732976973,-0.21921511761435197,-0.43509160691084753,0.3719894100881576,-0.25395340732976973,1.0895271970427565,-0.5440111884823498,0.5697676759704992,-0.2683703598338219,0.14686386780053248,-0.43966208667029555,0.12207346044446639,0,303.3
17964,2.3315942875605837,-0.4242629202453546,-0.22153518066042135,-0.20823065307101546,-0.22370121828653103,-0.4242629202453546,0.7474187126625066,-0.07164794821405866,0.01861768862269089,0.4200227934316513,-0.10746729125003276,-1.0194902589448316,-0.24333477268781448,0,201.45
13117,-0.9412715174845304,0.5975941572481545,-0.122952047521176,-0.46700656217359754,0.08832720610021064,0.5975941572481545,-0.5984586214927623,-0.3989158341979505,-0.32160535817059266,0.21109206131735272,0.07179406109443802,0.6651137998417913,-0.8532972396462529,0,143.14
16444,0.010597820237753656,-0.25395340732976973,-0.22522008665593668,-0.4673958167337538,-0.1953349978877363,-0.25395340732976973,0.089517781162026,-0.5145966277330423,-0.2887356804819869,0.2196167908769727,-0.2593071570439607,-0.008425355737618198,-0.27528711390830884,0,414.59
14669,0.6234452020589503,-0.08364389441418492,-0.05199551126897213,0.08068157049091758,1.5208213362393428,-0.08364389441418492,1.8176042279032887,0.14175180624170175,0.04821368516534408,-0.28143193050515386,-0.326180236459753,0.4474637718977437,0.06811123734823801,0,0.0
17643,2.3446335935567792,-0.4242629202453546,-0.2487657521337382,-0.5012087145331049,-0.6066451936702594,-0.4242629202453546,-0.6736472993785315,-0.500754481498074,-0.7262801990900174,-0.8261751829853697,-0.5410188408508065,1.9597098277909994,-0.41951584015550913,0,0.0
15984,-1.0847038834426828,0.4272846443325696,-0.02397288896820599,-0.25286648219229685,1.5917368872363296,0.4272846443325696,0.5544344394223654,-0.3127319951397555,0.023727394083882962,0.6745671717882769,-0.0038533399680789554,0.18951127011365868,-0.24027398858180848,0,973.12
13892,0.6886417320399286,-0.4242629202453546,-0.25675934664338235,-0.587213072753953,-0.6775607446672461,-0.4242629202453546,-0.9368076719787237,-0.26197745894487195,-0.7262801990900174,-0.8261751829853697,-0.5410188408508065,2.8863060259578406,0.479969913917768,0,578.4499999999999
18122,-0.5631316435948559,-0.4242629202453546,-0.24576751681266393,-0.46895022252766666,-0.3938985406792992,-0.4242629202453546,0.11583381842204521,-0.5076755546155581,-0.42562591705651376,-0.1400397130564698,0.536158063339333,-0.09560210509242854,-0.14234068119034515,0,1673.87
13437,-0.8369570695149651,-0.08364389441418492,0.07803169978403401,0.5470094043737653,0.7691164956712834,-0.08364389441418492,0.8702268865425964,-0.0082047779704543,0.8150822120618594,-0.697724601602336,-0.3820024889784789,0.2773868307685714,0.2330369362881664,1,1383.81
16620,0.8711920159866681,-0.4242629202453546,-0.24974986678844455,-0.5117969610586994,-0.6491945242684515,-0.4242629202453546,-0.8315435229386468,-0.5803468223491414,-0.7262801990900174,0.4348938537429826,-0.5410188408508065,-0.910662438947724,1.3797950168399273,0,83.2
17843,1.431882173823082,-0.4242629202453546,-0.23110097906575355,-0.3111506037550327,-0.20951810808713367,-0.4242629202453546,0.8526828617025835,-0.35541194603090753,0.024308471405880383,-0.4170190728929846,-0.44617957257925145,-0.34385265699642675,0.6038084309464337,0,0.0
15493,-0.5761709495910516,-0.08364389441418492,-0.04728569830145693,0.09757278011810389,1.0669618098586278,-0.08364389441418492,2.256204848903608,-0.33349521449220787,0.9568616310253801,-0.6927286450563647,-0.3040840736689006,0.1523707141026035,0.18961767477532798,0,666.46
12770,0.2192267161768844,-0.4242629202453546,-0.03632276302882141,1.7844992875982577,-0.54991275287267,-0.4242629202453546,-0.4631190012983777,1.82472608597659,-0.7262801990900174,0.35739402242519736,-0.5410188408508065,-0.9766257993968791,-0.3338138982825123,0,0.0
15214,-0.13283454572039874,-0.25395340732976973,-0.15526976089697317,-0.09109246115444257,-0.06768700609316018,-0.25395340732976973,0.11583381842204521,0.21557658616153227,-0.6719343343662048,0.487953645853613,0.002916460172652522,0.8281706899369311,-0.11165434454843919,0,1009.81
14868,-0.9543108234807262,0.08666561850139992,-0.04556562225557988,-0.09392239405571333,0.11669342649900534,0.08666561850139992,-0.14732655417814702,-0.1503751549254405,-0.07686812796141897,0.32228075463470496,-0.4644243543701282,-0.3812798091942332,-0.7811500746338704,0,1656.52
16244,0.2322660221730801,-0.25395340732976973,-0.007207246560566167,0.7054216419004709,0.5280036222815284,-0.25395340732976973,1.3000554951229102,0.7329268016934701,-0.43926901936027624,-0.052711470203482186,-0.4326154881858629,0.7864445408070261,0.25528332069837084,0,0.0
15827,-1.0325466594579003,1.6194512347416634,0.005610039469037634,-0.46210099011991856,0.13087653669840268,1.6194512347416634,-0.6938904049631617,-0.547072432361237,-0.5218383814146225,-0.14683564051560216,-0.40817863009409355,-0.2596534414122923,1.3635909585111898,0,237.93
16835,-0.8499963755111608,-0.25395340732976973,-0.23528729062800183,-0.5215531433063758,-0.5782789732714647,-0.25395340732976973,-0.8315435229386468,-0.6409062121271274,1.126982152295162,-0.8261751829853697,-0.5410188408508065,-1.3226823162124386,0.1170577050032517,0,0.0
15518,-0.9021535994959434,0.5975941572481545,0.006578857004758882,-0.26791461066384353,1.0527786996592303,0.5975941572481545,0.3038055131364683,-0.19424981486663445,0.8372014609045862,-0.11979978456081049,-0.3694834977093193,-0.5917500322286086,0.3789020303095352,0,317.69
13475,-0.028520097750833362,0.08666561850139992,-0.022669234494700326,-0.032335922144537246,0.1876089774959921,0.08666561850139992,0.036885706641987544,0.1290631721929808,0.08247661543517518,-0.40019194275659453,0.6493597050280028,0.4091485755309275,-0.15153564564616265,0,0.0
18259,2.2533584515834097,-0.4242629202453546,-0.20206704723208532,0.0012300994404866171,-0.6208283038696568,-0.4242629202453546,-0.7262793738985699,-0.34503033635468133,-0.7262801990900174,-0.8261751829853697,-0.5410188408508065,0.6522923974562439,2.848014321473707,0,1962.3
16610,0.33658047014264547,-0.4242629202453546,-0.25316622336177746,-0.5485540863029913,-0.6350114140690541,-0.4242629202453546,-0.7789114484186084,-0.5180571642917843,-0.7262801990900174,-0.8261751829853697,7.101166588341023,-1.3226823162124386,-1.067450603885795,0,0.0
16984,-0.8369570695149651,-0.4242629202453546,0.2801134402963948,5.189086867315069,2.9958647969766674,-0.4242629202453546,13.326484522951695,4.769642697466083,-0.0865005486506127,-0.7337648512265801,0.21107234467480485,0.8472043658487338,-0.19182204117546792,1,1246.33
17939,-0.44577788962909487,-0.4242629202453546,-0.2491753749865607,-0.5056159121370225,-0.54991275287267,-0.4242629202453546,-0.4631190012983777,-0.6080311148190779,-0.7262801990900174,-0.8261751829853697,0.4001863648223045,-1.3226823162124386,2.438869316936925,0,0.0
15811,-1.1499004134236612,0.25697513141698475,0.035463217008350825,-0.0381603720899636,0.5421867324809257,0.25697513141698475,0.010569669381968322,-0.2204510202399672,0.26482485792377713,-0.036880245851088095,-0.41176776244526225,-0.6899969365728549,0.6995567163479345,1,444.82
17692,-0.8630356815073564,0.08666561850139992,-0.14008991982411925,-0.348172892340639,-0.23788432848592836,0.08666561850139992,-0.48943503855839693,-0.16508243530009425,-0.7262801990900174,-0.38519508360286087,-0.1529995466485815,0.47151991271400223,1.1741182733854232,0,0.0
13174,1.6013931517736257,-0.25395340732976973,0.07969908575340694,1.1729411868919848,1.8044835402272899,-0.25395340732976973,4.721140338925409,0.8575061178081843,-0.0485259002514451,-0.02600972804640034,0.5615048379965935,0.8480458167671051,-0.5325416932390996,1,708.76
15605,0.7668775680171027,-0.08364389441418492,-0.1487174949317003,-0.2662008456204707,-0.1953349978877363,-0.08364389441418492,-0.41048692677833926,-0.4396183356269643,0.24495193237716403,-0.23482491249002707,-0.18060107197863734,0.28249098695002633,-0.03749272341484282,0,508.05
15389,-0.27626691167855116,-0.4242629202453546,-0.1810420070270464,0.22744186027227267,-0.7059269650660409,-0.4242629202453546,-1.0420718210188007,0.6377620463280635,-0.7262801990900174,-0.8261751829853697,-0.5410188408508065,-1.3226823162124386,-1.067450603885795,0,0.0
17581,-1.0977431894388785,2.3006892864040025,0.8425545117797776,0.014696954896538427,1.847032870825482,2.3006892864040025,-0.2278226681499706,-0.03500697288620154,-0.32746348880558845,-0.16162856009314058,-0.29852323019480426,-0.2743873983641935,0.08233940531146342,1,4502.95
12589,-0.64136747957203,-0.4242629202453546,-0.24367521087148342,-0.4464387692064113,-0.5782789732714647,-0.4242629202453546,-0.5683831503384545,-0.4592280427931693,-0.7262801990900174,0.220019877527662,-0.5410188408508065,-0.8915929467916412,0.9065854681972754,0,515.1800000000001
15052,1.6405110697622127,-0.4242629202453546,-0.23071855109112674,-0.30703600018291044,-0.3371660998817098,-0.4242629202453546,0.3789941910222374,-0.4730701890281376,-0.42692894156698497,0.03478397358663583,-0.32396355739520705,-0.8224677778188302,-0.03332351301156505,0,0.0
15856,-1.1759790254160525,1.7897607476572481,1.3373024323944387,0.5452616775231307,1.9321315320218662,1.7897607476572481,0.20230079799067976,0.805350888244286,-0.5661476059112163,-0.43360052381963643,0.37039314244218685,0.7681759356470422,0.37619013776948573,1,6204.16
14737,-0.8499963755111608,-0.25395340732976973,-0.08216312958742296,0.302190491832493,-0.5357296426732727,-0.25395340732976973,-0.6999633366385507,-0.22218128851933824,-0.7262801990900174,2.743283431456798,-0.5410188408508065,-0.6372352746675712,-0.5008587081482164,0,82.8
16719,-0.5892102555872473,0.25697513141698475,-0.047807500026836626,-0.2173449571614408,0.48545429168333637,0.25697513141698475,0.35794136121422215,-0.23636948841018068,1.8448591573986728,0.12792442258601047,0.7759527812701796,-1.170793053079442,-0.48381858444043874,0,486.34
18159,1.4058035618306906,-0.4242629202453546,-0.17591747216704698,0.2825775481387104,-0.3938985406792992,-0.4242629202453546,0.11583381842204521,-0.26543799550361397,-0.06491883987754493,-0.570998837391659,-0.5410188408508065,-1.3226823162124386,-0.46559425563307966,0,0.0
17724,-0.719603315549204,-0.4242629202453546,-0.2026109447959991,-0.004621781195420627,-0.5640958630720674,-0.4242629202453546,-0.5157510758184162,-0.47653072558687964,1.221017393803801,-0.8261751829853697,-0.5410188408508065,-0.02360819325870435,1.324203090053633,0,659.9
17391,-0.3936206656443122,-0.25395340732976973,-0.17954628872628373,-0.2216899785336019,-0.6917438548666435,-0.25395340732976973,-1.0157557837587814,0.08407619692933402,-0.7262801990900174,-0.8261751829853697,7.101166588341023,-1.3226823162124386,-1.067450603885795,0,0.0
13499,0.4148163061198195,-0.25395340732976973,-0.18719654789870735,-0.26284515781831774,-0.46481409167628596,-0.25395340732976973,-0.5420671130784354,-0.28793148313543737,-0.2263267178221174,-0.8261751829853697,-0.5410188408508065,1.504702161865158,-0.4362273499918927,0,695.3199999999999
15506,-0.719603315549204,-0.4242629202453546,-0.2305417843828548,-0.3051341389762406,-0.08187011629255754,-0.4242629202453546,1.6421639795031602,-0.2481353127099037,0.8094658787707043,-0.235292377776165,-0.16764004419536516,0.49361177851058935,-1.067450603885795,0,763.31
16818,-1.1368611074274655,0.7679036701637393,0.09131469810273891,-0.20632879186434558,0.8400320466682701,0.7679036701637393,-0.32495980568327676,-0.2074740081446845,-0.3051399972141969,-0.40839659051507904,0.5871340652583902,1.5390713682125339,-0.7335926199792512,1,1247.17
12651,1.8361006597051481,-0.4242629202453546,-0.24664965067413647,-0.4784412414340286,-0.592462083470862,-0.4242629202453546,-0.621015224858493,-0.47653072558687964,0.3646713224057659,0.9035645742283553,-0.5410188408508065,-1.3226823162124386,0.9170773448596325,0,0.0
14367,-0.7326426215453997,1.108522695994909,0.6551495070936505,0.3041929322375926,2.2441599564086077,1.108522695994909,0.6684706008824489,0.14013688918095535,0.03377414503129756,-0.009086573375423273,-0.12434157193810257,-0.007985971342258735,-0.048104614148219906,1,3808.12
13402,-0.8630356815073564,-0.25395340732976973,-0.16043678775415332,-0.11888889417500156,-0.26625054888472305,-0.25395340732976973,-0.06837844239808935,0.08234592864996299,-0.7262801990900174,0.12312969329930391,-0.5410188408508065,0.08907170067607979,1.2239959435459822,0,0.0
16230,-0.054598709743224706,-0.25395340732976973,-0.1738982524610174,-0.19130591704435274,-0.26625054888472305,-0.25395340732976973,-0.17364259143816624,-0.1149046551983344,0.47541256781263636,-0.8261751829853697,1.8432956397695106,0.1647267221529464,-0.6517266646759743,0,0.0
17371,2.1881619216024313,-0.4242629202453546,-0.2503651509076219,-0.5184169010280694,-0.6208283038696568,-0.4242629202453546,-0.7262793738985699,-0.6114916513778199,-0.7262801990900174,-0.8261751829853697,2.5518517327823957,-1.3226823162124386,1.6781096447250887,0,326.26
15756,-0.5370530316024646,-0.08364389441418492,-0.20485622192703032,-0.4675360180406558,0.9534969282634489,-0.08364389441418492,1.2737394578628911,-0.5549695542516996,0.9521921248515801,-0.44284471460811553,-0.18512390686193522,0.01698698254687847,-0.23646222234418482,0,168.12
17769,-0.719603315549204,0.08666561850139992,0.04295540595126207,0.14418057109950616,1.1095111404568196,0.08666561850139992,1.1947913460828334,0.17837581815505513,0.20194727054159198,0.05749884124889463,0.006160761468162689,0.11522997261144148,-0.12969166081481298,1,2139.55
12672,1.7709041297241697,-0.4242629202453546,-0.22763023273602925,-0.27380829044715005,-0.5782789732714647,-0.4242629202453546,-0.5683831503384545,-0.47653072558687964,-0.7262801990900174,-0.3085193490374101,-0.5410188408508065,-0.8860397371191555,1.725544398131547,0,0.0
17618,0.71472034403232,-0.25395340732976973,-0.15971442380208042,-0.11500287969021947,-0.03932078569436549,-0.25395340732976973,0.3526781537622182,-0.33983953151656826,0.664454384607266,-0.6398282157249975,-0.5410188408508065,-0.7566879850870252,-0.2877538946344465,0,304.8
16494,1.3406070318497123,-0.4242629202453546,-0.12554235966931498,0.8245714177856367,-0.05350389589376284,-0.4242629202453546,1.5368998304630832,1.5894095999821298,-0.7262801990900174,-0.3124042518087987,-0.43191476953523045,2.4615412551639366,-1.067450603885795,0,0.0
12833,-0.6283281735758344,-0.4242629202453546,-0.1950847622553432,0.07635361710394466,-0.37971543047990186,-0.4242629202453546,0.16846589294208367,-0.20660887400499897,0.46056620843814017,-0.5785977989089214,-0.2663703635929668,0.451660788770788,-0.6686597175295601,0,0.0
13692,0.25834463416547143,-0.25395340732976973,-0.11788530177734242,0.11002021788739809,-0.26625054888472305,-0.25395340732976973,-0.2525907032182239,0.5252946081689466,-0.5892303055037593,3.024719616108142,-0.10225824643978404,0.12245900522636471,-0.9919580785217317,0,616.74
13029,-0.719603315549204,-0.25395340732976973,-0.13460675250791426,0.02006584023731271,-0.6350114140690541,-0.25395340732976973,-0.9104916347187044,-0.5872678954666255,-0.7262801990900174,-0.8261751829853697,-0.5410188408508065,-1.3226823162124386,4.395141698047715,0,474.3
12548,-0.3545027476557252,-0.4242629202453546,-0.24984504886212944,-0.5128210401699832,-0.6491945242684515,-0.4242629202453546,-0.8315435229386468,-0.5768862857903994,-0.7262801990900174,5.612601058079401,-0.5410188408508065,-1.3226823162124386,-0.12066553342403395,0,0.0
12679,0.15403018619590605,-0.25395340732976973,-0.11197041576978095,0.14183981884514324,-0.11023633669135223,-0.25395340732976973,0.06320174390200677,-0.04223338746475115,-0.7262801990900174,1.0188526272838738,-0.14642244851406327,-1.1322371082642801,0.5213973223518837,0,206.64
13809,1.4579607858154733,-0.4242629202453546,-0.23967246473705603,-0.403372585151532,-0.5640958630720674,-0.4242629202453546,-0.4631190012983777,-0.6460970169652406,0.6219133251979193,-0.8261751829853697,0.622190292518604,1.0464881028191642,-0.9027427722147948,0,0.0
16427,0.9103099339752551,-0.25395340732976973,-0.22505351802698811,-0.4664997475113805,-0.6066451936702594,-0.25395340732976973,-0.857859560198666,-0.47653072558687964,-0.7262801990900174,-0.8261751829853697,1.5132979923510128,0.4029394947661161,0.8230214533092771,0,0.0
14869,-1.1759790254160525,-0.4242629202453546,-0.20023819167342555,0.020907048078724323,-0.03932078569436549,-0.4242629202453546,1.4842677559430448,0.4785773646259288,0.3525782702992979,0.3329376708720736,0.19938821127210327,-0.07529472008926207,-0.5691128039709662,0,334.39
15388,1.001585075948625,-0.4242629202453546,-0.2421387002534272,-0.4299072064099736,-0.5782789732714647,-0.4242629202453546,-0.5683831503384545,-0.44192535999945903,0.2636447692203828,-0.8261751829853697,1.2643074452539942,0.16652379361436107,-0.6313393307862322,0,0.0
15314,0.07579435021873202,-0.4242629202453546,-0.21028160012706945,-0.08715158528869879,-0.37971543047990186,-0.4242629202453546,0.16846589294208367,0.33669536571750436,0.2742260326428442,-0.5381368665312483,0.7918256466016205,0.40612183444922695,-0.3463131365269328,0,0.0
18144,-1.0977431894388785,0.9382131830793241,0.10204817659059837,-0.24689573523097283,-0.37971543047990186,0.9382131830793241,-0.901719622298698,-0.3373402551130323,-0.29863437847925317,-0.7562935753091633,-0.253053967713704,2.7105851858292986,-0.6678819900941892,1,723.2
15342,-0.8369570695149651,-0.4242629202453546,-0.19700370084802626,0.05570745073538467,-0.37971543047990186,-0.4242629202453546,0.16846589294208367,0.23287926895524258,-0.5518686359883487,-0.6398468869140433,-0.3535821473228931,0.26535372419443076,-0.6146612346222383,0,0.0
18116,0.5321700600855805,0.5975941572481545,-0.05534218096692863,-0.36308865684542113,2.4001741686019784,0.5975941572481545,1.4241168136344289,-0.4167128793571955,0.3190028419022031,-0.6834328276462784,0.2697784692964378,-0.07495081569462815,0.6194415742754086,0,163.56
14379,1.3275677258535166,-0.4242629202453546,-0.24716295400008,-0.48396395378416596,-0.4789972018756833,-0.4242629202453546,-0.19995862869818545,-0.30350389764977664,0.5710014513937269,1.545659062301594,0.06840034322152794,-1.3226823162124386,-0.9320899702761967,0,237.12
15252,-0.13283454572039874,-0.4242629202453546,-0.21494212237785498,-0.1372948874876283,-0.5215465324738753,-0.4242629202453546,-0.35785485225830077,-0.40385945785329636,-0.7262801990900174,-0.23110931842139446,-0.5410188408508065,0.6973848265735259,0.43503162179005905,0,440.23
16692,0.8190347920018853,-0.25395340732976973,-0.04914684777797413,0.47980421269576895,-0.6917438548666435,-0.25395340732976973,-1.0157557837587814,-0.4834517987043637,-0.7262801990900174,0.07230085187267382,-0.5410188408508065,-1.3226823162124386,-1.067450603885795,0,0.0
15436,0.5321700600855805,-0.4242629202453546,-0.1837444980477426,0.198365328362609,1.0385955894598329,-0.4242629202453546,5.484305419465967,0.10483941628178638,0.47363317037004765,-0.24848732461834364,-0.5410188408508065,0.12432601045180942,0.28167255223458426,0,583.65
13846,0.636484508055146,-0.25395340732976973,-0.15317915463567985,-0.07984587805730844,-0.11023633669135223,-0.25395340732976973,0.036885706641987544,-0.149510020785755,0.08968027654679708,0.9489459476342323,-2.3984206257098545e-05,-0.03169324894332427,-0.72751208246828,0,201.13
15135,0.5843272840703633,-0.4242629202453546,-0.24239195255662455,-0.4326319883310678,-0.592462083470862,-0.4242629202453546,-0.621015224858493,-0.5976495051428518,0.7896782532472021,-0.8261751829853697,-0.5410188408508065,-0.8456937873937637,-1.067450603885795,0,0.0
16378,0.7016810380361244,-0.08364389441418492,-0.20433611988153783,-0.46567073108796037,-0.4080816508786965,-0.08364389441418492,-0.6911913242185442,-0.43846482344071697,-0.2694001019213745,1.427041146008311,-0.5410188408508065,-0.4605273321232567,-0.8563640963730088,0,0.0
13476,-0.19803107570137712,-0.25395340732976973,-0.05552574639474949,0.44548841890426966,0.07414409590081329,-0.25395340732976973,0.4316262655422759,-0.024930704671040856,-0.7262801990900174,-0.574383961259974,-0.24544391206101923,-0.7232873684362773,2.506699541009034,0,0.0
12347,-0.8369570695149651,0.25697513141698475,0.20833085961899703,0.33382173538227,0.4429049610851444,0.25697513141698475,0.21057155255811444,0.35399804851121464,0.2253994578072755,0.24269857065544484,0.19749810742070686,-0.8804064583175424,-0.31667355720566687,1,1519.14
16178,-0.719603315549204,-0.4242629202453546,-0.23238933642027412,-0.3250122460113377,-0.6066451936702594,-0.4242629202453546,-0.6736472993785315,-0.4211621406470067,0.445389457692395,-0.15417503758088139,-0.5410188408508065,-0.4633353923291409,0.1531605923614605,0,0.0
13568,-0.2632276056823555,-0.4242629202453546,-0.23423348909791902,-0.34485377879246043,-0.13860255709014693,-0.4242629202453546,1.1684753088228141,-0.5180571642917843,0.5302572797616361,-0.43391029706905215,0.2515948844970763,0.21688635826220007,-0.11013388874823919,0,0.0
17720,-1.0455859654540958,-0.08364389441418492,-0.11516241459799947,-0.14585935862663826,-0.26625054888472305,-0.08364389441418492,-0.44557497645836486,-0.2642844833173666,-0.4100258348583918,-0.5213492712762531,0.00863992187970919,0.7294886119050943,0.8222885917683926,0,308.34
15219,-0.22410968769376846,-0.4242629202453546,-0.21405828883649522,-0.12778558145427918,-0.592462083470862,-0.4242629202453546,-0.621015224858493,-0.5907284320253676,-0.7262801990900174,-0.8261751829853697,-0.5410188408508065,-1.3226823162124386,4.941478643311516,0,0.0
14606,-1.1759790254160525,11.156783958014415,1.3112854323606042,-0.4409645574974139,9.307348835708487,11.156783958014415,0.387384811597896,-0.5090798303205549,0.01930877988152077,-0.20416058050481012,0.29505479871377455,-0.23599026136744006,0.010654276646478361,1,2796.1
17979,-0.32842413566333384,-0.08364389441418492,-0.18197003224547414,-0.3854572964130621,0.47127118148393904,-0.08364389441418492,0.5544344394223654,-0.43269726250948015,-0.09458864373376573,1.2971651631894074,-0.46298059032017536,0.14616400994558731,-0.5030579085885185,0,237.87
16779,-1.1368611074274655,1.960070260572833,0.8178139713412532,0.09049931939945112,1.123694250656217,1.960070260572833,-0.28416994793024697,0.08176917255683924,-0.21401063355745784,-0.16166913294855678,0.32390177273134935,0.4511385923168795,0.5808580181191412,1,4234.99
15033,-1.0977431894388785,0.4272846443325696,0.007443994067359135,-0.19652993965369894,2.159061295212224,0.4272846443325696,1.3263715323829295,-0.2256418250780803,-0.511549223382204,-0.05391477420014155,-0.3230031715012904,0.49150382244400603,0.11554975556740134,0,948.23
15623,-0.6935247035568127,-0.4242629202453546,-0.21486053774326794,-0.1364171053922423,-0.45063098147688857,-0.4242629202453546,-0.09469447965810857,-0.31388550732600284,1.0780115063043516,-0.8261751829853697,0.37036692438185026,-0.20409540677391386,0.19709335455671823,0,0.0
14341,-0.8239177635187694,0.4272846443325696,-0.07234407887889344,-0.3396053733471312,0.045777875502018596,0.4272846443325696,-0.5157510758184162,-0.3375325071440735,-0.6199138666793914,-0.3922166407630161,0.33136205692130166,-0.5555761249603026,0.14802450096447517,0,1027.46
18086,1.0537422999334074,-0.4242629202453546,-0.24880144541137006,-0.5015927441998362,-0.6208283038696568,-0.4242629202453546,-0.7262793738985699,-0.37963570194210194,-0.027377577618172427,-0.8261751829853697,-0.5410188408508065,-0.4668206063188393,0.08879688299349785,0,0.0
15211,2.240319145587214,-0.4242629202453546,-0.20091636394843046,0.013610484410827567,-0.3938985406792992,-0.4242629202453546,0.11583381842204521,-0.3415697997959393,0.7172757736358107,0.19776460485106268,-0.18790666266745834,-0.5413265040208078,-0.6462749694397466,0,511.34
15880,2.2924763695719967,-0.4242629202453546,-0.21010143405902304,-0.08521314982805454,0.6272853936773098,-0.4242629202453546,3.9579752583848515,-0.047424192302864245,-0.32266887379317855,0.054436007288135614,-0.1635896908512108,1.4177466342356895,-0.6264098437125133,0,0.0
13505,-0.3545027476557252,-0.08364389441418492,0.1730217096416745,0.887680293018498,0.8400320466682701,-0.08364389441418492,1.0632111597827372,0.708126289689152,-0.5363595001971956,1.2905782206778476,-0.44977840345870906,-0.7929142817490479,0.7359120816668592,1,1810.51
13538,-0.9543108234807262,0.25697513141698475,-0.1144570474447989,-0.360763579271333,-0.6066451936702594,0.25697513141698475,-0.9052284272667006,-0.6599391632002087,6.159539687751469,-0.8261751829853697,-0.5410188408508065,-1.3226823162124386,-1.067450603885795,0,389.1
14541,-0.32842413566333384,0.5975941572481545,-0.04381835133150712,-0.3453762681349521,0.2727076386923762,0.5975941572481545,-0.32777938110399313,-0.451318244944616,-0.44330814875185637,0.40012478259205286,-0.43609114095866347,-0.6317217495116826,1.385760775162732,0,146.0
12872,1.7317862117355827,-0.25395340732976973,-0.16405030719440494,-0.13832811016240565,0.102510316299608,-0.25395340732976973,0.6421545636224296,-0.19449699604940177,-0.5974551883521255,-0.06310725529249663,0.9995954026292868,0.4877475354177349,-0.7179137424974155,0,0.0
13486,-0.8499963755111608,-0.25395340732976973,-0.12671853815127837,0.06250111841113319,0.017411655103223903,-0.25395340732976973,0.27373004198216055,0.16885934261851449,-0.09771223174327173,0.07482669780075847,0.16444808802103916,0.3394196416778765,-0.6983121263216069,0,302.8
14862,-0.5892102555872473,-0.4242629202453546,-0.21433873601788822,-0.13080295740716877,-0.4222647610780939,-0.4242629202453546,0.010569669381968322,0.7415781430903253,-0.7262801990900174,2.771907859780261,-0.5410188408508065,-0.30486628086078316,-0.7236315677094283,0,537.1
14948,-1.0977431894388785,-0.08364389441418492,-0.1713759275083676,-0.34746274224263574,-0.22370121828653103,-0.08364389441418492,-0.4806630261383905,-0.33003467793346586,-0.7262801990900174,0.1640829692769777,0.07242000247865057,-0.14233450998461086,1.3741253846992172,0,545.1
13583,-0.4979351136138776,-0.4242629202453546,-0.13327590315621293,0.7413649899938318,0.03159476530262125,-0.4242629202453546,1.6947960540231983,1.7624364279192328,-0.05064968075348243,-0.025301877973694983,-0.3529558932699627,-0.06012883566581112,0.2623105206364167,0,0.0
14587,-0.11979523972420307,0.7679036701637393,-0.019116903530388956,-0.35484769369097063,1.6342862178345217,0.7679036701637393,1.2145283740278479,-0.43673455516134596,0.06310182862313846,-0.4808211531910924,-0.20222657989866777,-0.1386007340139594,0.8034629479682567,0,127.61
15449,-0.1067559337280074,-0.25395340732976973,-0.15593773509265466,-0.09468588160742927,-0.29461676928351777,-0.25395340732976973,-0.04206240513807012,0.14636585498669108,-0.5103983065641536,-0.18896049814301852,1.3007985831060322,-0.863189768097751,0.6692663253643774,0,326.82
14053,-0.9021535994959434,-0.25395340732976973,-0.22179183232339314,-0.4489532491671527,-0.6917438548666435,-0.25395340732976973,-0.9894397464987621,-0.37444489710398887,-0.7262801990900174,5.957845364708967,-0.5410188408508065,-1.3226823162124386,-1.067450603885795,0,0.0
17124,-0.1067559337280074,-0.4242629202453546,-0.2160146203866973,-0.14883406461655774,-0.28043365908412043,-0.4242629202453546,0.5368904145823528,-0.3000433610910346,1.348896593222598,-0.4412180203177796,0.9160454691602782,-0.32412599985639895,-1.0594860769472179,0,0.0
17135,1.2493318898763426,-0.25395340732976973,-0.18094852463324873,-0.22923341841582598,-0.45063098147688857,-0.25395340732976973,-0.5420671130784354,-0.019739899832927767,-0.7262801990900174,-0.46887412296199016,0.1506023756957719,0.8419017652634803,0.26146452480213245,0,639.18
14632,0.8972706279790594,-0.4242629202453546,-0.24655446860045158,-0.47741716232274484,-0.6066451936702594,-0.4242629202453546,-0.6736472993785315,-0.41424106752952256,0.2489365614081488,-0.8261751829853697,-0.5410188408508065,-0.3429098029783862,1.0642086541981672,0,0.0
14796,-1.12382180143127,1.6194512347416634,0.7109703939500684,0.12167474458655449,3.8894007395387002,1.6194512347416634,2.2899433582113256,0.42054682848702346,-0.4012578571670659,-0.42592140647809734,-0.25998692849988697,0.9213090238281195,-0.009083652997509212,1,2227.37
14816,0.04971573822634068,-0.4242629202453546,-0.219820203654206,-0.18977894194092063,-0.6633776344678488,-0.4242629202453546,-0.8841755974586852,-0.72914989437505,-0.7262801990900174,-0.8261751829853697,-0.5410188408508065,-1.3226823162124386,4.458509711726961,0,0.0
16323,0.036676432230145,-0.4242629202453546,-0.23075764372853302,-0.3074566041036162,-0.7059269650660409,-0.4242629202453546,-1.0420718210188007,-0.5734257492316572,-0.7262801990900174,-0.8261751829853697,-0.5410188408508065,4.34614289167105,-1.067450603885795,0,0.0
14985,0.06275504422253635,-0.25395340732976973,-0.21639364900154967,-0.4199132915114634,0.38617252028755494,-0.25395340732976973,1.0895271970427565,-0.30350389764977664,-0.6167961855598215,0.40216523647682,-0.374833170923859,-0.7259230035507543,0.6059377265894805,0,0.0
15965,2.2663977575796053,-0.4242629202453546,-0.23947870122991177,-0.4012878526749901,-0.4931803120750806,-0.4242629202453546,-0.2525907032182239,-0.49037287182184786,-0.19543753545163137,-0.33732230505533395,0.3250204836686593,-1.0795097130187683,1.044657826046546,0,652.6800000000001
15046,-0.8630356815073564,1.108522695994909,0.3836732361454505,0.01210728257247891,0.9676800384628462,1.108522695994909,-0.27890674047824315,0.1017249333789185,-0.36319972617749036,-0.47326401586433936,-0.05509526020026734,2.3535533818993173,-0.9701439546942984,1,1267.94
15254,-0.8630356815073564,-0.4242629202453546,-0.21497441629571235,-0.1376423429003853,-0.46481409167628596,-0.4242629202453546,-0.14732655417814702,0.2051949764853061,-0.7262801990900174,0.33417389087791016,0.2818213401988126,0.7560379141653996,-1.067450603885795,0,0.0
14712,-1.0586252714502915,-0.4242629202453546,-0.24635730573353284,-0.4752958555922284,-0.6208283038696568,-0.4242629202453546,-0.7262793738985699,-0.3934778481770702,-0.5289416306801077,-0.6082178787118221,-0.5410188408508065,-1.3226823162124386,2.753817139816678,0,801.35
18136,0.2322660221730801,-0.25395340732976973,-0.1639007353643287,-0.13752347657496844,-0.29461676928351777,-0.25395340732976973,-0.2525907032182239,-0.23602343475430648,-0.6098058451434972,-0.8261751829853697,-0.5410188408508065,-0.38157336308540524,1.889560629885198,0,183.48
18176,2.1490440036138443,-0.4242629202453546,-0.1850617499603461,0.18419280494752135,-0.29461676928351777,-0.4242629202453546,0.48425834006231433,0.23287926895524258,-0.4917450210010708,-0.3737061601029801,0.24830733342491054,2.382552759833587,-0.8744483629240676,0,0.0
15226,1.5231573157964517,-0.4242629202453546,-0.23978124424983877,-0.4045429612787135,-0.6066451936702594,-0.4242629202453546,-0.6736472993785315,-0.500754481498074,-0.7262801990900174,-0.8261751829853697,-0.5410188408508065,1.1631421435103189,0.12336109849253353,0,0.0
14198,-0.6283281735758344,-0.25395340732976973,-0.20535592781387602,-0.36053499018399293,-0.4222647610780939,-0.25395340732976973,-0.5420671130784354,-0.4574977745137983,1.3839237738185104,-0.05534088990530997,0.4266987145476264,-0.25069547903038136,-0.6381812501849085,0,344.45
13741,-0.13283454572039874,-0.25395340732976973,-0.20430552564356766,-0.35488426794494504,-0.43644787127749124,-0.25395340732976973,-0.5683831503384545,-0.499024213218703,-0.7262801990900174,-0.8261751829853697,-0.22533910786846595,0.7662266174115789,0.7833982279348184,0,305.3
17162,-0.8108784575225737,0.9382131830793241,-0.01725065501421007,-0.3895129747982255,0.3436231896893629,0.9382131830793241,-0.5742311586184589,-0.4138565634674401,0.23230650529494584,-0.11955229925918608,-0.5410188408508065,0.8858844865583417,-0.5194189809621867,0,251.8
17841,-1.1759790254160525,12.689569574254678,3.51005082327779,-0.16605022242328585,13.860127209715037,12.689569574254678,1.715713929793983,-0.2132637520025799,0.20874246461459775,-0.09680404666048105,0.3307683363008606,-0.4346682624629616,-0.2679171335454122,1,18303.44
15149,-0.7847998455301823,-0.4242629202453546,-0.17750667286160732,0.26547908440566936,-0.3938985406792992,-0.4242629202453546,0.11583381842204521,-0.30350389764977664,0.8279614436564553,-0.8261751829853697,0.3790368934240161,0.04935189548824014,1.0589811554430535,0,0.0
16996,-0.9412715174845304,0.25697513141698475,-0.08895675009668252,-0.3058912260335111,-0.5640958630720674,0.25697513141698475,-0.8210171080346391,-0.47653072558687964,-0.009995723765941286,-0.8261751829853697,-0.5410188408508065,1.8403412749858126,0.46566905084461385,0,415.18
17231,-0.8760749875035521,0.5975941572481545,0.05790239087956541,-0.18902916973444508,2.2441599564086077,0.5975941572481545,1.4391545492115834,-0.23577625357153914,0.008766558126222483,0.28329262990873977,-0.3354703498598568,0.46272010520195794,-0.5193126109875926,1,1218.9
17042,-0.9412715174845304,0.08666561850139992,-0.11050189234721396,-0.26858731569230165,0.2585245284929788,0.08666561850139992,0.06320174390200677,0.021786538871976947,-0.5230930249218174,0.20607155014817247,0.09740289223417874,0.11797320371196335,-0.6487391781231884,0,121.56
15552,0.3105018581502541,-0.4242629202453546,-0.2507084862448425,-0.5221109006794857,-0.4789972018756833,-0.4242629202453546,-0.19995862869818545,-0.5388203836442367,-0.7262801990900174,-0.04592737499561223,0.20946208511843115,0.7707320526109357,1.0888828609872747,0,0.0
15370,-0.6935247035568127,0.08666561850139992,-0.008786249175803122,0.005006391163345348,0.045777875502018596,0.08666561850139992,-0.19995862869818545,-0.21785561782091067,0.4408824025267875,-0.8261751829853697,-0.5410188408508065,-0.21630514740412862,1.0897067961031328,0,872.5899999999999
14428,0.5973665900665589,-0.25395340732976973,-0.20983118495695344,-0.3846099928626547,-0.3655323202805045,-0.25395340732976973,-0.35785485225830077,-0.4955636766599609,0.45535306241266066,-0.7082770392061636,1.8217668181292577,-0.28877583736852613,-0.3868069637323282,0,893.44
16938,-0.18499176970518144,-0.08364389441418492,0.13952611810402676,0.7675521558395164,2.1874275156110183,-0.08364389441418492,2.659717420223903,1.9273886705526042,-0.47276137896699805,-0.21115750179136913,-0.21045160288559717,-0.6843945266229589,0.0936133889592197,1,325.63
14214,-0.4848958076176819,-0.08364389441418492,-0.11319758464836124,-0.1388127190275667,0.07414409590081329,-0.08364389441418492,-0.059606429978082874,0.02755409980321358,-0.21990192465323322,0.16069755985310294,-0.10755710224056711,-0.5619718202125925,0.1956033884184576,0,105.22
13267,-1.0847038834426828,1.7897607476572481,0.21004413694532517,-0.3210491643485381,0.1876089774959921,1.7897607476572481,-0.5984586214927623,-0.44686898365480476,0.7580897056503323,-0.744312992400862,0.6778826417361667,-0.7152691544203287,-0.20700327460851778,1,1720.55
15281,-0.7456819275415953,0.7679036701637393,0.10650643693480347,-0.18589749923788534,0.8825813772664621,0.7679036701637393,-0.2394326845882143,-0.2585169223861299,0.1739160128402447,-0.5631056020331288,-0.3652867210069958,-0.031058786220863374,0.915091939534741,1,140.37
17367,0.5843272840703633,-0.4242629202453546,-0.23754786487801816,-0.38051367641751965,-0.2520674386853257,-0.4242629202453546,0.6421545636224296,-0.23083262991619338,-0.49730668581551285,0.5537224185061511,-0.5410188408508065,1.2300652930672344,-0.5008073206526257,0,0.0
18071,0.8320740979980811,-0.25395340732976973,-0.18903050249702885,-0.27271106282791746,-0.3938985406792992,-0.25395340732976973,-0.43680296403835844,-0.2965828245322925,-0.11359705703697379,-0.8261751829853697,0.8912582958785227,1.0011606001318518,0.06270562538840126,0,0.0
16859,-0.64136747957203,-0.25395340732976973,-0.138922239741592,-0.003149667472950323,-0.010954565295570795,-0.25395340732976973,0.27373004198216055,0.6844792898710813,-0.5853393031421896,0.8499964734383538,2.018333025113545,-0.8405581359776332,-0.8275948410197733,0,0.0
15433,0.25834463416547143,-0.25395340732976973,-0.17538207300256947,-0.19928824797426986,-0.15278566728954426,-0.25395340732976973,-0.0157463678780509,0.17751068401536962,-0.7262801990900174,0.17990232832929018,-0.5410188408508065,-0.522265031094069,0.5439069277880988,0,0.0
15747,-0.9543108234807262,-0.25395340732976973,-0.1767299191531431,-0.2065390938246985,-0.35134921008110714,-0.25395340732976973,0.036885706641987544,-0.2602471906655009,-0.7262801990900174,-0.8261751829853697,-0.5410188408508065,-0.3564236844558359,-0.9679441904045977,0,421.27
12500,-1.1368611074274655,0.4272846443325696,0.03547001572789974,-0.1462738668383483,-0.43644787127749124,0.4272846443325696,-0.813999498098634,-0.013972338901691132,-0.3329368223143822,0.06160001972162032,-0.5410188408508065,2.373252127095444,-0.9309333031923553,1,2483.98
14145,-0.4848958076176819,-0.08364389441418492,0.21858672805854468,1.0510940597762055,-0.6350114140690541,-0.08364389441418492,-0.9543516968187364,-0.08202955789028483,-0.7262801990900174,-0.8261751829853697,-0.5410188408508065,-1.3226823162124386,-0.5667064999526858,1,891.0
13308,0.12795157420351472,-0.4242629202453546,-0.1275105889787277,0.8033949247344478,-0.35134921008110714,-0.4242629202453546,0.27373004198216055,1.0495658968183685,-0.33829193699266724,1.0926728365657326,1.1386771577709986,-0.32706423902443527,-0.31536669295368175,0,570.5600000000001
17358,1.431882173823082,-0.25395340732976973,-0.20469985137740512,-0.3570055746754614,0.05996098570141595,-0.25395340732976973,0.4316262655422759,-0.4177016040882646,-0.5665921835195491,-0.0470646563884975,0.6578051809120533,-0.8626529320855341,0.9926490271618682,0,0.0
13863,0.7016810380361244,-0.4242629202453546,-0.21405318979683352,-0.12773072007331762,-0.43644787127749124,-0.4242629202453546,-0.04206240513807012,0.028707611989461066,-0.494653566674697,-0.38375991836209167,-0.5410188408508065,1.9438720746210718,-1.067450603885795,0,0.0
14960,-0.28930621767474685,-0.4242629202453546,-0.2510178279843184,-0.5254391577911579,-0.6917438548666435,-0.4242629202453546,-0.9894397464987621,-0.6772418459939191,-0.7262801990900174,-0.8261751829853697,-0.5410188408508065,-1.3226823162124386,-1.067450603885795,0,132.97
17633,-1.1759790254160525,-0.25395340732976973,-0.1557830642229167,-0.09385381732951126,-0.29461676928351777,-0.25395340732976973,-0.2262746659582047,-0.2706288003417271,1.6364224199534065,-0.5928576030787849,0.4105281523524,-0.4453651697494725,-0.5299348780684502,0,676.23
15671,-0.8760749875035521,0.08666561850139992,-0.03920542011756403,-0.07681478675917845,-0.09605322649195489,0.08666561850139992,-0.35785485225830077,-0.05348013128066285,-0.7262801990900174,1.240810513177319,-0.47573478934589747,1.6937754917277226,-0.7394673246061813,0,1322.64
14175,-0.28930621767474685,-0.25395340732976973,-0.06104630666847355,0.4157901246770408,0.102510316299608,-0.25395340732976973,0.4579423028022951,0.33669536571750436,-0.1937557811514878,-0.3603643918223891,-0.24572133340850733,1.7063098609267098,-0.009700879686160943,0,2016.31
12683,-1.1499004134236612,1.2788322089104938,0.7908145563325997,0.3467869759229838,1.4215395648435614,1.2788322089104938,0.08712541413838781,0.43925308554931447,-0.47461977851258014,0.859799516567972,-0.5166833323659216,0.11770845136994063,0.14158707496674136,1,2258.69
13014,-1.0455859654540958,0.25697513141698475,0.07773085644399425,0.052792482693623424,0.03159476530262125,0.25697513141698475,-0.43153975658635463,-0.3201144731317385,-0.14852341878032144,-0.09493062560149762,-0.5410188408508065,-0.6152844156321439,-0.06204058388482093,1,1443.8
17443,0.33658047014264547,-0.4242629202453546,-0.1752223030931698,0.2900569830764793,-0.7059269650660409,-0.4242629202453546,-1.0420718210188007,0.9976578484372376,-0.7262801990900174,-0.8261751829853697,-0.5410188408508065,-1.3226823162124386,4.941478643311516,0,0.0
13874,2.1360046976176483,-0.4242629202453546,-0.17416680188319977,0.3014132889355367,-0.46481409167628596,-0.4242629202453546,-0.14732655417814702,-0.12355599659518955,-0.11002604788262595,-0.8261751829853697,0.612838742685234,0.1137976767927301,-0.7539122473847977,0,0.0
13023,-0.8369570695149651,-0.4242629202453546,-0.20884876998213428,-0.07173553723848085,-0.43644787127749124,-0.4242629202453546,-0.04206240513807012,-0.1962272643287728,-0.7262801990900174,1.1243439975162253,-0.5410188408508065,0.626692535297555,-0.22612905946548187,0,353.5
17396,-0.5892102555872473,0.4272846443325696,0.5501262868616895,0.7766042836981855,-0.46481409167628596,0.4272846443325696,-0.9368076719787237,-0.10913709426709776,0.7285313123242088,-0.8261751829853697,-0.5410188408508065,-1.3226823162124386,1.3922835225440922,1,2529.0
18044,-0.3545027476557252,0.5975941572481545,-0.07812129081558927,-0.3981006676857907,0.17342586729659473,0.5975941572481545,-0.5157510758184162,-0.4246226772057487,0.752574685732046,0.39142318554820005,-0.3776028652136962,-0.7465853201058567,0.6396803631252594,0,983.07
14155,0.949427851963842,-0.4242629202453546,-0.24584230272770205,-0.46975485611510387,-0.6350114140690541,-0.4242629202453546,-0.7789114484186084,-0.6599391632002087,-0.7262801990900174,1.0725158993515562,-0.5410188408508065,-1.3226823162124386,-0.1642136602018202,0,0.0
17158,0.5060914480931892,-0.25395340732976973,-0.14729486286608853,-0.048190861242448244,-0.20951810808713367,-0.25395340732976973,-0.06837844239808935,0.051201099621284454,-0.08655028951922175,-0.48611997845710364,0.31558858754475555,-0.06345733946448799,-0.16424028113764855,0,568.42
14961,-0.5109744196100733,0.4272846443325696,0.39803553119254664,0.5038761675199328,1.2655253526501906,0.4272846443325696,0.44917029038228845,0.49472653523339183,-0.6275458667618748,0.1805119246671284,-0.22883582622083257,0.21210156504495103,0.7995718741023782,1,3137.7
17096,-0.6544067855682256,-0.25395340732976973,-0.1905704124748595,-0.28099513135312354,-0.4080816508786965,-0.25395340732976973,-0.48943503855839693,-0.43846482344071697,2.451885001743134,-0.48529101957768,0.021893858015195014,-0.043193453235627614,-0.22486862064924817,0,578.19
14037,-0.22410968769376846,-0.25395340732976973,-0.2410067134485318,-0.5523212344623565,-0.3371660998817098,-0.25395340732976973,-0.35785485225830077,-0.6668602363176929,-0.010267893392020668,-0.8261751829853697,-0.5410188408508065,-0.4908438346208398,-0.07344634322509859,0,0.0
15110,-0.8760749875035521,-0.25395340732976973,-0.20202455523490462,-0.3426136057365272,-0.5357296426732727,-0.25395340732976973,-0.5946991875984738,-0.5370901153648656,2.2966589141922773,-0.8261751829853697,-0.5410188408508065,-0.2568137072145605,-0.22008865188426213,0,619.5500000000001
17325,1.1319781359105816,-0.4242629202453546,-0.2495731000801726,-0.5098950998520295,-0.6350114140690541,-0.4242629202453546,-0.7789114484186084,-0.5388203836442367,-0.7262801990900174,0.7371731176676268,-0.5410188408508065,1.2540564146436928,-0.04320130038625371,0,0.0
15696,0.34961977613884115,0.4272846443325696,0.011013321830542792,-0.19012944520817548,0.5421867324809257,0.4272846443325696,-0.19118661627817898,-0.3329184583990841,-0.025336241568377008,-0.03094680273235395,-0.1926557761009967,-0.18839558760167108,0.8618803769591636,1,1081.16
17235,2.3315942875605837,-0.4242629202453546,-0.2079139460441576,-0.06167761739551553,-0.5782789732714647,-0.4242629202453546,-0.5683831503384545,-0.3104249707672608,-0.5166575967175503,2.2833490246505868,-0.5410188408508065,-0.7357375593856601,0.050326231802268605,0,208.16
16149,-0.6674460915644214,-0.4242629202453546,-0.23820564099437624,-0.3875907945615699,-0.5640958630720674,-0.4242629202453546,-0.5157510758184162,-0.16508243530009425,-0.7262801990900174,-0.8261751829853697,-0.5410188408508065,4.34614289167105,-1.067450603885795,0,116.84
13752,-0.9021535994959434,0.4272846443325696,-0.06624902680328552,-0.3286757671177754,0.1876089774959921,0.4272846443325696,-0.43680296403835844,-0.24236775177866696,-0.32258322847868254,0.2197694158338791,2.249460104256775,-0.2178840464019343,-0.5831085554593519,0,0.0
15415,1.5622752337850387,-0.4242629202453546,-0.1709102152192665,0.33645142424303076,-0.06768700609316018,-0.4242629202453546,1.3790036069029679,1.1603030666981144,-0.7262801990900174,-0.3267097847388282,0.1488959353018194,0.3113810391308995,-0.06390433515746537,0,0.0
16725,1.4188428678268863,0.5975941572481545,-0.13714437457954912,-0.48882049222262636,0.8400320466682701,0.5975941572481545,-0.0044680661951854665,-0.6040762158948012,0.140595752427042,-0.6753848040933853,0.9681280938389268,-0.6074535617605769,1.1680577778705208,0,0.0
13203,-0.9543108234807262,-0.25395340732976973,-0.21335972040284354,-0.4035920306753785,-0.43644787127749124,-0.25395340732976973,-0.5683831503384545,-0.2723590686210981,-0.3072228246523553,-0.10099199569479579,0.35574054146835277,0.7036491884192504,-1.067450603885795,0,559.6
17931,-0.7847998455301823,-0.25395340732976973,-0.19661787351362495,-0.3135279302633699,0.17342586729659473,-0.25395340732976973,0.6158385263624104,-0.31561577560537385,-0.23124770848664497,1.0707337024022434,0.9085934702109993,-0.384263803006141,0.03247950980800174,0,0.0
17905,-0.4848958076176819,-0.08364389441418492,-0.16102997603479668,-0.3103581615855869,-0.26625054888472305,-0.08364389441418492,-0.533295100658429,-0.42231565283325395,-0.4191694073042482,3.2382165851512457,-0.021428417653253366,-0.9088123759858949,-0.15551821012021755,0,181.25
17693,-0.7326426215453997,-0.4242629202453546,-0.23195251868925595,-0.3203124543756248,-0.4931803120750806,-0.4242629202453546,-0.2525907032182239,0.05293136790065548,-0.2005306535283618,0.5692212483851239,-0.5410188408508065,-0.5507018294801637,0.7780613118618902,0,0.0
13715,1.1319781359105816,0.25697513141698475,-0.08290419001825536,-0.2928671341932202,0.5421867324809257,0.25697513141698475,4.3254477960670414e-05,-0.35748826796615274,-0.07280092404233976,-0.5131156737037894,-0.06293449077559822,-0.03989745123133232,-0.16777604141037047,0,0.0
15641,-1.1499004134236612,0.08666561850139992,0.05473758692954259,0.17587216216834084,0.7265671650730913,0.08666561850139992,0.47110032143230474,0.6048869490200139,0.02097076133559212,-0.45900813331526324,-0.403336398824248,1.0917049439298419,-0.11710876814449495,1,0.0
12676,-0.9151929054921392,0.08666561850139992,-0.09638945024354068,-0.23062781184860076,-0.4222647610780939,0.08666561850139992,-0.6999633366385507,-0.3190763121641159,-0.7262801990900174,1.747668257209318,-0.5410188408508065,0.4965899788480104,-0.9915901675201964,0,333.34000000000003
16217,0.5452093660817763,-0.25395340732976973,-0.21431324081957975,-0.40872156979529095,-0.5357296426732727,-0.25395340732976973,-0.6999633366385507,-0.5889981637459966,-0.7262801990900174,-0.4292648429455771,-0.5410188408508065,1.6621847283329514,-0.6013512440374582,0,0.0
17894,1.1971746658915599,0.4272846443325696,-0.11866375516569391,-0.42266550412303844,0.6272853936773098,0.4272846443325696,0.159693880522077,-0.5618906273691837,0.31683009211586444,-0.3094107327856697,0.19102671842760324,0.4350458044742027,0.006810103513955056,0,251.96
16054,-0.6283281735758344,-0.4242629202453546,-0.13278809502857783,0.746613395439161,0.2727076386923762,-0.4242629202453546,2.589541320863852,0.5685513151532223,0.5324604830314936,0.9551524125539297,-0.5410188408508065,-1.0561990799444114,0.504652086900908,0,0.0
17850,2.3315942875605837,5.195951005968945,0.6503071190949313,-0.39694466001552775,-0.4222647610780939,5.195951005968945,-0.6349472445843856,-0.570066993159937,-0.16090033637798962,-0.8261751829853697,0.5333248290831201,-0.20479693769643748,-0.21232333245049173,1,0.0
16398,-0.5109744196100733,-0.25395340732976973,0.023905393775184698,0.8727945716509092,0.3436231896893629,-0.25395340732976973,1.0632111597827372,0.5650907785944803,0.9079975307123099,-0.18186248722244067,-0.5410188408508065,0.38853322842548255,-0.35580569444811166,1,0.0
15508,-0.054598709743224706,0.4272846443325696,-0.09601212130857555,-0.3820467472299474,0.38617252028755494,0.4272846443325696,-0.2876787528982495,-0.49267989619434255,-0.16810780392042707,-0.8261751829853697,0.04688859291838704,-0.3328892377867622,1.3780040413090837,0,0.0
12993,-0.9543108234807262,-0.08364389441418492,-0.20272992238810517,-0.45991028608698925,-0.3938985406792992,-0.08364389441418492,-0.6736472993785315,-0.5111360911743003,-0.7262801990900174,0.8855036939916668,-0.5410188408508065,-0.3689983761643706,0.5404704473580614,0,42.36000000000001
16510,2.3315942875605837,-0.4242629202453546,-0.223856943386378,-0.23321086853554415,-0.5357296426732727,-0.4242629202453546,-0.41048692677833926,-0.42808321376449077,1.7489848274450706,0.5138976583643704,-0.5410188408508065,-0.9251105362157737,0.39300257469541355,0,0.0
13060,0.7799168740132983,-0.4242629202453546,-0.21375574581656823,-0.12453047285055588,-0.507363422274478,-0.4242629202453546,-0.30522277773826234,-0.3208065804434869,1.412299292758485,-0.8261751829853697,0.9649039537026514,0.8539342107829192,-1.067450603885795,0,0.0
15319,1.1710960538991686,-0.4242629202453546,-0.23126754769470212,-0.3129427421997792,-0.4931803120750806,-0.4242629202453546,-0.2525907032182239,-0.14085867938889984,-0.31740507744533397,1.0126384009611702,-0.5410188408508065,-0.6241278162678717,-0.06841102244467763,0,0.0
13013,-1.12382180143127,0.7679036701637393,0.3089400111838209,0.08635438967507506,1.123694250656217,0.7679036701637393,-0.02890438650806051,-0.023200436391669826,-0.38704463906130243,0.5404384222159497,0.020150744199181794,-0.5846503042329875,1.2941892033269777,1,1428.15
17062,1.5622752337850387,0.08666561850139992,-0.17537697396290777,-0.44308765318600507,0.017411655103223903,0.08666561850139992,-0.18680061006817586,-0.384826506780215,-0.6096840265040768,-0.3812043918445665,0.9900548154391953,0.8690409280557918,-0.183569143171736,0,0.0
15036,-0.21107038169757278,-0.25395340732976973,-0.2299095034648051,-0.49262290841260986,-0.02513767549496814,-0.25395340732976973,0.3000460792421798,-0.499024213218703,0.9131957998275113,-0.40354035497380425,-0.16698369348577777,0.2860059045761833,0.10300250704411566,0,217.07
14396,2.3185549815643878,-0.4242629202453546,-0.24727003383297555,-0.48511604278436016,-0.23788432848592836,-0.4242629202453546,0.6947866381424681,-0.6114916513778199,0.5249212955393999,-0.13702058798372685,-0.13241989175944527,-0.43652703903989526,0.3728410009023231,0,377.64
17958,-1.0064680474655088,-0.4242629202453546,-0.17960407784244956,0.24291276970345207,-0.6208283038696568,-0.4242629202453546,-0.7262793738985699,-0.45576750623442724,-0.5189934677861878,-0.8261751829853697,-0.5410188408508065,-0.18548337980816706,-0.8901821093966322,0,0.0
14984,-0.17195246370898576,-0.4242629202453546,-0.24865017390140653,-0.49996518989797456,-0.4931803120750806,-0.4242629202453546,-0.2525907032182239,-0.6772418459939191,1.242890218317821,-0.8261751829853697,-0.5410188408508065,-0.22196647569118988,0.692966406322162,0,100.14
17165,1.1841353598953641,-0.4242629202453546,-0.23905548093799142,-0.3967343580551748,-0.5782789732714647,-0.4242629202453546,-0.5683831503384545,-0.4003989212945543,0.15490647717039285,-0.8261751829853697,0.1813959652865604,0.8272414360589778,0.17084021022658225,0,0.0
15938,-1.0586252714502915,0.25697513141698475,-0.19726035251099805,-0.5389423723585137,-0.5357296426732727,0.25697513141698475,-0.9052284272667006,-0.5803468223491414,-0.7262801990900174,0.3870231478458243,3.5685116895139535,-0.4819845247422489,-0.13472838152188424,0,0.0
14377,-0.028520097750833362,-0.25395340732976973,-0.1611472539470156,-0.12271090371532849,-0.5640958630720674,-0.25395340732976973,-0.8052274856786276,-0.36752382398650474,-0.0959990678018406,-0.8261751829853697,1.1309607927945982,1.5712159748228085,-0.48316123538755584,0,0.0
14733,-1.0847038834426828,1.2788322089104938,1.2711984822202775,0.816653091800175,0.669834724275502,1.2788322089104938,-0.18560442655635676,0.4002434007053131,0.2631681086815478,-0.10025492013452332,0.6033063663911084,0.878150912562362,-0.5228585863118043,1,541.71
16928,-1.202057637408444,1.7897607476572481,0.1030339909251919,-0.40328768063337717,0.21597519789478678,1.7897607476572481,-0.4706378690869546,-0.34873805409619063,-0.5182060260965862,-0.8261751829853697,-0.5410188408508065,-1.0092632606910292,-0.5610218603681181,1,643.3499999999999
12444,-0.9412715174845304,-0.25395340732976973,0.1805257963437963,1.7153465168961235,0.6414685038767072,-0.25395340732976973,1.6684800167631793,0.37822180442240905,-0.393713989870715,0.11061871207833686,-0.434557005292063,-1.0413415636990209,0.9736142845692753,1,2378.19
16011,-0.9673501294769218,1.108522695994909,0.025559182305459796,-0.3731933394845396,0.4429049610851444,1.108522695994909,-0.38417088951832,-0.35610405334265594,-0.5278386989017684,-0.40128237648215387,0.20848580113244303,-0.19207629656991673,0.05599460939876751,1,1637.43
14422,-0.3023455236709425,-0.25395340732976973,-0.0905935418280853,0.2568384169042126,0.08832720610021064,-0.25395340732976973,0.5105743773223336,0.18962256197096683,-0.03871229705554151,-0.5329385109838003,1.3110533029829812,0.120735745972185,-0.7181450234645012,0,3231.49
17923,1.1580567479029729,-0.4242629202453546,-0.23075764372853302,-0.3074566041036162,-0.7059269650660409,-0.4242629202453546,-1.0420718210188007,-0.5734257492316572,-0.7262801990900174,-0.8261751829853697,-0.5410188408508065,4.34614289167105,-1.067450603885795,0,0.0
13185,0.9624671579600378,-0.4242629202453546,-0.25389028699373756,-0.5563444023995427,-0.7059269650660409,-0.4242629202453546,-1.0420718210188007,-0.7049261384638555,6.300187227492996,-0.8261751829853697,-0.5410188408508065,-1.3226823162124386,-1.067450603885795,0,0.0
12994,-0.9543108234807262,-0.25395340732976973,-0.15631676370750702,-0.09672489626650319,-0.18115188768833898,-0.25395340732976973,-0.0157463678780509,-0.22218128851933824,-0.03176516072108309,0.4493416537793984,-0.5410188408508065,-0.08962259355012796,0.5789142734390138,0,328.95
16320,-0.27626691167855116,-0.25395340732976973,-0.08952104381924297,0.2626080054686773,0.07414409590081329,-0.25395340732976973,0.3789941910222374,0.5201038033308335,-0.490815119602037,0.6107856776113689,-0.2069133206715906,-0.22490219054041524,-0.3791022580211572,0,0.0
13682,-0.08067732173561605,-0.4242629202453546,-0.25591290605954164,-0.5781060835143225,-0.6775607446672461,-0.4242629202453546,-0.9368076719787237,-0.7118472115813397,-0.7262801990900174,-0.8261751829853697,-0.5410188408508065,1.9166463740066977,-1.067450603885795,0,0.0
16370,-0.9934287414693131,-0.08364389441418492,-0.10549293571954622,-0.11118087014989265,1.1662435812544092,-0.08364389441418492,1.975500451463404,-0.14777975250638398,-0.2330459770416596,0.46251342646706195,-0.3383308875625185,-0.051639621982233645,-0.2455959731825073,0,357.42
13735,-0.23714899368996412,-0.25395340732976973,-0.02642382736559207,0.6020445130417734,0.5280036222815284,-0.25395340732976973,1.5895319049831216,0.49761031569901015,-0.16523544915479524,0.34780392918959263,-0.5410188408508065,-0.5099720220958227,0.010771312335898965,0,1473.85
14238,1.7317862117355827,-0.4242629202453546,-0.2410662022445849,-0.41836802928104416,-0.6066451936702594,-0.4242629202453546,-0.6736472993785315,-0.36233301914839167,0.7019802890509624,-0.8261751829853697,0.5414289421058838,-0.21478116901287356,0.46700528150677667,0,0.0
13888,-0.9673501294769218,-0.25395340732976973,-0.16478116954591399,-0.14225984246465584,-0.18115188768833898,-0.25395340732976973,-0.06837844239808935,-0.3069644342085187,-0.33701529557424653,-0.8261751829853697,-0.04900512317238278,2.5026588635697347,-0.6821011700668397,0,0.0
12916,-0.719603315549204,0.08666561850139992,0.23452122700132885,0.6594523764363719,0.03159476530262125,0.08666561850139992,0.26057202335215096,0.19048769611065236,-0.26316967853796636,0.3542203061110991,1.4293231183256723,0.06009178456451991,-0.844432906906673,1,0.0
17312,-0.719603315549204,-0.08364389441418492,-0.15651562625431298,-0.29416795849291044,-0.5640958630720674,-0.08364389441418492,-0.8490875477786596,-0.31734604388474486,-0.41710690785359283,-0.22830304069001342,-0.5410188408508065,3.482137559660871,-0.9275562399125534,0,0.0
16523,-1.0195073534617045,1.4491417218260785,0.5444238608400318,0.039732121384807986,0.428721850885747,1.4491417218260785,-0.42364494540834885,-0.1342259843179776,0.571219841618071,-0.5977616875824613,-0.42562276243591446,-0.5960455066788807,-0.35235242293426894,1,4650.22
14135,-1.1499004134236612,1.108522695994909,0.2762262723942991,-0.10349661938986696,0.4429049610851444,1.108522695994909,-0.5368039056264315,0.4176719211920685,0.0383165911418584,1.6617548766268329,0.17150155080680413,-0.4179645942140322,-0.011473089893100648,1,1499.99
14572,-1.0847038834426828,0.25697513141698475,0.08465875166434496,0.067700148613597,1.449905785242356,0.25697513141698475,1.0842639895907524,0.072310372629611,-0.4221645648478241,-0.007357833759078191,-0.16080600361105699,0.22618588837847584,-0.07537907620831169,1,741.3
13121,0.9885457699524292,-0.4242629202453546,-0.21780098394817637,-0.16805383508011532,-0.010954565295570795,-0.4242629202453546,1.5368998304630832,0.12560263563423874,-0.08611460864427412,0.9764962943215912,-0.16527962844032512,0.06390517692228112,-0.22179965107647448,0,0.0
13771,0.07579435021873202,-0.25395340732976973,-0.017048393107629692,0.6524804092724984,0.20179208769538942,-0.25395340732976973,0.7474187126625066,0.6810187533123393,-0.18664980315146532,1.495145619240327,0.3150979144008431,0.22392381706444023,-0.31041207258889547,0,1169.6
16470,-1.0195073534617045,-0.08364389441418492,-0.17439115962831417,-0.35827653000107246,0.4570880712845417,-0.08364389441418492,0.5719784642623784,-0.33349521449220787,-0.4108822213790594,-0.11819524371636908,-0.5410188408508065,-0.7862190103192117,0.14363067892254405,0,213.64
14096,-1.202057637408444,-0.4242629202453546,-0.26231390051485104,-0.6469754037481549,-0.6350114140690541,-0.4242629202453546,-0.7789114484186084,-0.7222288212575658,0.0651625604976294,3.9437232850020907,-0.5410188408508065,-0.6841607955442437,-1.067450603885795,0,65142.95
15847,1.2362925838801468,-0.4242629202453546,-0.23531618518608471,-0.3565026786833131,-0.592462083470862,-0.4242629202453546,-0.621015224858493,0.45781414527347647,-0.7262801990900174,-0.8261751829853697,-0.5410188408508065,-0.5853710898162576,0.60372879987591,0,208.59
12678,-0.5761709495910516,0.5975941572481545,0.8909155036111416,1.0913309640414923,0.32944007948996556,0.5975941572481545,-0.47815673687553156,1.4158884096794924,0.11823949307696983,0.6782862832918943,-0.012237927966263292,-0.8718626292614851,-0.1632801391376602,1,9346.2
12613,0.04971573822634068,0.08666561850139992,-0.017444418521354345,-0.018282265054866454,0.20179208769538942,0.08666561850139992,-0.1210105169181278,-0.08981576514745447,-0.6412430895458617,0.4935827320641445,-0.4758064169822007,-0.9017414623600833,0.11541918953111965,0,1881.86
15122,-1.0325466594579003,-0.08364389441418492,0.01166429922735199,0.30899025521723733,0.20179208769538942,-0.08364389441418492,0.34390614134221154,0.17635717182912233,0.05697106346020237,-0.2462741195106471,-0.5410188408508065,-0.3150638851082721,1.213785771620168,1,0.0
17337,-0.5500923375986603,0.08666561850139992,0.07069078235108628,0.21878290564382877,5.250979318680845,0.08666561850139992,5.760623810696169,0.33236969501907676,-0.19177410579346912,0.21140981623587465,-0.2997244335153656,-0.38393498009023264,0.8523153290673321,1,0.0
16718,2.2924763695719967,-0.4242629202453546,-0.1630169018229689,0.42137684197163355,-0.13860255709014693,-0.4242629202453546,1.2211073833428525,0.661985802239258,-0.7262801990900174,-0.1769490460192019,0.47659416820088957,-0.004274737545368926,-0.02142793978330128,0,0.0
13572,0.15403018619590605,-0.4242629202453546,-0.030747812998705996,1.844481064116306,-0.26625054888472305,-0.4242629202453546,0.6421545636224296,1.1014739451994995,-0.6252675916932314,-0.8261751829853697,0.29428016975907123,-0.7649116871254015,2.1315961064064632,0,0.0
14997,-0.19803107570137712,-0.4242629202453546,-0.23963337209964974,-0.4029519812308262,-0.592462083470862,-0.4242629202453546,-0.621015224858493,0.3332348291587623,-0.7262801990900174,0.6563611928013114,-0.5410188408508065,1.5380154123408214,-1.067450603885795,0,390.92
14331,-0.9021535994959434,-0.25395340732976973,-0.18738861172596435,-0.2638783804930951,-0.3371660998817098,-0.25395340732976973,-0.35785485225830077,-0.3104249707672608,-0.04286033526726316,-0.4990837648744249,-0.5410188408508065,-0.5562771444813353,0.7677236117995467,0,0.0
17019,0.8842313219828637,-0.08364389441418492,-0.09674978237963351,-0.07982454307582348,0.8967644874658595,-0.08364389441418492,1.6772520291831852,0.012558441381998056,-0.5033364473403736,0.08353283226044439,-0.06526703438861228,-0.6712338760185848,0.2008483900729637,0,262.15
14146,0.7929561800094941,-0.25395340732976973,0.05754715778313429,1.0537731238798318,0.15924275709719737,-0.25395340732976973,0.6158385263624104,0.6567949974011449,-0.34390348317231934,0.06751239035256901,0.1117099341259972,-0.5273262452224983,0.7711511340142402,1,2287.27
17861,-0.7456819275415953,0.25697513141698475,-0.04515429972287013,-0.21163571611603388,0.8967644874658595,0.25697513141698475,0.33688853140620667,-0.018355685209430924,-0.5539560435480738,0.8880660288375746,-0.5043219543198164,-0.408116444345188,0.5103274078235632,0,798.39
15130,-0.31538482966713816,-0.4242629202453546,-0.20991786863120215,-0.0832381401134359,-0.4080816508786965,-0.4242629202453546,0.06320174390200677,-0.06472687509657454,-0.7262801990900174,-0.027396755460790713,-0.1937625279918283,2.0639131193899454,-0.7425304649549173,0,0.0
15806,-0.47185650162148624,-0.25395340732976973,-0.17732310743378646,-0.20973019748396665,-0.45063098147688857,-0.25395340732976973,-0.48943503855839693,-0.03185177778852497,0.34004964720678377,0.49628623176184417,-0.5410188408508065,-0.46846982608452126,0.7863042991546876,0,262.7
17984,-0.6283281735758344,-0.4242629202453546,-0.2400752888703296,-0.40770663424750075,-0.03932078569436549,-0.4242629202453546,1.4316356814230065,-0.4073199944120384,0.5185845106890664,-0.4262023068336749,-0.5084839932677926,-1.1054788352973328,0.8173255399986641,0,0.0
16350,1.8230613537089524,-0.4242629202453546,-0.20199906003659615,0.0019615845199748667,-0.4080816508786965,-0.4242629202453546,0.06320174390200677,-0.0681874116553166,-0.3961276282099557,-0.8261751829853697,0.024993830968816518,1.7367075557353004,-1.067450603885795,0,739.77
12401,1.431882173823082,-0.4242629202453546,-0.2516976999392105,-0.5327540085860419,-0.6491945242684515,-0.4242629202453546,-0.8315435229386468,-0.7083866750225976,-0.7262801990900174,0.5337956598128085,-0.5410188408508065,-1.3226823162124386,-0.28693132444557484,0,0.0
13708,1.0146243819448204,-0.4242629202453546,-0.21752903516621952,-0.16512789476216178,-0.02513767549496814,-0.4242629202453546,1.4842677559430448,0.29516892701259967,-0.6782599716977462,0.6267329586231443,-0.3267494565114993,1.162954391313245,-0.5209545678406189,0,0.0
16906,-0.09371662773181173,-0.08364389441418492,-0.19923028150029798,-0.4473592212647675,-0.2520674386853257,-0.08364389441418492,-0.37539887709831365,-0.5353598470854947,0.3518540685070094,-0.6540566308383613,2.0737251801398884,0.036860613233650814,-0.1754153554532878,0,166.6
14947,-0.8239177635187694,-0.4242629202453546,-0.23568671540150093,-0.3604892723665249,-0.5782789732714647,-0.4242629202453546,-0.5683831503384545,-0.33810926323719726,-0.7262801990900174,-0.8261751829853697,1.025950272361635,0.2779271542487817,-0.5624985663061892,0,112.32
17725,-1.0586252714502915,0.5975941572481545,0.10763672405981158,-0.11258636648119534,0.49963740188273376,0.5975941572481545,-0.17740202533245478,-0.05978325144122868,-0.24219439402446458,-0.6358319705679698,0.13823091141061764,1.1174784670393836,-0.033641335832029926,1,931.96
14772,-1.0586252714502915,-0.4242629202453546,-0.24235625927899268,-0.43224795866433646,-0.592462083470862,-0.4242629202453546,-0.621015224858493,-0.4626885793519114,-0.7262801990900174,-0.19501824222674427,0.8528595872798298,-0.009888886984788695,-1.067450603885795,0,0.0
16142,0.7277596500285156,-0.4242629202453546,-0.17503533830557444,0.29206856704507245,-0.1953349978877363,-0.4242629202453546,0.8526828617025835,0.7138938506203888,0.41220335263750263,1.43444113908563,-0.2883444991302264,-0.42365877948940633,-0.7576541245966598,0,0.0
14729,2.3446335935567792,-0.4242629202453546,-0.21274273660377896,-0.11363134516617873,0.2585245284929788,-0.4242629202453546,2.6421733953838906,-0.06472687509657454,0.6151790993915711,0.25509902880740676,-0.3252756240070556,0.6167144860635643,-0.5115829584466359,0,0.0
17644,-0.9543108234807262,0.5975941572481545,0.010279060119259309,-0.2622273141708212,0.1876089774959921,0.5975941572481545,-0.42552466235549313,-0.3025151729187075,0.5295652951452599,0.11075649352580018,-0.5410188408508065,-0.2989579654817338,0.4551579451109114,0,1270.01
17018,1.718746905739387,-0.4242629202453546,-0.19718896595573437,0.05371415389377884,-0.6350114140690541,-0.4242629202453546,-0.7789114484186084,-0.5388203836442367,6.300187227492996,-0.8261751829853697,-0.5410188408508065,-1.3226823162124386,-1.067450603885795,0,515.1
17411,0.8842313219828637,-0.4242629202453546,-0.21748654316903876,-0.16467071658748153,-0.4931803120750806,-0.4242629202453546,-0.2525907032182239,-0.3104249707672608,1.3872205780774345,-0.4033165410737968,2.85110744601927,-0.5401867293549306,-0.6950223957641046,0,493.36
15970,1.431882173823082,-0.4242629202453546,-0.21263905613065792,-0.1125158304199589,-0.5640958630720674,-0.4242629202453546,-0.5157510758184162,-0.34503033635468133,-0.7262801990900174,-0.5195777448439356,-0.5410188408508065,-0.42931444677521297,3.059025163769283,0,0.0
12733,0.5321700600855805,-0.4242629202453546,-0.20076679211835416,0.015219751585702027,-0.4080816508786965,-0.4242629202453546,0.06320174390200677,-0.2723590686210981,-0.19099130150555868,-0.3872405643881749,-0.5410188408508065,1.56451333270439,-0.5799440377959494,0,0.0
16010,0.675602426043733,-0.08364389441418492,-0.19933056261364454,-0.44771886809551603,0.15924275709719737,-0.08364389441418492,0.2912740668221731,-0.5134431155467949,-0.5576020055160832,-0.5924431910426865,1.0024143784750148,1.1345309345747752,-0.668539781027768,0,0.0
16560,2.1490440036138443,-0.4242629202453546,-0.20956603489454548,-0.07945270482708347,-0.43644787127749124,-0.4242629202453546,-0.04206240513807012,-0.16162189874135222,-0.7262801990900174,-0.23945285930120166,-0.5410188408508065,-0.06529463087058993,1.5708850295169616,0,509.23
13388,-0.8108784575225737,-0.25395340732976973,-0.15094067622419755,-0.06780380493623077,-0.22370121828653103,-0.25395340732976973,-0.17364259143816624,-0.2585169223861299,0.8462953050074413,0.5823288033027479,0.45107700795433536,-0.6026720254459641,-0.8225141879610485,0,0.0
16697,0.6234452020589503,-0.4242629202453546,-0.24686211066004024,-0.4807271323074298,-0.43644787127749124,-0.4242629202453546,0.010569669381968322,-0.6530180900827246,1.186913148990679,1.1735548926466481,-0.5410188408508065,-1.3226823162124386,-0.21740695428227313,0,0.0
14619,0.675602426043733,-0.4242629202453546,-0.19898382791664956,0.0344029477952852,-0.43644787127749124,-0.4242629202453546,-0.04206240513807012,-0.2204510202399672,1.5681346790762236,-0.13635648695982255,-0.5410188408508065,0.7106444011878149,-0.258521126585883,0,0.0
16274,2.3446335935567792,-0.4242629202453546,-0.20623976135523578,-0.043664797313113755,0.1876089774959921,-0.4242629202453546,2.32638094826366,-0.21699048368122514,-0.11502247839793482,0.47688914425684764,-0.35634627184403905,0.22607135110128773,-0.2927386170758502,0,0.0
17536,-0.21107038169757278,-0.4242629202453546,-0.2530234502512501,-0.5470179676360656,-0.6775607446672461,-0.4242629202453546,-0.9368076719787237,-0.725689357816308,-0.7262801990900174,-0.8261751829853697,-0.5410188408508065,-1.3226823162124386,4.941478643311516,0,0.0
16019,-0.7456819275415953,0.5975941572481545,0.23576199331900702,0.08434509159735538,0.48545429168333637,0.5975941572481545,-0.29018504216110846,-0.15667827508600646,-0.2737635586238552,-0.18928355119717383,0.29030907873085304,-0.8617260356113686,-0.29807969849479404,1,833.99
13484,0.6234452020589503,-0.4242629202453546,-0.21269004652727483,-0.11306444422957522,-0.6066451936702594,-0.4242629202453546,-0.6736472993785315,-0.5941889685841096,6.300187227492996,-0.8261751829853697,-0.5410188408508065,-1.3226823162124386,-1.067450603885795,0,0.0
18093,-0.9543108234807262,-0.08364389441418492,0.0767790357071453,0.5425168668439075,-0.29461676928351777,-0.08364389441418492,-0.4982070509784033,0.6516041925630318,-0.7262801990900174,-0.8261751829853697,1.2754817416105013,0.9493673570674277,0.7383743313167126,1,89.64
15045,-0.5500923375986603,-0.25395340732976973,-0.14098735080457686,-0.014259097117680303,-0.5640958630720674,-0.25395340732976973,-0.7789114484186084,-0.5492019933204628,-0.10850580174424741,-0.8261751829853697,-0.5410188408508065,-1.2496316365904185,-0.234306511215097,0,0.0
17521,0.07579435021873202,-0.4242629202453546,-0.23890590910791518,-0.3951250908803004,-0.6066451936702594,-0.4242629202453546,-0.6736472993785315,-0.34503033635468133,-0.7262801990900174,-0.8261751829853697,-0.5410188408508065,3.385469579931456,-1.067450603885795,0,563.65
14555,1.4188428678268863,-0.4242629202453546,-0.23435416636991238,-0.3461521648085523,-0.5215465324738753,-0.4242629202453546,-0.35785485225830077,-0.4350042868819749,-0.12295574473063045,-0.8261751829853697,2.4380964836983745,-0.3993762892763872,-1.067450603885795,0,126.2
15704,-0.6935247035568127,0.08666561850139992,0.12381597690635693,0.3616785159218867,0.40035563048695233,0.08666561850139992,0.4447842841722855,0.14290531842794904,0.11679050826152486,-0.41290300117150186,0.15168978164506494,0.7140334871065364,-0.18118318598990205,1,0.0
13307,-0.9543108234807262,-0.4242629202453546,-0.2634764815577166,-0.6594837986074064,-0.7059269650660409,-0.4242629202453546,-1.0420718210188007,-0.732610430933792,-0.7262801990900174,-0.8261751829853697,-0.5410188408508065,-1.3226823162124386,4.941478643311516,0,0.0
18219,-0.5761709495910516,0.7679036701637393,-0.03365766496564428,-0.3744034901129182,-0.02513767549496814,0.7679036701637393,-0.5683831503384545,-0.48864260354247685,0.6020430082131497,-0.16905957036093952,0.10629712229857449,0.04160408661525479,0.03400841562781808,0,702.64
17239,1.549235927788843,-0.4242629202453546,-0.20101324570200257,0.012568118172556616,-0.507363422274478,-0.4242629202453546,-0.30522277773826234,-0.22737209335745134,0.8810816305204756,-0.49647558493916105,1.4729217899009228,0.7381023770063826,-0.834162762524017,0,0.0
17731,-0.8499963755111608,-0.08364389441418492,-0.10222105193662787,-0.09944663033309961,-0.18115188768833898,-0.08364389441418492,-0.23504667837821117,-0.3427233119821866,0.5211813327425864,-0.3836477207879546,0.053075554271374954,1.0418084770149931,-0.8688655119281775,0,276.37
12654,0.04971573822634068,-0.08364389441418492,-0.2086193131973582,-0.4810319177572167,-0.45063098147688857,-0.08364389441418492,-0.7087353490585572,-0.5722722370454099,-0.7262801990900174,-0.011521442304608122,-0.09300915469833265,-0.3433308702316792,0.2855592236474558,0,264.23
15528,0.7929561800094941,-0.4242629202453546,-0.2270472425347093,-0.26753580589053705,-0.35134921008110714,-0.4242629202453546,0.27373004198216055,-0.3208065804434869,-0.7262801990900174,1.9950126640337982,-0.4577089225105128,0.6835177181128738,-0.3246208643922976,0,0.0
14057,-1.0977431894388785,1.4491417218260785,0.485069339498062,-0.013484942075221832,1.4782720056411507,1.4491417218260785,-0.059606429978082874,0.32890915846033475,0.028306916354400517,-0.10634571557601039,-0.24953237453905544,-0.9082550488288351,-0.15442525380282798,1,1405.98
17265,-0.719603315549204,-0.25395340732976973,-0.1725419079110076,-0.18400935337645596,0.7832996058706807,-0.25395340732976973,2.115852650183506,-0.07337821649342968,0.2788696293195596,-0.23795002406255866,-0.31384164085937716,-0.3865186216758715,0.7992166406663633,0,0.0
15981,-0.7326426215453997,0.4272846443325696,0.1517893084903934,0.06230910357776746,-0.28043365908412043,0.4272846443325696,-0.5508391254984417,0.0010233195195245904,0.8172444979870419,0.07860209946886322,-0.5410188408508065,-0.3997859496861298,-0.7389174939584828,1,950.28
16912,-0.7717605395339867,0.5975941572481545,-0.004516653299080594,-0.28496866280277294,-0.010954565295570795,0.5975941572481545,-0.6285340926470699,-0.45725059333103096,2.120878123797915,-0.09295875371214259,-0.21319432842593394,-0.36649315611031685,-0.6520612742884352,0,1017.0
14245,0.33658047014264547,-0.25395340732976973,0.021806289114455278,0.8615022707363071,0.797482716070078,-0.25395340732976973,1.747428128543237,0.9422892634973646,0.13260477377760976,0.2850878348394097,-0.5410188408508065,0.2545261546289703,0.06432658037477006,1,0.0
13151,1.3275677258535166,-0.4242629202453546,-0.05222836741352271,1.6133683532519474,0.31525696929056823,-0.4242629202453546,2.8000696189440055,0.5097221936546074,0.21188924949736956,-0.32306803192497996,-0.08019239232735026,0.6351122466666704,-0.7239794877342959,0,0.0
17571,-0.6283281735758344,-0.08364389441418492,-0.1709204132985899,-0.3458290922317783,0.30107385909117085,-0.08364389441418492,0.2210979674621221,-0.186999166838794,-0.6951379611882647,0.12013800357258705,0.21343442178623453,0.9232686449808251,-0.09891279885545752,0,866.12
13655,-1.0325466594579003,-0.25395340732976973,-0.10745096694963555,0.16615255417463878,0.017411655103223903,-0.25395340732976973,0.3789941910222374,0.30035973185071274,0.12776806202718172,0.9528334961875236,-0.5410188408508065,-0.026648770823467713,-0.20015324981482813,0,0.0
16442,0.4408949181122109,-0.25395340732976973,-0.1925267440250616,-0.29151937293426283,0.6840178344748993,-0.25395340732976973,1.5368998304630832,-0.13739814283015778,0.04927489715864073,0.6300367988113548,-0.22379471566524328,0.37850272466594703,-0.29220799189972096,0,176.87
12378,-0.8369570695149651,-0.4242629202453546,0.41531107756635555,6.643699809258704,2.385991058402581,-0.4242629202453546,10.43172042434958,8.00524437988991,-0.15222526691736527,0.3855772869937204,-0.16718541667734435,-0.40280030663706073,0.524369560206528,1,0.0
13131,-0.08067732173561605,-0.4242629202453546,-0.21080340185244914,-0.09276573327377231,-0.5215465324738753,-0.4242629202453546,-0.35785485225830077,-0.30350389764977664,-0.7262801990900174,-0.33216546040291106,-0.5410188408508065,-0.7469013625031277,0.4065772847003107,0,748.4
14431,1.4188428678268863,-0.4242629202453546,-0.18607985821279702,0.17323881588218262,-0.4789972018756833,-0.4242629202453546,-0.19995862869818545,-0.2965828245322925,0.3672171553318646,-0.2509488048218104,-0.5410188408508065,0.32315230065245,-0.06332219409391548,0,0.0
16484,-0.2632276056823555,-0.25395340732976973,-0.19730794354784048,-0.3172402170417735,-0.3655323202805045,-0.25395340732976973,-0.43680296403835844,-0.4003989212945543,-0.11626534211978812,-0.6333506254969639,0.1319017658254956,-0.2689790899635044,0.8966354708535682,0,0.0
14031,-0.8760749875035521,1.6194512347416634,1.3702609250877218,0.6673218195246949,0.7123840548736939,1.6194512347416634,-0.39024382119370915,0.20865551304404817,0.24040893686223394,-0.6658838993844519,-0.5244040654701354,-0.9195710388181771,1.1950942682386416,1,7659.83
14479,0.7799168740132983,-0.25395340732976973,-0.2122736249549034,-0.397749293602965,-0.46481409167628596,-0.25395340732976973,-0.621015224858493,-0.5440111884823498,1.0000645251645286,0.16711741847299819,-0.1132981069482126,0.581863702246441,-1.067450603885795,0,0.0
16693,1.0146243819448204,-0.4242629202453546,-0.23995121223856178,-0.40637167397743446,-0.4222647610780939,-0.4242629202453546,0.010569669381968322,-0.5734257492316572,-0.7262801990900174,-0.8261751829853697,-0.5410188408508065,1.4006891577528384,-0.29190273155343904,0,324.45
17462,1.1841353598953641,-0.4242629202453546,-0.1872611357344221,0.16052926262607178,-0.5215465324738753,-0.4242629202453546,-0.35785485225830077,-0.21006941056374104,-0.7262801990900174,0.16340675998423748,-0.5410188408508065,0.5012356797208128,-0.03983436159411655,0,212.28
15027,-0.32842413566333384,-0.08364389441418492,-0.10167205533305247,-0.0974777163274767,-0.3371660998817098,-0.08364389441418492,-0.5508391254984417,-0.1431657037613945,-0.37966913954524406,-0.8261751829853697,-0.061134770755015076,1.2421449570732128,-0.6955317072863567,0,99.18
16618,0.2192267161768844,0.08666561850139992,-0.0210528389219443,-0.027988157703328104,-0.09605322649195489,0.08666561850139992,-0.38417088951832,-0.0794341554712283,0.3819329817485718,-0.6161798100858006,-0.13634553294197477,-0.5275545459332265,0.5411675511965344,0,1206.3
13699,-0.4979351136138776,-0.4242629202453546,-0.21357727942840904,-0.12261032451689872,-0.5215465324738753,-0.4242629202453546,-0.35785485225830077,-0.5180571642917843,4.704442729291759,-0.8261751829853697,-0.5410188408508065,-0.035264886150623516,-1.067450603885795,0,0.0
15298,-0.6674460915644214,0.4272846443325696,0.20430941700581007,0.15648780756189834,0.2868907488917735,0.4272846443325696,-0.296450765318256,0.2253814397446347,-0.683113840947523,-0.1684299439161866,3.1729197848998334,-0.5059142436542042,-0.29548820601840425,1,2032.7
12562,-0.8760749875035521,-0.08364389441418492,0.006811713149309455,0.2915870060344093,0.03159476530262125,-0.08364389441418492,0.27373004198216055,0.14867287935918586,-0.7262801990900174,0.47681147258525863,-0.13197055987165607,-0.2710098786753241,-0.11458220504321498,0,2176.51
17594,0.7929561800094941,-0.4242629202453546,-0.21248608494080717,-0.11086998899111006,-0.5215465324738753,-0.4242629202453546,-0.35785485225830077,0.014865465754492829,-0.7262801990900174,-0.8261751829853697,-0.5410188408508065,0.7648850619287828,-0.2757980205248797,0,678.18
18032,1.8361006597051481,-0.4242629202453546,-0.25353335421741924,-0.5525041057322286,-0.6491945242684515,-0.4242629202453546,-0.8315435229386468,-0.6011100417015938,-0.7262801990900174,-0.8261751829853697,-0.5410188408508065,4.34614289167105,-1.067450603885795,0,0.0
16135,0.8972706279790594,-0.4242629202453546,-0.1780590688249572,0.25953576813482593,-0.4222647610780939,-0.4242629202453546,0.010569669381968322,-0.023200436391669826,-0.7262801990900174,-0.4185859696376532,-0.5410188408508065,-0.386184286507022,-0.2535660705488585,0,0.0
14958,-0.602249561583443,-0.08364389441418492,-0.1838073862035701,-0.3920467578374534,-0.2520674386853257,-0.08364389441418492,-0.37539887709831365,-0.5988030173290991,-0.5853819003740913,-0.2344572756550618,-0.44148859008300595,-0.5468854279444235,-0.8908087295030904,0,0.0
12902,0.9233492399714508,-0.4242629202453546,-0.24245484071245205,-0.4333086120295946,-0.5782789732714647,-0.4242629202453546,-0.5683831503384545,-0.5180571642917843,1.655057910582622,-0.2706386654184555,0.2855803907462328,-0.5991590527314917,-0.4175087326140928,0,0.0
14513,0.16706949219210174,-0.25395340732976973,-0.21208666016730807,-0.39674350161866845,-0.5782789732714647,-0.25395340732976973,-0.8052274856786276,-0.45403723795505624,-0.7262801990900174,0.30215707791342333,2.7701533555061384,0.9173387364694252,-0.979404216617897,0,0.0
13138,-0.7847998455301823,-0.08364389441418492,-0.18283516930807436,-0.388560012291892,-0.4080816508786965,-0.08364389441418492,-0.5157510758184162,-0.46614911591065344,0.1350703895196073,-0.8261751829853697,-0.4004944382300562,0.022223155519976313,-0.7871689515954394,0,472.94
16193,0.5582486720779719,-0.4242629202453546,-0.21257956733460484,-0.11187578097540662,-0.45063098147688857,-0.4242629202453546,-0.09469447965810857,0.01140492919575077,0.22428721807277938,0.09113498967318405,0.5234674742981901,-0.44437045700403155,-0.10720670287875118,0,0.0
15221,2.2533584515834097,-0.4242629202453546,-0.19748640993599967,0.050513906671017114,-0.6491945242684515,-0.4242629202453546,-0.8315435229386468,-0.5976495051428518,0.15976039270600506,-0.8261751829853697,-0.5410188408508065,-1.3226823162124386,0.4524769428324334,0,0.0
17887,-0.8499963755111608,-0.4242629202453546,-0.2471000658442525,-0.4832873300856392,-0.5782789732714647,-0.4242629202453546,-0.5683831503384545,-0.6426364804064985,-0.7262801990900174,-0.4212006593616433,-0.5410188408508065,1.113359769079209,-0.6087537147867637,0,0.0
14271,0.4148163061198195,-0.4242629202453546,-0.24693519689519117,-0.48151347876787987,-0.5782789732714647,-0.4242629202453546,-0.5683831503384545,-0.44192535999945903,1.5783410615520608,-0.14026168355357085,2.3574596071866933,-0.5656276677237252,-1.067450603885795,0,0.0
14332,-0.602249561583443,-0.4242629202453546,-0.2457930120109724,-0.4692245294324748,-0.6917438548666435,-0.4242629202453546,-0.9894397464987621,-0.5803468223491414,-0.7262801990900174,-0.8261751829853697,6.138189593735198,-1.3226823162124386,-1.067450603885795,0,721.17
14609,-0.6544067855682256,-0.08364389441418492,-0.18336037039322853,-0.39044358637157467,-0.6917438548666435,-0.08364389441418492,-1.0420718210188007,6.527595269307049,-0.7262801990900174,4.440787543221502,-0.5410188408508065,-1.3226823162124386,-1.067450603885795,0,115.2
13856,-0.32842413566333384,-0.08364389441418492,-0.19999343776966438,-0.45009619460385325,-0.5782789732714647,-0.08364389441418492,-0.8490875477786596,-0.17661755716256783,-0.04804975250864567,-0.8261751829853697,-0.11612513359072106,-1.0498199445588448,2.098644162912891,0,0.0
18040,0.675602426043733,-0.4242629202453546,-0.22540365208375754,-0.24985215409390513,-0.54991275287267,-0.4242629202453546,-0.4631190012983777,-0.41424106752952256,-0.7262801990900174,0.30588958367995256,-0.5410188408508065,-0.5435153368025113,-1.067450603885795,0,118.2
