CustomerID,Recency,Frequency,Monetary,AverageSpend,ProductDiversity,TotalOrders,AverageBasketSize,AverageQuantityPerOrder,LD1,High_Value_Customer,Future_Spend
12453,-0.7717605395339867,-0.4242629202453546,-0.14584333624239385,0.6061499730504021,-0.11023633669135223,-0.4242629202453546,1.1684753088228141,0.8903812151162338,0.3826609853432903,0,0.0
17732,2.3315942875605837,-0.4242629202453546,-0.2143608318564222,-0.1310406900580025,-0.46481409167628596,-0.4242629202453546,-0.14732655417814702,-0.4246226772057487,-1.4024159582839038,0,0.0
17556,0.15403018619590605,-0.4242629202453546,-0.23918805596919537,-0.3981607539601772,-0.6350114140690541,-0.4242629202453546,-0.7789114484186084,-0.3969383847358123,-0.7319282229641981,0,0.0
15804,-1.1107824954350742,0.08666561850139992,0.08698221407018882,0.2626034336869304,0.7407502752724887,0.08666561850139992,0.5105743773223336,0.2060601106249916,0.9941163989291462,1,2129.48
13092,0.2322660221730801,0.08666561850139992,-0.19128257834760903,-0.4858703867725826,-0.507363422274478,0.08666561850139992,-0.8183855043086372,-0.6642648338986363,-0.4604769413026094,0,38.08
16303,-1.0195073534617045,-0.25395340732976973,0.42002089053387076,3.0037294745260206,0.8683982670670648,-0.25395340732976973,2.3000649110036404,2.757340688557575,2.40054578713895,1,1324.3
18246,0.5191307540893849,-0.4242629202453546,-0.22644045681496802,-0.26100730155610313,-0.6917438548666435,-0.4242629202453546,-0.9894397464987621,-0.5042150180568161,-1.2569445369072667,0,363.2
15670,1.3406070318497123,-0.4242629202453546,-0.23661304094004149,-0.37045575657455426,-0.54991275287267,-0.4242629202453546,-0.4631190012983777,-0.43154375032323283,-1.2827827210449911,0,0.0
12686,2.3185549815643878,-0.4242629202453546,-0.250875054873791,-0.5239030391242324,-0.6208283038696568,-0.4242629202453546,-0.7262793738985699,-0.3761751653833599,-1.6343971181753119,0,0.0
14142,2.3446335935567792,-0.4242629202453546,-0.21302828282483366,-0.11670358250003,-0.4080816508786965,-0.4242629202453546,0.06320174390200677,0.33669536571750436,-1.3290837753003595,0,0.0
13310,0.16706949219210174,-0.25395340732976973,-0.1270516754091755,0.0607089799663866,-0.010954565295570795,-0.25395340732976973,0.27373004198216055,-0.06299660681720351,-0.26330958444492986,0,314.38
12866,1.1710960538991686,-0.4242629202453546,-0.1709934995337408,0.3355553550206575,-0.35134921008110714,-0.4242629202453546,0.27373004198216055,-0.15470082562386808,-0.6853588502343931,0,0.0
13389,0.5060914480931892,-0.4242629202453546,-0.22219295677677953,-0.2153077712150657,-0.46481409167628596,-0.4242629202453546,-0.14732655417814702,-0.3484908729134234,-0.7537656226852932,0,540.07
12724,-0.2632276056823555,-0.25395340732976973,-0.21837377607017297,-0.4305655429815131,-0.507363422274478,-0.25395340732976973,-0.621015224858493,-0.43846482344071697,-0.46085652662298404,0,751.0500000000001
14236,2.3185549815643878,-0.4242629202453546,-0.2338510611232922,-0.3407391752203382,-0.6775607446672461,-0.4242629202453546,-0.9368076719787237,-0.614952187936562,-1.4777067019795205,0,301.56
17147,0.16706949219210174,-0.25395340732976973,-0.10062845188229307,0.202854818037969,-0.12441944689074957,-0.25395340732976973,0.11583381842204521,0.1480961232660621,-0.16465867406812107,0,741.48
17711,1.2493318898763426,-0.4242629202453546,-0.22854296083547193,-0.28362847763928173,-0.5357296426732727,-0.4242629202453546,-0.41048692677833926,-0.3761751653833599,-1.129816366914291,0,164.57
16639,0.16706949219210174,-0.25395340732976973,-0.18594558350170584,-0.2561154950870245,-0.45063098147688857,-0.25395340732976973,-0.5683831503384545,-0.4713399207487665,-0.5081093555745527,0,786.36
12524,-0.4066599716405079,0.4272846443325696,0.26469564403932866,0.2647719821621637,0.5847360630791179,0.4272846443325696,-0.077150454818096,0.5743188760844592,0.9702317463451073,1,1363.24
14853,0.2322660221730801,-0.4242629202453546,-0.22956786780747182,-0.29465561521256933,-0.6775607446672461,-0.4242629202453546,-0.9368076719787237,-0.6287943341715302,-0.8148752910453825,0,261.3
17180,0.6234452020589503,-0.08364389441418492,-0.17206769722247034,-0.34994369580390056,0.3719894100881576,-0.08364389441418492,0.5544344394223654,-0.15124028906512602,-0.4186846740198258,0,231.17
13654,-0.6283281735758344,0.08666561850139992,0.025345022639668778,0.09681234042088571,0.6982009446742966,0.08666561850139992,0.3395201351322086,0.5789329248294485,0.7690853921075824,1,993.06
14857,-0.5892102555872473,-0.4242629202453546,-0.17721432792100372,0.26862447024746927,-0.3087998794829151,-0.4242629202453546,0.4316262655422759,-0.09587170412525307,-0.047359362697181266,0,650.6
13873,-0.9673501294769218,-0.08364389441418492,-0.19980647298206905,-0.4494256666143222,-0.4222647610780939,-0.08364389441418492,-0.6911913242185442,-0.5849608710941309,-0.08952467497044311,0,0.0
13148,-0.7847998455301823,1.108522695994909,0.20410715509922972,-0.18109072790929726,1.733567989230303,1.108522695994909,0.16320268549007974,-0.2723590686210981,1.6683154303036483,1,917.25
15745,0.5582486720779719,-0.4242629202453546,-0.21455119600379202,-0.13308884828057002,-0.46481409167628596,-0.4242629202453546,-0.14732655417814702,-0.3069644342085187,-0.778906810243637,0,791.74
15589,0.8059954860056897,-0.08364389441418492,-0.18469121974492989,-0.3952165265152364,-0.3229829896823125,-0.08364389441418492,-0.5859271751784674,-0.46614911591065344,-0.6854614431792383,0,0.0
14794,0.12795157420351472,0.08666561850139992,-0.15052595433171337,-0.3762436322660062,-0.1953349978877363,0.08666561850139992,-0.5683831503384545,-0.4773958597265651,-0.21113498070201908,0,640.37
17819,-0.14587385171659442,0.4272846443325696,0.32350286845761017,0.3702246999339094,-0.20951810808713367,0.4272846443325696,-0.6911913242185442,-0.1748872888831968,0.3510419284914826,1,236.4
14867,-0.1067559337280074,-0.08364389441418492,-0.1453011383583674,-0.2539484705390401,-0.28043365908412043,-0.08364389441418492,-0.4631190012983777,-0.3681005800796285,-0.21248852203031882,0,0.0
15951,1.1971746658915599,-0.4242629202453546,-0.20225911105934238,-0.0008363459090681946,-0.4080816508786965,-0.4242629202453546,0.06320174390200677,-0.1443192159476419,-0.8346581779797176,0,333.05
13777,-0.8369570695149651,3.4928558768130964,1.8348191315453977,0.25489083788007466,-0.22370121828653103,3.4928558768130964,-0.8337365260436485,0.1127698125622368,2.0502616384932932,1,13616.92
16297,0.9755064639562334,-0.4242629202453546,-0.21471266559307886,-0.13482612534435504,-0.43644787127749124,-0.4242629202453546,-0.04206240513807012,-0.033582046067896006,-0.8261999686834234,0,0.0
15133,-0.8630356815073564,-0.08364389441418492,-0.09904604990728166,-0.08805984592906366,-0.3371660998817098,-0.08364389441418492,-0.5859271751784674,0.037935709479439764,0.2454218025823488,0,0.0
13494,1.5361966217926475,-0.4242629202453546,-0.21227192527501615,-0.10856581099072152,-0.46481409167628596,-0.4242629202453546,-0.14732655417814702,-0.18584565465254663,-1.268195921311824,0,0.0
16777,0.8320740979980811,-0.4242629202453546,-0.23653315598534164,-0.3695962616061554,-0.22370121828653103,-0.4242629202453546,0.8526828617025835,-0.5803468223491414,-0.9662720018587995,0,49.1
12962,-1.0455859654540958,-0.4242629202453546,-0.23703966059173628,-0.3750458254483439,-0.5640958630720674,-0.4242629202453546,-0.5157510758184162,-0.47653072558687964,-0.2374021041608803,0,95.85
12571,-0.9412715174845304,-0.4242629202453546,-0.22381445138919723,-0.2327536903608639,-0.5215465324738753,-0.4242629202453546,-0.35785485225830077,-0.06472687509657454,-0.5719546274901792,0,271.26
17660,-0.680485397560617,-0.4242629202453546,-0.23564422340432017,-0.3600320941918446,-0.1953349978877363,-0.4242629202453546,0.9053149362226219,-0.32772765356097106,-0.37265105174467905,0,0.0
16626,-1.0455859654540958,0.5975941572481545,0.10201248331296651,-0.12123095265272066,0.32944007948996556,0.5975941572481545,-0.32777938110399313,-0.19869907615644572,0.8698348933013834,1,2247.76
14285,-0.22410968769376846,-0.4242629202453546,-0.26502319025509613,-0.6761250841657674,-0.7059269650660409,-0.4242629202453546,-1.0420718210188007,-0.7395315040512761,-0.8079148006976202,0,1904.11
16801,-0.3936206656443122,0.08666561850139992,0.004942065273356111,0.04193267233226888,0.30107385909117085,0.08666561850139992,-0.10785249828811817,-0.31994144630380145,0.31577762556233063,0,0.0
12971,-1.12382180143127,9.794307854689736,1.069031757713555,-0.45143745044222666,0.41453874068634966,9.794307854689736,-0.9169627914219879,-0.4249063277433506,5.2940370320494745,1,3335.15
15985,-0.9151929054921392,-0.25395340732976973,-0.07185117171159663,0.3576644915481943,-0.3087998794829151,-0.25395340732976973,-0.1210105169181278,1.132618774228178,0.5617633968877436,0,0.0
12393,0.675602426043733,-0.08364389441418492,-0.08567296855455357,-0.04009880755060775,-0.2520674386853257,-0.08364389441418492,-0.41048692677833926,-0.1443192159476419,-0.2970177532791532,0,521.5
17298,-1.202057637408444,-0.25395340732976973,-0.18131055644922878,-0.23118099743996381,-0.29461676928351777,-0.25395340732976973,-0.30522277773826234,-0.07683875305217175,0.15255363989311052,0,0.0
12379,-0.3023455236709425,-0.4242629202453546,-0.18786792145416334,0.15400075829163776,-0.43644787127749124,-0.4242629202453546,-0.04206240513807012,-0.016279363274185707,-0.31841547150929217,0,392.4
16743,-1.0586252714502915,0.4272846443325696,0.05026742882612687,-0.11973924557990678,0.4429049610851444,0.4272846443325696,0.3614501661822247,0.21442307397528498,0.8424206430434545,1,352.23
17718,0.5060914480931892,-0.4242629202453546,-0.24234096216000764,-0.43208337452145157,-0.6350114140690541,-0.4242629202453546,-0.7789114484186084,-0.4592280427931693,-0.8579333225249028,0,0.0
13939,-1.1107824954350742,-0.25395340732976973,-0.19970279250894798,-0.3301234980042629,-0.26625054888472305,-0.25395340732976973,-0.19995862869818545,0.3903336823780063,0.1086324791863452,0,178.34
14262,-1.12382180143127,-0.08364389441418492,-0.1207033710303703,-0.16573136995273968,-0.12441944689074957,-0.08364389441418492,-0.19995862869818545,-0.06241985072407996,0.21283904020606398,0,1763.23
13563,-0.6935247035568127,-0.4242629202453546,-0.21318635305434605,-0.11840428530984053,-0.16696877748894162,-0.4242629202453546,0.9579470107426603,-0.24121423959241958,-0.18970545366497724,0,466.65
17455,0.12795157420351472,-0.4242629202453546,-0.2436412172737388,-0.44607302666666715,-0.6066451936702594,-0.4242629202453546,-0.6736472993785315,-0.5180571642917843,-0.7366138054002129,0,0.0
13570,0.6495238140513416,-0.4242629202453546,-0.22532036776928327,-0.2489560848715318,-0.3371660998817098,-0.4242629202453546,0.326362116502199,-0.1893061912112887,-0.9210119810959895,0,0.0
13064,-0.5370530316024646,-0.25395340732976973,-0.15397460482290368,-0.08412506577231561,-0.28043365908412043,-0.25395340732976973,-0.14732655417814702,-0.2550563858273878,-0.1660133883654229,0,446.34
13534,-1.12382180143127,2.9819273380663422,0.4769941603538308,-0.30623484985775656,0.7123840548736939,2.9819273380663422,-0.5082322080298393,-0.37699910265925085,2.2409788670069974,1,1498.55
15313,-1.0847038834426828,-0.4242629202453546,-0.2571876659749644,-0.5918214287547299,-0.7059269650660409,-0.4242629202453546,-1.0420718210188007,-0.6599391632002087,-0.3550919439569689,0,0.0
13132,0.8842313219828637,-0.4242629202453546,-0.2528874758602717,-0.5455549974770888,-0.6775607446672461,-0.4242629202453546,-0.9368076719787237,-0.6772418459939191,-1.0506452421294263,0,0.0
12413,0.5582486720779719,-0.25395340732976973,-0.1701810525476447,-0.17130894368383873,-0.3655323202805045,-0.25395340732976973,-0.35785485225830077,-0.39174757989769915,-0.6238620895629459,0,194.2
12481,-0.18499176970518144,0.7679036701637393,0.4283374242220887,0.24693136585889164,0.8683982670670648,0.7679036701637393,-0.06837844239808935,0.27051260403156246,1.11722810630085,1,1494.56
15106,-0.680485397560617,-0.08364389441418492,-0.09047796359575366,-0.05733137688155532,0.23015830809418414,-0.08364389441418492,0.16846589294208367,0.20173443992656404,0.32082235332518666,0,389.69
13626,0.7668775680171027,-0.4242629202453546,-0.22230513564933668,-0.21651472159622148,-0.45063098147688857,-0.4242629202453546,-0.09469447965810857,-0.023200436391669826,-0.828446488808711,0,0.0
15172,-0.7587212335377911,-0.08364389441418492,-0.11530858706830129,-0.14638358960027167,0.13087653669840268,-0.08364389441418492,-0.024518380298057557,0.22019063490652163,0.22105921273171786,0,737.31
13305,-1.0195073534617045,0.4272846443325696,-0.08148325763253082,-0.35599368698216916,-0.3371660998817098,0.4272846443325696,-0.7262793738985699,-0.3444535802615576,0.026297777557286614,0,915.11
12816,-0.22410968769376846,-0.4242629202453546,-0.2118657017819681,-0.10419518764077838,-0.507363422274478,-0.4242629202453546,-0.30522277773826234,-0.47999126214562166,-0.47555493610795346,0,253.55
15855,-0.7456819275415953,0.25697513141698475,-0.14496800110047023,-0.4264180225808139,0.11669342649900534,0.25697513141698475,-0.2525907032182239,-0.4211621406470067,0.2526232607931486,0,0.0
15755,-1.1107824954350742,-0.08364389441418492,-0.07144154885877416,0.010940563870694963,0.20179208769538942,-0.08364389441418492,0.06320174390200677,-0.026660972950411886,0.5003410910952871,0,1219.42
15139,0.5973665900665589,-0.25395340732976973,-0.23560853012668834,-0.5232812768066671,-0.5357296426732727,-0.25395340732976973,-0.7525954111585892,-0.3865567750595861,-0.9267110248303879,0,0.0
17967,2.3185549815643878,-0.4242629202453546,-0.2469436952946273,-0.48160491440281594,-0.13860255709014693,-0.4242629202453546,1.1158432343027758,-0.4938334083805899,-1.61288307334186,0,0.0
15912,-0.19803107570137712,-0.25395340732976973,-0.2210490722126735,-0.4449575119204473,-0.45063098147688857,-0.25395340732976973,-0.5946991875984738,-0.42635294548511976,-0.7246068332559549,0,0.0
13255,2.3446335935567792,-0.4242629202453546,-0.22766422633377387,-0.2741740329868943,-0.6350114140690541,-0.4242629202453546,-0.7789114484186084,-0.36579355570713373,-1.4825715660125485,0,173.81
17492,0.71472034403232,-0.4242629202453546,-0.20236109185257622,-0.0019335735283008287,-0.54991275287267,-0.4242629202453546,-0.4631190012983777,-0.21006941056374104,-0.7999974404087743,0,0.0
17188,-0.3805813596481165,0.25697513141698475,0.04248119526272478,-0.023058862623925716,0.003228544903826554,0.25697513141698475,-0.5052246609144084,-0.07441637746105234,0.3407357080334545,1,659.14
14288,0.25834463416547143,-0.4242629202453546,-0.1935176573993169,0.09321434818615222,-0.4931803120750806,-0.4242629202453546,-0.2525907032182239,-0.09587170412525307,-0.48626218958210876,0,0.0
17122,-0.9673501294769218,-0.4242629202453546,-0.24251602918839235,-0.43396694860113416,-0.6208283038696568,-0.4242629202453546,-0.7262793738985699,-0.4696096524693955,-0.2754492419564032,0,0.0
17956,0.7277596500285156,-0.4242629202453546,-0.26385890953234337,-0.6635984021795286,-0.7059269650660409,-0.4242629202453546,-1.0420718210188007,-0.7429920406100182,-1.0622880796489933,0,0.0
18079,-0.8760749875035521,-0.25395340732976973,0.10895397597241506,1.330320201743913,0.11669342649900534,-0.25395340732976973,0.7211026754024873,8.034658940639217,2.4661010347836188,1,1406.97
14546,0.10187296221112337,-0.25395340732976973,-0.11732440741455644,0.11303759384028768,1.0669618098586278,-0.25395340732976973,2.6421733953838906,0.12041183079612565,0.16880214106725117,0,1699.05
16515,-0.5631316435948559,-0.08364389441418492,-0.09867212033209098,-0.08671878995000158,0.17342586729659473,-0.08364389441418492,0.11583381842204521,-0.11894194785020021,0.1600007592725734,0,639.52
15469,-0.9543108234807262,-0.4242629202453546,-0.2143047424201436,-0.1304372148674246,-0.4931803120750806,-0.4242629202453546,-0.2525907032182239,-0.30350389764977664,-0.2633365031186357,0,234.25
18200,-1.1499004134236612,-0.4242629202453546,-0.2404713142840543,-0.4119675348355207,-0.3087998794829151,-0.4242629202453546,0.48425834006231433,-0.3865567750595861,-0.24329517068968295,0,0.0
14161,0.2844232461578628,-0.08364389441418492,-0.07946573760638846,-0.017837278298177568,0.5138205120821311,-0.08364389441418492,0.7298746878224937,-0.22737209335745134,-0.12461302625903012,0,0.0
13750,-0.6935247035568127,0.08666561850139992,-0.04224104839615735,-0.08497998895896762,-0.4931803120750806,0.08666561850139992,-0.8447015415686564,-0.37357976296430334,0.12038430564440797,0,330.63
14344,-0.8630356815073564,0.7679036701637393,-0.1147663891842748,-0.48348620259162517,0.07414409590081329,0.7679036701637393,-0.6275942341734978,-0.540118084853765,0.5835999875911652,0,0.0
13470,-1.0195073534617045,-0.4242629202453546,-0.2463946986910519,-0.4756981723859471,-0.6208283038696568,-0.4242629202453546,-0.7262793738985699,-0.5042150180568161,-0.2834795044815829,0,49.5
13983,-0.08067732173561605,0.7679036701637393,0.019700385734176904,-0.30264251792423325,0.20179208769538942,0.7679036701637393,-0.5946991875984738,-0.4034268907834536,0.3612192955465065,1,922.37
15224,2.1490440036138443,-0.25395340732976973,-0.21128271158064812,-0.39241859608619334,-0.5357296426732727,-0.25395340732976973,-0.7262793738985699,-0.4834517987043637,-1.4081095891433868,0,0.0
13725,-0.31538482966713816,0.5975941572481545,0.051083275171997414,-0.19951030594482883,0.49963740188273376,0.5975941572481545,-0.38041145562403156,-0.3885342245217243,0.6395421924966825,1,114.86
14844,-0.9151929054921392,-0.08364389441418492,0.11770732739165125,0.6893015394612454,0.1876089774959921,-0.08364389441418492,0.4316262655422759,0.7542667771390462,0.8510231746551864,1,932.13
16679,2.2533584515834097,-0.4242629202453546,-0.2439726548517487,-0.44963901642917303,-0.6775607446672461,-0.4242629202453546,-0.9368076719787237,-0.6460970169652406,-1.5637742161156838,0,0.0
17552,2.3185549815643878,-0.25395340732976973,-0.21528715739496274,-0.41396083167712655,-0.5357296426732727,-0.25395340732976973,-0.7525954111585892,-0.497293944939332,-1.4487005713321555,0,631.89
15232,-1.0455859654540958,-0.25395340732976973,-0.16199539421074352,-0.12727354189863738,-0.35134921008110714,-0.25395340732976973,-0.27890674047824315,0.44051146247976614,0.2711586794155597,0,0.0
14388,-0.9412715174845304,0.25697513141698475,0.04588395439695986,-0.015736696978246638,0.41453874068634966,0.25697513141698475,0.052675328997999114,0.0695419433826174,0.7387651051865596,1,1377.73
12707,1.2754105018687338,-0.4242629202453546,-0.1634639176333105,0.41656732757399717,-0.2520674386853257,-0.4242629202453546,0.6421545636224296,0.13944478186920697,-0.6469660224870354,0,0.0
13270,2.2533584515834097,-0.4242629202453546,-0.16574488804197357,0.3920260031571616,-0.7059269650660409,-0.4242629202453546,-1.0420718210188007,-0.054345265420348364,-0.9862679167908991,0,0.0
17800,-0.9934287414693131,0.4272846443325696,-0.13594949961882621,-0.4536621843663592,-0.20951810808713367,0.4272846443325696,-0.5069790633984097,-0.48633557916998216,0.23151108339301052,0,421.91
16573,1.2623711958725383,-0.4242629202453546,-0.21628826884854135,-0.15177829206149857,-0.4931803120750806,-0.4242629202453546,-0.2525907032182239,-0.36233301914839167,-1.0236541773700822,0,370.98
13544,0.6104058960627546,-0.4242629202453546,-0.24681791898297226,-0.4802516670057624,-0.12441944689074957,-0.4242629202453546,1.1158432343027758,-0.5284387739680105,-0.9941925728113056,0,163.05
13814,-0.7326426215453997,-0.4242629202453546,-0.1610639696325413,0.4423887508799375,-0.28043365908412043,-0.4242629202453546,0.5368904145823528,0.4024455603336035,0.1459863184864899,0,961.58
13709,-1.202057637408444,0.25697513141698475,0.23007826377610885,0.38061849334253994,1.0527786996592303,0.25697513141698475,0.6737338083344528,0.5616302420357382,1.3847171746958067,1,3388.84
17758,-0.5370530316024646,0.08666561850139992,-0.022419381551277467,-0.031663870227757275,1.7193848790309056,0.08666561850139992,1.5237418118330737,0.037358953386316215,0.9468053997792505,0,1974.95
14562,-0.8760749875035521,0.4272846443325696,0.06623592136665563,-0.09110465257243404,0.7407502752724887,0.4272846443325696,0.3877662034422439,-0.22794884945057498,0.7509984915566922,1,3051.92
15339,1.627471763766017,-0.4242629202453546,-0.22219125709689225,-0.2152894840880785,-0.15278566728954426,-0.4242629202453546,1.0632111597827372,-0.1962272643287728,-1.1305588729428757,0,316.17
17596,-0.7456819275415953,0.08666561850139992,0.029221992462441112,0.10724057458534211,0.8683982670670648,0.08666561850139992,1.0237371038927083,1.715719184376215,0.9815045874070083,1,1069.61
17107,-0.5109744196100733,-0.08364389441418492,0.810314983678793,3.17326028526095,1.8186666504266873,-0.08364389441418492,2.9755098673441336,2.0577355475985555,2.5317935038435255,1,4464.87
15128,-0.8760749875035521,-0.08364389441418492,-0.06712266226532192,0.026429760428861675,0.21597519789478678,-0.08364389441418492,0.326362116502199,0.41513419438232446,0.35171706304263683,0,300.76
14673,2.2663977575796053,-0.4242629202453546,-0.20254465728039708,-0.003908583242919466,-0.507363422274478,-0.4242629202453546,-0.30522277773826234,-0.009358290156701587,-1.2021053583115113,0,1362.91
14897,1.3406070318497123,-0.4242629202453546,-0.23619661936767003,-0.36597541046268783,-0.5782789732714647,-0.4242629202453546,-0.5683831503384545,-0.324267117002229,-1.0380267207624232,0,1190.88
16698,0.4278556121160152,-0.25395340732976973,0.07357004008005444,1.1399694969340455,-0.6633776344678488,-0.25395340732976973,-0.9631237092387429,0.7069727775029048,-0.5707563566669147,1,0.0
12792,0.8190347920018853,-0.4242629202453546,-0.19794702318543908,0.04555809525748327,-0.3655323202805045,-0.4242629202453546,0.2210979674621221,0.00448385607826665,-0.7632188349488807,0,0.0
13233,1.8621792716975394,-0.4242629202453546,-0.214314940499467,-0.13054693762934785,-0.4789972018756833,-0.4242629202453546,-0.19995862869818545,0.6516041925630318,-1.0750574229838674,0,300.88
13235,0.24530532816927578,-0.4242629202453546,-0.0907771072559062,1.1986163131820275,0.03159476530262125,-0.4242629202453546,1.9579564266233906,0.779644045236488,0.2344609279434665,0,0.0
16326,-0.9934287414693131,0.5975941572481545,-0.059426511735943065,-0.36936636629545905,0.32944007948996556,0.5975941572481545,-0.23755296764107012,-0.6307717836336686,0.6698638257204076,0,1823.7
16084,1.3797249498382993,-0.4242629202453546,-0.19188936406735024,0.11073341583989925,-0.18115188768833898,-0.4242629202453546,0.9053149362226219,0.0010233195195245904,-0.8530499943285172,0,0.0
14340,0.3235411641464498,-0.4242629202453546,-0.2431313133075697,-0.44058688857050415,-0.6350114140690541,-0.4242629202453546,-0.7789114484186084,-0.5457414567617208,-1.24482073304171,0,0.0
12939,-0.719603315549204,0.08666561850139992,1.0920318259475557,2.965975700860926,-0.43644787127749124,0.08666561850139992,-0.686805318008541,2.0288977429423714,1.666143543996883,1,3591.72
16518,1.1841353598953641,-0.4242629202453546,-0.23361310593907997,-0.3381789774421288,-0.5640958630720674,-0.4242629202453546,-0.5157510758184162,-0.31734604388474486,-1.0154523533053803,0,293.62
15899,2.279437063575801,-0.4242629202453546,-0.25646530202289153,-0.5840493997851657,-0.6633776344678488,-0.4242629202453546,-0.8841755974586852,-0.6114916513778199,-1.5509896132204128,0,0.0
15514,0.4148163061198195,0.4272846443325696,0.15922370831713883,0.0756404191514435,-0.010954565295570795,0.4272846443325696,-0.2262746659582047,-0.06357336291032725,0.0701286333167346,1,1521.78
15920,-0.5109744196100733,0.08666561850139992,-0.23755636327745427,-0.6103371448292798,0.03159476530262125,0.08666561850139992,-0.30522277773826234,-0.6608042973398943,-0.22319077294237538,0,0.0
18180,-0.7456819275415953,-0.25395340732976973,-0.16373076737560566,-0.13660912022560792,-0.12441944689074957,-0.25395340732976973,0.010569669381968322,0.2103857813234192,0.08735872226006079,0,1241.9
17554,-0.9282322114883348,-0.25395340732976973,-0.05358471196353246,0.45593036841396656,0.003228544903826554,-0.25395340732976973,0.563206451842372,1.6914954284650205,0.7993536362864486,0,702.5600000000001
13489,-1.1499004134236612,0.08666561850139992,-0.18962199109778502,-0.4814037560059566,-0.5640958630720674,0.08666561850139992,-0.9104916347187044,-0.26197745894487195,0.06395226080734119,0,0.0
17291,1.4970787038040603,-0.4242629202453546,-0.1724076331999164,0.320340465367299,-0.7059269650660409,-0.4242629202453546,-1.0420718210188007,-0.497293944939332,-0.8675063841577716,0,0.0
14062,-1.0586252714502915,0.9382131830793241,1.060028553350896,0.8983335604400472,0.08832720610021064,0.9382131830793241,-0.5742311586184589,0.6435296072593004,1.456700583137368,1,2663.0600000000004
17848,-0.8499963755111608,0.7679036701637393,-0.12638030185371954,-0.49910569492957574,-0.13860255709014693,0.7679036701637393,-0.7657534297885987,-0.5777514199300848,0.2919850541048015,0,79.6
17486,0.8842313219828637,-0.4242629202453546,-0.19857080570405264,0.038846719653177215,-0.37971543047990186,-0.4242629202453546,0.16846589294208367,-0.0854900944490269,-0.7046522199850358,0,0.0
17857,-1.0977431894388785,1.6194512347416634,2.0613320707568072,1.2392714098787472,-0.5640958630720674,1.6194512347416634,-0.9894397464987621,1.229779992992859,1.584595559913903,1,13186.12
15919,2.279437063575801,-0.4242629202453546,-0.2296392543627355,-0.29542367454603213,-0.18115188768833898,-0.4242629202453546,0.9579470107426603,-0.14085867938889984,-1.3677452770182785,0,311.61
14709,-1.0586252714502915,0.7679036701637393,0.3058210985907533,0.08215977992238381,0.1876089774959921,0.7679036701637393,-0.18680061006817586,-0.0275261070900974,0.980528718135516,1,1556.6
14419,0.7668775680171027,-0.25395340732976973,-0.21382203333217023,-0.40607907994563913,-0.08187011629255754,-0.25395340732976973,0.40531022828225666,-0.46787938419002445,-0.9301014754519796,0,744.65
14682,-0.08067732173561605,-0.25395340732976973,-0.2571876659749644,-0.6393679589214755,-0.7059269650660409,-0.25395340732976973,-1.0420718210188007,-0.6080311148190779,-0.7156541014221259,0,0.0
12622,0.5060914480931892,-0.4242629202453546,-0.2354147666195441,-0.3575633320485713,-0.5640958630720674,-0.4242629202453546,-0.5157510758184162,-0.5076755546155581,-0.81230237282163,0,0.0
17306,-0.8499963755111608,1.7897607476572481,0.7747423833189497,0.11292787107836441,-0.592462083470862,1.7897607476572481,-0.9330482380844352,1.332835532269683,1.4022902735588911,1,2507.99
14371,1.3275677258535166,-0.4242629202453546,-0.24894421852189738,-0.503128862866762,-0.6633776344678488,-0.4242629202453546,-0.8841755974586852,-0.6287943341715302,-1.2923106683682561,0,0.0
15845,-0.64136747957203,0.25697513141698475,0.1634423137972445,0.23722913063582735,0.31525696929056823,0.25697513141698475,-0.11574730946612387,0.20727129842055142,0.6867724041348262,1,1185.01
15396,-1.0586252714502915,-0.4242629202453546,-0.21704462639835886,-0.15991606357080693,-0.5215465324738753,-0.4242629202453546,-0.35785485225830077,-0.324267117002229,-0.24138236975447047,0,0.0
17198,2.240319145587214,-0.25395340732976973,-0.17736050039130555,-0.20993135588082598,0.31525696929056823,-0.25395340732976973,0.9316309734826411,-0.32772765356097106,-1.0590816225391628,0,170.56
14242,0.5321700600855805,-0.25395340732976973,-0.2183414821523156,-0.43039181527513465,-0.5357296426732727,-0.25395340732976973,-0.6736472993785315,-0.5336295788061236,-0.8803537452441137,0,0.0
15363,2.3315942875605837,-0.4242629202453546,-0.21061643706485383,-0.0907541493051792,-0.4931803120750806,-0.4242629202453546,-0.2525907032182239,-0.2481353127099037,-1.3468532605039913,0,0.0
13936,-0.18499176970518144,-0.4242629202453546,-0.20201945619524292,0.0017421389961283398,-0.35134921008110714,-0.4242629202453546,0.27373004198216055,0.3955244872161194,-0.25086468721969535,0,0.0
14329,-1.1107824954350742,0.08666561850139992,0.32631753835086363,0.9063651650176798,1.6768355484327135,0.08666561850139992,1.444793700053016,1.143000383904404,1.8479021024204685,1,1490.21
15585,-0.22410968769376846,-0.4242629202453546,-0.1886395761229659,0.14569840263944453,-0.28043365908412043,-0.4242629202453546,0.5368904145823528,0.36091912162869877,-0.12298060507798379,0,0.0
16752,2.3315942875605837,-0.4242629202453546,-0.23075764372853302,-0.30745660410361625,-0.592462083470862,-0.4242629202453546,-0.621015224858493,-0.5595836029966891,-1.600833230692545,0,0.0
12704,-1.1499004134236612,-0.08364389441418492,-0.07890484324360243,-0.01582569432958454,-0.15278566728954426,-0.08364389441418492,-0.2175026535381982,-0.21006941056374104,0.3123391955501294,0,1239.92
12974,0.04971573822634068,-0.4242629202453546,-0.24141463662146712,-0.42211689031342214,-0.6066451936702594,-0.4242629202453546,-0.6736472993785315,-0.6633996997589509,-0.8488398266655435,0,0.0
16665,2.201201227598627,-0.4242629202453546,-0.24301233571546357,-0.43930678968139947,-0.592462083470862,-0.4242629202453546,-0.621015224858493,-0.5422809202029788,-1.6216436903305633,0,0.0
13284,1.7839434357203654,-0.4242629202453546,-0.23183014173737534,-0.3189957812325457,-0.5357296426732727,-0.4242629202453546,-0.41048692677833926,-0.43154375032323283,-1.2716992458542702,0,0.0
16832,-0.11979523972420307,-0.08364389441418492,-0.23217687643437032,-0.5655184444381263,-0.5640958630720674,-0.08364389441418492,-0.8841755974586852,-0.7083866750225976,-0.5151521964896856,0,0.0
16565,2.2272798395910183,-0.4242629202453546,-0.2365025617473715,-0.36926709332038565,-0.6775607446672461,-0.4242629202453546,-0.9368076719787237,-0.5872678954666255,-1.4379118237198953,0,0.0
15160,2.1360046976176483,-0.4242629202453546,-0.2391438642921274,-0.3976852886585098,-0.6633776344678488,-0.4242629202453546,-0.8841755974586852,-0.45576750623442724,-1.4084679218290488,0,0.0
12942,-0.8108784575225737,-0.08364389441418492,-0.1511956282072821,-0.2750883893362548,0.24434141829358147,-0.08364389441418492,0.1333778432620578,-0.5180571642917843,0.190306911375332,0,0.0
14457,1.5231573157964517,-0.4242629202453546,-0.24671083915007674,-0.4790995780055682,-0.6633776344678488,-0.4242629202453546,-0.8841755974586852,-0.44192535999945903,-1.229847861299503,0,0.0
13705,-0.64136747957203,-0.25395340732976973,-0.17718713304280806,-0.2089987124044783,-0.43644787127749124,-0.25395340732976973,-0.5420671130784354,-0.3363789949578262,-0.12641219993813507,0,189.18
14775,-0.7326426215453997,-0.25395340732976973,-0.1468002560189045,-0.04553008426580913,-0.16696877748894162,-0.25395340732976973,-0.04206240513807012,0.6412225828868056,0.18813082747799656,0,310.44
16097,0.6104058960627546,-0.4242629202453546,-0.2345734250753651,-0.3485112041899024,-0.5782789732714647,-0.4242629202453546,-0.5683831503384545,-0.4453858965582011,-0.8935647596746935,0,0.0
13183,-1.202057637408444,0.4272846443325696,0.1410439322433234,0.04304056744224405,-0.010954565295570795,0.4272846443325696,-0.4631190012983777,0.08869024567432336,0.8483027726470532,1,1562.8000000000002
17674,2.279437063575801,-0.4242629202453546,-0.21492342589909544,-0.13709372909076897,-0.5640958630720674,-0.4242629202453546,-0.5157510758184162,0.4612746818322185,-1.8293050998549558,0,250.38
17029,-1.0847038834426828,-0.25395340732976973,-0.14432892146287163,-0.03223534294610758,-0.7059269650660409,-0.25395340732976973,-1.0420718210188007,-0.054345265420348364,0.12556068255620717,0,0.0
13196,0.8972706279790594,-0.4242629202453546,-0.178980295323836,0.24962414530775826,-0.23788432848592836,-0.4242629202453546,0.6947866381424681,0.36091912162869877,-0.7518210881242439,0,1285.65
15867,-1.0455859654540958,1.4491417218260785,0.23493934825358753,-0.23775064781011898,2.868216805182091,1.4491417218260785,0.48425834006231433,-0.3182111780244304,2.472137095906227,1,862.73
12689,-0.8630356815073564,-0.4242629202453546,-0.17916726011143136,0.24761256133916512,-0.23788432848592836,-0.4242629202453546,0.6947866381424681,0.22595819583775845,0.07693460106567221,0,736.5799999999999
17508,1.1319781359105816,-0.4242629202453546,-0.2001956996762448,0.02136422625340457,-0.4080816508786965,-0.4242629202453546,0.06320174390200677,0.2536424883076949,-0.7486909909890646,0,0.0
15372,-0.7326426215453997,-0.4242629202453546,0.07516773917405095,2.9840433823242893,-0.3371660998817098,-0.4242629202453546,0.326362116502199,9.372156320593023,3.6598725289094474,1,0.0
13488,-0.9543108234807262,0.9382131830793241,0.855147440064267,0.6534059410883509,2.5561883807953496,0.9382131830793241,0.6947866381424681,0.49626455148172144,2.4548509977863806,1,2371.93
12715,-1.1368611074274655,-0.4242629202453546,-0.207665792780622,-0.05900769685538282,-0.43644787127749124,-0.4242629202453546,-0.04206240513807012,-0.08202955789028483,0.025811442321807793,0,0.0
12970,1.6796289877508,-0.25395340732976973,-0.2619807632569539,-0.6651528079734415,-0.6066451936702594,-0.25395340732976973,-0.8841755974586852,-0.732610430933792,-1.3850867240727587,0,381.67
13870,-1.202057637408444,0.25697513141698475,0.10441413099362297,0.11021040400806514,0.4429049610851444,0.25697513141698475,-0.1683793839861623,-0.014203041338940492,0.7086439588910609,1,591.47
14542,-0.1067559337280074,-0.4242629202453546,-0.24847680655290905,-0.4980999029452792,-0.6491945242684515,-0.4242629202453546,-0.8315435229386468,-0.6807023825526611,-0.6731763386681382,0,0.0
12802,-0.09371662773181173,-0.4242629202453546,-0.19335108877036833,0.09500648663089871,-0.3655323202805045,-0.4242629202453546,0.2210979674621221,0.3401559022762464,-0.24142585567142774,0,0.0
16250,0.8842313219828637,-0.25395340732976973,-0.1998336678602647,-0.33082755239327044,-0.4080816508786965,-0.25395340732976973,-0.4631190012983777,-0.3865567750595861,-0.851126440225312,0,0.0
13999,-1.0195073534617045,0.7679036701637393,0.1694217876405207,-0.10128296266806526,0.49963740188273376,0.7679036701637393,-0.18022160075317104,-0.058238369048933175,0.9923710926051936,1,1339.87
13890,-1.12382180143127,-0.25395340732976973,-0.1808533425595638,-0.2287213788601841,-0.3655323202805045,-0.25395340732976973,-0.30522277773826234,-0.27754987345921117,-0.0354187388787541,0,1382.7
14616,0.636484508055146,-0.08364389441418492,-0.1970054005279135,-0.4393799381893483,-0.6917438548666435,-0.08364389441418492,-1.0420718210188007,-0.6264873097990356,-0.7312439469462623,0,0.0
14012,1.0928602179219946,-0.4242629202453546,-0.21014052669642935,-0.08563375374876041,-0.5640958630720674,-0.4242629202453546,-0.5157510758184162,-0.19276672777003073,-0.9000360102949682,0,0.0
13043,1.0407029939372119,-0.4242629202453546,-0.1782511326522142,0.25746932278527124,-0.5357296426732727,-0.4242629202453546,-0.41048692677833926,0.13252370875172284,-0.6386363326205324,0,0.0
16869,-0.3675420536519209,-0.25395340732976973,-0.20013281152041726,-0.3324368195681449,0.07414409590081329,-0.25395340732976973,0.40531022828225666,-0.32772765356097106,-0.3040801378240324,0,429.44
14339,0.636484508055146,-0.4242629202453546,-0.2134175095190094,-0.1208913345801011,-0.5215465324738753,-0.4242629202453546,-0.35785485225830077,-0.16508243530009425,-0.7199743327834979,0,0.0
16949,-0.1067559337280074,0.08666561850139992,-0.11411711146735283,-0.27831149546775047,-0.26625054888472305,0.08666561850139992,-0.6736472993785315,-0.4125107992501515,-0.15139035942768098,0,392.52
16266,-1.0195073534617045,0.4272846443325696,-0.13665996581168846,-0.45493618754646814,-0.1953349978877363,0.4272846443325696,-0.6561032745385186,-0.5428576762961024,0.31874705298142364,0,100.77
15581,-0.9543108234807262,1.6194512347416634,0.3587372325198946,-0.16984316012071002,1.1804266914538064,1.6194512347416634,-0.5036052124676381,-0.6711193582361447,1.71393709709752,1,0.0
17090,0.4408949181122109,-0.08364389441418492,-0.1557082783078786,-0.2912724967199355,-0.5357296426732727,-0.08364389441418492,-0.7964554732586211,-0.38540326287333876,-0.694005449331108,0,1325.6
14188,-1.0977431894388785,0.08666561850139992,-0.030882087709797185,-0.05442677154508675,-0.3655323202805045,0.08666561850139992,-0.5289090944484257,-0.06905254579500211,0.3947492662699799,0,670.9
13824,-0.7587212335377911,0.08666561850139992,-0.022998972392823017,-0.03322284780341695,-0.35134921008110714,0.08666561850139992,-0.621015224858493,-0.17546404497632045,0.1899679264310761,0,269.1
12355,0.2713839401616671,-0.4242629202453546,-0.18794270736920143,0.15319612470420052,-0.5357296426732727,-0.4242629202453546,-0.41048692677833926,0.08407619692933402,-0.4456499664380871,0,0.0
14040,-0.9934287414693131,0.9382131830793241,0.15414506481409462,-0.18461587642153174,0.9960462588616409,0.9382131830793241,-0.11808651277812539,-0.30657993014643625,1.2503277505467933,1,1088.26
15971,-1.1107824954350742,0.5975941572481545,0.09251297242323625,-0.1358319173286515,-0.592462083470862,0.5975941572481545,-0.9443265397673006,-0.2955940998012234,0.45083057868918797,1,2090.4
14222,-0.21107038169757278,-0.4242629202453546,-0.14990897053264876,0.562407165296996,-0.13860255709014693,-0.4242629202453546,1.0632111597827372,1.3540931139876697,0.15929322648356786,0,0.0
13055,0.25834463416547143,-0.4242629202453546,-0.20741084079753744,-0.056264627807301335,-0.4080816508786965,-0.4242629202453546,0.06320174390200677,0.12560263563423874,-0.4668592661635187,0,869.55
18081,-1.0586252714502915,-0.25395340732976973,-0.23066416133473538,-0.4966826506037705,-0.6208283038696568,-0.25395340732976973,-0.8315435229386468,-0.6512878218033537,-0.2235400500637645,0,135.4
16770,0.5582486720779719,0.08666561850139992,-0.15565218887159998,-0.39003212601436243,0.4429049610851444,0.08666561850139992,0.2210979674621221,-0.4306786161835473,-0.16384006626393335,0,107.72
13952,0.3105018581502541,-0.25395340732976973,0.28655199767721196,2.2857229219835484,0.9818631486622436,-0.25395340732976973,2.5105932090837944,1.7295613306111832,1.3242425928308992,1,0.0
17250,0.8842313219828637,-0.4242629202453546,-0.23838070802276098,-0.3894743686412525,-0.3938985406792992,-0.4242629202453546,0.11583381842204521,-0.5042150180568161,-1.1157498485365853,0,219.32
17877,-0.3023455236709425,-0.4242629202453546,-0.22563990758808256,-0.25239406474512727,-0.54991275287267,-0.4242629202453546,-0.4631190012983777,-0.4073199944120384,-0.6641928674915324,0,0.0
14147,1.1971746658915599,-0.4242629202453546,-0.23495585304999192,-0.3526258077620246,-0.6917438548666435,-0.4242629202453546,-0.9894397464987621,-0.6080311148190779,-1.4192251067813453,0,300.6
12674,-0.3023455236709425,-0.25395340732976973,-0.10000127000390509,0.20622879296710916,-0.29461676928351777,-0.25395340732976973,-0.1210105169181278,0.10829995284052843,0.02587535702342674,0,993.8
17749,-0.19803107570137712,-0.25395340732976973,-0.151379193635103,-0.07016284431758088,-0.2520674386853257,-0.25395340732976973,-0.17364259143816624,-0.19276672777003073,-0.2025900631994876,0,0.0
14305,-1.0455859654540958,-0.25395340732976973,-0.08782306361189988,0.2717424253987886,0.15924275709719737,-0.25395340732976973,0.563206451842372,0.26056356142517906,0.4919386580505077,0,810.51
13748,0.5060914480931892,-0.08364389441418492,-0.16730009513878932,-0.33284523207085925,-0.5640958630720674,-0.08364389441418492,-0.8666315726186725,-0.4892193596356005,-1.246599578556897,0,367.4
17970,0.2192267161768844,-0.4242629202453546,-0.17036971701512726,0.34226673062496343,-0.3371660998817098,-0.4242629202453546,0.4316262655422759,1.0288026774659162,-0.285559950645628,0,0.0
14491,-0.23714899368996412,-0.25395340732976973,-0.20807881499321895,-0.37518297890074803,-0.4789972018756833,-0.25395340732976973,-0.6473312621185122,-0.5059452863361871,-0.49576853081722705,0,0.0
12817,1.1450174419067771,-0.4242629202453546,-0.2378045165409899,-0.3832750325925884,-0.6633776344678488,-0.4242629202453546,-0.8841755974586852,-0.5630441395554311,-1.0759390861908635,0,0.0
15532,-0.8108784575225737,-0.08364389441418492,-0.059601578764327784,0.053403272734996246,1.6201031076351242,-0.08364389441418492,2.414101072463724,-0.3184995560709922,0.7495353093913197,0,350.24
12721,-0.14587385171659442,0.08666561850139992,0.022734314332883036,0.08979008365779716,0.5280036222815284,0.08666561850139992,0.24741400472214134,0.23374440309492808,0.48031225877572975,1,957.22
17002,0.2844232461578628,-0.25395340732976973,-0.097159405232456,0.22151683112841666,-0.37971543047990186,-0.25395340732976973,-0.30522277773826234,-0.016279363274185707,-0.2584333714726241,0,500.21
15049,1.0407029939372119,-0.4242629202453546,-0.24543098019499232,-0.46532937138419905,-0.6775607446672461,-0.4242629202453546,-0.9368076719787237,-0.5284387739680105,-1.99568213011783,0,0.0
18101,-0.6544067855682256,-0.4242629202453546,-0.2472904299916223,-0.48533548830820666,-0.5357296426732727,-0.4242629202453546,-0.41048692677833926,-0.6599391632002087,-0.5006076235835656,0,112.17
12501,1.8621792716975394,-0.4242629202453546,0.10270085366729474,3.280276552390102,1.3931733444447667,-0.4242629202453546,6.747475207946889,5.423684107068332,1.8249814866237597,1,0.0
16008,0.14099088019971037,-0.4242629202453546,-0.2423749557577522,-0.4324491170611957,-0.6350114140690541,-0.4242629202453546,-0.7789114484186084,-0.4869123352631058,-0.796099205216758,0,339.63
17429,-0.8499963755111608,-0.08364389441418492,-0.17680640474806844,-0.3669385324840142,-0.20951810808713367,-0.08364389441418492,-0.41048692677833926,-0.026660972950411886,0.019807476645898825,0,0.0
17060,0.949427851963842,-0.4242629202453546,-0.22621269971007918,-0.258556826539817,-0.6491945242684515,-0.4242629202453546,-0.8315435229386468,0.0010233195195245904,-0.9046156705754902,0,0.0
14687,-1.1368611074274655,-0.4242629202453546,-0.15922151663478365,0.4622119965340731,-0.507363422274478,-0.4242629202453546,-0.30522277773826234,0.8799996054400077,0.4538767942676546,0,0.0
14716,-0.5892102555872473,-0.4242629202453546,-0.23513941847781278,-0.3546008174766433,-0.45063098147688857,-0.4242629202453546,0.06320174390200677,0.3574585850699567,-0.5559367424937365,0,125.79
17866,-0.6674460915644214,-0.4242629202453546,-0.20999605390601475,-0.08407934795484763,-0.592462083470862,-0.4242629202453546,-0.621015224858493,-0.1443192159476419,-0.15758839122215312,0,0.0
17995,1.1450174419067771,-0.4242629202453546,-0.25309143744673934,-0.547749452715554,-0.6917438548666435,-0.4242629202453546,-0.9894397464987621,-0.28620121485606637,-1.6356794389419747,0,0.0
17463,-0.22410968769376846,-0.08364389441418492,-0.05737499811205609,0.06138865151941124,0.7407502752724887,-0.08364389441418492,1.0281231101027117,0.08176917255683924,0.3596219193850324,0,648.27
15364,0.7929561800094941,-0.4242629202453546,-0.20963062273026023,-0.08014761565259734,-0.6775607446672461,-0.4242629202453546,-0.9368076719787237,-0.45576750623442724,-1.14093396225862,0,581.39
17268,-1.12382180143127,0.08666561850139992,-0.13623164648010644,-0.3377949477753974,-0.6775607446672461,0.08666561850139992,-1.0157557837587814,-0.016279363274185707,0.14906586230560914,0,0.0
12515,2.083847473632866,-0.4242629202453546,-0.20080928411553492,0.01476257341102178,-0.4931803120750806,-0.4242629202453546,-0.2525907032182239,-0.29312228797355044,-1.274834268661369,0,0.0
16745,-0.9673501294769218,1.960070260572833,0.736331317547432,0.03205366154832828,1.208792911852601,1.960070260572833,0.007060864413965771,0.453661501402986,2.1483386127540003,1,1283.37
18125,0.10187296221112337,-0.08364389441418492,-0.10729289672012313,-0.11763622597637768,1.3506240138465746,-0.08364389441418492,1.8526922775833137,0.05062434352816071,0.3419137578432627,0,197.85
16997,1.2232532778839513,-0.08364389441418492,-0.14670847330499406,-0.25899571758751005,-0.6208283038696568,-0.08364389441418492,-0.8841755974586852,-0.3311881901197131,-0.7642875913636006,0,0.0
14901,-1.202057637408444,0.25697513141698475,-0.12629191849958357,-0.3862302323137215,-0.010954565295570795,0.25697513141698475,-0.4631190012983777,-0.46338068666365984,0.35457241378707527,0,599.17
15366,2.1490440036138443,-0.4242629202453546,-0.2480875798587333,-0.4939121508652081,-0.6066451936702594,-0.4242629202453546,-0.6736472993785315,-0.5353598470854947,-1.6750333298460756,0,496.97
15512,-0.4979351136138776,-0.25395340732976973,-0.24545987475307524,-0.5762773708156014,-0.6208283038696568,-0.25395340732976973,-0.9104916347187044,-0.6287943341715302,-0.6844847498665455,0,0.0
13090,-0.7456819275415953,0.9382131830793241,0.5688601585787421,0.3111603276197196,0.07414409590081329,0.9382131830793241,-0.6502552662585144,-0.31080947482934324,0.9272778326077646,1,3998.8
17189,-1.1499004134236612,-0.25395340732976973,-0.20080078571609877,-0.3360302400211317,0.017411655103223903,-0.25395340732976973,0.48425834006231433,-0.35541194603090753,-0.04492936813119927,0,0.0
13650,0.1801087981882974,-0.25395340732976973,-0.13931146643576775,-0.00524354351298582,-0.2520674386853257,-0.25395340732976973,-0.14732655417814702,-0.2550563858273878,-0.3884772370540052,0,1090.82
12714,-1.1368611074274655,0.08666561850139992,0.310114489985897,0.8627823696254118,1.6484693280339189,0.08666561850139992,1.4184776627929967,1.2070203102411323,1.8008717442562072,1,1319.16
14390,-0.64136747957203,0.08666561850139992,0.0043437779530510435,0.040323405157394424,0.6272853936773098,0.08666561850139992,0.7737347499225258,-0.10711844794116476,0.570478181314156,0,3051.86
17949,-1.1499004134236612,4.174093928475436,7.3800859521102335,2.2511475816111663,-0.4080816508786965,4.174093928475436,-1.0025977651287719,1.4660661897812521,2.519890872730093,1,13184.88
14049,-0.45881719562529055,-0.08364389441418492,0.2854759303406064,1.2909845915944245,2.2725261768074025,-0.08364389441418492,3.6948148857846594,1.7335986232630487,1.880616806016161,1,2333.98
16875,-0.64136747957203,0.08666561850139992,-0.07256843662400783,-0.1665542906671641,0.03159476530262125,0.08666561850139992,-0.31838079636827193,-0.324267117002229,0.2353556157715526,0,957.33
15648,0.14099088019971037,-0.25395340732976973,-0.15733147260018354,-0.10218360367218536,-0.3938985406792992,-0.25395340732976973,-0.4631190012983777,-0.3692540922658758,-0.506031220363594,0,0.0
17230,0.9233492399714508,0.7679036701637393,0.35238722846120213,0.1447863321809574,0.003228544903826554,0.7679036701637393,-0.6407522528035074,-0.03228434485836773,0.21676682574763553,1,0.0
14321,-1.0064680474655088,-0.08364389441418492,-0.11294433234516392,-0.13790445838720203,0.3436231896893629,-0.08364389441418492,0.27373004198216055,1.002271897182227,0.6362165769690602,0,630.1
16488,-1.0325466594579003,-0.25395340732976973,-0.20576045162703685,-0.3627111582954709,-0.4080816508786965,-0.25395340732976973,-0.5157510758184162,0.32458348776190715,0.01871875840788891,0,144.23000000000002
14837,-1.1499004134236612,-0.08364389441418492,-0.037323874482400085,0.1332997305421162,0.4429049610851444,-0.08364389441418492,0.48425834006231433,0.6677533631704948,0.6805241243851178,0,303.94
15329,-0.7717605395339867,-0.25395340732976973,-0.13787013789139646,0.0025101983295911837,-0.12441944689074957,-0.25395340732976973,0.010569669381968322,-0.07856902133154278,0.0872235511162282,0,295.7
15801,-1.0977431894388785,-0.4242629202453546,-0.24270299397598766,-0.43597853256972724,-0.592462083470862,-0.4242629202453546,-0.621015224858493,-0.5042150180568161,-0.5232651159816453,0,926.73
17341,-0.4848958076176819,-0.08364389441418492,-0.15005854236272503,-0.2710103600181069,1.364807124045972,-0.08364389441418492,1.6597080043431731,-0.23544667866118285,0.45562527832119604,0,0.0
15083,0.8190347920018853,-0.4242629202453546,-0.25103482478319067,-0.5256220290610301,-0.6491945242684515,-0.4242629202453546,-0.8315435229386468,-0.614952187936562,-1.2582659062596697,0,0.0
15689,-0.9673501294769218,-0.25395340732976973,-0.2228371354540398,-0.4545765407157197,-0.6066451936702594,-0.25395340732976973,-0.857859560198666,-0.6011100417015938,-0.28381558230084136,0,0.0
16175,-0.32842413566333384,-0.08364389441418492,-0.1407782901784475,-0.237727788901385,-0.23788432848592836,-0.08364389441418492,-0.35785485225830077,-0.3208065804434869,-0.10711879343154516,0,300.7
17625,-0.6935247035568127,-0.25395340732976973,-0.05745318338686865,0.43511961790252174,1.563370666837535,-0.25395340732976973,4.01060733290489,0.7035122409441626,0.8039771407005519,0,793.27
15802,-0.6674460915644214,-0.4242629202453546,-0.18929905191921123,0.13860299736840712,-0.7059269650660409,-0.4242629202453546,-1.0420718210188007,-0.7429920406100182,-0.22980338436365216,0,0.0
13136,-0.6674460915644214,-0.08364389441418492,-0.05752966898179402,0.06083394200079929,0.05996098570141595,-0.08364389441418492,0.045657719061994013,0.034475172920697704,0.274658563756847,0,1380.93
14173,0.33658047014264547,-0.4242629202453546,-0.24664285195458754,-0.4783680929260797,-0.5640958630720674,-0.4242629202453546,-0.5157510758184162,-0.6080311148190779,-0.8669763419490905,0,336.8
14503,-0.19803107570137712,-0.4242629202453546,-0.16454321436170175,0.40495500193711903,-0.15278566728954426,-0.4242629202453546,1.0105790852626988,0.5720118517119644,-0.00413496190880761,0,2946.19
17978,2.240319145587214,-0.4242629202453546,-0.21487923422202745,-0.13661826378910152,-0.54991275287267,-0.4242629202453546,-0.4631190012983777,0.9803551656435273,-1.0775812322891725,0,0.0
15105,-0.7717605395339867,-0.4242629202453546,-0.17543646275896083,0.28775280507609086,-0.45063098147688857,-0.4242629202453546,-0.09469447965810857,0.20173443992656404,0.015221543559816014,0,1765.95
18198,-0.47185650162148624,1.6194512347416634,0.4330710327080252,-0.108322451531584,0.14505964689780004,1.6194512347416634,-0.6493555726769753,0.11468863571820606,1.1048059317757906,1,998.17
16825,-0.1067559337280074,-0.4242629202453546,-0.21185720338253194,-0.10410375200584242,-0.5640958630720674,-0.4242629202453546,-0.5157510758184162,0.492419510860897,-0.22961567131849603,0,456.48
16520,-0.09371662773181173,-0.08364389441418492,-0.0881426034306992,-0.04895587272141322,1.1095111404568196,-0.08364389441418492,1.6421639795031602,-0.1027927772427372,0.3600647983936549,0,0.0
15676,1.1710960538991686,-0.4242629202453546,-0.11342874111302456,0.9549037718234815,0.14505964689780004,-0.4242629202453546,2.115852650183506,1.1741452129330827,-0.1442229912606745,0,2537.96
12691,-0.6283281735758344,0.08666561850139992,-0.17147280926193975,-0.4325862705135998,-0.4931803120750806,0.08666561850139992,-0.8183855043086372,-0.5751560175110283,-0.15584413428656044,0,479.5
12361,1.2232532778839513,-0.4242629202453546,-0.23374908033005837,-0.3396419476011056,-0.5782789732714647,-0.4242629202453546,-0.5683831503384545,-0.43154375032323283,-1.0284310892310633,0,0.0
18097,-0.8760749875035521,0.25697513141698475,0.07156441781312269,0.039523343351703995,0.07414409590081329,0.25697513141698475,-0.22101145850620077,0.22665030314950682,0.5980646295075553,1,676.2
13932,1.314528419857321,-0.4242629202453546,-0.2137778416551022,-0.1247682055013896,-0.4931803120750806,-0.4242629202453546,-0.2525907032182239,-0.497293944939332,-1.0281023886071277,0,0.0
13068,1.6405110697622127,-0.4242629202453546,-0.23798128324926188,-0.38517689379925824,-0.7059269650660409,-0.4242629202453546,-1.0420718210188007,-0.4003989212945543,-1.181112091853175,0,179.0
13901,-1.12382180143127,0.08666561850139992,0.18477669574175937,0.5256500400527042,1.1095111404568196,0.08666561850139992,0.6684706008824489,0.5919099369247313,1.3004658362311579,1,214.92
15400,-1.0455859654540958,0.08666561850139992,-0.16214156668104532,-0.40748718872365425,-0.592462083470862,0.08666561850139992,-0.9499656906087333,-0.4523069696756852,0.049613244951388094,0,105.0
16201,-1.0977431894388785,-0.4242629202453546,-0.21438972641450513,-0.1313515712167851,-0.45063098147688857,-0.4242629202453546,-0.09469447965810857,-0.026660972950411886,0.018007525665991106,0,1559.67
14375,-0.1067559337280074,-0.4242629202453546,-0.22598834196496478,-0.2561429257775053,0.08832720610021064,-0.4242629202453546,2.379013022783698,-0.10971385036022131,-0.5824707359796583,0,0.0
14520,1.2623711958725383,-0.4242629202453546,-0.23798128324926188,-0.38517689379925824,-0.7059269650660409,-0.4242629202453546,-1.0420718210188007,-0.4003989212945543,-1.0445908404538016,0,105.6
15159,-1.0586252714502915,2.4709987993195877,1.2585817584173666,0.22439095791990646,2.1874275156110183,2.4709987993195877,-0.0625304341180851,0.3428474307108236,2.914674289481702,1,9671.04
13645,-0.9543108234807262,-0.4242629202453546,-0.22317707143148585,-0.2258960177406602,-0.6491945242684515,-0.4242629202453546,-0.8315435229386468,-0.19968780088751487,-0.11998673088412105,0,0.0
17584,-0.8630356815073564,-0.4242629202453546,-0.13864349224008624,0.6836142429682232,-0.4931803120750806,-0.4242629202453546,-0.2525907032182239,0.10137887972304431,0.2375514167930819,0,492.85
16948,-0.719603315549204,-0.08364389441418492,-0.19208652693426898,-0.4217389563556865,-0.507363422274478,-0.08364389441418492,-0.7613674235785957,1.1153160914344677,-0.36381185125805915,0,0.0
15695,0.949427851963842,-0.25395340732976973,-0.19634252537189367,-0.3120466729774059,-0.4080816508786965,-0.25395340732976973,-0.5157510758184162,-0.37963570194210194,-0.8062970191921066,0,0.0
14194,-1.1368611074274655,1.4491417218260785,0.6970891083110584,0.17661126688407386,2.159061295212224,1.4491417218260785,0.2956600730321766,0.18875742783128133,2.3682147046186826,1,5683.07
15384,-0.31538482966713816,-0.25395340732976973,-0.15683686575299952,-0.09952282669554635,-0.23788432848592836,-0.25395340732976973,-0.0157463678780509,0.28478731733637347,-0.04532656943754955,0,0.0
17511,-1.0325466594579003,2.811617825150757,9.28200565008242,4.449525278192772,4.087964282330263,2.811617825150757,0.5526800369383643,5.844312325783429,5.784103022831053,1,34886.91
13217,-0.9282322114883348,-0.08364389441418492,-0.17526649477023779,-0.36141582013387685,-0.6775607446672461,-0.08364389441418492,-1.0245277961787878,-0.44423238437195367,-0.24501861010778392,0,0.0
13481,-1.1107824954350742,0.08666561850139992,-0.03464347930023789,-0.06454412455076067,0.32944007948996556,0.08666561850139992,-0.0157463678780509,-0.0015720828995319542,0.592064593692144,0,443.23
13382,1.1319781359105816,-0.4242629202453546,-0.22812483958321328,-0.2791298444004281,-0.507363422274478,-0.4242629202453546,-0.30522277773826234,-0.29312228797355044,-0.9637558910029662,0,0.0
17703,-1.0977431894388785,-0.25395340732976973,-0.18257851764510258,-0.23800209580619314,-0.26625054888472305,-0.25395340732976973,-0.14732655417814702,-0.09587170412525307,-0.04329271022148376,0,307.78
14565,-1.0455859654540958,-0.08364389441418492,0.1691464394987894,0.8737820765082187,0.6840178344748993,-0.08364389441418492,0.8175948120225579,0.835012630176361,1.2310623518658976,1,538.8000000000001
18273,0.8320740979980811,-0.4242629202453546,-0.25735763396368744,-0.5936501414534509,-0.7059269650660409,-0.4242629202453546,-1.0420718210188007,-0.6772418459939191,-1.1378675226816937,0,153.0
18188,1.2623711958725383,-0.4242629202453546,-0.1935176573993169,0.09321434818615222,-0.4931803120750806,-0.4242629202453546,-0.2525907032182239,-0.1789245815350625,-0.9886427122922821,0,1574.44
17591,-0.9282322114883348,0.4272846443325696,0.04686297001200452,-0.12584409813913708,0.428721850885747,0.4272846443325696,0.20355394262210935,-0.24121423959241958,0.709553522144758,1,362.8
13229,0.4148163061198195,-0.4242629202453546,-0.23866965360359013,-0.39258318022907823,-0.5782789732714647,-0.4242629202453546,-0.5683831503384545,-0.5284387739680105,-0.8810180610684988,0,0.0
14156,-1.0325466594579003,5.36626051888453,14.177403265124518,3.7530614837305767,7.733023603575382,5.36626051888453,0.4722281516005911,3.265990126456105,7.2121387813569156,1,32232.73
13694,-1.12382180143127,6.047498570546869,7.537483108387309,1.465885487504252,3.6624709763483425,6.047498570546869,-0.4941584298614773,3.5863166577895673,5.924252991663145,1,19127.98
13327,-1.0586252714502915,0.5975941572481545,0.19947382772663985,0.02856935428636526,0.13087653669840268,0.5975941572481545,-0.4405623979326469,-0.1255334460573279,0.8585297394823461,1,889.02
18146,-0.6935247035568127,-0.25395340732976973,-0.23877163439682397,-0.540297448468266,-0.5782789732714647,-0.25395340732976973,-0.8315435229386468,-0.4817215304249927,-0.6021168655910977,0,0.0
17733,0.8842313219828637,-0.4242629202453546,-0.2291514462351004,-0.2901752691007029,-0.54991275287267,-0.4242629202453546,-0.4631190012983777,-0.4453858965582011,-1.0884572309043035,0,475.24
16057,0.2322660221730801,-0.08364389441418492,-0.08593811861696149,-0.04104973815394273,0.102510316299608,-0.08364389441418492,-0.04206240513807012,-0.31157848295350804,-0.1577987060890204,0,1203.58
16270,2.083847473632866,-0.4242629202453546,-0.07205173393828983,1.4000855912001189,0.045777875502018596,-0.4242629202453546,1.747428128543237,1.6343965752457765,-0.07379439195390858,0,0.0
18202,0.07579435021873202,-0.08364389441418492,-0.02858242082237458,0.16464996190718972,0.05996098570141595,-0.08364389441418492,0.09828979358203246,-0.0762619969590482,0.009183966023502929,0,0.0
16083,2.1751226156062358,-0.4242629202453546,-0.2085802205599519,-0.06884617117450173,-0.4789972018756833,-0.4242629202453546,-0.19995862869818545,0.5823934613881906,-1.0706150091818782,0,0.0
15408,0.9233492399714508,-0.4242629202453546,-0.22061395416154253,-0.19831903024394767,-0.23788432848592836,-0.4242629202453546,0.6947866381424681,-0.37963570194210194,-0.9603118007960789,0,0.0
12551,2.1360046976176483,-0.4242629202453546,-0.23747137928309278,-0.37969075570309524,-0.5782789732714647,-0.4242629202453546,-0.5683831503384545,-0.4003989212945543,-1.3522806213894267,0,0.0
17771,1.6926682937469957,-0.4242629202453546,-0.246343708294435,-0.4751495585763308,-0.4080816508786965,-0.4242629202453546,0.06320174390200677,-0.36579355570713373,-1.2715881354659557,0,130.01
17507,0.8842313219828637,-0.25395340732976973,-0.16309678677766876,-0.13319857104249327,0.40035563048695233,-0.25395340732976973,1.2211073833428525,-0.12528626487456057,-0.4297794670995407,0,0.0
12705,-0.45881719562529055,0.08666561850139992,0.4414691510308301,1.2160988065818004,1.7903004300278924,0.08666561850139992,1.6158479422431409,1.5020310518738929,1.9040345594642254,1,2705.77
13780,-0.3023455236709425,-0.4242629202453546,-0.24626212365984795,-0.47427177648094465,-0.592462083470862,-0.4242629202453546,-0.621015224858493,-0.14777975250638398,-0.5075384613465183,0,243.73
18108,0.7929561800094941,-0.4242629202453546,-0.21996467644462056,-0.19133334773483351,-0.4789972018756833,-0.4242629202453546,-0.19995862869818545,-0.45576750623442724,-0.9813144150064813,0,0.0
12955,-0.6544067855682256,0.25697513141698475,-0.03709271801773678,-0.1942885474559666,-0.12441944689074957,0.25697513141698475,-0.4210133416823469,0.016249680377989673,0.30776365111367776,0,3410.24
12509,1.1841353598953641,-0.4242629202453546,-0.23602665137894702,-0.36414669776396685,-0.6208283038696568,-0.4242629202453546,-0.7262793738985699,-0.556123066437947,-1.1532068714823616,0,0.0
17585,-1.0977431894388785,0.08666561850139992,-0.07622614774132747,-0.176392764986283,1.7761173198284952,0.08666561850139992,1.6421639795031602,0.6810187533123393,1.2952645352514536,0,0.0
13291,-0.4979351136138776,-0.4242629202453546,-0.2046488609807882,-0.026548046453085287,-0.13860255709014693,-0.4242629202453546,1.1158432343027758,0.0598524410181396,-0.16931947971703204,0,0.0
15834,-0.3675420536519209,-0.08364389441418492,0.03706431546212179,0.40008453044952536,1.7761173198284952,-0.08364389441418492,2.2737488737436213,0.034475172920697704,0.9843747834988783,1,441.93
15646,-0.47185650162148624,-0.08364389441418492,-0.18994153091658433,-0.41404617160306684,-0.22370121828653103,-0.08364389441418492,-0.4806630261383905,-0.29196877578730307,-0.28314257728423836,0,0.0
12764,1.6013931517736257,-0.4242629202453546,0.02187937534960619,2.4107053770212854,-0.08187011629255754,-0.4242629202453546,1.2737394578628911,0.5893145345056747,0.16987173370234238,1,0.0
17954,-0.9151929054921392,1.108522695994909,0.05439935063198375,-0.34216374241264186,3.095146568372449,1.108522695994909,0.936894180934645,-0.11282833326308919,2.2072642248293035,1,428.92
16863,2.2533584515834097,-0.4242629202453546,-0.23810875924080413,-0.38654842832329894,-0.592462083470862,-0.4242629202453546,-0.621015224858493,-0.383096238500844,-1.6076878717228014,0,338.55
17553,-0.8369570695149651,-0.4242629202453546,-0.013181621364180732,2.0334785215291196,-0.6917438548666435,-0.4242629202453546,-0.9894397464987621,2.880189736392918,1.616647996754066,0,0.0
17063,-0.3936206656443122,0.08666561850139992,-0.151829608805219,-0.3797501888658037,-0.22370121828653103,0.08666561850139992,-0.5946991875984738,-0.4791261280059362,-0.0747726472020305,0,789.27
15907,-0.22410968769376846,-0.25395340732976973,-0.18485098965432953,-0.2502270401971429,0.5989191732785152,-0.25395340732976973,1.773744165803256,-0.3363789949578262,-0.13082220329812427,0,405.13
16654,-0.680485397560617,0.08666561850139992,-0.16382934880906502,-0.41202696799822913,-0.3087998794829151,0.08666561850139992,-0.7131213552685604,-0.5024847497774451,-0.21888250576935717,0,0.0
14473,1.1580567479029729,-0.4242629202453546,-0.2515787223471044,-0.5314739096969372,-0.7059269650660409,-0.4242629202453546,-1.0420718210188007,-0.7118472115813397,-1.2984354910328353,0,149.34000000000003
17091,-0.1067559337280074,0.25697513141698475,0.07295985500053877,0.042526089603003844,0.6131022834779125,0.25697513141698475,0.07372815880601442,-0.045347870367619024,0.5625363899358513,1,1833.35
14730,-1.12382180143127,0.25697513141698475,-0.11779181938354477,-0.3679394479011142,1.2938915730489853,0.25697513141698475,0.8105772020865528,-0.3941699554888186,0.8411327985903014,0,1025.44
17256,-1.12382180143127,-0.25395340732976973,-0.22523368409503453,-0.46746896524170267,-0.54991275287267,-0.25395340732976973,-0.6736472993785315,-0.5024847497774451,-0.20905141731684024,0,0.0
17844,-1.1368611074274655,-0.4242629202453546,-0.2572624518900025,-0.5926260623421671,-0.6491945242684515,-0.4242629202453546,-0.8315435229386468,-0.5665046761141732,-0.3983680129397186,0,0.0
17719,-1.1368611074274655,1.4491417218260785,0.4949886713199381,-0.004591302650442075,0.6982009446742966,1.4491417218260785,-0.1210105169181278,-0.13566787455078677,1.4923433717421108,1,918.64
16122,-1.0586252714502915,-0.08364389441418492,-0.17249941591382684,-0.3514920058888176,-0.37971543047990186,-0.08364389441418492,-0.4631190012983777,0.3055505366888258,-0.03235828786644539,0,134.16000000000005
16931,-1.1759790254160525,1.7897607476572481,0.22642735137833814,-0.30845847741784405,4.173062943526647,1.7897607476572481,1.149678139351372,-0.2602471906655009,3.269888946169551,1,1657.54
13122,0.6104058960627546,-0.4242629202453546,-0.11243102901922036,0.9656383153649737,0.045777875502018596,-0.4242629202453546,1.747428128543237,1.1118555548757256,-0.030283447247904736,0,18.72
13134,-0.13283454572039874,-0.08364389441418492,-0.11547855505702431,-0.1469931604998453,-0.12441944689074957,-0.08364389441418492,-0.2876787528982495,-0.36579355570713373,-0.09747591938398151,0,907.84
16734,-1.0325466594579003,-0.25395340732976973,-0.21462598191883012,-0.41040398547811424,-0.3371660998817098,-0.25395340732976973,-0.2525907032182239,-0.5595836029966891,-0.10603609679747303,0,344.35
13982,-0.3936206656443122,-0.08364389441418492,-0.05694157974081233,0.06294305731332402,-0.08187011629255754,-0.08364389441418492,0.18600991778209622,0.15674746466291728,0.04023736749761503,0,641.67
15891,0.4278556121160152,-0.4242629202453546,-0.17905678091876137,0.24880122459333381,0.13087653669840268,-0.4242629202453546,2.0632205756634674,0.7000517043854206,-0.2828866781166716,0,0.0
15582,0.34961977613884115,-0.4242629202453546,-0.2144220203323625,-0.13169902662954208,-0.4080816508786965,-0.4242629202453546,0.06320174390200677,0.1359842453104649,-0.6306869973163713,0,141.4
15081,0.19314810418449307,-0.25395340732976973,-0.22386544178581413,-0.46010839662935066,-0.4931803120750806,-0.25395340732976973,-0.6473312621185122,-0.5509322615998339,-0.6286517817154343,0,256.75
12999,0.036676432230145,-0.08364389441418492,-0.18854099468950652,-0.40902330739057985,-0.3655323202805045,-0.08364389441418492,-0.6034712000184802,-0.35195140947216547,-0.4121576872675419,0,0.0
17881,1.4449214798192778,-0.4242629202453546,-0.24336077009234583,-0.44305565071377745,-0.6066451936702594,-0.4242629202453546,-0.6736472993785315,-0.6357154072890143,-1.2129954034516903,0,0.0
14748,-0.9151929054921392,0.08666561850139992,-0.07587091464489634,-0.17543726260120135,0.3436231896893629,0.08666561850139992,-0.10785249828811817,0.17145474503757102,0.5772649717377081,0,296.98
15894,0.7799168740132983,-0.25395340732976973,-0.2221317683008392,-0.45078196186587366,-0.22370121828653103,-0.25395340732976973,-0.1210105169181278,-0.4626885793519114,-0.957966815042242,0,0.0
13985,-1.12382180143127,0.5975941572481545,0.2053020300599526,0.037527434063385615,0.05996098570141595,0.5975941572481545,0.07823947947916056,-0.06423251273103987,0.7791403040903909,1,4287.09
14100,-0.7326426215453997,-0.4242629202453546,-0.23340064595317617,-0.33589308656872763,-0.37971543047990186,-0.4242629202453546,0.2210979674621221,-0.5284387739680105,-0.4101220178642176,0,0.0
16414,1.1319781359105816,-0.4242629202453546,-0.257391627561432,-0.5940158839931949,-0.6775607446672461,-0.4242629202453546,-0.9368076719787237,-0.6910839922288873,-1.2138821233030206,0,75.45
14286,0.636484508055146,-0.4242629202453546,0.0824219729327499,3.062092840305701,1.2797084628495878,-0.4242629202453546,6.326418611786582,6.167699467197875,2.21450940291594,1,2578.67
17867,-0.6544067855682256,0.08666561850139992,-0.10328505154603404,-0.24917553039537835,-0.6066451936702594,0.08666561850139992,-0.9894397464987621,-0.4228924089263777,-0.08213338918725216,0,200.39
13502,1.0537422999334074,-0.25395340732976973,-0.23387485664171342,-0.5139548420431902,-0.592462083470862,-0.25395340732976973,-0.857859560198666,-0.556123066437947,-1.2309912132790757,0,102.84
12434,0.8711920159866681,-0.4242629202453546,-0.21737266461659432,-0.16344547907933846,-0.4931803120750806,-0.4242629202453546,-0.2525907032182239,-0.47999126214562166,-1.024546157738222,0,519.89
14715,1.3666856438421036,-0.25395340732976973,-0.22396742257904792,-0.460657010438967,-0.4222647610780939,-0.25395340732976973,-0.5157510758184162,-0.5249782374092684,-1.0409846296984366,0,619.9300000000001
17723,-0.8760749875035521,0.4272846443325696,0.2908571168635777,0.3116845585933529,-0.6633776344678488,0.4272846443325696,-1.0069837713387748,-0.28966175141480843,0.2810347290611291,1,0.0
17267,-0.8630356815073564,-0.25395340732976973,-0.2121121553656165,-0.39688065507107256,-0.1953349978877363,-0.25395340732976973,-0.1210105169181278,-0.4730701890281376,-0.21163112406374465,0,0.0
18283,-0.5892102555872473,0.9382131830793241,-0.10422837388344688,-0.49349154694450237,1.8753990912242766,0.9382131830793241,1.1099952260227712,-0.5065220424293108,1.281564634586729,0,1093.6
15392,2.1751226156062358,-0.4242629202453546,-0.2084102525712289,-0.06701745847578074,-0.45063098147688857,-0.4242629202453546,-0.09469447965810857,0.6446831194455477,-1.1565060115224342,0,1196.55
16998,-0.5761709495910516,0.08666561850139992,-0.2158854447152678,-0.5520469275575484,-0.7059269650660409,0.08666561850139992,-1.0420718210188007,-0.6807023825526611,-0.2574396540968968,0,0.0
16850,1.8230613537089524,-0.4242629202453546,-0.2095269422571392,-0.0790321009063776,-0.45063098147688857,-0.4242629202453546,-0.09469447965810857,0.11522102595801255,-1.1242108865642912,0,0.0
15236,1.3666856438421036,-0.4242629202453546,-0.21145777860903284,-0.09980627716384806,-0.507363422274478,-0.4242629202453546,-0.30522277773826234,0.18443175713285373,-1.0020681622734884,0,0.0
16612,-0.9673501294769218,-0.08364389441418492,-0.1181028608029079,-0.1564049351892626,-0.12441944689074957,-0.08364389441418492,-0.19995862869818545,-0.29196877578730307,0.1496387721647921,0,317.36
13496,2.16208330961004,-0.4242629202453546,-0.18087033935843613,0.22928886009798086,-0.35134921008110714,-0.4242629202453546,0.27373004198216055,0.04601029478317136,-1.0371398136133079,0,152.32
17730,-1.1368611074274655,0.7679036701637393,0.25335707951161524,0.01160118633310789,0.49963740188273376,0.7679036701637393,-0.19995862869818545,0.18443175713285373,1.0716682565008089,1,2242.71
13826,-0.22410968769376846,-0.4242629202453546,-0.2338170675255476,-0.340373432680594,-0.5782789732714647,-0.4242629202453546,-0.5683831503384545,-0.4626885793519114,-0.6188466060955745,0,0.0
13269,-1.0977431894388785,0.7679036701637393,0.2402236530229866,-0.006061892445663446,1.1662435812544092,0.7679036701637393,0.27373004198216055,0.12473750149455322,1.4624973276185451,1,2364.78
17117,1.2362925838801468,-0.4242629202453546,-0.24627572109894577,-0.47441807349684245,-0.592462083470862,-0.4242629202453546,-0.621015224858493,-0.5111360911743003,-1.1808914831139206,0,0.0
15863,-0.01548079175463769,-0.4242629202453546,-0.26446229589231013,-0.6700903322599882,-0.6917438548666435,-0.4242629202453546,-0.9894397464987621,-0.7395315040512761,-1.1719007400891415,0,59.64
18213,0.5582486720779719,-0.4242629202453546,-0.22651184337023172,-0.261775360889566,-0.507363422274478,-0.4242629202453546,-0.30522277773826234,0.05639190445939754,-0.7473576026431424,0,0.0
16110,0.8972706279790594,-0.25395340732976973,-0.1507571107963767,-0.0668163000789215,1.733567989230303,-0.25395340732976973,3.879027146604794,-0.15470082562386808,-0.08331928734306601,0,642.77
14240,0.4148163061198195,-0.4242629202453546,-0.2274687631467424,-0.27207101338336515,-0.5782789732714647,-0.4242629202453546,-0.5683831503384545,-0.4730701890281376,-0.8271503467561702,0,663.49
14206,0.5973665900665589,-0.4242629202453546,-0.21024930620921206,-0.08680412987594181,-0.43644787127749124,-0.4242629202453546,-0.04206240513807012,0.20865551304404817,-0.5288689185447736,0,0.0
15820,1.6405110697622127,-0.4242629202453546,-0.23084602708266902,-0.30840753470695115,-0.4789972018756833,-0.4242629202453546,-0.19995862869818545,-0.30350389764977664,-1.210753028886176,0,0.0
17118,1.6144324577698215,-0.4242629202453546,-0.23933762779927165,-0.39977002113505167,-0.5782789732714647,-0.4242629202453546,-0.5683831503384545,-0.2135299471224831,-1.310936704113307,0,0.0
15554,1.0928602179219946,-0.4242629202453546,-0.22910895423791963,-0.2897180909260227,-0.5215465324738753,-0.4242629202453546,-0.35785485225830077,-0.49037287182184786,-0.9734924740369953,0,0.0
15251,-1.1368611074274655,0.5975941572481545,1.0005958467341136,1.2599121503964426,0.23015830809418414,0.5975941572481545,-0.5157510758184162,1.5157496075174772,1.7268845365272945,1,3032.87
16829,-0.4848958076176819,-0.4242629202453546,-0.23250491465260578,-0.326255770646468,-0.5640958630720674,-0.4242629202453546,-0.5157510758184162,-0.40385945785329636,-0.4275934998472755,0,0.0
17088,-0.14587385171659442,-0.25395340732976973,-0.02822208868628177,0.5923706228655395,0.30107385909117085,-0.25395340732976973,0.9316309734826411,0.16193826950103035,0.27847782673171156,0,591.9
18185,0.7277596500285156,-0.4242629202453546,-0.21431324081957975,-0.13052865050236068,-0.4789972018756833,-0.4242629202453546,-0.19995862869818545,-0.11317438691896338,-0.9064350695888131,0,0.0
15367,0.675602426043733,-0.25395340732976973,-0.025320735118779598,0.6079786857491231,0.20179208769538942,-0.25395340732976973,0.6158385263624104,0.551248632359512,0.04458657731720604,0,461.41
16012,-0.8499963755111608,-0.25395340732976973,-0.0736018419954439,0.348246621149781,-0.02513767549496814,-0.25395340732976973,0.27373004198216055,0.20692524476467714,0.35164979885417824,0,283.17
16553,-0.3936206656443122,1.4491417218260785,0.7061602998692066,0.18474446661163532,0.15924275709719737,1.4491417218260785,-0.7262793738985699,0.5800864370156958,1.2411047495192222,1,0.0
16500,1.7839434357203654,-0.4242629202453546,-0.23798128324926188,-0.38517689379925824,-0.7059269650660409,-0.4242629202453546,-1.0420718210188007,-0.7429920406100182,-1.3294998232058226,0,235.86
15453,-0.8108784575225737,-0.08364389441418492,-0.18455014631428973,-0.3947105826685903,0.3719894100881576,-0.08364389441418492,0.7649627375025195,-0.4453858965582011,0.09437004954039531,0,892.41
14299,-1.12382180143127,0.25697513141698475,0.14820978264788637,0.20445128422395242,0.2727076386923762,0.25697513141698475,-0.2946963628342547,-0.10832963573672447,0.6795991428866142,1,1528.48
12728,0.8320740979980811,-0.08364389441418492,-0.1611030622699476,-0.31062027707240353,-0.3087998794829151,-0.08364389441418492,-0.5157510758184162,-0.4511534574894378,-0.6356938176783675,0,219.02
17991,0.4148163061198195,-0.25395340732976973,-0.25015948964126705,-0.6015593238754191,-0.6633776344678488,-0.25395340732976973,-0.9631237092387429,-0.7031958701844845,-0.8741090486740611,0,0.0
14498,-1.0064680474655088,0.08666561850139992,-0.048162733123267784,-0.10090807656482749,0.754933385471886,0.08666561850139992,0.47110032143230474,-0.1503751549254405,0.7462417814670705,0,675.53
16188,-0.680485397560617,-0.08364389441418492,-0.13769507086301172,-0.22667017278311877,0.003228544903826554,-0.08364389441418492,-0.1824146038581727,-0.002437217039217469,0.11527972458279681,0,226.83
16385,-0.45881719562529055,-0.25395340732976973,-0.2194853667164216,-0.43654543350633074,-0.20951810808713367,-0.25395340732976973,-0.1210105169181278,-0.4834517987043637,-0.41129597920084393,0,281.04
12615,-0.32842413566333384,-0.4242629202453546,-0.15814052022650515,0.4738426092979386,-0.28043365908412043,-0.4242629202453546,0.5368904145823528,0.6827490215917104,0.10114403702166327,0,1656.45
14566,-1.0847038834426828,-0.4242629202453546,-0.022631841537181254,1.931802095480233,-0.6633776344678488,-0.4242629202453546,-0.8841755974586852,2.021976669824887,1.4372377258896998,0,0.0
12753,-0.7587212335377911,0.25697513141698475,2.5589966420579557,5.392059347171509,0.8967644874658595,0.25697513141698475,0.6526809785264375,5.628547871345862,4.157608015298074,1,4808.48
14493,-0.4979351136138776,-0.4242629202453546,-0.16213816732127084,0.430831286624021,-0.3087998794829151,-0.4242629202453546,0.4316262655422759,0.3851428775398932,0.09430386329985661,0,1772.02
15723,2.2272798395910183,-0.4242629202453546,-0.23361310593907997,-0.3381789774421288,-0.1953349978877363,-0.4242629202453546,0.9053149362226219,-0.4938334083805899,-1.5146260276676733,0,0.0
13988,-0.4066599716405079,-0.08364389441418492,0.060907424920188614,0.4855951362417187,0.6840178344748993,-0.08364389441418492,0.8702268865425964,0.7415781430903253,0.7885907108537582,1,2224.46
14795,-0.3545027476557252,-0.4242629202453546,-0.24368370927091956,-0.4465302048413473,-0.6350114140690541,-0.4242629202453546,-0.7789114484186084,-0.6876234556701453,-0.5639399153686959,0,0.0
17064,-0.14587385171659442,-0.25395340732976973,-0.18828264334664752,-0.2686878948907313,-0.20951810808713367,-0.25395340732976973,0.010569669381968322,-0.4228924089263777,-0.3997466169670842,0,398.05
17913,2.1099260856252573,-0.4242629202453546,-0.22896448144750506,-0.28816368513210977,-0.28043365908412043,-0.4242629202453546,0.5368904145823528,-0.4003989212945543,-1.3481486830398228,0,190.6
16849,-0.09371662773181173,-0.4242629202453546,-0.24485308903333403,-0.4591117482085478,-0.6066451936702594,-0.4242629202453546,-0.6736472993785315,-0.6322548707302723,-0.6759408393170556,0,0.0
17472,-0.028520097750833362,-0.08364389441418492,-0.1474665305346988,-0.26171440379960864,1.2938915730489853,-0.08364389441418492,1.9579564266233906,-0.2216045324262146,0.30426441552691835,0,0.0
16592,-0.7456819275415953,1.108522695994909,0.11033921508050779,-0.2819771500723367,0.7265671650730913,1.108522695994909,-0.4210133416823469,-0.12874680143330264,1.1180600788157318,1,1899.35
15257,1.1710960538991686,-0.4242629202453546,-0.21212065376505265,-0.10693825668885998,-0.6208283038696568,-0.4242629202453546,-0.7262793738985699,-0.5872678954666255,-0.993036717394564,0,0.0
17075,0.7799168740132983,-0.08364389441418492,-0.14771638347812163,-0.2626104730219819,-0.02513767549496814,-0.08364389441418492,-0.00697435545804443,-0.46845614028314814,-0.6357022187188757,0,138.05
17531,-0.054598709743224706,-0.4242629202453546,-0.21559649913443865,-0.14433543137770416,-0.5215465324738753,-0.4242629202453546,-0.35785485225830077,-0.27581960517984017,-0.5072216779007502,0,0.0
13525,0.71472034403232,-0.4242629202453546,-0.21794545673859092,-0.16960824087402818,-0.6917438548666435,-0.4242629202453546,-0.9894397464987621,-0.026660972950411886,-0.7309729480371767,0,345.9
12410,1.4970787038040603,-0.25395340732976973,-0.14818209576722277,-0.05296380138610994,-0.35134921008110714,-0.25395340732976973,-0.41048692677833926,-0.381365970221473,-0.8880944046797,0,0.0
14320,0.16706949219210174,-0.25395340732976973,-0.18481699605658491,-0.2500441689272708,-0.3087998794829151,-0.25395340732976973,-0.27890674047824315,-0.1841153863731756,-0.633987499690163,0,0.0
14849,-0.9673501294769218,1.960070260572833,0.5881056339418508,-0.07426525647171164,0.9109475976652568,1.960070260572833,-0.18592340882617525,0.08961305542332129,1.8514088981681596,1,2905.29
15244,0.71472034403232,-0.4242629202453546,-0.21538573882842207,-0.1420678276312901,-0.507363422274478,-0.4242629202453546,-0.30522277773826234,0.08407619692933402,-0.7081061917365818,0,333.63
12735,1.58835384577743,-0.25395340732976973,-0.13352405641974854,0.025890290182739056,-0.18115188768833898,-0.25395340732976973,0.036885706641987544,-0.10971385036022131,-0.7090843666768425,0,0.0
15078,-1.1499004134236612,3.152236850981927,0.8731997401465401,-0.12977305966457092,0.4570880712845417,3.152236850981927,-0.34110828309283403,-0.21368724423878951,2.224953228089675,1,3040.52
17917,0.8190347920018853,-0.25395340732976973,-0.2274925586651636,-0.4796207611247036,0.08832720610021064,-0.25395340732976973,0.5895224891023912,-0.5215177008505264,-0.8294702505128879,0,108.32
17110,-0.3675420536519209,-0.4242629202453546,-0.23827022883009102,-0.3882857053870839,-0.54991275287267,-0.4242629202453546,-0.4631190012983777,-0.5734257492316572,-0.5612158969412011,0,0.0
12769,0.5843272840703633,-0.4242629202453546,-0.07165060948490348,1.4044013531691002,-0.26625054888472305,-0.4242629202453546,0.5895224891023912,0.4854984377434129,0.12082067831662012,0,0.0
16852,-0.22410968769376846,-0.4242629202453546,-0.2468094205835361,-0.4801602313708263,-0.6208283038696568,-0.4242629202453546,-0.7262793738985699,-0.5699652126729152,-0.5968105862598612,0,31.85
13807,2.2663977575796053,-0.4242629202453546,-0.2468876058583487,-0.4810014392122379,-0.6208283038696568,-0.4242629202453546,-0.7262793738985699,-0.6218732610540462,-1.5782200807757765,0,0.0
16916,2.3315942875605837,-0.4242629202453546,-0.23263918936369699,-0.32770045367845757,-0.03932078569436549,-0.4242629202453546,1.4842677559430448,-0.3934778481770702,-1.5658050357332298,0,365.98
14972,-0.8499963755111608,-0.4242629202453546,-0.24651877532281974,-0.47703313265601344,-0.46481409167628596,-0.4242629202453546,-0.14732655417814702,-0.6495575535239826,-0.39796530907453254,0,0.0
15397,1.2493318898763426,-0.4242629202453546,-0.25004901044859706,-0.5150154954084484,-0.6350114140690541,-0.4242629202453546,-0.7789114484186084,-0.6772418459939191,-1.2484802505388521,0,0.0
15067,1.1580567479029729,-0.4242629202453546,-0.12188464855199536,0.8639253150621123,-0.22370121828653103,-0.4242629202453546,0.7474187126625066,0.41282717000982966,-0.38846326416716565,0,896.71
12921,-0.8239177635187694,3.152236850981927,1.2508618123695665,0.05492359797406925,1.6626524382333163,3.152236850981927,-0.08034027751627969,0.10940103265467362,2.791075222417528,1,7662.54
14607,0.8842313219828637,-0.4242629202453546,-0.18189184697066155,0.21829829677866774,-0.6775607446672461,-0.4242629202453546,-0.9368076719787237,0.2917083904538576,-0.4643703027239577,0,15714.5
13656,-0.3805813596481165,-0.25395340732976973,-0.2014976544698632,-0.3397791010535097,-0.02513767549496814,-0.25395340732976973,0.19478193020210288,0.10137887972304431,-0.17458870368040227,0,0.0
16659,-0.054598709743224706,-0.4242629202453546,-0.2593768536697171,-0.6153752483142562,-0.6917438548666435,-0.4242629202453546,-0.9894397464987621,-0.497293944939332,-1.6535609139992467,0,0.0
13162,-0.9282322114883348,0.08666561850139992,0.020929254292644424,0.08493485144269289,0.32944007948996556,0.08666561850139992,-0.055220423768079736,0.7355222041125267,0.8412797578046678,1,0.0
18178,-0.8499963755111608,0.08666561850139992,0.004360774751923331,0.040369122974862406,0.41453874068634966,0.08666561850139992,0.18162391157209326,0.10397428214210086,0.6233869853509338,0,0.0
15240,-0.028520097750833362,-0.08364389441418492,-0.08834486533727959,-0.04968126209190574,-0.29461676928351777,-0.08364389441418492,-0.35785485225830077,0.12444912344799125,-0.13784853088971172,0,661.1899999999999
17226,1.4970787038040603,-0.4242629202453546,-0.19914529750593646,0.032665670731500285,-0.4222647610780939,-0.4242629202453546,0.010569669381968322,0.658525265680516,-1.0503461541388555,0,0.0
13719,0.15403018619590605,-0.25395340732976973,-0.20845104488852242,-0.3771854193058475,-0.45063098147688857,-0.25395340732976973,-0.5683831503384545,-0.4246226772057487,-0.6408134219250168,0,702.94
17997,-0.7978391515263781,0.08666561850139992,-0.05041990801350964,-0.10697940272458116,0.2727076386923762,0.08666561850139992,-0.1210105169181278,0.5304854130070596,0.6872018408300401,0,693.95
16206,-0.9021535994959434,-0.08364389441418492,-0.1963629215305404,-0.4370757601889598,-0.03932078569436549,-0.08364389441418492,-0.12978252933813444,-0.5122896033605476,0.010609414844800356,0,127.2
17105,-0.44577788962909487,-0.25395340732976973,-0.15286471385654227,-0.07815431881099161,0.41453874068634966,-0.25395340732976973,1.2737394578628911,0.45262334043536334,0.21980212427614795,0,0.0
18013,-0.4979351136138776,-0.25395340732976973,-0.23419269678062551,-0.5156646884164944,-0.28043365908412043,-0.25395340732976973,-0.27890674047824315,-0.25332611754801676,-0.39662441744651755,0,0.0
16763,0.06275504422253635,-0.4242629202453546,-0.16203108748837533,0.4319833756242152,-0.3938985406792992,-0.4242629202453546,0.11583381842204521,0.3574585850699567,-0.09682626253486416,0,0.0
14307,-0.7717605395339867,0.08666561850139992,0.12624142010543457,0.36820244847457384,0.9676800384628462,0.08666561850139992,0.800050787182545,0.7337919358331557,1.0268627659621425,1,687.83
16357,-0.4066599716405079,-0.25395340732976973,-0.2221827586974561,-0.4510562687706818,-0.592462083470862,-0.25395340732976973,-0.7789114484186084,-0.6512878218033537,-0.4677411337693379,0,400.93
16529,-0.04155940374702904,-0.4242629202453546,-0.18864807452240204,0.14560696700450848,-0.29461676928351777,-0.4242629202453546,0.48425834006231433,-0.06126633853783248,-0.28630596851353635,0,0.0
14506,-0.41969927763670356,-0.08364389441418492,-0.12682901734394833,-0.18770030517337447,0.4429049610851444,-0.08364389441418492,0.6421545636224296,-0.4569210184206747,0.09632261839235712,0,1141.69
17097,-1.0847038834426828,0.25697513141698475,-0.18084994319978934,-0.5036299301462115,0.6982009446742966,0.25697513141698475,0.07372815880601442,-0.6080311148190779,0.5921661137960067,0,314.89
13450,-0.9021535994959434,0.08666561850139992,-0.024423304138321996,-0.037054000907237365,-0.4222647610780939,0.08666561850139992,-0.5289090944484257,0.35226778023184363,0.3564922202502142,0,622.26
12933,-0.28930621767474685,-0.25395340732976973,-0.20526414509996557,-0.36004123775533825,-0.03932078569436549,-0.25395340732976973,0.19478193020210288,-0.09241116756651102,-0.20175693835296077,0,250.04
16377,0.9624671579600378,-0.4242629202453546,-0.15109364741404827,0.5496610377869108,-0.6491945242684515,-0.4242629202453546,-0.8315435229386468,4.44435226094433,0.8153586760065872,0,0.0
14973,-1.12382180143127,-0.08364389441418492,-0.042611578611573574,0.11433597985637954,-0.3087998794829151,-0.08364389441418492,-0.533295100658429,-0.3208065804434869,0.2278202222336065,0,0.0
14064,-1.0586252714502915,0.08666561850139992,-0.07956601871973504,-0.1853763161187499,-0.09605322649195489,0.08666561850139992,-0.3446968336282912,0.5616302420357382,0.5378646573847684,0,237.31
17464,-0.45881719562529055,-0.4242629202453546,-0.21674208337843187,-0.15666095496708352,-0.592462083470862,-0.4242629202453546,-0.621015224858493,0.014865465754492829,-0.31218951987879817,0,0.0
15663,-1.1368611074274655,-0.4242629202453546,-0.24254662342636252,-0.43429611688690395,-0.592462083470862,-0.4242629202453546,-0.621015224858493,-0.37963570194210194,-0.2346179652165885,0,0.0
13951,-0.22410968769376846,-0.08364389441418492,-0.1513910913943136,-0.2757893958707644,-0.18115188768833898,-0.08364389441418492,-0.41048692677833926,-0.21699048368122514,-0.17549469210859237,0,0.0
16684,-0.7847998455301823,2.4709987993195877,5.493084344508268,2.7554847735291452,0.5280036222815284,2.4709987993195877,-0.6034712000184802,3.9608384028756474,3.206354656967891,1,32770.06
13458,-0.7587212335377911,0.9382131830793241,0.984163341584371,0.8076395700984789,2.102328854414634,0.9382131830793241,0.5310424063023486,0.929600629448644,2.336655302558294,1,2291.13
16593,-0.054598709743224706,-0.25395340732976973,-0.22259918026982753,-0.453296441826615,-0.43644787127749124,-0.25395340732976973,-0.5420671130784354,-0.5993797734222227,-0.6205877980410779,0,74.53
13107,-0.23714899368996412,-0.25395340732976973,-0.10706853897500872,0.1682098559606999,-0.20951810808713367,-0.25395340732976973,-0.14732655417814702,0.665446338798,0.12164817150910544,0,596.4
13420,-0.5761709495910516,-0.25395340732976973,-0.2388566183911855,-0.5407546266429463,-0.6066451936702594,-0.25395340732976973,-0.8841755974586852,-0.5716954809522863,-0.48645164431402466,0,0.0
14988,0.2322660221730801,-0.4242629202453546,-0.20916491044115915,-0.07513694285810192,-0.15278566728954426,-0.4242629202453546,1.0105790852626988,-0.2585169223861299,-0.6263531355173888,0,0.0
14639,-0.9543108234807262,0.08666561850139992,0.07207942081895347,0.22251805133096642,0.5989191732785152,0.08666561850139992,0.41846824691226625,-0.06386174095688903,0.7694535748277491,1,995.26
15123,0.16706949219210174,-0.4242629202453546,-0.08425033648894177,1.2688388808129136,0.03159476530262125,-0.4242629202453546,1.6947960540231983,1.014960531230948,0.3844617615553769,0,1129.84
17676,-1.0977431894388785,0.08666561850139992,-0.14180659651022184,-0.3527903919049095,-0.28043365908412043,0.08666561850139992,-0.555225131708445,-0.3415697997959393,0.17948639479853828,0,640.34
17402,-1.202057637408444,0.7679036701637393,0.028435040674653498,-0.2908953247258243,-0.3087998794829151,0.7679036701637393,-0.7854904577336131,-0.5647744078348022,0.583720650239708,1,901.4
17166,0.12795157420351472,-0.4242629202453546,-0.24433978570739048,-0.45358903585841037,-0.5782789732714647,-0.4242629202453546,-0.5683831503384545,-0.5492019933204628,-0.7495927149522802,0,78.75
15051,-0.5631316435948559,-0.4242629202453546,-0.2018222933283242,0.0038634457266447314,-0.23788432848592836,-0.4242629202453546,0.6947866381424681,0.4681957549497026,-0.08442362762829063,0,1005.62
12945,1.2362925838801468,-0.4242629202453546,-0.1873393210092347,0.15968805478466006,-0.3938985406792992,-0.4242629202453546,0.11583381842204521,-0.17546404497632045,-0.8677544192865059,0,0.0
13411,-1.12382180143127,-0.4242629202453546,-0.22972933739675871,-0.29639289227635424,-0.4789972018756833,-0.4242629202453546,-0.14732655417814702,-0.497293944939332,-0.4059459678095336,0,0.0
14738,-0.7847998455301823,0.25697513141698475,-0.13724975473255738,-0.40980965385102985,-0.3229829896823125,0.25697513141698475,-0.7473322037065853,-0.5035229107450676,0.13363111145921805,0,556.8000000000001
15602,0.0888336562149277,0.25697513141698475,-0.1737418819113922,-0.48833457713410905,-0.54991275287267,0.25697513141698475,-0.9157548421707083,-0.5076755546155581,-0.37139478036520196,0,754.92
16078,1.1710960538991686,-0.4242629202453546,-0.2525645366816979,-0.542080443349519,-0.7059269650660409,-0.4242629202453546,-1.0420718210188007,-0.6910839922288873,-1.1579085057656564,0,0.0
12432,-0.3023455236709425,-0.08364389441418492,0.4166776201956887,1.7615245603933256,0.3436231896893629,-0.08364389441418492,0.23864199230213468,0.8996093126062129,1.189183290458582,1,1042.66
14805,1.5622752337850387,-0.4242629202453546,-0.24745699862057086,-0.4871276267529533,-0.45063098147688857,-0.4242629202453546,-0.09469447965810857,-0.6460970169652406,-1.4024854329867187,0,437.15
16954,-0.9021535994959434,0.08666561850139992,-0.05435126759267333,-0.11755393390493521,-0.23788432848592836,0.08666561850139992,-0.5683831503384545,-0.1027927772427372,0.2382243732716602,0,839.7
17351,-0.32842413566333384,-0.25395340732976973,-0.19339867980721076,-0.29621002100648214,-0.4789972018756833,-0.25395340732976973,-0.5946991875984738,-0.5872678954666255,-0.3556159021549792,0,159.85
17320,0.5582486720779719,-0.25395340732976973,-0.11133813485173127,0.14524122446476428,-0.20951810808713367,-0.25395340732976973,0.16846589294208367,0.0598524410181396,-0.37882948207565287,0,0.0
16040,-0.5892102555872473,-0.25395340732976973,-0.11710344902921647,0.11422625709445627,-0.12441944689074957,-0.25395340732976973,0.11583381842204521,0.13425397703109387,0.09692957364860119,0,437.37
17926,-0.7847998455301823,-0.25395340732976973,-0.19849941914878894,-0.3236498550507906,-0.4789972018756833,-0.25395340732976973,-0.5420671130784354,-0.21699048368122514,-0.3638790075707148,0,0.0
17811,-1.0586252714502915,3.3225463638975117,0.5245648010376328,-0.3170843789161434,2.6696532623905282,3.3225463638975117,-0.0695226179311336,-0.41228511208327706,3.346377262712316,1,3110.41
14645,-0.4848958076176819,-0.25395340732976973,-0.16453981500192727,-0.14096145644856387,-0.3229829896823125,-0.25395340732976973,-0.30522277773826234,-0.08722036272839792,-0.12137430355027229,0,0.0
14873,0.2192267161768844,-0.4242629202453546,-0.17769703700897715,0.2634309261831016,-0.3229829896823125,-0.4242629202453546,0.3789941910222374,-0.16508243530009425,-0.43309905945697197,0,0.0
14551,0.12795157420351472,-0.4242629202453546,-0.2447069165630322,-0.45753905528764766,-0.6208283038696568,-0.4242629202453546,-0.7262793738985699,-0.5180571642917843,-0.7467996795605047,0,60.8
13304,2.0577688616404743,-0.4242629202453546,-0.21496421821638895,-0.13753262013846201,-0.4222647610780939,-0.4242629202453546,0.010569669381968322,0.0771551238118499,-1.103556490715443,0,0.0
13579,2.2924763695719967,-0.4242629202453546,-0.23803227364587876,-0.3857255076088745,-0.592462083470862,-0.4242629202453546,-0.621015224858493,-0.5872678954666255,-1.5029733967776815,0,302.34
14497,1.510118009800256,-0.4242629202453546,-0.18522831858929467,0.18240066650277476,-0.3087998794829151,-0.4242629202453546,0.4316262655422759,0.06677351413562373,-0.8220372976527432,0,0.0
13070,-0.01548079175463769,-0.4242629202453546,-0.22713732556873248,-0.26850502362085915,-0.592462083470862,-0.4242629202453546,-0.621015224858493,-0.36579355570713373,-0.5208043793121194,0,0.0
14267,-0.4066599716405079,-0.08364389441418492,-0.0083137381671531,0.237341291681349,-0.3655323202805045,-0.08364389441418492,-0.12978252933813444,-0.1350911184576631,-0.020787174016357886,0,0.0
13485,0.5191307540893849,-0.4242629202453546,-0.1888197421910123,0.1437599671788003,-0.3938985406792992,-0.4242629202453546,0.11583381842204521,0.2121160496027902,-0.710222779619886,0,0.0
12457,0.5191307540893849,-0.08364389441418492,-0.08462766542390691,-0.03634994651822981,-0.3938985406792992,-0.08364389441418492,-0.6561032745385186,-0.288508239228561,-0.338657473320782,0,1295.98
14898,-0.7717605395339867,0.25697513141698475,-0.0975571303260679,-0.32439779854456746,0.13087653669840268,0.25697513141698475,-0.3789076820663162,-0.1567771475591133,0.3708678548973029,0,278.13
14625,0.036676432230145,-0.25395340732976973,-0.11311769969366141,0.1356679134869599,0.003228544903826554,-0.25395340732976973,0.3000460792421798,-0.1668127035794653,-0.2289645878375733,0,0.0
14442,0.14099088019971037,-0.25395340732976973,0.004192506443087529,0.7667475222520791,0.102510316299608,-0.25395340732976973,0.563206451842372,0.08753673348807607,0.22394326652478466,0,0.0
14112,-0.8239177635187694,0.08666561850139992,0.057052550935950255,0.18209892890748575,0.5421867324809257,0.08666561850139992,0.3526781537622182,0.24672141519021082,0.7229078623874362,1,1014.33
13426,-0.14587385171659442,0.25697513141698475,-0.001100296725747643,-0.11683890723973538,0.15924275709719737,0.25697513141698475,-0.22101145850620077,0.08338408961758564,0.14967892706125452,0,2082.64
16434,-0.01548079175463769,-0.08364389441418492,-0.14420654451099105,-0.2500228339457857,-0.20951810808713367,-0.08364389441418492,-0.39294290193832637,-0.30235038546352927,-0.2044067810931775,0,795.08
13294,-0.054598709743224706,-0.25395340732976973,-0.1175181709217007,0.11199522760201673,-0.03932078569436549,-0.25395340732976973,0.326362116502199,0.037358953386316215,-0.009316559231850595,0,0.0
14577,-0.3936206656443122,-0.08364389441418492,-0.1561179011607011,-0.29274156258790807,0.2727076386923762,-0.08364389441418492,0.48425834006231433,-0.42346916501950144,0.0770770618975931,0,213.07
17634,-0.9282322114883348,0.4272846443325696,0.059850224030331356,-0.10255544192092526,1.3506240138465746,0.4272846443325696,0.6333825512024234,-0.4090502626914095,1.097859953538247,1,441.31
15356,-1.1499004134236612,0.7679036701637393,0.11320147601060365,-0.1768933750875579,2.130695074813429,0.7679036701637393,1.6487429888181648,-0.16032419753182392,1.6805019359155966,1,486.86
14101,-0.6674460915644214,0.25697513141698475,0.5743620223737065,1.1214592669975918,-0.507363422274478,0.25697513141698475,-0.7789114484186084,3.6871868618915666,1.7083468400909392,1,1032.4
15852,-0.09371662773181173,-0.25395340732976973,-0.23871044592088367,-0.5399682801824962,-0.4080816508786965,-0.25395340732976973,-0.5157510758184162,-0.6633996997589509,-0.7299194761720533,0,0.0
14850,1.5361966217926475,-0.4242629202453546,-0.2106589290620346,-0.09121132747985944,-0.4222647610780939,-0.4242629202453546,0.010569669381968322,0.2674846345426632,-0.8702727881748381,0,0.0
17849,0.3235411641464498,0.08666561850139992,-0.16305939382014967,-0.40995595086692754,-0.5215465324738753,0.08666561850139992,-0.7525954111585892,-0.6478272852446115,-0.509699634706501,0,0.0
18250,1.5231573157964517,-0.4242629202453546,-0.2066612819672689,-0.04820000480594184,-0.4222647610780939,-0.4242629202453546,0.010569669381968322,-0.057805801979090424,-0.950941839423795,0,0.0
15530,-0.5761709495910516,-0.08364389441418492,-0.06823595259145776,0.02243707103665428,0.3719894100881576,-0.08364389441418492,0.5368904145823528,0.00794439263700871,0.2805086794966307,0,333.62
13098,-1.0455859654540958,2.3006892864040025,2.193084456895352,0.8694361945653757,0.8400320466682701,2.3006892864040025,0.022953686916094784,0.9331290196654005,2.344035303058815,1,14414.36
13216,0.9624671579600378,-0.4242629202453546,-0.20930088483213757,-0.07659991301707873,-0.6491945242684515,-0.4242629202453546,-0.8315435229386468,0.2813267807776314,-1.0142338018382853,0,0.0
14280,0.036676432230145,-0.4242629202453546,-0.24324349218012692,-0.44179383895166,-0.6066451936702594,-0.4242629202453546,-0.6736472993785315,-0.5665046761141732,-0.7040825127943494,0,0.0
13365,0.3105018581502541,-0.4242629202453546,-0.1469464284892063,0.5942816276357028,-0.16696877748894162,-0.4242629202453546,0.9579470107426603,0.6516041925630318,-0.06665435533519182,0,1524.77
14720,-0.8760749875035521,-0.4242629202453546,-0.23954498874551375,-0.40200105062749125,-0.592462083470862,-0.4242629202453546,-0.621015224858493,-0.6080311148190779,-0.3961889300802959,0,508.01
13487,0.25834463416547143,-0.25395340732976973,-0.19654308759858685,-0.3131256134696513,-0.4222647610780939,-0.25395340732976973,-0.4631190012983777,-0.37790543366273094,-0.6395808673799603,0,166.6
15541,-1.0325466594579003,-0.4242629202453546,-0.25155662650857036,-0.5312361770461035,-0.3087998794829151,-0.4242629202453546,0.4316262655422759,-0.5768862857903994,-0.5266405730713157,0,0.0
17880,2.2272798395910183,-0.4242629202453546,-0.1880242920037885,0.15231834260881452,-0.35134921008110714,-0.4242629202453546,0.27373004198216055,0.3401559022762464,-1.1751488473762264,0,0.0
16131,-1.0195073534617045,0.08666561850139992,0.12124606091686471,0.35476598192072145,-0.06768700609316018,0.08666561850139992,-0.38417088951832,0.3297742926000202,0.7177535761793391,1,1228.04
14921,0.10187296221112337,-0.4242629202453546,-0.11254320789177756,0.9644313649838179,0.03159476530262125,-0.4242629202453546,1.6947960540231983,1.4371459913974791,0.2798105656938665,0,413.06
15925,0.010597820237753656,-0.4242629202453546,-0.23081713252458608,-0.30809665354816856,-0.54991275287267,-0.4242629202453546,-0.4631190012983777,-0.4246226772057487,-0.6615474793975504,0,0.0
13455,2.2533584515834097,-0.4242629202453546,-0.14824838328282472,0.5802736883635001,-0.29461676928351777,-0.4242629202453546,0.48425834006231433,-0.08895063100776895,-0.9788589265393585,0,365.4
16660,0.2192267161768844,-0.25395340732976973,-0.2006971052429777,-0.33547248264802176,-0.6491945242684515,-0.25395340732976973,-0.9631237092387429,-0.35195140947216547,-0.5542501198440264,0,883.29
16182,-0.8239177635187694,-0.08364389441418492,0.5572989359858014,2.2658469484466006,-0.6066451936702594,-0.08364389441418492,-0.7964554732586211,2.4833815443238287,1.7046135632415769,1,1773.65
13166,1.1710960538991686,-0.4242629202453546,-0.19511535649331338,0.07602444881817487,-0.16696877748894162,-0.4242629202453546,1.0632111597827372,0.0010233195195245904,-0.8298993147593985,0,0.0
15416,-0.5109744196100733,-0.08364389441418492,0.26840944459292687,1.2297775775682331,1.1946098016532039,-0.08364389441418492,1.5544438553030961,1.2122111150792454,1.3764983308243182,1,839.99
17419,-0.6544067855682256,0.7679036701637393,0.18608884861470112,-0.07886751676349277,0.797482716070078,0.7679036701637393,-0.2328536752732095,-0.22174872144949548,1.0011192058926848,1,1566.57
14689,0.19314810418449307,-0.4242629202453546,-0.2468536122606041,-0.48063569667249373,-0.5357296426732727,-0.4242629202453546,-0.41048692677833926,-0.4834517987043637,-0.8883532035889313,0,0.0
16456,-1.1759790254160525,0.08666561850139992,0.02301816087405047,0.0905535712095131,0.3719894100881576,0.08666561850139992,0.19478193020210288,0.05552677031971203,0.7917952848641503,1,457.6
16147,-0.7847998455301823,-0.4242629202453546,-0.2022880056174253,-0.0011472270678507916,-0.4080816508786965,-0.4242629202453546,0.06320174390200677,0.10483941628178638,-0.04274849572945013,0,0.0
15700,-0.27626691167855116,-0.25395340732976973,-0.14761270300500062,-0.04990070761575237,0.48545429168333637,-0.25395340732976973,1.1684753088228141,-0.12874680143330264,0.06882080746625742,0,0.0
13849,-0.3023455236709425,-0.4242629202453546,-0.16513640264234514,0.3985727946185826,-0.18115188768833898,-0.4242629202453546,0.9053149362226219,0.4024455603336035,-0.009106166815256814,0,944.37
15167,1.6535503757584085,-0.4242629202453546,-0.23903508477934468,-0.3965149125313283,-0.16696877748894162,-0.4242629202453546,0.9579470107426603,-0.5215177008505264,-1.2458871921262664,0,0.0
13248,-0.9021535994959434,-0.25395340732976973,-0.1868753084000208,-0.2611170243180264,-0.3655323202805045,-0.25395340732976973,-0.41048692677833926,-0.21872075196059618,-0.04039935234831862,0,0.0
16539,0.33658047014264547,-0.08364389441418492,-0.08694602879008907,-0.04466449358841459,-0.23788432848592836,-0.08364389441418492,-0.4280309516183521,-0.2608239467586245,-0.3591949274361408,0,335.2
12422,-0.32842413566333384,-0.25395340732976973,-0.15455079630467475,-0.08722473379664768,-0.28043365908412043,-0.25395340732976973,-0.27890674047824315,-0.2481353127099037,-0.13542199955341438,0,147.7
13851,-0.8499963755111608,-0.25395340732976973,-0.03601172160945828,0.5504656713743479,0.20179208769538942,-0.25395340732976973,0.7211026754024873,1.0236118726278032,0.657052157557635,0,1298.18
14233,0.2322660221730801,-0.08364389441418492,-0.10300970340430274,-0.10227503930712144,-0.507363422274478,-0.08364389441418492,-0.7438233987385827,-0.2735125808073455,-0.4187841199500052,0,503.62
13601,0.2322660221730801,-0.4242629202453546,-0.20259394799712674,-0.0044389099255485905,-0.13860255709014693,-0.4242629202453546,1.1158432343027758,0.2051949764853061,-0.5693562800405672,0,320.12
14871,-0.19803107570137712,-0.08364389441418492,-0.20903573476972964,-0.48252536646117217,-0.09605322649195489,-0.08364389441418492,-0.077150454818096,-0.6207197488677987,-0.31486061519009323,0,165.98000000000002
15114,-1.0064680474655088,0.4272846443325696,-0.03588764497769047,-0.2742319422223538,0.21597519789478678,0.4272846443325696,-0.2525907032182239,0.1238723673548677,0.6343299371465272,0,1406.55
16778,1.0537422999334074,-0.4242629202453546,-0.25018838419934997,-0.5165150398213996,-0.6491945242684515,-0.4242629202453546,-0.8315435229386468,-0.5180571642917843,-1.0877726864614963,0,152.76
16426,1.0798209119257989,-0.4242629202453546,-0.21021361293158028,-0.08642010020921044,-0.5640958630720674,-0.4242629202453546,-0.5157510758184162,-0.20314833744625693,-0.8550265758276169,0,1535.39
16050,-0.2632276056823555,-0.4242629202453546,-0.242587415743656,-0.43473500793459696,-0.5782789732714647,-0.4242629202453546,-0.5683831503384545,0.21557658616153227,-0.4519619557311095,0,0.0
16550,-1.1107824954350742,0.25697513141698475,0.12472530564602513,0.1539166375074966,1.5775537770369321,0.25697513141698475,1.547426245367091,0.3193926829237941,1.3540706851136606,1,0.0
17879,-0.2632276056823555,-0.4242629202453546,-0.2356833160417265,-0.3604526981125505,-0.6350114140690541,-0.4242629202453546,-0.7789114484186084,-0.5907284320253676,-0.5342936558854995,0,0.0
16750,-0.9412715174845304,-0.08364389441418492,-0.19529892192113427,-0.4332598463576287,-0.09605322649195489,-0.08364389441418492,-0.27013472805823674,-0.5872678954666255,-0.026569631929353438,0,207.81
15121,1.2362925838801468,-0.4242629202453546,-0.21585994951695933,-0.1471699360607217,-0.46481409167628596,-0.4242629202453546,-0.14732655417814702,-0.31388550732600284,-0.9687834671470259,0,162.57
16399,0.5452093660817763,-0.4242629202453546,-0.235702012520486,-0.3606538565094098,-0.28043365908412043,-0.4242629202453546,0.5368904145823528,-0.1962272643287728,-0.854115054447904,0,229.61
18080,0.636484508055146,-0.4242629202453546,-0.12299793887813124,0.8519472468854897,-0.7059269650660409,-0.4242629202453546,-1.0420718210188007,0.3955244872161194,-1.0505612814753527,0,390.0
18087,1.2623711958725383,-0.4242629202453546,0.2783678690522093,5.170305987899205,-0.7059269650660409,-0.4242629202453546,-1.0420718210188007,12.770403221277725,4.946107373851849,1,852.8
14505,-1.0977431894388785,0.4272846443325696,0.451704623311731,0.6001152211446227,4.7829366821007335,0.4272846443325696,3.431654513184467,0.3620726338149461,3.0793820252917268,1,1636.69
17555,1.8361006597051481,-0.4242629202453546,-0.23280575799264555,-0.32949259212320414,-0.03932078569436549,-0.4242629202453546,1.4842677559430448,-0.20660887400499897,-1.3908390328958866,0,284.86
17929,-1.0586252714502915,-0.08364389441418492,-0.14585863336137891,-0.2559478630896418,-0.6633776344678488,-0.08364389441418492,-1.0245277961787878,-0.6403294560340038,-0.09124126857081868,0,136.0
17786,1.6144324577698215,-0.4242629202453546,-0.24845980975403675,-0.4979170316754071,-0.37971543047990186,-0.4242629202453546,0.2210979674621221,-0.5665046761141732,-1.3182331799238836,0,163.5
15545,2.3055156755681923,-0.4242629202453546,-0.24302423347467422,-0.43943479957030995,-0.28043365908412043,-0.4242629202453546,0.5368904145823528,-0.4869123352631058,-1.5582272203538643,0,153.64
12838,2.3446335935567792,-0.4242629202453546,-0.19960421107548865,0.027728146444953642,0.11669342649900534,-0.4242629202453546,2.0105885011434292,0.0425497582244293,-1.2828786771035887,0,281.16
14905,-0.47185650162148624,-0.25395340732976973,-0.16130022513686632,-0.12353382442975291,-0.5215465324738753,-0.25395340732976973,-0.6473312621185122,-0.24986558098927472,-0.26018665604985913,0,0.0
14916,-0.5761709495910516,-0.25395340732976973,-0.14683085025687467,-0.04569466840869408,-0.12441944689074957,-0.25395340732976973,0.010569669381968322,0.2986294635713417,0.11663523715638309,0,567.7
14035,-1.12382180143127,-0.08364389441418492,-0.12371860315031687,-0.1765451577111765,-0.46481409167628596,-0.08364389441418492,-0.6385592496985059,-0.23083262991619338,0.07911773522253404,0,590.76
16202,2.1751226156062358,-0.4242629202453546,-0.2039417941477004,-0.018940601626406036,-0.46481409167628596,-0.4242629202453546,-0.14732655417814702,-0.0854900944490269,-1.1947632394477872,0,0.0
16816,-1.1759790254160525,0.08666561850139992,-0.19513915201173462,-0.4962437595560774,-0.3229829896823125,0.08666561850139992,-0.7262793738985699,-0.5094058228949292,0.006921197961983747,0,0.0
16843,-0.7717605395339867,1.2788322089104938,0.9869100242821353,0.5385890136292,1.691018658632111,1.2788322089104938,0.1636811588948075,1.3707666083161545,2.2834012132250767,1,2824.9700000000003
15785,-0.47185650162148624,0.08666561850139992,0.017111773265925133,0.07466662963937452,-0.13860255709014693,0.08666561850139992,-0.3710128708883104,0.12819803805329527,0.25034434402725614,1,663.14
12937,0.04971573822634068,-0.25395340732976973,-0.19324060957769834,-0.2953596696015769,-0.3371660998817098,-0.25395340732976973,-0.35785485225830077,-0.2827406782973243,-0.40154598991486407,0,1076.04
17698,0.8711920159866681,-0.4242629202453546,-0.23968946153592832,-0.40355545642140417,-0.6066451936702594,-0.4242629202453546,-0.6736472993785315,-0.4246226772057487,-0.9547509169157733,0,0.0
13479,0.0888336562149277,-0.25395340732976973,-0.21487413518236576,-0.41173894574818054,-0.5215465324738753,-0.25395340732976973,-0.6999633366385507,-0.5145966277330423,-0.7087666560718503,0,0.0
17921,-0.602249561583443,-0.08364389441418492,-0.1648151631436586,-0.32393330551909233,0.4429049610851444,-0.08364389441418492,0.6772426133024552,-0.41424106752952256,0.14261881379288993,0,224.76
14819,-0.01548079175463769,-0.4242629202453546,-0.2516263133839468,-0.531985949252579,-0.6775607446672461,-0.4242629202453546,-0.9368076719787237,-0.5803468223491414,-0.7906168770226257,0,187.35
13512,0.8711920159866681,-0.4242629202453546,-0.22332834294144935,-0.22752357204252185,-0.507363422274478,-0.4242629202453546,-0.30522277773826234,-0.25159584926864575,-0.809520671482082,0,0.0
16116,0.2322660221730801,-0.4242629202453546,-0.16187301725886294,0.4336840784340256,-0.23788432848592836,-0.4242629202453546,0.6947866381424681,0.1117604893992705,-0.2666194281971912,0,0.0
17214,0.7277596500285156,0.08666561850139992,-0.1620106913297286,-0.40713516152915047,0.07414409590081329,0.08666561850139992,-0.21311664732819507,-0.5933238344444242,-0.457976859586392,0,447.15
14847,-0.5892102555872473,-0.4242629202453546,-0.21343790567765614,-0.12111078010394763,-0.5357296426732727,-0.4242629202453546,-0.41048692677833926,-0.3311881901197131,-0.2556807803136073,0,0.0
14421,0.2322660221730801,-0.4242629202453546,-0.18865997228161263,0.14547895711559802,-0.507363422274478,-0.4242629202453546,-0.30522277773826234,-0.07510848477280072,-0.6983614818274112,0,357.93
16018,-0.17195246370898576,-0.4242629202453546,-0.23850818401430324,-0.3908459031652933,-0.507363422274478,-0.4242629202453546,-0.30522277773826234,-0.5941889685841096,-0.6446073177787797,0,247.0
16409,-0.5631316435948559,-0.08364389441418492,-0.09038618088184322,-0.05700220859578542,0.7832996058706807,-0.08364389441418492,1.6947960540231983,0.03216814854820312,0.3681216801417342,0,989.61
17040,-0.7326426215453997,-0.4242629202453546,-0.18958629782015318,0.13551247290756865,-0.507363422274478,-0.4242629202453546,-0.30522277773826234,-0.12009546003644749,-0.10867929492174486,0,0.0
15347,2.2533584515834097,-0.4242629202453546,-0.23176045486199895,-0.3182460090260701,-0.6491945242684515,-0.4242629202453546,-0.8315435229386468,-0.2965828245322925,-1.5123994685753945,0,0.0
15679,-0.5109744196100733,-0.25395340732976973,-0.22179013264350592,-0.44894410560365905,-0.46481409167628596,-0.25395340732976973,-0.5157510758184162,-0.057805801979090424,-0.5525800869656371,0,521.02
13723,0.3105018581502541,-0.4242629202453546,-0.23205789884226424,-0.3214462562488318,-0.6350114140690541,-0.4242629202453546,-0.7789114484186084,-0.5976495051428518,-0.8303981095772955,0,0.0
17685,0.949427851963842,0.25697513141698475,-0.008912025487458166,-0.13364843436637872,-0.16696877748894162,0.25697513141698475,-0.5157510758184162,-0.1318612843361705,-0.30278934731608625,0,1643.11
12578,1.7839434357203654,-0.4242629202453546,0.007394703350629463,2.2548624808362834,0.2727076386923762,-0.4242629202453546,2.589541320863852,1.8420287687703,0.43719766600507537,0,1185.85
13728,-1.12382180143127,0.25697513141698475,-0.13055811501653164,-0.39541037006130086,-0.3087998794829151,0.25697513141698475,-0.5683831503384545,-0.5014465888098225,0.23868230848267538,0,219.12
15701,-1.0847038834426828,-0.4242629202453546,-0.12089033581796563,0.8746232843496302,0.9676800384628462,-0.4242629202453546,5.431673344945928,0.8869206785574917,0.6223823718172732,0,675.1
16339,1.1841353598953641,-0.4242629202453546,-0.25004051204916095,-0.5149240597735123,-0.4789972018756833,-0.4242629202453546,-0.14732655417814702,-0.673781309435177,-1.2948579537109846,0,0.0
13591,0.14099088019971037,-0.25395340732976973,-0.13409174950208347,0.02283633997587498,-0.20951810808713367,-0.25395340732976973,-0.09469447965810857,-0.29139201969417944,-0.36470404844756116,0,340.9
15182,-0.5109744196100733,-0.25395340732976973,-0.160161439612422,-0.11740763688903756,-0.37971543047990186,-0.25395340732976973,-0.3315388149982816,-0.3086947024878897,-0.2292152020614897,0,0.0
15683,-0.9934287414693131,-0.4242629202453546,-0.23309470357347473,-0.3326014037110298,-0.5782789732714647,-0.4242629202453546,-0.5683831503384545,-0.29312228797355044,-0.5775324325126935,0,0.0
15507,-0.28930621767474685,-0.4242629202453546,-0.18514503427482035,0.18329673572514804,-0.13860255709014693,-0.4242629202453546,1.2737394578628911,-0.19276672777003073,-0.290476004255549,0,0.0
14866,-1.1499004134236612,0.08666561850139992,-0.06820025931382592,-0.15480481157788173,-0.3655323202805045,0.08666561850139992,-0.7394373925285795,-0.26889853206235603,-0.09143119809548429,0,13226.0
15442,0.71472034403232,-0.4242629202453546,-0.16506501608708146,0.3993408539520455,-0.6917438548666435,-0.4242629202453546,-0.9894397464987621,-0.3311881901197131,-0.5052253613836925,0,0.0
14647,0.10187296221112337,-0.4242629202453546,-0.22590675733037774,-0.2552651436821193,-0.37971543047990186,-0.4242629202453546,0.3789941910222374,-0.43154375032323283,-0.7144788507818546,0,0.0
13421,1.2623711958725383,-0.4242629202453546,-0.12579561197251232,0.8218466358645424,0.1876089774959921,-0.4242629202453546,2.2737488737436213,0.966513019408559,-0.4110700945433436,0,1008.67
13038,-0.13283454572039874,-0.25395340732976973,-0.16544574438182105,-0.14583497579065535,-0.4080816508786965,-0.25395340732976973,-0.5157510758184162,-0.26197745894487195,-0.31390121149437517,0,316.70000000000005
14842,-0.028520097750833362,-0.25395340732976973,0.020961548210501807,0.8569579196799855,0.3719894100881576,-0.25395340732976973,0.9579470107426603,0.34880724367310156,0.39370594155450506,1,1136.21
14813,2.2924763695719967,-0.25395340732976973,-0.240041295272585,-0.5471276903979889,-0.3655323202805045,-0.25395340732976973,-0.3315388149982816,-0.6322548707302723,-1.4273644228416995,0,0.0
17928,0.675602426043733,-0.4242629202453546,-0.2527243065910976,-0.5437994332863167,-0.4789972018756833,-0.4242629202453546,-0.19995862869818545,-0.5872678954666255,-1.0318479830797211,0,134.28
17048,-0.9934287414693131,-0.08364389441418492,-0.10874612302370504,-0.12284805716773255,-0.13860255709014693,-0.08364389441418492,-0.34031082741828794,-0.186999166838794,0.15544908612508498,0,0.0
15808,1.471000091811669,0.08666561850139992,0.35457301679618036,0.982366464776524,1.2938915730489853,0.08666561850139992,1.4711097373130353,0.38254747512083664,0.5452764099926912,1,0.0
13194,-0.7587212335377911,-0.4242629202453546,-0.255708944473074,-0.5759116282758573,-0.6775607446672461,-0.4242629202453546,-0.9368076719787237,-0.6564786266414667,-0.5330622608242507,0,0.0
12924,0.06275504422253635,-0.08364389441418492,-0.15465107741802134,-0.28748096572458737,-0.5782789732714647,-0.08364389441418492,-0.8315435229386468,-0.4177016040882646,-0.4712496732602346,0,278.43
16866,-0.6935247035568127,-0.08364389441418492,-0.23071685141123952,-0.5602822304107885,-0.5782789732714647,-0.08364389441418492,-0.901719622298698,-0.6772418459939191,-0.30475523734227133,0,0.0
17007,-0.5109744196100733,0.25697513141698475,-0.1682196219577809,-0.4764516020178202,-0.2520674386853257,0.25697513141698475,-0.7473322037065853,-0.5069834473038097,-0.08404998469583,0,314.49
13718,0.6886417320399286,-0.25395340732976973,-0.2139223144455168,-0.4066185501917618,-0.592462083470862,-0.25395340732976973,-0.7789114484186084,-0.4471161648375721,-0.7612143077033572,0,0.0
17829,1.3666856438421036,-0.4242629202453546,-0.1148836670964937,0.9392499911224299,-0.29461676928351777,-0.4242629202453546,0.48425834006231433,0.9699735559673012,-0.1459785528146879,0,0.0
12844,-0.8239177635187694,-0.4242629202453546,-0.2363019995206783,-0.3671092123358949,-0.3371660998817098,-0.4242629202453546,0.3789941910222374,-0.47999126214562166,-0.4470776668588663,0,151.08
17191,-0.028520097750833362,0.25697513141698475,-0.06619463704689416,-0.25691098511096816,0.8542151568676675,0.25697513141698475,0.4316262655422759,-0.30419600496152505,0.41580046364108525,0,917.98
15944,1.0798209119257989,-0.4242629202453546,-0.21076940825470458,-0.09239999073402803,-0.6350114140690541,-0.4242629202453546,-0.7789114484186084,-0.5734257492316572,-1.0200885975949872,0,0.0
13506,1.6013931517736257,-0.25395340732976973,-0.18809227919927773,-0.26766381577944753,-0.35134921008110714,-0.25395340732976973,-0.41048692677833926,-0.18584565465254663,-0.9295005047350013,0,0.0
14418,-1.1107824954350742,-0.4242629202453546,-0.2404560171650692,-0.4118029506926358,-0.4789972018756833,-0.4242629202453546,-0.09469447965810857,-0.23429316647493545,-0.27331426517597984,0,1786.81
14523,-1.1107824954350742,-0.4242629202453546,-0.22504841898732644,-0.24603014455357824,-0.54991275287267,-0.4242629202453546,-0.4631190012983777,0.12214209907549667,-0.20063591512213252,0,0.0
15864,-0.21107038169757278,-0.25395340732976973,-0.1956150623801591,-0.30813322780214303,-0.6208283038696568,-0.25395340732976973,-0.9104916347187044,-0.39001731161832814,-0.45480553657960376,0,1522.0600000000002
17768,-0.3545027476557252,-0.4242629202453546,-0.20044725229955487,0.018657731459297475,-0.4080816508786965,-0.4242629202453546,0.06320174390200677,-0.3208065804434869,-0.3562390910855457,0,1696.0700000000002
17779,-0.6544067855682256,-0.4242629202453546,-0.21111104391203786,-0.09607570325845731,-0.23788432848592836,-0.4242629202453546,0.6947866381424681,0.1117604893992705,-0.22782176522957023,0,327.23
16241,-1.0325466594579003,0.7679036701637393,-0.010764676564539222,-0.343614825939077,2.783118143985707,0.7679036701637393,1.740849119228232,-0.38396137264052954,1.769511817295296,0,1088.49
12476,-0.6935247035568127,0.4272846443325696,0.2764557291790752,0.2858600874329147,0.5705529528797205,0.4272846443325696,-0.06837844239808935,-0.0935646797527585,0.8897304009288384,1,3624.75
18145,0.14099088019971037,-0.25395340732976973,-0.09201617389369708,0.2491852542600652,0.13087653669840268,-0.25395340732976973,0.6684706008824489,0.7467689479284384,0.06346233217847008,0,1837.77
14004,-1.1107824954350742,0.08666561850139992,0.2374633728861246,0.6673661306400872,0.21597519789478678,0.08666561850139992,0.3132040978721894,0.665446338798,0.9665465533466112,1,1620.38
14038,-0.64136747957203,-0.25395340732976973,-0.08136937908008639,0.30646053598400663,-0.02513767549496814,-0.25395340732976973,0.6158385263624104,0.4664654866703316,0.32781380009534444,0,473.96
13817,2.0577688616404743,-0.4242629202453546,-0.2441511212399079,-0.4515591647628301,-0.592462083470862,-0.4242629202453546,-0.621015224858493,-0.5284387739680105,-1.5217543044448374,0,254.28
16746,-0.9673501294769218,1.2788322089104938,0.4301815768997335,-0.005950091601128106,1.5917368872363296,1.2788322089104938,0.3407163186440279,-0.04270527881367039,1.8392412883094629,1,2276.58
17043,-0.19803107570137712,-0.25395340732976973,-0.21079150409323855,-0.38977610623654146,-0.3371660998817098,-0.25395340732976973,-0.38417088951832,-0.12874680143330264,-0.4433328733070176,0,1410.21
15796,-1.0977431894388785,0.25697513141698475,0.0012945522353598536,-0.11168559485473967,0.11669342649900534,0.25697513141698475,-0.2104850436021931,-0.3810199165655988,0.5536862272161287,0,1135.84
15089,-1.1107824954350742,-0.25395340732976973,0.019049408337367707,0.84667141074968,0.7265671650730913,-0.25395340732976973,1.5895319049831216,1.130888505948807,1.1570230390940444,1,743.61
12829,1.8621792716975394,-0.25395340732976973,-0.21622538069271385,-0.4190080787255965,-0.592462083470862,-0.25395340732976973,-0.8052274856786276,-0.09587170412525307,-1.1954346671441376,0,0.0
16109,0.3235411641464498,-0.25395340732976973,-0.16202598844871366,-0.12743812604152222,-0.46481409167628596,-0.25395340732976973,-0.621015224858493,0.31247160980630995,-0.5074914672828192,0,0.0
17152,0.010597820237753656,-0.08364389441418492,0.021134915558999295,0.3429555457414817,-0.592462083470862,-0.08364389441418492,-0.8490875477786596,-0.15008677687887864,-0.17891169002644583,1,0.0
13395,-0.1067559337280074,-0.4242629202453546,-0.21372345189871084,-0.12418301743779879,-0.4222647610780939,-0.4242629202453546,0.010569669381968322,0.4162877065685717,-0.33053372389736346,0,0.0
16351,1.8100220477127567,-0.4242629202453546,-0.2398679279240875,-0.40547560475506117,-0.6066451936702594,-0.4242629202453546,-0.6736472993785315,-0.4350042868819749,-1.2772919634839377,0,0.0
13959,1.1319781359105816,-0.25395340732976973,-0.20867200327386234,-0.37837408256001615,-0.28043365908412043,-0.25395340732976973,-0.19995862869818545,-0.40385945785329636,-0.8095298443381005,0,256.6
15041,-0.3023455236709425,-0.4242629202453546,-0.235443661177627,-0.35787421320735385,0.21597519789478678,-0.4242629202453546,2.379013022783698,-0.39001731161832814,-0.6122576854892591,0,0.0
15889,-0.4848958076176819,-0.25395340732976973,-0.1946275483656783,-0.30282081741235856,0.40035563048695233,-0.25395340732976973,1.1421592715627948,-0.39001731161832814,-0.07669377167602265,0,0.0
14277,0.24530532816927578,-0.4242629202453546,0.010856951280917591,2.2921133585092295,0.2868907488917735,-0.4242629202453546,2.8000696189440055,2.2123061805557005,1.107533778227774,0,2558.97
14258,-0.5500923375986603,0.5975941572481545,1.3293479305222007,1.765211593520176,0.017411655103223903,0.5975941572481545,-0.4405623979326469,1.932991444028663,1.6482514824852592,1,3283.66
16483,-0.01548079175463769,-0.4242629202453546,-0.24234096216000764,-0.43208337452145157,-0.45063098147688857,-0.4242629202453546,-0.09469447965810857,-0.5941889685841096,-0.6733845810194061,0,0.0
15129,-1.1368611074274655,1.108522695994909,0.2093285717128012,-0.17547292249882637,-0.03932078569436549,1.108522695994909,-0.7052265440905545,-0.18549960099667243,0.8984062476660845,1,650.67
13782,-0.9021535994959434,-0.08364389441418492,-0.1836272201355237,-0.3914006126839053,0.11669342649900534,-0.08364389441418492,-0.04206240513807012,-0.5342063348992473,0.07475691726439047,0,424.07
17227,-0.27626691167855116,-0.08364389441418492,-0.18550366673102597,-0.3981302754151986,-0.4789972018756833,-0.08364389441418492,-0.7087353490585572,-0.4050129700395437,-0.2575943864603634,0,465.5700000000001
14105,0.5843272840703633,-0.4242629202453546,-0.050807435027798144,1.628656391413255,0.32944007948996556,-0.4242629202453546,2.8000696189440055,2.021976669824887,0.6231072773418292,0,0.0
17302,-0.9282322114883348,-0.08364389441418492,-0.15357348036951732,-0.28361628622129037,-0.03932078569436549,-0.08364389441418492,-0.14732655417814702,-0.3484908729134234,-0.010777825983608665,0,474.02
12372,0.24530532816927578,-0.25395340732976973,-0.11051888914608626,0.1496484220686818,-0.26625054888472305,-0.25395340732976973,-0.06837844239808935,0.27786624421888934,-0.11566337808158114,0,383.12
13186,-0.8499963755111608,-0.4242629202453546,-0.0980398394140413,1.1204754195656799,0.003228544903826554,-0.4242629202453546,1.5895319049831216,0.49934058397838116,0.5526586211847522,0,587.5500000000001
14323,-1.0325466594579003,-0.25395340732976973,-0.16318517013180472,-0.13367403634416072,-0.26625054888472305,-0.25395340732976973,-0.14732655417814702,-0.14085867938889984,0.020090995004868294,0,0.0
15070,2.3315942875605837,-0.4242629202453546,-0.2479754009861761,-0.4927052004840523,-0.7059269650660409,-0.4242629202453546,-1.0420718210188007,-0.6218732610540462,-2.500519658798107,0,0.0
15901,-0.5109744196100733,-0.4242629202453546,-0.2472462383145543,-0.48486002300653924,-0.37971543047990186,-0.4242629202453546,0.16846589294208367,-0.023200436391669826,-0.610868952839064,0,241.24
17752,2.16208330961004,-0.4242629202453546,-0.25231978277793676,-0.5394470970633608,-0.7059269650660409,-0.4242629202453546,-1.0420718210188007,-0.08202955789028483,-1.3428690018022442,0,0.0
17809,-0.8369570695149651,0.7679036701637393,0.21952325167640863,-0.033901757392817075,-0.2520674386853257,0.7679036701637393,-0.8644385695136708,-0.4250552442755915,0.5244294240173286,1,2555.2
17572,0.5843272840703633,-0.25395340732976973,-0.24015687350491666,-0.547749452715554,-0.6208283038696568,-0.25395340732976973,-0.8841755974586852,-0.6495575535239826,-0.912607693605331,0,74.55
16771,1.0667816059296031,-0.08364389441418492,0.014718623984704866,0.31994424428257606,1.4640888954417535,-0.08364389441418492,1.975500451463404,0.46473521839096055,0.3530081869005848,1,590.86
15860,-0.9021535994959434,0.25697513141698475,-0.15481934572685713,-0.4476164601843876,0.15924275709719737,0.25697513141698475,-0.26311711812223154,-0.5575072810614439,0.32429217418220807,0,310.88
15561,-0.5761709495910516,-0.08364389441418492,-0.18959649589947655,-0.41280874267693235,-0.4931803120750806,-0.08364389441418492,-0.813999498098634,-0.6368689194752617,-0.20455623074282628,0,350.92
15729,0.24530532816927578,-0.4242629202453546,-0.2515787223471044,-0.5314739096969372,-0.6491945242684515,-0.4242629202453546,-0.8315435229386468,-0.6495575535239826,-0.8307198001659174,0,0.0
16316,-0.47185650162148624,0.5975941572481545,0.11008086373764878,-0.10882966810867997,0.7407502752724887,0.5975941572481545,-0.23003409985249323,-0.16063317401028307,0.8416089732855181,1,726.1
15270,-0.9934287414693131,0.25697513141698475,0.04846406846577549,-0.010184725224929926,-0.4222647610780939,0.25697513141698475,-0.7262793738985699,-0.04257944112062534,0.35110450809386234,1,529.2
14117,-0.6544067855682256,-0.4242629202453546,-0.25072888240348923,-0.5223303462033323,-0.6775607446672461,-0.4242629202453546,-0.9368076719787237,-0.497293944939332,-0.4916357733317248,0,0.0
17114,-0.719603315549204,0.4272846443325696,-0.1637154702566206,-0.503451935443536,0.21597519789478678,0.4272846443325696,-0.32276680257827517,-0.6564786266414667,0.31223498112290965,0,199.18
12957,-0.09371662773181173,0.08666561850139992,0.025518389988166267,0.09727866215905956,0.6556516140761046,0.08666561850139992,0.326362116502199,0.3332348291587623,0.49789907380422516,1,2302.25
17409,-0.11979523972420307,-0.25395340732976973,-0.13483620929269033,0.01883145916567602,-0.5357296426732727,-0.25395340732976973,-0.7525954111585892,-0.5647744078348022,-0.3344922129054377,0,0.0
16121,0.2844232461578628,-0.4242629202453546,-0.21742535469309845,-0.16401238001594196,0.13087653669840268,-0.4242629202453546,2.6421733953838906,-0.26543799550361397,-0.7208288243032086,0,568.72
14944,-0.64136747957203,0.4272846443325696,0.16020782297184516,0.0774051269057092,0.17342586729659473,0.4272846443325696,-0.2525907032182239,0.051201099621284454,0.6437066795156703,1,3392.52
17155,-0.21107038169757278,-0.4242629202453546,-0.24166958860455165,-0.4248599593615036,-0.592462083470862,-0.4242629202453546,-0.621015224858493,-0.2135299471224831,-0.52231108064454,0,108.4
15053,-0.4848958076176819,-0.25395340732976973,-0.18467932198571926,-0.2493035402842888,-0.3229829896823125,-0.25395340732976973,-0.04206240513807012,0.14290531842794904,-0.24119490704425164,0,215.35
17975,-1.0325466594579003,1.2788322089104938,0.4054240396623368,-0.03016557266437328,1.691018658632111,1.2788322089104938,0.10147961628021651,-0.31734604388474486,1.8251703706242322,1,532.81
12929,1.5361966217926475,-0.4242629202453546,-0.2459952739175528,-0.47140069754395275,-0.6066451936702594,-0.4242629202453546,-0.6736472993785315,-0.618412724495304,-1.274314166173521,0,0.0
14078,-1.202057637408444,0.4272846443325696,-0.08766669306227473,-0.36708178164541405,-0.06768700609316018,0.4272846443325696,-0.5245230882384225,-0.5676581883004206,0.4490830705518865,0,0.0
15831,-0.9021535994959434,-0.25395340732976973,-0.18935174199571536,-0.2744391963282088,-0.4080816508786965,-0.25395340732976973,-0.48943503855839693,0.4422417307591372,0.17791140187806812,0,343.53
13649,0.8190347920018853,-0.25395340732976973,-0.2071150964971594,-0.369998578399874,-0.3938985406792992,-0.25395340732976973,-0.48943503855839693,-0.5059452863361871,-0.8634469786757665,0,0.0
16638,-1.1368611074274655,0.7679036701637393,-0.02302106823135699,-0.3600983850271733,0.38617252028755494,0.7679036701637393,-0.5749621596534594,-0.30955983662757525,0.9163457661278239,0,251.01
14790,-0.9673501294769218,-0.25395340732976973,-0.20415085477382974,-0.354052203667027,-0.4080816508786965,-0.25395340732976973,-0.35785485225830077,-0.08202955789028483,-0.18532999892185492,0,381.02
12528,-1.0325466594579003,0.08666561850139992,-0.04721431174619328,-0.09835702235011175,-0.06768700609316018,0.08666561850139992,-0.2394326845882143,-0.31129010490694625,0.26401152579244164,0,646.11
17754,-0.6674460915644214,-0.25395340732976973,-0.16828420979349568,-0.16110472682497565,-0.18115188768833898,-0.25395340732976973,-0.0157463678780509,0.7138938506203888,0.20100779164321483,0,1089.59
14517,-0.680485397560617,-0.4242629202453546,-0.22311758263543277,-0.22525596829610786,-0.5215465324738753,-0.4242629202453546,-0.35785485225830077,-0.4938334083805899,-0.384428248040484,0,78.0
14351,-0.3805813596481165,-0.4242629202453546,-0.25735763396368744,-0.5936501414534509,-0.7059269650660409,-0.4242629202453546,-1.0420718210188007,-0.7049261384638555,-1.058865999149267,0,0.0
15777,0.6234452020589503,0.08666561850139992,-0.08805082071678877,-0.20819865059878787,-0.46481409167628596,0.08666561850139992,-0.8183855043086372,-0.4194318723676356,-0.47601592489359457,0,0.0
14481,-0.3805813596481165,-0.25395340732976973,-0.15783967688646539,-0.10491752915677324,-0.3655323202805045,-0.25395340732976973,-0.30522277773826234,0.09964861144367329,-0.4029593693073502,0,0.0
14453,-0.04155940374702904,-0.4242629202453546,-0.24564174050100887,-0.4675969751306131,-0.4080816508786965,-0.4242629202453546,0.06320174390200677,-0.5768862857903994,-0.7973586609544845,0,0.0
12477,0.5973665900665589,-0.25395340732976973,0.5119123839570904,3.4980670912442786,0.6556516140761046,-0.25395340732976973,1.773744165803256,1.6188241607314373,1.6791864166975397,1,4385.71
16403,1.549235927788843,-0.4242629202453546,-0.23585668339022398,-0.3623179850652459,-0.5782789732714647,-0.4242629202453546,-0.5683831503384545,-0.35195140947216547,-1.2028673733833564,0,0.0
13510,-0.13283454572039874,-0.4242629202453546,-0.16654033822919737,0.3834676277271472,-0.18115188768833898,-0.4242629202453546,0.9053149362226219,0.7104333140616468,-0.037261726171176006,0,1206.24
14132,-1.0455859654540958,0.25697513141698475,-0.002157497615604902,-0.11911382583694423,-0.03932078569436549,0.25697513141698475,-0.17890579889017016,0.23633980551398465,0.5253117295745277,0,2033.57
12560,-1.0586252714502915,-0.25395340732976973,-0.021899279505784998,0.6263846790617497,0.3719894100881576,-0.25395340732976973,0.9316309734826411,0.6723674119154841,0.7976628529958908,0,697.7
17035,0.675602426043733,-0.25395340732976973,-0.19233977923746629,-0.2905135809499663,-0.3371660998817098,-0.25395340732976973,-0.35785485225830077,-0.35022114119279446,-0.6120545203086034,0,0.0
15199,0.5452093660817763,-0.25395340732976973,-0.15433153759922202,-0.08604521410597267,-0.6775607446672461,-0.25395340732976973,-0.9368076719787237,-0.3536816777515365,-0.71085710451304,0,611.55
13917,-0.028520097750833362,-0.4242629202453546,-0.2549134942858502,-0.567353252845843,-0.6491945242684515,-0.4242629202453546,-0.8315435229386468,-0.614952187936562,-0.7672833570188317,0,206.66
16567,0.010597820237753656,-0.25395340732976973,-0.11890171034990615,0.10455236691822233,-0.23788432848592836,-0.25395340732976973,-0.17364259143816624,0.9768946290847853,0.09247970188457331,0,0.0
12853,-0.7717605395339867,0.4272846443325696,0.06661834934128245,-0.09041888531041367,0.21597519789478678,0.4272846443325696,-0.41048692677833926,-0.28504770266981894,0.5067316632820245,1,0.0
13001,-0.45881719562529055,1.2788322089104938,1.1927361595860644,0.7399086696992141,1.4640888954417535,1.2788322089104938,0.33593158459675154,0.7837337702604559,1.8823502337708629,1,1203.4
12593,-1.1107824954350742,-0.08364389441418492,-0.19496238530346266,-0.4320528959764729,-0.5215465324738753,-0.08364389441418492,-0.7262793738985699,-0.5088290668018055,-0.01101072173881372,0,0.0
14651,0.2322660221730801,-0.4242629202453546,-0.19540940111380423,0.07286077584938763,0.11669342649900534,-0.4242629202453546,2.0105885011434292,-0.10625331380147926,-0.4874786746162922,0,238.28
17157,-0.22410968769376846,-0.4242629202453546,-0.2385829699293414,-0.3916505367527305,-0.6066451936702594,-0.4242629202453546,-0.6736472993785315,-0.3934778481770702,-0.5634510049620548,0,157.54000000000002
16191,0.8972706279790594,0.7679036701637393,0.17855586735449636,-0.08899858511440707,-0.3655323202805045,0.7679036701637393,-0.7854904577336131,-0.04915446058223527,-0.08216162381591094,1,2564.84
13075,-0.8369570695149651,-0.4242629202453546,-0.10972173927897524,0.9947879957825864,-0.4080816508786965,-0.4242629202453546,0.06320174390200677,0.9319076538211385,0.4795765641186576,0,0.0
13187,1.8621792716975394,-0.4242629202453546,-0.2259101566901522,-0.25530171793609363,-0.1953349978877363,-0.4242629202453546,0.8526828617025835,-0.4177016040882646,-1.3311112959666231,0,0.0
14466,-1.0195073534617045,0.25697513141698475,0.0025999063887527448,-0.10887669214950411,-0.3229829896823125,0.25697513141698475,-0.58943598014647,-0.33326451205495833,0.2860944216680737,0,691.95
18041,-1.1759790254160525,2.130379773488418,0.24355672528184527,-0.34424687476557236,2.49945593999776,2.130379773488418,0.036885706641987544,-0.15902649632229565,2.627607309662644,1,1099.26
15749,0.5452093660817763,-0.08364389441418492,7.30337939879953,26.459898823795143,-0.6491945242684515,-0.08364389441418492,-0.9192636471387109,20.04906511649852,15.0869140666845,1,0.0
14467,1.549235927788843,-0.4242629202453546,-0.2436412172737388,-0.44607302666666715,-0.507363422274478,-0.4242629202453546,-0.30522277773826234,-0.618412724495304,-1.5005233249531298,0,464.56
16861,-0.45881719562529055,-0.4242629202453546,-0.2539922677869714,-0.5574416300187752,-0.6917438548666435,-0.4242629202453546,-0.9894397464987621,-0.6633996997589509,-1.5307195236512217,0,102.96
17140,0.7016810380361244,-0.4242629202453546,-0.1888401383496591,0.14354052165495376,-0.4931803120750806,-0.4242629202453546,-0.14732655417814702,0.27786624421888934,-1.161607947317665,0,0.0
17873,-0.11979523972420307,0.08666561850139992,0.0019999193885604487,0.034018918128553836,-0.3938985406792992,0.08666561850139992,-0.621015224858493,0.04514516064348585,0.0034297119650226193,0,272.04
14727,1.0537422999334074,-0.4242629202453546,-0.2203759989773303,-0.19575883246573833,-0.5782789732714647,-0.4242629202453546,-0.5683831503384545,-0.5318993105267525,-0.9918068478099102,0,0.0
14514,0.10187296221112337,-0.25395340732976973,-0.19751020545442086,-0.3183283010975125,-0.20951810808713367,-0.25395340732976973,-0.06837844239808935,-0.4471161648375721,-0.4992488838496971,0,587.09
15059,-1.12382180143127,0.5975941572481545,-0.09459628796251268,-0.4234231136696514,1.081144920058025,0.5975941572481545,0.28124890977073747,-0.5462358191272554,1.051580563022504,0,329.12
17664,0.24530532816927578,-0.4242629202453546,-0.21058414314699644,-0.0904066938924222,-0.3938985406792992,-0.4242629202453546,0.11583381842204521,0.6689068753567421,-0.6039103326930023,0,278.45
12798,-0.3023455236709425,-0.4242629202453546,0.007119355208898132,2.2518999662643546,-0.6350114140690541,-0.4242629202453546,-0.7789114484186084,7.060517899353326,2.432019337873297,0,5370.0
13178,-0.7847998455301823,0.7679036701637393,0.48042751372603615,0.31698706345601935,0.428721850885747,0.7679036701637393,0.25399301403714614,0.3777892373525663,1.1575904970344473,1,1333.74
14959,-1.0977431894388785,-0.08364389441418492,-0.17469880168790283,-0.3593798533293008,-0.2520674386853257,-0.08364389441418492,-0.19995862869818545,-0.28504770266981894,0.09322618841671108,0,158.1
14501,-0.13283454572039874,-0.25395340732976973,-0.22332834294144935,-0.4572190305653715,-0.592462083470862,-0.25395340732976973,-0.8315435229386468,-0.46787938419002445,-0.4728717478580337,0,0.0
13552,-0.9151929054921392,0.9382131830793241,0.20358025433418825,-0.12551797770786516,0.14505964689780004,0.9382131830793241,-0.6502552662585144,-0.35272041759633044,0.8410986817551491,1,977.16
15940,1.5361966217926475,-0.4242629202453546,-0.2599411473922775,-0.6214465744740097,-0.7059269650660409,-0.4242629202453546,-1.0420718210188007,-0.732610430933792,-1.3339585149998727,0,0.0
15903,0.4408949181122109,-0.25395340732976973,-0.15696774110431622,-0.10022688108455381,-0.45063098147688857,-0.25395340732976973,-0.41048692677833926,0.42320877968605586,-0.9226398712067175,0,4485.12
17930,-0.41969927763670356,-0.25395340732976973,-0.1480444216963571,-0.05222317274312799,-0.45063098147688857,-0.25395340732976973,-0.5683831503384545,0.15501719638354625,-0.21601101497492098,0,1046.34
15753,1.4449214798192778,-0.4242629202453546,-0.2525645366816979,-0.542080443349519,-0.7059269650660409,-0.4242629202453546,-1.0420718210188007,-0.2481353127099037,-1.2169924451485752,0,0.0
16706,-1.0325466594579003,-0.4242629202453546,-0.21647523363613672,-0.1537898760300917,0.2727076386923762,-0.4242629202453546,2.589541320863852,-0.17546404497632045,-0.07550800315576343,0,239.82
17621,1.549235927788843,-0.25395340732976973,-0.1127522685179069,0.13763377963808493,-0.507363422274478,-0.25395340732976973,-0.6999633366385507,-0.21006941056374104,-1.0154062854320374,0,478.12
14211,0.1801087981882974,0.25697513141698475,-0.11137382812936311,-0.35412900960037325,-0.09605322649195489,0.25697513141698475,-0.58943598014647,-0.40247524322979955,-0.10914681041590549,0,1331.21
12540,-1.12382180143127,1.108522695994909,1.2274606196821796,0.9199515860128271,2.0739626340158397,1.108522695994909,0.4737319251583067,0.7035122409441626,2.447757634558428,1,4613.37
14149,0.34961977613884115,-0.4242629202453546,-0.19011489826508182,0.12982517641454636,-0.3229829896823125,-0.4242629202453546,0.3789941910222374,0.00794439263700871,-0.41557768350409674,0,0.0
15227,0.2844232461578628,-0.08364389441418492,-0.11699466951643377,-0.1524305329240424,-0.20951810808713367,-0.08364389441418492,-0.34031082741828794,-0.0670338994690693,-0.26130728657265456,0,342.58
12815,-0.602249561583443,-0.25395340732976973,-0.08527184410116719,0.28546691420268966,-0.18115188768833898,-0.25395340732976973,0.14214985568206442,-0.09068089928713999,0.14289322634633073,0,0.0
15945,2.240319145587214,-0.4242629202453546,-0.23526179542969336,-0.3559174906197224,-0.6917438548666435,-0.4242629202453546,-0.9894397464987621,-0.5665046761141732,-1.50428852073899,0,0.0
14649,0.24530532816927578,-0.25395340732976973,-0.16708423579311107,-0.1546493709984905,-0.03932078569436549,-0.25395340732976973,0.16846589294208367,-0.14258894766827088,-0.3422977952147511,0,820.47
16950,-0.9021535994959434,-0.25395340732976973,-0.13372121928666728,0.02482963681748081,-0.35134921008110714,-0.25395340732976973,-0.38417088951832,-0.16335216702072322,0.07854168426594425,0,400.15
14048,1.4579607858154733,-0.4242629202453546,-0.19635102377132982,0.06272970749847333,0.4570880712845417,-0.4242629202453546,3.3790224386644288,0.25018195174895286,-0.8473465907579882,0,0.0
14820,-0.2632276056823555,-0.4242629202453546,-0.24226957560474394,-0.4313153151879887,-0.6066451936702594,-0.4242629202453546,-0.6736472993785315,-0.4453858965582011,-0.5789352356888097,0,367.52
14890,0.7799168740132983,-0.4242629202453546,-0.24466952360551314,-0.45713673849392905,-0.6208283038696568,-0.4242629202453546,-0.7262793738985699,-0.5699652126729152,-1.001897194001371,0,0.0
15502,-0.9151929054921392,0.25697513141698475,0.7462234544911123,1.4912761786345397,1.3789902342453693,0.25697513141698475,0.7158394679504834,1.8565630223170169,2.1908798209523557,1,4429.4
15825,-0.27626691167855116,-0.4242629202453546,-0.17544326147850972,0.2876796565681421,-0.43644787127749124,-0.4242629202453546,-0.04206240513807012,0.014865465754492829,-0.18157942438189206,0,0.0
12599,-0.8760749875035521,0.4272846443325696,-0.12035663633337532,-0.4257011672029153,-0.3655323202805045,0.4272846443325696,-0.6736472993785315,-0.3144622634191266,-0.08134619742613756,0,175.54000000000002
12845,0.9624671579600378,0.08666561850139992,-0.2058420362616239,-0.5250322692156926,-0.35134921008110714,0.08666561850139992,-0.7394373925285795,-0.5699652126729152,-0.6326136052171175,0,0.0
16163,0.5060914480931892,-0.25395340732976973,-0.12043142224841344,0.09632315977397787,-0.6491945242684515,-0.25395340732976973,-0.9368076719787237,-0.41424106752952256,-0.5896331341025579,0,0.0
17400,-0.8760749875035521,0.25697513141698475,0.0905396440741619,0.08035484048874617,1.7619342096290977,0.25697513141698475,1.073737574686745,0.006560178013511866,1.2383402480368049,1,0.0
16545,-0.3805813596481165,-0.4242629202453546,-0.20835586281483753,-0.06643227041219003,-0.6775607446672461,-0.4242629202453546,-0.9368076719787237,-0.47653072558687964,-0.40065938115509847,0,0.0
16497,0.12795157420351472,0.25697513141698475,-0.0024566412757574354,-0.11975753270689408,0.4429049610851444,0.25697513141698475,-0.17890579889017016,-0.20037990819926324,0.3010540293792345,0,1414.99
16764,-0.8760749875035521,-0.08364389441418492,-0.17729251319581632,-0.3686819052567949,0.7265671650730913,-0.08364389441418492,1.4491797062630194,-0.45576750623442724,0.22166603237735485,0,2268.89
14633,0.949427851963842,-0.4242629202453546,-0.20740404207798852,-0.05619147929935246,-0.43644787127749124,-0.4242629202453546,-0.04206240513807012,-0.41424106752952256,-0.8676810943389358,0,0.0
17058,0.07579435021873202,-0.25395340732976973,-0.12671003975184222,0.06254683622860119,-0.12441944689074957,-0.25395340732976973,0.19478193020210288,0.040819489945058275,-0.15438414988500784,0,360.23
13329,2.2533584515834097,-0.4242629202453546,-0.2143217392190159,-0.13062008613729675,-0.6208283038696568,-0.4242629202453546,-0.7262793738985699,-0.14085867938889984,-1.4791804598112692,0,484.8
16187,-1.0455859654540958,1.108522695994909,0.5160511044824961,0.15453474239966433,1.123694250656217,1.108522695994909,-0.0157463678780509,0.4235548333419301,1.6451955530616171,1,2310.12
17449,0.5321700600855805,-0.08364389441418492,-0.04121104238449579,0.11935884406886663,0.9534969282634489,-0.08364389441418492,1.870236302423327,-0.047424192302864245,0.14366002955763335,0,1196.52
17551,2.16208330961004,-0.4242629202453546,-0.21667749554271715,-0.15596604414156967,-0.16696877748894162,-0.4242629202453546,0.9579470107426603,-0.2550563858273878,-1.3496322005973678,0,0.0
14621,-0.4848958076176819,-0.08364389441418492,-0.09556340581834674,-0.07556973819679924,-0.08187011629255754,-0.08364389441418492,-0.27013472805823674,-0.2735125808073455,-0.006701889906165029,0,785.45
15405,-0.054598709743224706,-0.4242629202453546,-0.20669017652535182,-0.04851088596472433,-0.6066451936702594,-0.4242629202453546,-0.6736472993785315,-0.07856902133154278,-0.3773956692432986,0,0.0
15197,0.7668775680171027,-0.25395340732976973,-0.1345982541084781,0.020111558054780692,-0.507363422274478,-0.25395340732976973,-0.6999633366385507,-0.3969383847358123,-0.6244455232672697,0,306.36
16709,0.07579435021873202,0.08666561850139992,0.07129076935127858,0.22039674460045003,-0.12441944689074957,0.08666561850139992,-0.43680296403835844,-0.29571769039260704,0.06250859738730062,1,1045.28
13821,-0.64136747957203,-0.25395340732976973,-0.20047954621741226,-0.33430210652084036,0.003228544903826554,-0.25395340732976973,0.4579423028022951,-0.4817215304249927,-0.11671926525205317,0,0.0
15069,-0.18499176970518144,-0.4242629202453546,-0.07744141886069715,1.3420971115236762,0.2727076386923762,-0.4242629202453546,2.589541320863852,1.0530264333771107,0.5643313284392846,0,0.0
12787,-0.01548079175463769,-0.4242629202453546,-0.2391540623714508,-0.39779501142043305,-0.6066451936702594,-0.4242629202453546,-0.6736472993785315,-0.5215177008505264,-0.8340207648823009,0,305.56
13453,-0.3675420536519209,-0.25395340732976973,-0.20535082877421432,-0.3605075594935121,-0.4931803120750806,-0.25395340732976973,-0.6473312621185122,-0.5145966277330423,-0.41522482794539567,0,0.0
14162,-0.2632276056823555,-0.25395340732976973,-0.21684406417166568,-0.42233633583726865,-0.3655323202805045,-0.25395340732976973,-0.43680296403835844,-0.500754481498074,-0.5181858419712538,0,0.0
12821,0.2713839401616671,-0.4242629202453546,-0.25026656947416254,-0.5173562476628112,-0.6350114140690541,-0.4242629202453546,-0.7789114484186084,-0.5042150180568161,-0.8464351538698147,0,0.0
14667,-1.0455859654540958,2.3006892864040025,0.6566724202726089,-0.10294628443888727,3.038414127574859,2.3006892864040025,0.09416178773732357,-0.11480287471131258,3.0833102553646863,1,3746.38
16716,0.949427851963842,-0.25395340732976973,-0.11285084995136624,0.13710345295545592,-0.7059269650660409,-0.25395340732976973,-1.0420718210188007,-0.5388203836442367,-0.6792056308015973,0,0.0
12841,-1.1368611074274655,2.3006892864040025,0.21496810957863136,-0.38249729183895587,1.6484693280339189,2.3006892864040025,-0.18757461116405882,-0.37902501901997104,2.166137827391565,1,1161.67
15258,-0.32842413566333384,-0.25395340732976973,-0.16010874953591786,-0.11712418642073587,-0.26625054888472305,-0.25395340732976973,-0.19995862869818545,-0.500754481498074,-0.27439909325501916,0,0.0
16549,-0.9021535994959434,-0.25395340732976973,-0.13338978170865734,0.026612631698733815,1.1378773608556143,-0.25395340732976973,2.6421733953838906,0.141175050148578,0.5212003919997547,0,3254.54
16098,-0.8499963755111608,0.4272846443325696,0.025042479619741785,-0.16497245418277043,-0.28043365908412043,0.4272846443325696,-0.621015224858493,-0.4574977745137983,0.3616758923400564,1,293.14
15186,-0.32842413566333384,-0.4242629202453546,-0.22705914029391988,-0.26766381577944753,-0.5782789732714647,-0.4242629202453546,-0.5683831503384545,-0.18584565465254663,-0.3868959272284225,0,182.15
12447,0.6495238140513416,-0.4242629202453546,-0.18503795444192486,0.18444882472534227,-0.35134921008110714,-0.4242629202453546,0.27373004198216055,-0.08895063100776895,-0.5588468181659542,0,0.0
16727,2.2272798395910183,-0.4242629202453546,-0.22245980651907465,-0.21817885015205762,-0.13860255709014693,-0.4242629202453546,1.2211073833428525,-0.16854297185883632,-1.4823758865590893,0,0.0
13911,-0.64136747957203,0.7679036701637393,0.1482930669623607,-0.129698872115316,0.9818631486622436,0.7679036701637393,-0.14732655417814702,0.20043673871703577,1.186381440392412,1,143.28
15578,-0.4066599716405079,-0.4242629202453546,-0.24442307002186478,-0.45448510508078366,-0.5357296426732727,-0.4242629202453546,-0.41048692677833926,-0.5665046761141732,-0.5809989127188122,0,0.0
17569,1.8100220477127567,-0.4242629202453546,-0.20753321774941808,-0.0575813009503805,-0.3087998794829151,-0.4242629202453546,0.4316262655422759,-0.1962272643287728,-1.1042469089553142,0,0.0
16053,-0.9282322114883348,-0.4242629202453546,-0.0749496881460175,1.3689060396869261,0.15924275709719737,-0.4242629202453546,2.1684847247035446,2.7244655912495253,1.2535976062531615,0,387.76
14995,1.1319781359105816,-0.4242629202453546,-0.2457471206540172,-0.46873077700382015,-0.1953349978877363,-0.4242629202453546,0.8526828617025835,-0.5699652126729152,-1.2543510589499902,0,112.67
12720,-0.9021535994959434,1.960070260572833,0.2973328972339251,-0.28282993976084025,1.5350044464387402,1.960070260572833,-0.3368020224502854,-0.11271298204446446,2.1010106471768917,1,2467.23
13207,-0.5631316435948559,-0.4242629202453546,-0.2324539242559889,-0.32570715683685164,-0.6491945242684515,-0.4242629202453546,-0.8315435229386468,-0.497293944939332,-0.9040196043337972,0,52.74
14963,-0.13283454572039874,-0.4242629202453546,-0.21602141910624623,-0.1489072131245066,-0.1953349978877363,-0.4242629202453546,0.9053149362226219,-0.16854297185883632,-0.49837676771434963,0,1178.14
15260,-0.6674460915644214,0.4272846443325696,0.008577680552141727,-0.19449702070362074,0.102510316299608,0.4272846443325696,-0.5069790633984097,-0.27812662955233486,0.40999354313694547,0,0.0
15462,-0.6544067855682256,-0.25395340732976973,-0.2371654369033913,-0.5316567809668094,-0.6208283038696568,-0.25395340732976973,-0.9104916347187044,-0.5318993105267525,-0.34073017982970627,0,64.8
15021,-0.4848958076176819,0.25697513141698475,-0.08242148093028195,-0.2918284253803467,2.173244405411621,0.25697513141698475,1.652690394407168,-0.3969383847358123,1.0813215019295304,0,791.54
14111,-1.1368611074274655,-0.25395340732976973,-0.22400991457622868,-0.4608855995263071,-0.6775607446672461,-0.25395340732976973,-1.0157557837587814,-0.42808321376449077,-0.42153582413088964,0,445.65
13811,-0.13283454572039874,-0.08364389441418492,-0.12758707457365306,-0.19041899138547302,-0.6208283038696568,-0.08364389441418492,-0.8666315726186725,-0.6680137485039402,-0.346543864676458,0,0.0
17601,0.5843272840703633,-0.4242629202453546,-0.24630801501680316,-0.4747655289095994,-0.592462083470862,-0.4242629202453546,-0.621015224858493,-0.39001731161832814,-1.1140105215855316,0,0.0
12988,1.2884498078649296,-0.4242629202453546,-0.18005279333267837,0.23808496817882882,0.3436231896893629,-0.4242629202453546,3.2737582896243516,-0.3104249707672608,-0.8363945439030256,0,0.0
15058,-0.9021535994959434,0.5975941572481545,-0.056156327632911944,-0.3643400188206888,1.1378773608556143,0.5975941572481545,0.16846589294208367,-0.4463746212892703,1.0310334748429848,0,867.78
18074,2.3446335935567792,-0.4242629202453546,-0.18280967410976592,0.20842324820557445,-0.5357296426732727,-0.4242629202453546,-0.41048692677833926,-0.08895063100776895,-1.1826138448625607,0,0.0
16723,-1.12382180143127,-0.4242629202453546,-0.19610117082790696,0.06541791516559312,-0.20951810808713367,-0.4242629202453546,1.0632111597827372,0.6273804366518374,0.12661390420539556,0,165.0
14001,0.5060914480931892,-0.25395340732976973,-0.04351410863169286,0.5101059821135758,-0.4222647610780939,-0.25395340732976973,-0.4631190012983777,0.34707697539373056,-0.18498770491461405,0,733.94
14657,-0.5109744196100733,-0.08364389441418492,-0.15742665467386843,-0.2974352585146252,0.4570880712845417,-0.08364389441418492,0.5368904145823528,-0.35541194603090753,0.1420123509645368,0,209.28
16425,1.4188428678268863,-0.4242629202453546,-0.21457669120210046,-0.13336315518537822,-0.4222647610780939,-0.4242629202453546,0.010569669381968322,-0.057805801979090424,-0.964577934942774,0,0.0
13659,0.15403018619590605,-0.25395340732976973,-0.00036603501446415867,0.7422244849622307,0.5847360630791179,-0.25395340732976973,1.6158479422431409,0.779644045236488,0.454860714682585,0,0.0
12507,-0.7717605395339867,-0.08364389441418492,-0.04425007002286361,0.10845971638448948,-0.45063098147688857,-0.08364389441418492,-0.7262793738985699,0.28478731733637347,0.26076459405592944,0,0.0
17324,1.7969827417165611,-0.25395340732976973,-0.14666938066758778,-0.044826029876801565,-0.4789972018756833,-0.25395340732976973,-0.6473312621185122,0.30209000013008375,-0.772618415938534,0,284.25
13869,-0.9151929054921392,0.08666561850139992,0.25809578703721336,0.7228629892645223,2.5987377113935417,0.08666561850139992,2.9053337679840827,0.7320616675537847,1.8560338108142531,1,0.0
13950,0.6886417320399286,-0.4242629202453546,-0.2355490413306353,-0.3590080150805609,-0.6208283038696568,-0.4242629202453546,-0.7262793738985699,-0.46614911591065344,-0.8698259312821697,0,565.75
15206,-0.6283281735758344,-0.25395340732976973,-0.25700070118736906,-0.638362166937179,-0.6775607446672461,-0.25395340732976973,-1.0157557837587814,-0.7153077481400817,-0.45058702609931206,0,367.2
13246,-0.22410968769376846,0.25697513141698475,0.04646184555861818,-0.014493172343116563,0.5421867324809257,0.25697513141698475,0.08425457371002207,0.31454793174155526,0.6087181627682707,1,123.01
14544,2.1881619216024313,-0.4242629202453546,-0.07876037045318787,1.3279063009816015,0.03159476530262125,-0.4242629202453546,1.747428128543237,2.1465559859396013,-0.004573528452679398,0,902.53
15909,-0.2632276056823555,-0.4242629202453546,-0.2334023456330634,-0.33591137369571483,-0.6208283038696568,-0.4242629202453546,-0.7262793738985699,-0.4073199944120384,-0.497207244947668,0,0.0
13468,-1.12382180143127,4.003784415559851,0.45727787366195916,-0.39868701683680924,1.4215395648435614,4.003784415559851,-0.6522046023518492,-0.5151092998158189,3.073968039751767,1,1449.44
14561,-0.4066599716405079,-0.25395340732976973,-0.16965585146249051,-0.16848358256431475,-0.22370121828653103,-0.25395340732976973,-0.14732655417814702,-0.09760197240462411,-0.1943795482437966,0,513.77
12649,-1.12382180143127,-0.08364389441418492,-0.1600492607398648,-0.3068409374950468,-0.3229829896823125,-0.08364389441418492,-0.5508391254984417,-0.07049443602781137,0.12760257043394413,0,0.0
16043,0.2322660221730801,-0.08364389441418492,-0.1510443566973186,-0.2745458712356342,-0.4080816508786965,-0.08364389441418492,-0.5508391254984417,-0.35195140947216547,-0.4255926944954803,0,97.5
14911,-1.1499004134236612,17.458235935891054,12.376364667499113,0.596307185729635,16.157791062017406,17.458235935891054,0.2717439259625367,0.5406058501128149,16.751641716834353,1,69330.16
15374,-0.8499963755111608,-0.4242629202453546,-0.23747137928309278,-0.37969075570309524,-0.6775607446672461,-0.4242629202453546,-0.9368076719787237,-0.3104249707672608,-0.36167253528561993,0,0.0
13989,0.5973665900665589,-0.4242629202453546,-0.11362080494028157,0.952837326473927,-0.3938985406792992,-0.4242629202453546,0.11583381842204521,2.2607536923780893,0.3827956295285351,0,369.41
18077,-1.1759790254160525,0.5975941572481545,0.009719865436360503,-0.2630868091392201,0.4429049610851444,0.5975941572481545,0.033126272747699005,-0.11762364820877466,0.8175029821231898,0,962.07
16872,-1.1499004134236612,-0.25395340732976973,-0.18704527638874385,-0.26203138066738685,-0.6775607446672461,-0.25395340732976973,-0.9894397464987621,0.03908922166568724,0.05394459107920453,0,215.34000000000003
16739,-0.22410968769376846,-0.4242629202453546,-0.21112634103102293,-0.09624028740134215,-0.5357296426732727,-0.4242629202453546,-0.41048692677833926,-0.15124028906512602,-0.5139185848029187,0,0.0
17076,1.0407029939372119,-0.25395340732976973,-0.20922269955732498,-0.3813365971319441,-0.5640958630720674,-0.25395340732976973,-0.7262793738985699,-0.552662529879205,-0.903466566685134,0,506.88
14567,-0.8239177635187694,-0.4242629202453546,-0.12992243473870752,0.777445491539597,-0.5357296426732727,-0.4242629202453546,-0.41048692677833926,-0.15124028906512602,0.1637620987454475,0,729.6
16419,-1.0586252714502915,0.4272846443325696,-0.10307599091990471,-0.39471363052308817,-0.20951810808713367,0.4272846443325696,-0.6561032745385186,-0.4996009693118266,0.378577385585658,0,0.0
13398,-0.01548079175463769,-0.4242629202453546,-0.1882928414259709,0.14942897654483528,-0.35134921008110714,-0.4242629202453546,0.27373004198216055,0.22595819583775845,-0.2082644484442679,0,0.0
15249,-1.12382180143127,1.108522695994909,0.6444976132403781,0.29273238975470806,1.8044835402272899,1.108522695994909,0.3684677761182298,0.26471620529566947,2.0174436067075043,1,1331.43
12594,-0.9412715174845304,0.7679036701637393,0.16397601328183478,-0.10860695702644281,-0.06768700609316018,0.7679036701637393,-0.4828560292433921,-0.12355599659518955,0.7737744862491038,1,808.32
18143,-1.0064680474655088,-0.25395340732976973,-0.09603081778733508,0.22758815728817033,0.11669342649900534,-0.25395340732976973,0.5105743773223336,0.23980034207272669,0.40839152742219453,0,0.0
16581,-0.14587385171659442,-0.4242629202453546,-0.2480365894621164,-0.49336353705559177,-0.592462083470862,-0.4242629202453546,-0.621015224858493,-0.2827406782973243,-1.0416315211597278,0,0.0
15550,-1.1368611074274655,-0.08364389441418492,-0.19238227123464705,-0.4227996097209447,-0.20951810808713367,-0.08364389441418492,-0.23504667837821117,-0.45576750623442724,0.01081103590325973,0,142.35
16115,-0.9934287414693131,0.25697513141698475,-0.10887529869513454,-0.3487525942661336,1.0527786996592303,0.25697513141698475,0.6526809785264375,-0.3367250486137004,0.8152018373328184,0,736.29
13629,-0.7456819275415953,0.5975941572481545,0.5663684278640623,0.5924947140843811,-0.3371660998817098,0.5975941572481545,-0.7563548450528775,0.6239199000930953,0.9415647755883182,1,2895.0
15237,0.12795157420351472,-0.25395340732976973,-0.08014051052161887,0.313071332389883,0.32944007948996556,-0.25395340732976973,0.9053149362226219,0.6343015097693214,0.16219022357021082,0,318.67
15815,-0.6935247035568127,0.08666561850139992,0.05261298707050469,0.17015743498483776,-0.37971543047990186,0.08666561850139992,-0.5683831503384545,0.5633605103151093,0.20959394391735486,1,225.9
17738,-0.5892102555872473,-0.08364389441418492,0.0010769932097943783,0.27102008388279386,0.30107385909117085,-0.08364389441418492,0.2561860171421478,0.07369458725310785,0.45621530803464555,0,307.56
12380,-0.1067559337280074,-0.4242629202453546,-0.16276194983988437,0.424119911019715,-0.20951810808713367,-0.4242629202453546,0.800050787182545,0.2674846345426632,-0.01644221610548369,0,2117.26
16519,2.240319145587214,-0.4242629202453546,-0.24840032095798367,-0.49727698223085476,-0.6491945242684515,-0.4242629202453546,-0.8315435229386468,-0.6633996997589509,-1.6586459002700003,0,111.38
12604,0.8842313219828637,-0.4242629202453546,-0.23568671540150093,-0.3604892723665249,-0.5782789732714647,-0.4242629202453546,-0.5683831503384545,-0.2723590686210981,-1.084325159624581,0,75.68
13859,1.7317862117355827,-0.4242629202453546,-0.23183524077703704,-0.3190506426135073,-0.3371660998817098,-0.4242629202453546,0.3789941910222374,-0.3000433610910346,-1.3418820301389027,0,0.0
18221,-1.0195073534617045,-0.08364389441418492,-0.14588242887980013,-0.2560332030155821,-0.15278566728954426,-0.08364389441418492,-0.35785485225830077,-0.23198614210244078,0.05361913238181974,0,334.75
13934,0.9103099339752551,-0.4242629202453546,-0.1092985189870549,0.9993414904024016,-0.28043365908412043,-0.4242629202453546,0.5368904145823528,0.603156680740643,-0.16646323973645738,0,0.0
15437,0.8972706279790594,-0.4242629202453546,-0.23200520876576008,-0.3208793553122283,-0.09605322649195489,-0.4242629202453546,1.2737394578628911,-0.4730701890281376,-0.9928715786500627,0,0.0
14502,-0.5761709495910516,0.5975941572481545,-0.0683158375461576,-0.38302946260161724,2.130695074813429,0.5975941572481545,0.988022481896968,-0.4834517987043637,1.3378011070136682,0,1266.61
16792,1.1580567479029729,-0.25395340732976973,-0.24726493479331382,-0.5859878352458099,-0.5640958630720674,-0.25395340732976973,-0.7789114484186084,-0.670320772876435,-1.397303913268791,0,0.0
13106,-0.7847998455301823,-0.4242629202453546,-0.2530234502512501,-0.5470179676360656,-0.7059269650660409,-0.4242629202453546,-1.0420718210188007,-0.6841629191114031,-0.4518360687249831,0,0.0
18165,-0.21107038169757278,-0.4242629202453546,-0.21461748351939397,-0.13380204623307118,-0.5782789732714647,-0.4242629202453546,-0.5683831503384545,0.13252370875172284,-0.38693941607868443,0,0.0
13666,1.2232532778839513,-0.25395340732976973,-0.2551395517108519,-0.6283499649116816,-0.6066451936702594,-0.25395340732976973,-0.8841755974586852,-0.6824326508320322,-1.3136340199296437,0,20.6
13973,1.2232532778839513,-0.4242629202453546,-0.22103547477357563,-0.20285423773677574,-0.5640958630720674,-0.4242629202453546,-0.5157510758184162,-0.3692540922658758,-1.019826748173591,0,0.0
18227,0.3105018581502541,-0.4242629202453546,-0.2500915024457778,-0.5154726735831285,-0.6491945242684515,-0.4242629202453546,-0.8315435229386468,-0.673781309435177,-0.8656051927529282,0,0.0
16495,1.0798209119257989,-0.25395340732976973,-0.2241271924884476,-0.46151650540736583,-0.26625054888472305,-0.25395340732976973,-0.2262746659582047,-0.4592280427931693,-1.2578776079415126,0,401.75
12864,-0.719603315549204,-0.4242629202453546,-0.24102031088762968,-0.4178742768523895,-0.6775607446672461,-0.4242629202453546,-0.9368076719787237,0.0010233195195245904,-0.228023073670238,0,0.0
14745,-1.0586252714502915,0.25697513141698475,-0.05862086346939589,-0.2406134975399667,-0.06768700609316018,0.25697513141698475,-0.36838126716230846,-0.02804518757390873,0.4759349782048298,0,0.0
13283,-0.1067559337280074,-0.4242629202453546,-0.2616918176761247,-0.640282315270836,-0.6917438548666435,-0.4242629202453546,-0.9894397464987621,-0.6426364804064985,-0.7225379111844477,0,68.16
16265,-1.0847038834426828,0.5975941572481545,0.42438736816416545,0.37426659040586835,1.1520604710550117,0.5975941572481545,0.36395645544508365,0.17849940874643874,1.4532801786868095,1,1384.98
15494,-0.9412715174845304,-0.4242629202453546,-0.07568225017741376,1.3610242879554388,0.5138205120821311,-0.4242629202453546,3.4842865877045055,2.9597820772439856,1.282347551931884,0,160.7
12852,1.314528419857321,-0.4242629202453546,-0.21307247450190164,-0.11717904780169744,-0.4789972018756833,-0.4242629202453546,-0.19995862869818545,-0.23083262991619338,-1.0682761343653742,0,0.0
12823,-0.8760749875035521,0.08666561850139992,-0.057985183191571754,-0.12732840327959893,-0.7059269650660409,0.08666561850139992,-1.0420718210188007,-0.6080311148190779,0.02157470676467771,0,535.5
13562,-0.680485397560617,-0.25395340732976973,-0.06041062639064941,0.41920981742364904,-0.09605322649195489,-0.25395340732976973,0.3000460792421798,0.16539880605977242,0.2651450478638369,0,589.6
12854,0.6234452020589503,-0.25395340732976973,-0.12828904236707916,0.054052465743042226,0.2868907488917735,-0.25395340732976973,0.9053149362226219,-0.016279363274185707,-0.27014778169442877,0,505.88
16919,-0.4848958076176819,1.2788322089104938,0.17457351737871576,-0.255961716973723,1.2797084628495878,1.2788322089104938,0.46511940387320966,-0.3050768688128412,1.277541512649848,1,0.0
16112,-0.6544067855682256,0.08666561850139992,-0.2327564672759159,-0.5974264331763096,-0.507363422274478,0.08666561850139992,-0.8841755974586852,-0.24986558098927472,-0.0624276471026441,0,0.0
13657,0.10187296221112337,-0.4242629202453546,-0.24013307798649547,-0.4083283965650659,-0.592462083470862,-0.4242629202453546,-0.621015224858493,-0.28966175141480843,-0.6286840329833215,0,229.8
15443,-1.0977431894388785,-0.25395340732976973,-0.14963192271103024,-0.06076326104615503,0.30107385909117085,-0.25395340732976973,0.8526828617025835,-0.14604948422701294,0.2636170461629035,0,2528.79
16641,-1.1499004134236612,-0.4242629202453546,-0.22674639919466952,-0.26429898441380095,-0.54991275287267,-0.4242629202453546,-0.4631190012983777,0.13944478186920697,-0.034250876641942436,0,0.0
15632,-0.9412715174845304,0.4272846443325696,0.13371151320981184,0.02989212313844015,0.3578062998887603,0.4272846443325696,-0.09469447965810857,0.005637368264513938,0.7190357022316071,1,933.47
15144,-1.0455859654540958,0.9382131830793241,0.23859875905079442,-0.08365468022814454,0.38617252028755494,0.9382131830793241,-0.5449911172184375,-0.1889216871492062,1.0362829794186472,1,3611.5
13946,0.10187296221112337,-0.25395340732976973,-0.1834266579088305,-0.24256473398950196,-0.592462083470862,-0.25395340732976973,-0.857859560198666,-0.29139201969417944,-0.9734779568534006,0,75.6
12480,-0.6544067855682256,-0.08364389441418492,0.09854683602290386,0.6205846119523062,0.6556516140761046,-0.08364389441418492,0.9053149362226219,0.5177967789583388,0.8856676084194636,1,1136.6799999999998
17046,-0.47185650162148624,-0.4242629202453546,-0.1569031532686015,0.48715563774462733,-0.4080816508786965,-0.4242629202453546,0.06320174390200677,1.0184210677896899,0.1613970003312794,0,0.0
15120,-0.7847998455301823,-0.4242629202453546,-0.20503808767496395,-0.030735798533156385,-0.4222647610780939,-0.4242629202453546,0.010569669381968322,0.27786624421888934,-0.0738357826095829,0,0.0
17278,0.6234452020589503,-0.4242629202453546,-0.2242070774431474,-0.2369780166949094,-0.507363422274478,-0.4242629202453546,-0.30522277773826234,-0.1270165331539316,-0.9980295993944254,0,0.0
14050,-1.1368611074274655,-0.4242629202453546,-0.18342495822894328,0.20180330823620446,-0.1953349978877363,-0.4242629202453546,0.8526828617025835,0.8004072645889403,0.21597016838760352,0,260.38
12362,-0.9543108234807262,0.08666561850139992,0.03096756370662664,0.11193579443930825,0.5421867324809257,0.08666561850139992,0.28688806061217015,0.10829995284052843,0.7767477551250345,1,3478.88
13881,-1.12382180143127,0.9382131830793241,0.9185047075406642,0.7291471572633772,-0.06768700609316018,0.9382131830793241,-0.5040550592584078,1.0860937827162014,1.4060321762140913,1,10190.38
13758,0.10187296221112337,0.25697513141698475,0.13365712345342046,0.17313640797105417,0.5138205120821311,0.25697513141698475,-0.09469447965810857,0.2868636392716188,0.5203394155093694,1,839.03
17446,-0.22410968769376846,-0.25395340732976973,-0.24547687155194753,-0.5763688064505375,-0.6350114140690541,-0.25395340732976973,-0.857859560198666,-0.40385945785329636,-0.7928185451660625,0,0.0
13224,-0.5500923375986603,-0.4242629202453546,-0.059980607379180144,1.5299607670632833,-0.12441944689074957,-0.4242629202453546,1.1158432343027758,1.5548042343947093,0.9220078118288668,0,943.69
17101,-0.19803107570137712,-0.4242629202453546,-0.22683478254880549,-0.2652499150171358,-0.4789972018756833,-0.4242629202453546,-0.19995862869818545,-0.19968780088751487,-0.443975562795182,0,1391.15
13046,0.949427851963842,-0.4242629202453546,-0.2324199306582443,-0.3253414142971075,-0.5215465324738753,-0.4242629202453546,-0.35785485225830077,-0.4834517987043637,-0.9654989742374281,0,431.59
17146,-1.1499004134236612,-0.08364389441418492,-0.13858740280380766,-0.22987042000588048,-0.2520674386853257,-0.08364389441418492,-0.4806630261383905,-0.5019079936843214,0.1723620839437443,0,0.0
14688,-0.8369570695149651,1.960070260572833,0.38518425156519825,-0.21981615758831247,0.8400320466682701,1.960070260572833,-0.2455730932822188,-0.112482279607215,1.6400944592235007,1,1747.73
14821,2.2533584515834097,-0.4242629202453546,-0.2577315635388781,-0.597673309390637,-0.6917438548666435,-0.4242629202453546,-0.9894397464987621,-0.6772418459939191,-1.6364214173861433,0,0.0
16806,-1.1759790254160525,0.08666561850139992,-0.13648319910341652,-0.3384715714739242,0.24434141829358147,0.08666561850139992,0.12899183705205483,-0.43846482344071697,0.40152995394918833,0,0.0
15174,1.6796289877508,-0.4242629202453546,-0.24295284691941052,-0.4386667402368471,-0.5640958630720674,-0.4242629202453546,-0.5157510758184162,-0.24467477615116162,-1.2396352561252169,0,0.0
15012,2.3446335935567792,-0.4242629202453546,-0.23397683743494727,-0.34209242261739176,-0.06768700609316018,-0.4242629202453546,1.6421639795031602,-0.45576750623442724,-1.5709633844227446,0,216.48
16402,0.9233492399714508,-0.25395340732976973,-0.21614889509778848,-0.4185966183683843,0.05996098570141595,-0.25395340732976973,0.40531022828225666,-0.4938334083805899,-0.8195791915182219,0,0.0
15406,1.4058035618306906,-0.4242629202453546,-0.22314477751362846,-0.2255485623279032,-0.12441944689074957,-0.4242629202453546,1.1684753088228141,-0.2965828245322925,-1.026039408731151,0,258.42
13000,-1.1368611074274655,-0.08364389441418492,-0.17511862262004876,-0.36088549345124776,-0.29461676928351777,-0.08364389441418492,-0.5508391254984417,-0.30927145858101346,0.07580796338746318,0,0.0
15764,-1.12382180143127,0.25697513141698475,0.29089450982109666,0.5114848314884113,1.407356454644164,0.25697513141698475,0.7789979573745297,0.6709831972919874,1.5792957624310804,1,3.35
16670,-1.1368611074274655,0.7679036701637393,0.28466518303439764,0.05370729622115859,1.407356454644164,0.7679036701637393,0.24741400472214134,0.18443175713285373,1.603884374556818,1,855.93
15014,-0.23714899368996412,-0.4242629202453546,-0.24601567007619954,-0.47162014306779926,-0.6917438548666435,-0.4242629202453546,-0.9368076719787237,-0.5111360911743003,-0.5764988151823695,0,139.94
18272,-1.0455859654540958,0.08666561850139992,0.09200306845706716,0.2761084769669849,0.3578062998887603,0.08666561850139992,0.40531022828225666,0.520968937470519,0.855221760177962,1,972.13
15942,-0.7847998455301823,-0.4242629202453546,-0.20867200327386234,-0.06983367603181109,-0.5215465324738753,-0.4242629202453546,-0.35785485225830077,0.05639190445939754,-0.21996479417349155,0,0.0
17884,1.5361966217926475,-0.08364389441418492,-0.16565310532806315,-0.32693849005399056,0.49963740188273376,-0.08364389441418492,0.5018023649023269,-0.12124897222269497,-0.5610711880625979,0,104.53
15265,-0.5500923375986603,-0.25395340732976973,-0.010033814213030196,0.6902158958106059,0.3578062998887603,-0.25395340732976973,1.0632111597827372,0.31247160980630995,0.5387878454716962,0,0.0
14778,-0.8630356815073564,-0.25395340732976973,-0.1418031971504474,-0.018648007594610633,-0.23788432848592836,-0.25395340732976973,-0.17364259143816624,-0.21699048368122514,-0.038543224521016585,0,0.0
13292,1.1841353598953641,-0.4242629202453546,-0.22360709044295513,-0.2305226608684243,-0.5215465324738753,-0.4242629202453546,-0.35785485225830077,-0.28620121485606637,-0.9361374830709809,0,329.37
16341,0.10187296221112337,-0.4242629202453546,-0.13045103518363613,0.7717581950465746,-0.3087998794829151,-0.4242629202453546,0.4316262655422759,1.1014739451994995,0.1655790831809113,0,1174.22
12708,-1.202057637408444,0.5975941572481545,0.0793098590592312,-0.15612540339102962,0.2868907488917735,0.5975941572481545,-0.19995862869818545,-0.25752819765506074,0.8770886228843278,1,681.14
15717,0.5321700600855805,-0.4242629202453546,-0.24047981268349045,-0.4120589704704567,-0.6208283038696568,-0.4242629202453546,-0.7262793738985699,-0.5042150180568161,-0.9819129099149912,0,0.0
14272,0.7929561800094941,-0.4242629202453546,-0.24357492975813683,-0.4453598287141659,-0.6066451936702594,-0.4242629202453546,-0.6736472993785315,-0.4453858965582011,-1.1751670239187948,0,305.87
17499,1.2493318898763426,-0.4242629202453546,-0.16015634057276032,0.45215407669110763,-0.15278566728954426,-0.4242629202453546,1.0105790852626988,1.713988916096844,-0.31180791690242304,0,0.0
12356,0.675602426043733,-0.25395340732976973,0.20190946900504086,1.830381689209167,0.03159476530262125,-0.25395340732976973,0.40531022828225666,1.997752913913693,0.8647629621609132,1,58.35
15543,1.2362925838801468,-0.4242629202453546,-0.24429389435043528,-0.4530952834297557,-0.35134921008110714,-0.4242629202453546,0.3789941910222374,-0.44884643311694317,-1.2492419733080014,0,0.0
12871,0.1801087981882974,-0.4242629202453546,-0.2435902268771219,-0.4455244128570508,-0.6633776344678488,-0.4242629202453546,-0.8841755974586852,-0.4696096524693955,-0.762060466771378,0,248.64
14670,1.1319781359105816,-0.25395340732976973,-0.19925237733883194,-0.32770045367845757,0.797482716070078,-0.25395340732976973,2.142168687443525,-0.18238511809380456,-0.5780358654694537,0,0.0
13077,1.2623711958725383,-0.08364389441418492,-0.16809214596623864,-0.3356858324628725,0.14505964689780004,-0.08364389441418492,-0.00697435545804443,-0.047424192302864245,-0.5303453071494973,0,151.83
16330,-1.0586252714502915,-0.25395340732976973,-0.2577043686606824,-0.6421476022235314,-0.4789972018756833,-0.25395340732976973,-0.6473312621185122,-0.7066564067432266,-0.24814732827392685,0,202.95
12516,-0.17195246370898576,-0.4242629202453546,-0.1669006703652902,0.3795907568058589,-0.5357296426732727,-0.4242629202453546,-0.41048692677833926,0.44743253559725027,0.008264130421847302,0,728.86
16834,0.4408949181122109,-0.4242629202453546,-0.1957510367711375,0.06918506332495836,-0.37971543047990186,-0.4242629202453546,0.16846589294208367,0.492419510860897,-0.49361250466078244,0,0.0
12582,0.5843272840703633,-0.25395340732976973,-0.17911117067515273,-0.21934922627923903,-0.4222647610780939,-0.25395340732976973,-0.5157510758184162,-0.22737209335745134,-0.5608711931006904,0,0.0
12547,0.04971573822634068,-0.25395340732976973,-0.23070665333191614,-0.4969112396911106,-0.6208283038696568,-0.25395340732976973,-0.8841755974586852,-0.5145966277330423,-0.6647434796530256,0,0.0
17031,-0.5109744196100733,-0.4242629202453546,-0.2276217343365931,-0.273716854812214,-0.5357296426732727,-0.4242629202453546,-0.41048692677833926,-0.31388550732600284,-0.3269810629550071,0,154.4
17999,2.2533584515834097,-0.4242629202453546,-0.23367429441502027,-0.3388373140136684,-0.1953349978877363,-0.4242629202453546,0.9053149362226219,-0.4211621406470067,-1.542678411906688,0,190.05
14441,0.8059954860056897,-0.4242629202453546,-0.20537462429263553,-0.03435664967662387,-0.5357296426732727,-0.4242629202453546,-0.41048692677833926,-0.3727146288246178,-0.8514537660578931,0,1356.05
16221,1.0667816059296031,-0.25395340732976973,-0.21242319678497967,-0.3985539271904022,-0.3087998794829151,-0.25395340732976973,-0.2525907032182239,-0.2844709465766953,-0.805299958855122,0,545.49
17504,0.16706949219210174,0.9382131830793241,0.2433731598540244,-0.07794706470513654,0.8683982670670648,0.9382131830793241,-0.35200684397829657,-0.10663781786356172,0.8912758290683727,1,0.0
15296,-1.0977431894388785,0.25697513141698475,0.17580408561707048,0.2638295855514227,0.9534969282634489,0.25697513141698475,0.40004702083025273,0.1359842453104649,1.1799935890835207,1,1073.37
12534,-0.8239177635187694,-0.4242629202453546,-0.08090026743121081,1.3048828081047044,0.17342586729659473,-0.4242629202453546,2.2211167992235827,1.5063567225723205,0.888950139538194,0,0.0
15379,-0.31538482966713816,0.5975941572481545,0.36341475156955244,0.2805502894898426,1.3364409036471774,0.5975941572481545,0.36395645544508365,0.39305267538844646,1.285374894564528,1,0.0
15090,1.4970787038040603,-0.4242629202453546,-0.20121380792869575,0.010410237188065838,-0.3938985406792992,-0.4242629202453546,0.11583381842204521,-0.026660972950411886,-1.0135452189748801,0,0.0
16582,-1.0455859654540958,-0.4242629202453546,-0.21272064076524497,-0.11339361251534501,-0.6350114140690541,-0.4242629202453546,-0.7789114484186084,-0.1789245815350625,-0.039227639944945825,0,0.0
17883,0.675602426043733,-0.4242629202453546,-0.24574032193446826,-0.4686576284958713,-0.45063098147688857,-0.4242629202453546,-0.09469447965810857,-0.5803468223491414,-1.048375816540874,0,544.99
18183,0.4408949181122109,-0.25395340732976973,-0.15859433475639564,-0.10897727134793378,-0.20951810808713367,-0.25395340732976973,-0.1210105169181278,-0.10452304552210823,-0.4256678670402377,0,0.0
15812,-1.12382180143127,0.25697513141698475,0.040110141820038525,-0.028160971053357207,-0.20951810808713367,0.25697513141698475,-0.6631208844745238,-0.10832963573672447,0.4039181515835121,1,0.0
16701,-0.8369570695149651,1.108522695994909,0.4224157394949783,0.05379095982712507,0.41453874068634966,1.108522695994909,-0.5157510758184162,0.969281448655553,1.4003229360990124,1,1347.88
13516,0.5843272840703633,-0.4242629202453546,-0.24121067503499946,-0.41992243507495697,-0.6208283038696568,-0.4242629202453546,-0.7262793738985699,-0.552662529879205,-1.1403533798543177,0,1243.41
16658,2.279437063575801,-0.4242629202453546,-0.24507914645833564,-0.46154393609784666,-0.6066451936702594,-0.4242629202453546,-0.6736472993785315,-0.6080311148190779,-1.6066058379092896,0,0.0
16448,0.06275504422253635,-0.4242629202453546,-0.23492355913213453,-0.35227835234926763,-0.45063098147688857,-0.4242629202453546,-0.09469447965810857,-0.4834517987043637,-0.6826665318672676,0,0.0
15639,-0.7717605395339867,-0.4242629202453546,-0.19373521642488237,0.0908735959317893,-0.3655323202805045,-0.4242629202453546,0.2210979674621221,0.37130073130492497,-0.11227350277444538,0,0.0
13369,2.240319145587214,-0.4242629202453546,-0.21362826982502595,-0.12315893832651503,-0.5215465324738753,-0.4242629202453546,-0.35785485225830077,-0.23083262991619338,-1.3102017032055555,0,0.0
15521,-0.5892102555872473,0.25697513141698475,0.0937928313783207,0.08735515269945016,0.8683982670670648,0.25697513141698475,0.4737319251583067,0.19896601067957034,0.9190116042844025,1,883.22
17962,-0.6674460915644214,-0.4242629202453546,-0.24861957966343637,-0.4996360216122049,-0.2520674386853257,-0.4242629202453546,0.6947866381424681,-0.3069644342085187,-0.5144252167711603,0,0.0
13904,1.314528419857321,-0.4242629202453546,-0.231842039496586,-0.3191237911214561,-0.4789972018756833,-0.4242629202453546,-0.19995862869818545,0.025247075430719006,-1.2975638502288431,0,131.52
17735,-1.1107824954350742,1.960070260572833,1.47104514368093,0.559047210498546,3.066780347973654,1.960070260572833,0.824612421958563,0.7215070310496213,3.262184039220676,1,2890.03
15858,1.2493318898763426,-0.25395340732976973,-0.12729472963304944,0.059401450386801134,0.5705529528797205,-0.25395340732976973,1.5895319049831216,0.5079919253752363,-0.3847159886271664,0,611.35
16672,-1.0586252714502915,2.130379773488418,0.8054080078443591,0.03356859762649373,-0.4080816508786965,2.130379773488418,-0.7986484763636228,-0.25938205652581536,1.2768048467347362,1,1831.2
12693,-0.8760749875035521,0.08666561850139992,-0.12054870016063234,-0.2956111175976511,-0.22370121828653103,0.08666561850139992,-0.5815411689684642,-0.525843371548954,0.10532760638661934,0,0.0
13712,0.6886417320399286,-0.4242629202453546,-0.22713052684918356,-0.26843187511291033,-0.5782789732714647,-0.4242629202453546,-0.5683831503384545,0.4716562915084447,-0.9716323939117916,0,0.0
16598,1.1971746658915599,-0.4242629202453546,-0.24137214462428636,-0.4216597121387419,-0.5782789732714647,-0.4242629202453546,-0.5683831503384545,-0.4938334083805899,-1.1267556574050621,0,0.0
14886,0.7668775680171027,-0.4242629202453546,-0.20402167910240024,-0.019800096594804844,-0.46481409167628596,-0.4242629202453546,-0.14732655417814702,-0.19276672777003073,-0.7345688439879308,0,0.0
15980,0.7929561800094941,-0.4242629202453546,-0.13681973572108813,0.7032363302254991,-0.43644787127749124,-0.4242629202453546,-0.04206240513807012,1.3021850656065388,0.022004922079976688,0,1638.68
13747,2.3446335935567792,-0.4242629202453546,-0.25249654948620875,-0.5413489582700305,-0.7059269650660409,-0.4242629202453546,-1.0420718210188007,-0.7187682846988238,-1.5891017299012262,0,0.0
17346,-1.1759790254160525,0.7679036701637393,-0.05717273620547567,-0.4060287903464243,1.691018658632111,0.7679036701637393,0.5500484332123624,-0.34719317170389513,1.441138740969288,0,1394.1
15465,-0.719603315549204,1.960070260572833,0.7524442828783752,0.04361112580424481,-0.18115188768833898,1.960070260572833,-0.8315435229386468,-0.5374361690207399,0.9856611150869677,1,1362.49
15658,-0.04155940374702904,0.25697513141698475,-0.09196178413730573,-0.3123575541361885,-0.15278566728954426,0.25697513141698475,-0.58943598014647,-0.5789626077256446,-0.06642026805782546,0,0.0
16841,-0.7326426215453997,0.25697513141698475,-0.0006957729125868486,-0.11596843999514418,0.5421867324809257,0.25697513141698475,-0.05258882004207777,0.5533249542947574,0.8018750970163115,0,308.76
17631,-0.7326426215453997,-0.25395340732976973,-0.19523433408541951,-0.3060850695795755,-0.3087998794829151,-0.25395340732976973,-0.3315388149982816,-0.42635294548511976,-0.17987430277103225,0,111.83
15031,-1.0847038834426828,-0.25395340732976973,-0.22153008162075968,-0.44754514038913745,-0.12441944689074957,-0.25395340732976973,0.036885706641987544,-0.5474717250410919,-0.1118767851807593,0,391.4
16405,1.4188428678268863,-0.25395340732976973,-0.23759885527463503,-0.5339883896576786,-0.6775607446672461,-0.25395340732976973,-0.9631237092387429,-0.4228924089263777,-1.31186913689975,0,0.0
17709,-0.31538482966713816,-0.4242629202453546,-0.24266390133858137,-0.43555792864902143,-0.6208283038696568,-0.4242629202453546,-0.7262793738985699,-0.6876234556701453,-0.6658054622134779,0,0.0
14696,-0.9673501294769218,0.25697513141698475,-0.01812089111647201,-0.15346436516971926,0.4570880712845417,0.25697513141698475,-0.14732655417814702,0.0051759633900150225,0.6713983185080399,0,620.41
12793,1.8361006597051481,-0.25395340732976973,-0.17331186289992292,-0.18815138763905898,-0.4222647610780939,-0.25395340732976973,-0.4631190012983777,-0.23602343475430648,-0.9638340547216914,0,0.0
12456,-0.8108784575225737,-0.25395340732976973,0.11901948026459301,1.3844683847530417,0.3719894100881576,-0.25395340732976973,1.1684753088228141,1.1101252865963545,1.1149859473592294,1,915.64
13606,0.6495238140513416,-0.25395340732976973,-0.2241067963298008,-0.4614067826454426,-0.1953349978877363,-0.25395340732976973,-0.1210105169181278,-0.3311881901197131,-0.7062931521597887,0,30.12
14257,-0.9151929054921392,0.08666561850139992,0.19727954099222555,0.5592800665821832,0.47127118148393904,0.08666561850139992,0.2210979674621221,0.41109690173045865,0.8300349131863053,1,373.88
13016,-0.9151929054921392,-0.4242629202453546,-0.193747114184093,0.09074558604287884,-0.3229829896823125,-0.4242629202453546,0.3789941910222374,0.3436164388349885,0.09502893407744274,0,364.64
13344,1.0928602179219946,-0.4242629202453546,0.01546648313508622,2.3417080468985425,0.24434141829358147,-0.4242629202453546,2.4842771718237753,1.3264088215177332,0.5663563181858701,1,855.54
15660,-0.7587212335377911,0.4272846443325696,-0.11571651024123655,-0.41738052442373486,-0.22370121828653103,0.4272846443325696,-0.6385592496985059,-0.41308755534327524,0.16844765623390726,0,716.52
16306,0.25834463416547143,0.4272846443325696,-0.15856034115865106,-0.4942077927515014,-0.20951810808713367,0.4272846443325696,-0.7350513863185764,-0.4655723598175298,-0.27739656540911145,0,0.0
16319,0.3105018581502541,-0.4242629202453546,-0.19729094674896816,0.05261692627454621,-0.6775607446672461,-0.4242629202453546,-0.9368076719787237,-0.497293944939332,-0.6327433666656622,0,0.0
13199,-1.1759790254160525,2.9819273380663422,0.5079810243779267,-0.29035901118614577,-0.3087998794829151,2.9819273380663422,-0.9368076719787237,-0.17101478368650924,1.6101295938557854,1,5263.28
16340,-1.12382180143127,-0.4242629202453546,-0.1752104053339592,0.2901849929653897,1.0385955894598329,-0.4242629202453546,6.326418611786582,0.9353681903798805,0.25198132436904236,0,0.0
16730,0.5321700600855805,-0.25395340732976973,-0.18428159689210735,-0.24716394642678527,-0.22370121828653103,-0.25395340732976973,-0.1210105169181278,0.551248632359512,-0.4078669602217934,0,262.17
18239,0.3235411641464498,0.25697513141698475,-0.0006022905187891891,-0.11576728159828485,0.41453874068634966,0.25697513141698475,-0.1683793839861623,-0.1962272643287728,0.09756121095172689,0,0.0
17760,2.3446335935567792,-0.4242629202453546,-0.23669972461429023,-0.37138840005090196,-0.592462083470862,-0.4242629202453546,-0.621015224858493,-0.17546404497632045,-1.3981456134507677,0,115.05
17356,1.5361966217926475,-0.4242629202453546,-0.2357343064383434,-0.3610013119221668,-0.45063098147688857,-0.4242629202453546,-0.09469447965810857,-0.1720035084175784,-1.0581945996379474,0,0.0
14543,-1.1107824954350742,1.6194512347416634,0.2837354581360826,-0.23191670262568004,-0.1953349978877363,1.6194512347416634,-0.8436893862894249,-0.5880664808263352,1.0327484452336508,1,365.23
15832,0.7929561800094941,-0.4242629202453546,-0.1237984881050167,0.843334010074514,0.045777875502018596,-0.4242629202453546,1.747428128543237,0.8626969226462974,-0.10027847678646494,0,0.0
16059,-0.3936206656443122,0.08666561850139992,-0.1054742392407867,-0.2550639852852599,0.6840178344748993,0.08666561850139992,0.6421545636224296,-0.4090502626914095,0.30657731726630527,0,508.56
12682,-1.1368611074274655,2.6413083122351724,1.088469296903921,0.08009766573448393,1.3931733444447667,2.6413083122351724,-0.11685535314023009,-0.12555946512919808,2.4790316857602597,1,4059.9
13631,-0.6544067855682256,1.108522695994909,0.2469237911384485,-0.1350236263158168,-0.6350114140690541,1.108522695994909,-1.0420718210188007,-0.5872678954666255,0.4694496813607085,1,52.5
15651,0.8711920159866681,-0.4242629202453546,-0.22738887819204257,-0.27121151841496627,-0.4931803120750806,-0.4242629202453546,-0.2525907032182239,0.0771551238118499,-0.9739237824296549,0,418.98
13240,-0.2632276056823555,-0.08364389441418492,-0.1719300231516047,-0.34944994337524593,-0.05350389589376284,-0.08364389441418492,-0.1824146038581727,-0.46845614028314814,-0.22373563374611927,0,110.04
17001,-1.0455859654540958,0.5975941572481545,0.15398019586503334,-0.04135539441930034,0.11669342649900534,0.5975941572481545,-0.2601095710068008,-0.08301828262135406,0.7912490289363698,1,1518.48
16429,-1.1368611074274655,-0.4242629202453546,-0.2176616101974235,-0.1665542906671641,-0.6917438548666435,-0.4242629202453546,-0.9894397464987621,-0.7153077481400817,-0.193736594555953,0,0.0
13930,-0.7456819275415953,-0.4242629202453546,-0.23033272375672545,-0.30288482235681374,-0.5782789732714647,-0.4242629202453546,-0.5683831503384545,-0.019739899832927767,-0.39210085199562744,0,127.34
12991,-1.0586252714502915,-0.4242629202453546,-0.21443051873179866,-0.13179046226447816,-0.4080816508786965,-0.4242629202453546,0.06320174390200677,0.5028011205371232,-0.16270948920024214,0,200.2
15093,-1.0064680474655088,0.25697513141698475,0.4184520859979572,0.7859672927156367,0.003228544903826554,0.25697513141698475,-0.08416806475410092,1.522967298054282,1.179623674467637,1,569.9200000000001
16045,-0.9673501294769218,0.08666561850139992,-0.038149918907594,-0.0739757102944141,0.2868907488917735,0.08666561850139992,-0.002588349248041289,0.029572746129146583,0.5342719442624354,0,0.0
17663,-0.5109744196100733,0.08666561850139992,-0.09324844181193906,-0.2221791591805098,-0.2520674386853257,0.08666561850139992,-0.4631190012983777,-0.3787705678024164,-0.1217251066055229,0,786.38
17194,1.0407029939372119,-0.25395340732976973,-0.22138900819011958,-0.4467862246191683,-0.35134921008110714,-0.25395340732976973,-0.3315388149982816,-0.5405506519236077,-1.2266969811993358,0,0.0
13004,-1.0325466594579003,1.4491417218260785,0.3773181330470964,-0.11009431002140255,2.0172301932182504,1.4491417218260785,0.089517781162026,0.1979855253212602,2.1802029240303726,1,1870.82
12673,1.7317862117355827,-0.4242629202453546,-0.2284800726796444,-0.282951853940755,-0.3938985406792992,-0.4242629202453546,0.11583381842204521,-0.15470082562386808,-1.3026069824676647,0,389.62
18156,2.2924763695719967,-0.4242629202453546,-0.2342623836560019,-0.345164659951243,-0.010954565295570795,-0.4242629202453546,1.5368998304630832,-0.5111360911743003,-1.4332704080238416,0,488.76
14196,-1.1368611074274655,-0.4242629202453546,-0.20899834181221058,-0.07334480441335542,-0.6350114140690541,-0.4242629202453546,-0.7789114484186084,-0.2550563858273878,-0.16050882770316816,0,0.0
13368,0.8190347920018853,-0.25395340732976973,-0.16006795721862435,-0.11690474089688933,-0.3087998794829151,-0.25395340732976973,-0.3315388149982816,-0.18065484981443353,-0.6678156706096522,0,0.0
13230,-0.719603315549204,1.4491417218260785,0.1070928264958979,-0.3523774076204484,3.563189204952561,1.4491417218260785,0.8307528306525676,-0.36233301914839167,2.5897948668399553,1,560.4
16321,1.4579607858154733,-0.08364389441418492,-0.22801266071065607,-0.5505839573985716,-0.6491945242684515,-0.08364389441418492,-0.9543516968187364,-0.673781309435177,-1.6152773806394451,0,150.0
16356,0.04971573822634068,-0.08364389441418492,-0.2300318804166857,-0.5578256596855066,-0.43644787127749124,-0.08364389441418492,-0.5508391254984417,-0.6391759438477564,-0.59502015096381,0,0.0
13079,-0.6935247035568127,-0.4242629202453546,-0.2619807632569539,-0.6433911268586616,-0.7059269650660409,-0.4242629202453546,-1.0420718210188007,-0.732610430933792,-0.5379474895160556,0,196.3
14246,-1.0847038834426828,-0.08364389441418492,-0.015482987931490569,0.2116295911373318,0.08832720610021064,-0.08364389441418492,0.2210979674621221,0.1809712205741117,0.4349317408023561,0,0.0
15643,-0.028520097750833362,-0.08364389441418492,-0.15316725687646926,-0.28215941177130927,-0.28043365908412043,-0.08364389441418492,-0.5157510758184162,-0.4626885793519114,-0.2817531406626264,0,0.0
17597,0.25834463416547143,-0.4242629202453546,0.08145145571714138,3.051650890796004,0.05996098570141595,-0.4242629202453546,1.8000602030632753,3.3231384159119015,1.6966513889651327,1,0.0
12684,-0.3023455236709425,0.08666561850139992,-0.03155856030491486,-0.056246340680314144,-0.1953349978877363,0.08666561850139992,-0.3315388149982816,0.3557283167905857,0.18516424604874568,0,904.15
13184,-0.8239177635187694,0.9382131830793241,-0.015816125189387718,-0.38779804866742495,1.0102293690610382,0.9382131830793241,-0.17071858729816403,-0.155469833748033,1.1527888603769154,0,196.85
17394,0.33658047014264547,-0.4242629202453546,-0.23137462752759766,-0.3140948311999734,-0.6633776344678488,-0.4242629202453546,-0.8841755974586852,0.08753673348807607,-0.6377555735616213,0,0.0
15376,-0.9934287414693131,-0.25395340732976973,-0.09992988344864141,0.20661282263384065,0.6131022834779125,-0.25395340732976973,1.5632158677231025,0.1757804157359986,0.4861528545528493,0,244.34
18114,1.2623711958725383,-0.4242629202453546,-0.22861604707062286,-0.2844148240997318,-0.3229829896823125,-0.4242629202453546,0.3789941910222374,-0.556123066437947,-1.12542082093124,0,0.0
13736,0.8711920159866681,-0.4242629202453546,-0.20525734638041665,-0.03309483791450649,0.31525696929056823,-0.4242629202453546,2.9053337679840827,0.0425497582244293,-0.6820562011916688,0,372.27
17277,0.4408949181122109,-0.25395340732976973,-0.08495060460248069,0.28719504770298104,0.23015830809418414,-0.25395340732976973,0.7211026754024873,-0.002437217039217469,-0.1698527403977556,0,0.0
14438,1.471000091811669,-0.4242629202453546,-0.2436072236759942,-0.4457072841269229,-0.592462083470862,-0.4242629202453546,-0.621015224858493,-0.4626885793519114,-1.194994386305649,0,0.0
14437,2.240319145587214,-0.4242629202453546,-0.25531801809901106,-0.571705589068799,-0.6491945242684515,-0.4242629202453546,-0.8315435229386468,-0.5388203836442367,-1.5727382678105182,0,0.0
15805,-1.1368611074274655,1.2788322089104938,0.3371054065951144,-0.09698839714172806,1.407356454644164,1.2788322089104938,-0.15689602227269955,-0.03137988643960564,1.7775120099125237,1,1939.68
16126,-1.202057637408444,-0.08364389441418492,0.3639943424110979,1.5725819643614742,-0.13860255709014693,-0.08364389441418492,0.18600991778209622,0.5039546327233705,1.038253554512376,1,2581.07
15246,0.5843272840703633,-0.25395340732976973,-0.1786369599866155,-0.2167981720645233,-0.26625054888472305,-0.25395340732976973,-0.2262746659582047,-0.3190763121641159,-0.6174136630347388,0,0.0
16748,0.3105018581502541,-0.08364389441418492,-0.11132113805285895,-0.13208305629627345,-0.3371660998817098,-0.08364389441418492,-0.4982070509784033,-0.1789245815350625,-0.24067206751862275,0,605.7
15047,0.9885457699524292,-0.4242629202453546,-0.20762160110355404,-0.058532231553715376,-0.4080816508786965,-0.4242629202453546,0.06320174390200677,0.021786538871976947,-0.8575504009319983,0,0.0
14818,-0.31538482966713816,-0.25395340732976973,-0.1964020141679467,-0.3123666976996821,-0.3938985406792992,-0.25395340732976973,-0.43680296403835844,-0.3969383847358123,-0.3386259027597184,0,248.17
14937,-0.8239177635187694,-0.4242629202453546,-0.13692511587409642,0.7021025283522921,-0.5357296426732727,-0.4242629202453546,-0.41048692677833926,-0.15124028906512602,0.12751939784441396,0,862.3199999999999
12474,-0.7326426215453997,1.4491417218260785,0.39623387051208253,-0.09313452366801436,1.32225779344778,1.4491417218260785,-0.12539652312813093,-0.030121509509153946,1.6801368774171006,1,3427.71
18204,-1.0977431894388785,-0.25395340732976973,-0.03506160055249655,0.555576923367273,0.8825813772664621,-0.25395340732976973,2.4053290600437176,0.8229007522207638,0.8262025649946375,0,616.48
16738,1.353646337845908,-0.4242629202453546,-0.2653886214308507,-0.6800568164680175,-0.7059269650660409,-0.4242629202453546,-1.0420718210188007,-0.7360709674925341,-1.2930478929001674,0,0.0
12377,1.58835384577743,-0.25395340732976973,0.010702280411179618,0.801767370432586,0.30107385909117085,-0.25395340732976973,0.9316309734826411,0.8869206785574917,-0.11262048649792658,0,0.0
17865,-1.12382180143127,1.4491417218260785,0.9266971645971143,0.3824770750153401,1.3364409036471774,1.4491417218260785,0.045657719061994013,0.2723870613342145,2.017848076027062,1,3508.98
15205,-0.8630356815073564,-0.4242629202453546,-0.18507024835978225,0.18410136931258528,-0.37971543047990186,-0.4242629202453546,0.16846589294208367,-0.0681874116553166,0.004905365201120741,0,176.94
15665,-0.32842413566333384,-0.25395340732976973,0.11167856283164529,1.344977334024162,0.5847360630791179,-0.25395340732976973,1.9316403893633713,2.115411156910923,1.1593902411402537,1,0.0
17522,-0.719603315549204,0.08666561850139992,-0.11097270367597675,-0.2698536992361659,0.045777875502018596,0.08666561850139992,-0.21311664732819507,0.0598524410181396,0.23731815281411428,0,158.45999999999998
14808,-0.64136747957203,0.4272846443325696,0.045664695691507155,-0.12799283556013424,1.3506240138465746,0.4272846443325696,0.5281184021623461,-0.03069826560227769,1.106541172940552,1,884.78
17651,-0.4979351136138776,0.08666561850139992,-0.07090105065463491,-0.1620693727735509,0.017411655103223903,0.08666561850139992,-0.17364259143816624,-0.15643109390323912,0.25406275535291767,0,2796.99
15100,1.8230613537089524,-0.08364389441418492,-0.11713404326718664,-0.15293038106169277,-0.7059269650660409,-0.08364389441418492,-1.0420718210188007,-0.6541716022689721,-1.0577797320255198,0,0.0
18263,-0.4979351136138776,-0.25395340732976973,-0.12811397533869445,0.05499425278288351,-0.08187011629255754,-0.25395340732976973,0.089517781162026,1.0668685796120787,0.24865686265745127,0,401.76
17682,-1.0195073534617045,0.25697513141698475,0.05680269799252739,0.007758603774920427,-0.16696877748894162,0.25697513141698475,-0.15785296908215465,-0.06195844584958085,0.4964951129305654,1,574.98
16418,0.4278556121160152,-0.4242629202453546,-0.24122597215398453,-0.42008701921784186,-0.46481409167628596,-0.4242629202453546,-0.14732655417814702,-0.4453858965582011,-0.7870240838857371,0,485.21
14055,-1.1368611074274655,-0.4242629202453546,-0.1426904300515816,0.6400725936116766,-0.5782789732714647,-0.4242629202453546,-0.5683831503384545,0.0010233195195245904,0.24558820804001852,0,0.0
17870,-0.9151929054921392,0.4272846443325696,-0.16377835841244812,-0.5035647060599571,0.11669342649900534,0.4272846443325696,-0.533295100658429,-0.5220944569436501,0.2645609588937206,0,1264.32
13895,-0.6544067855682256,-0.25395340732976973,-0.10671500555846483,0.17011171716736967,-0.16696877748894162,-0.25395340732976973,0.089517781162026,0.00794439263700871,0.09398046673769496,0,1655.77
14276,-0.17195246370898576,-0.25395340732976973,-0.1435810623124903,-0.028212175008921432,-0.1953349978877363,-0.25395340732976973,0.036885706641987544,0.13944478186920697,-0.16736080413299803,0,399.34
12600,-1.0586252714502915,0.7679036701637393,0.06312720685291139,-0.2442380061088317,-0.35134921008110714,0.7679036701637393,-0.7723324391036036,-0.5111360911743003,0.5589996659451415,1,662.48
17548,0.5191307540893849,-0.4242629202453546,-0.2484683081534729,-0.49800846731034315,-0.6491945242684515,-0.4242629202453546,-0.8315435229386468,-0.5457414567617208,-0.8610490288325673,0,0.0
13900,-0.14587385171659442,-0.08364389441418492,-0.140088220144232,-0.23525293104911593,-0.12441944689074957,-0.08364389441418492,-0.34031082741828794,-0.2504423370823984,-0.19621102881110256,0,0.0
18282,-0.8760749875035521,-0.4242629202453546,-0.24899350923862706,-0.503659189549391,-0.6208283038696568,-0.4242629202453546,-0.7262793738985699,-0.4869123352631058,-0.584659891062956,0,77.84
16384,0.9103099339752551,-0.4242629202453546,-0.19649209720196995,0.06121187595853493,-0.37971543047990186,-0.4242629202453546,0.16846589294208367,-0.054345265420348364,-0.8499387408504919,0,175.4
15023,-1.0064680474655088,0.7679036701637393,0.5885679468711775,0.46242458438529943,3.1235127887712433,0.7679036701637393,1.6553219981331697,0.2021670069964068,2.401541855932018,1,1692.44
17243,-1.0455859654540958,1.960070260572833,0.3984247578867224,-0.2103190429729548,0.9534969282634489,1.960070260572833,-0.3543460472902982,-0.42854461863898974,1.7126403911768249,1,4630.78
15596,0.2713839401616671,0.08666561850139992,-0.029823187140052696,-0.0515785515168288,0.003228544903826554,0.08666561850139992,-0.10785249828811817,-0.26284259308455743,-0.043303047606475374,0,0.0
17370,-0.31538482966713816,-0.4242629202453546,-0.24721054503692247,-0.48447599333980784,-0.6066451936702594,-0.4242629202453546,-0.6736472993785315,-0.47653072558687964,-0.5328744497153375,0,335.48
18095,1.549235927788843,-0.25395340732976973,-0.16743606952976772,-0.15654208864166666,-0.43644787127749124,-0.25395340732976973,-0.5420671130784354,-0.021470168112298797,-0.8147412833680181,0,0.0
15529,-0.6674460915644214,0.7679036701637393,0.13972668033071992,-0.14121976211725823,3.2511607805658196,0.7679036701637393,1.4316356814230065,0.12949573926282354,2.151903424717843,1,1575.37
14895,-1.0847038834426828,1.108522695994909,0.7676700153081845,0.42525554160562073,1.8753990912242766,1.108522695994909,0.4158366431862643,0.09307359198206336,2.0323107933859577,1,5057.0
15007,-0.44577788962909487,-0.4242629202453546,-0.23935632427803116,-0.399971179531911,-0.54991275287267,-0.4242629202453546,-0.4631190012983777,-0.5076755546155581,-0.6640376569139002,0,0.0
16185,0.5060914480931892,-0.4242629202453546,-0.20908672516634655,-0.0742957350166903,-0.45063098147688857,-0.4242629202453546,-0.09469447965810857,-0.21699048368122514,-0.7072449506421937,0,194.41
17604,0.3105018581502541,-0.25395340732976973,-0.21344470439720506,-0.4040492088500588,0.08832720610021064,-0.25395340732976973,0.563206451842372,-0.45403723795505624,-0.512895800467247,0,0.0
13126,0.7799168740132983,0.25697513141698475,-0.08289909097859367,-0.29285616191702785,0.14505964689780004,0.25697513141698475,-0.39996051187433157,-0.011434612091946805,-0.13619114407946636,0,1022.22
16212,1.1710960538991686,-0.4242629202453546,-0.18135644780618398,0.2240587417796388,-0.29461676928351777,-0.4242629202453546,0.48425834006231433,-0.22391155679870928,-0.7970685003249991,0,192.19
12465,-0.31538482966713816,-0.4242629202453546,-0.1910803164410286,0.11943808828581114,-0.35134921008110714,-0.4242629202453546,0.27373004198216055,0.27094517110140526,-0.1948924341298553,0,301.25
18118,-0.602249561583443,2.4709987993195877,0.4247341028611604,-0.27402570406799803,4.314894045520621,2.4709987993195877,1.4404076938430121,-0.3506056452548769,3.482690351987803,1,1561.02
14209,-0.9412715174845304,0.25697513141698475,0.05289003489212322,-0.0006607894899909731,0.045777875502018596,0.25697513141698475,-0.24206428831421625,-0.29173807335005364,0.4993274352137082,1,197.1
13940,-1.0064680474655088,-0.25395340732976973,-0.19955831971853344,-0.32934629510730645,-0.3655323202805045,-0.25395340732976973,-0.38417088951832,-0.3311881901197131,-0.054194362784891446,0,448.08
15746,-0.7717605395339867,-0.4242629202453546,-0.2325627037687716,-0.32687753296403316,-0.3229829896823125,-0.4242629202453546,0.3789941910222374,-0.13047706971267367,-0.25309176361161895,0,0.0
17816,0.9885457699524292,-0.25395340732976973,-0.26240398354887423,-0.6674295552833491,-0.5640958630720674,-0.25395340732976973,-0.8052274856786276,-0.7083866750225976,-1.1366654034555506,0,15.25
17690,-1.202057637408444,1.2788322089104938,0.3281022022324555,-0.10579448001911437,1.32225779344778,1.2788322089104938,-0.20952809679273798,-0.35320978640261713,1.7115134847251479,1,1231.27
12997,0.5582486720779719,-0.25395340732976973,-0.16260557929025918,-0.13055608119284146,-0.29461676928351777,-0.25395340732976973,-0.2262746659582047,-0.22737209335745134,-0.5340240015456721,0,618.42
14016,-0.41969927763670356,0.08666561850139992,0.4718407309357485,1.2977919746154136,1.4640888954417535,0.08666561850139992,1.0237371038927083,1.0919574696629588,1.61616467164824,1,0.0
16705,-0.64136747957203,0.9382131830793241,1.126764784443107,0.9781141997762484,0.428721850885747,0.9382131830793241,-0.28183074461824525,0.5950820954369115,1.3713748534211045,1,5840.56
16293,0.1801087981882974,0.08666561850139992,-0.07400636580860469,-0.17042201802495902,0.102510316299608,0.08666561850139992,-0.29206475910825275,-0.3026387635100911,-0.07233112263184342,0,1119.25
13592,0.15403018619590605,-0.08364389441418492,-0.23109588002609188,-0.5616415735168377,-0.54991275287267,-0.08364389441418492,-0.8666315726186725,-0.6645532119451982,-0.5895081437542479,0,42.45
16271,-0.8891142934997478,-0.08364389441418492,-0.11842070094181997,-0.15754483277146536,0.003228544903826554,-0.08364389441418492,0.2210979674621221,0.028707611989461066,0.2513388825379344,0,536.21
13546,0.0888336562149277,-0.4242629202453546,-0.23504763576390234,-0.353613312619334,-0.35134921008110714,-0.4242629202453546,0.27373004198216055,-0.3761751653833599,-0.8435792100471183,0,438.83
17422,-0.6674460915644214,0.08666561850139992,-0.04571689376554335,-0.09432928263117869,0.3719894100881576,0.08666561850139992,0.023727688011977933,0.4266693162447979,0.5647025958338533,0,683.19
14608,2.201201227598627,-0.4242629202453546,-0.23135253168906364,-0.3138570985491397,-0.7059269650660409,-0.4242629202453546,-1.0420718210188007,-0.5803468223491414,-1.4050523653692433,0,1581.15
12849,0.9755064639562334,-0.4242629202453546,-0.15234291213116258,0.5362199994513113,-0.2520674386853257,-0.4242629202453546,0.6947866381424681,0.9457498000561068,-0.3086888480077189,0,341.44
12688,-1.0455859654540958,-0.4242629202453546,0.5623656817296351,8.225883749065117,1.7052017688315084,-0.4242629202453546,7.905380847387735,9.732052122702196,6.185742813806696,1,0.0
16976,0.9624671579600378,-0.4242629202453546,-0.22327565286494522,-0.22695667110591833,-0.6917438548666435,-0.4242629202453546,-0.9894397464987621,-0.44192535999945903,-0.971530853351199,0,0.0
16728,-0.3545027476557252,-0.08364389441418492,-0.17283085349183677,-0.35268066914298624,0.8825813772664621,-0.08364389441418492,1.3965476317429808,-0.3773286775696072,0.20500312400082998,0,499.97
18233,1.718746905739387,-0.4242629202453546,-0.19124008635042827,0.11771909834901341,-0.7059269650660409,-0.4242629202453546,-1.0420718210188007,-0.732610430933792,-1.0969310732732296,0,0.0
17289,-0.17195246370898576,-0.4242629202453546,-0.23807476564305952,-0.3861826857835548,-0.29461676928351777,-0.4242629202453546,0.5895224891023912,-0.28966175141480843,-0.5961373458821738,0,766.57
13899,1.0537422999334074,-0.4242629202453546,-0.21529055675473718,-0.14104374852000634,-0.507363422274478,-0.4242629202453546,-0.30522277773826234,-0.324267117002229,-1.0343376996488878,0,90.02
16153,-1.0195073534617045,0.08666561850139992,-0.0920569662109906,-0.21897434017600126,-0.010954565295570795,0.08666561850139992,-0.35785485225830077,-0.28793148313543737,0.3695565451195277,0,800.69
13962,0.675602426043733,-0.4242629202453546,-0.24603776591473356,-0.47185787571863297,-0.6208283038696568,-0.4242629202453546,-0.7262793738985699,-0.6426364804064985,-0.9329292837840876,0,51.95
15974,-0.7847998455301823,0.25697513141698475,0.16690456172753262,0.2446793061704167,0.6982009446742966,0.25697513141698475,0.21057155255811444,0.3097031805593163,0.9860405631857154,1,895.02
15955,-1.1368611074274655,0.7679036701637393,0.15271563402893396,-0.12375098406272599,0.24434141829358147,0.7679036701637393,-0.5091720665034113,-0.2693310991321988,0.9134512738701112,1,1952.61
12662,-1.12382180143127,0.5975941572481545,0.1850112515661971,0.00634004521005543,0.6414685038767072,0.5975941572481545,0.08575834726773746,-0.054345265420348364,1.0928484427514134,1,1196.12
16072,1.2362925838801468,-0.4242629202453546,-0.1667103062179204,0.38163891502842623,-0.3938985406792992,-0.4242629202453546,0.11583381842204521,-0.26197745894487195,-0.7544519594435133,0,0.0
16349,1.2623711958725383,-0.4242629202453546,-0.25693271399187984,-0.5890783597066483,-0.592462083470862,-0.4242629202453546,-0.621015224858493,-0.7153077481400817,-1.212088888190322,0,0.0
14552,-0.5500923375986603,-0.4242629202453546,-0.23811385828046583,-0.3866032897042606,0.08832720610021064,-0.4242629202453546,1.9053243521033523,-0.4350042868819749,-0.4242017612062151,0,0.0
13167,-0.8239177635187694,-0.25395340732976973,-0.19505586769726033,-0.30512499541274696,-0.2520674386853257,-0.25395340732976973,-0.14732655417814702,0.026977343710090036,-0.12275865816011487,0,373.78
13956,-0.719603315549204,-0.08364389441418492,-0.15111574325258226,-0.2748018910134551,0.6272853936773098,-0.08364389441418492,0.800050787182545,-0.3069644342085187,0.2531209086042393,0,343.2
17501,0.34961977613884115,-0.25395340732976973,-0.21697323984309522,-0.42303124666278263,-0.46481409167628596,-0.25395340732976973,-0.621015224858493,-0.4696096524693955,-0.7109789819119817,0,0.0
12808,-0.11979523972420307,-0.25395340732976973,-0.21820550776133718,-0.4296603301956462,-0.4931803120750806,-0.25395340732976973,-0.6736472993785315,-0.5595836029966891,-0.4536718499196592,0,202.3
14081,1.4188428678268863,-0.25395340732976973,-0.10938010362164195,0.15577460960939718,1.0669618098586278,-0.25395340732976973,2.852701693464044,0.27786624421888934,-0.3466005127270743,0,0.0
15491,-0.18499176970518144,0.08666561850139992,0.14358835303450715,0.41486205298243983,0.6840178344748993,0.08666561850139992,0.6026805077324008,0.3046854025491403,0.6704619730839696,1,299.16
14524,-0.19803107570137712,0.25697513141698475,-0.09115103683109686,-0.31061296222160867,0.8825813772664621,0.25697513141698475,0.33688853140620667,-0.45853593548142085,0.4230523172029839,0,814.96
15865,0.25834463416547143,-0.4242629202453546,-0.2126679506887408,-0.1128267115787415,-0.4931803120750806,-0.4242629202453546,-0.2525907032182239,-0.13047706971267367,-0.5502191141511252,0,581.2
13320,-1.1368611074274655,-0.08364389441418492,-0.0992619092529599,-0.08883400097152214,0.11669342649900534,-0.08364389441418492,0.1333778432620578,0.1613615134079066,0.5221703362122512,0,551.05
14865,2.3185549815643878,-0.4242629202453546,-0.25970319220806526,-0.6188863766958005,-0.6775607446672461,-0.4242629202453546,-0.9368076719787237,-0.41424106752952256,-1.749475506341506,0,15.0
14090,1.7057075997431914,-0.4242629202453546,-0.2530540444892203,-0.5473471359218354,-0.7059269650660409,-0.4242629202453546,-1.0420718210188007,-0.497293944939332,-1.2984351937355623,0,0.0
17736,-1.0455859654540958,-0.4242629202453546,-0.21376254453611715,-0.12460362135850465,-0.3938985406792992,-0.4242629202453546,0.11583381842204521,-0.009358290156701587,-0.17789015391784638,0,69.95
16804,1.001585075948625,-0.4242629202453546,-0.24596128031980818,-0.47103495500420856,-0.45063098147688857,-0.4242629202453546,-0.09469447965810857,-0.6287943341715302,-1.1011248873692818,0,418.94
13355,-0.9282322114883348,-0.4242629202453546,-0.15134859939713283,0.5469179687388294,-0.26625054888472305,-0.4242629202453546,0.5895224891023912,0.3401559022762464,0.26914401581115616,0,0.0
18170,-1.0586252714502915,-0.25395340732976973,-0.1546102851007278,-0.08754475851892386,-0.3371660998817098,-0.25395340732976973,-0.30522277773826234,-0.31561577560537385,0.05577084891317754,0,324.8
18048,0.12795157420351472,-0.25395340732976973,-0.23674221661147096,-0.5293800336569018,-0.6350114140690541,-0.25395340732976973,-0.9104916347187044,-0.5267085056886395,-0.769603941403995,0,0.0
18269,2.2533584515834097,-0.4242629202453546,-0.23736939848985897,-0.37859352808386265,-0.6208283038696568,-0.4242629202453546,-0.7262793738985699,-0.4834517987043637,-1.5784997969612595,0,0.0
14704,-0.6674460915644214,-0.25395340732976973,-0.23075764372853302,-0.4971855465959187,0.07414409590081329,-0.25395340732976973,0.5105743773223336,-0.5716954809522863,-0.19628731221323584,0,1286.46
14114,1.0407029939372119,-0.25395340732976973,-0.20032827470744877,-0.3334883293699095,-0.507363422274478,-0.25395340732976973,-0.6999633366385507,-0.5716954809522863,-0.855338925633395,0,0.0
13520,-0.7326426215453997,0.25697513141698475,0.23503623000715967,0.39128720322687827,-0.15278566728954426,0.25697513141698475,-0.3368020224502854,0.16159221584515607,0.5911832189856996,1,676.37
16572,-0.8630356815073564,-0.08364389441418492,-0.09442631997378965,-0.0714917088786514,-0.15278566728954426,-0.08364389441418492,-0.09469447965810857,-0.13278409408516834,0.16998330106152412,0,0.0
13848,1.353646337845908,-0.25395340732976973,-0.10710593193252779,0.16800869756384057,-0.6775607446672461,-0.25395340732976973,-0.9894397464987621,3.9252717771330206,0.4541799964271991,0,320.0
13109,-0.47185650162148624,-0.4242629202453546,-0.20316334075934891,-0.010565097466263837,-0.37971543047990186,-0.4242629202453546,0.16846589294208367,0.1532869281041752,-0.10712476660403789,0,416.69
15407,-0.13283454572039874,-0.08364389441418492,-0.14012561310175106,-0.23538703664702212,0.15924275709719737,-0.08364389441418492,-0.00697435545804443,-0.366947067893381,0.011127489788559496,0,306.01
15976,-0.3675420536519209,-0.25395340732976973,-0.19334089069104496,-0.2958991398476996,0.4570880712845417,-0.25395340732976973,1.4316356814230065,-0.2706288003417271,-0.11255604303815864,0,0.0
17941,-0.8239177635187694,-0.4242629202453546,-0.21426055074307562,-0.12996174956575715,-0.6917438548666435,-0.4242629202453546,-0.9894397464987621,0.12560263563423874,-0.10353623639664557,0,0.0
16805,-0.2632276056823555,-0.25395340732976973,-0.18774044546262106,-0.26577109813627137,0.6131022834779125,-0.25395340732976973,1.4842677559430448,0.18616202541222476,0.02286278807192381,0,0.0
17653,-0.9543108234807262,-0.4242629202453546,-0.2382804269094144,-0.3883954281490071,-0.6633776344678488,-0.4242629202453546,-0.8841755974586852,0.2813267807776314,-0.24891506365354626,0,1044.32
17051,0.010597820237753656,-0.4242629202453546,-0.22508241258507106,-0.24639588709332247,-0.15278566728954426,-0.4242629202453546,1.1158432343027758,-0.1270165331539316,-0.4807007432730557,0,0.0
16036,0.9103099339752551,-0.4242629202453546,-0.23394794287686432,-0.3417815414586092,-0.5640958630720674,-0.4242629202453546,-0.5157510758184162,-0.3069644342085187,-1.0585498737673396,0,570.19
15410,-0.8369570695149651,0.4272846443325696,0.1933413826935129,0.13682000248715412,-0.11023633669135223,0.4272846443325696,-0.2876787528982495,-0.20603211791187534,0.47062671284001445,1,748.1700000000001
17648,-0.01548079175463769,-0.08364389441418492,-0.07780515035656442,-0.011881770609342894,0.15924275709719737,-0.08364389441418492,0.045657719061994013,-0.41308755534327524,-0.022622411580211197,0,690.11
18224,0.9103099339752551,-0.4242629202453546,-0.23900958958103619,-0.39624060562652014,-0.5782789732714647,-0.4242629202453546,-0.5683831503384545,-0.5076755546155581,-1.0715866122468045,0,0.0
14527,-1.12382180143127,6.047498570546869,0.6069975758884157,-0.44606833765974735,2.9249492459796804,6.047498570546869,-0.2593384050797673,-0.6334083829165197,4.920408350949148,1,3370.73
12834,1.1580567479029729,-0.4242629202453546,-0.2129314010712615,-0.11566121626175906,-0.46481409167628596,-0.4242629202453546,-0.14732655417814702,-0.36579355570713373,-0.9819326346505948,0,0.0
15071,1.0667816059296031,-0.4242629202453546,-0.1659709454669752,0.3895938152678628,-0.54991275287267,-0.4242629202453546,-0.4631190012983777,-0.17546404497632045,-0.6573182462858259,0,393.4
13362,0.675602426043733,-0.25395340732976973,0.002783471816573606,0.7591675081158806,0.5847360630791179,-0.25395340732976973,1.3526875696429488,0.5114524619339784,0.18531248527816618,0,1509.21
14586,1.0798209119257989,-0.4242629202453546,-0.22568239958526332,-0.25285124291980754,-0.45063098147688857,-0.4242629202453546,-0.09469447965810857,0.7900256549127141,-0.8538082281204563,0,0.0
15412,-0.28930621767474685,-0.4242629202453546,-0.23364200049716288,-0.3384898586009114,-0.5782789732714647,-0.4242629202453546,-0.5683831503384545,-0.3727146288246178,-0.5644776021386111,0,0.0
17406,1.8230613537089524,-0.08364389441418492,0.10525547253780194,0.6446443753584787,0.6840178344748993,-0.08364389441418492,0.8526828617025835,0.1532869281041752,-0.09995887684530404,1,0.0
16905,0.5582486720779719,-0.08364389441418492,-0.1262817204202602,-0.1857374868767473,-0.09605322649195489,-0.08364389441418492,-0.11223850449812132,-0.4465394087444485,-0.4083529672289317,0,2215.42
15703,0.9233492399714508,-0.4242629202453546,-0.23007777177364092,-0.3001417533087323,-0.6491945242684515,-0.4242629202453546,-0.8315435229386468,-0.5180571642917843,-1.2587020193671383,0,0.0
16647,-0.31538482966713816,-0.25395340732976973,-0.22964265372250997,-0.4911873689441139,-0.54991275287267,-0.25395340732976973,-0.7262793738985699,-0.4938334083805899,-0.45193459466768443,0,0.0
15422,1.6926682937469957,-0.25395340732976973,-0.24942012889032186,-0.5975818737557009,-0.6350114140690541,-0.25395340732976973,-0.9368076719787237,-0.6807023825526611,-1.378573229831853,0,0.0
16791,-0.9282322114883348,0.25697513141698475,-0.13143345015845526,-0.39729394414098346,0.8542151568676675,0.25697513141698475,0.44215268044628353,-0.5145966277330423,0.5762241232524462,0,913.91
14829,-0.11979523972420307,-0.08364389441418492,-0.1756659195437369,-0.36284831174787496,-0.2520674386853257,-0.08364389441418492,-0.4982070509784033,-0.3265741413747238,-0.343556400984336,0,165.92
13072,0.949427851963842,-0.4242629202453546,-0.23591617218627703,-0.3629580345097982,-0.6208283038696568,-0.4242629202453546,-0.7262793738985699,-0.5076755546155581,-1.1971985560100105,0,0.0
13258,0.15403018619590605,-0.4242629202453546,-0.2322244674712128,-0.32323839469357835,-0.54991275287267,-0.4242629202453546,-0.41048692677833926,-0.47999126214562166,-0.8219681771125598,0,473.96
14205,0.9233492399714508,-0.4242629202453546,-0.22814013670219835,-0.279294428543313,-0.5215465324738753,-0.4242629202453546,-0.35785485225830077,-0.3104249707672608,-1.054715852157649,0,243.8
16810,-0.01548079175463769,-0.4242629202453546,-0.21341411015923492,-0.1208547603261266,-0.507363422274478,-0.4242629202453546,-0.30522277773826234,-0.35195140947216547,-0.5181937760192403,0,0.0
17303,2.1881619216024313,-0.4242629202453546,-0.2235272054882553,-0.22966316590002542,0.03159476530262125,-0.4242629202453546,1.6947960540231983,-0.2481353127099037,-1.29877217945576,0,0.0
16768,-1.1759790254160525,-0.25395340732976973,-0.2173318722993008,-0.42496053855993327,-0.15278566728954426,-0.25395340732976973,0.036885706641987544,-0.5941889685841096,-0.09414140892226786,0,191.6
12565,1.2362925838801468,-0.4242629202453546,-0.24122427247409728,-0.42006873209085466,-0.592462083470862,-0.4242629202453546,-0.621015224858493,-0.4696096524693955,-1.2145918915983522,0,0.0
12354,0.5060914480931892,-0.4242629202453546,-0.08256255436092207,1.2869979979112132,0.102510316299608,-0.4242629202453546,1.9579564266233906,1.0876317989645312,0.29410073169757023,0,0.0
17630,-0.31538482966713816,-0.25395340732976973,-0.1804301222676435,-0.22644463155027647,-0.37971543047990186,-0.25395340732976973,-0.41048692677833926,-0.4730701890281376,-0.30908117690907716,0,0.0
13065,2.3446335935567792,-0.4242629202453546,-0.23103639123003877,-0.31045569292951863,-0.5215465324738753,-0.4242629202453546,-0.35785485225830077,-0.49037287182184786,-1.501482841455074,0,0.0
15306,-0.5892102555872473,-0.4242629202453546,-0.207451633114831,-0.05670351885499439,-0.4789972018756833,-0.4242629202453546,-0.19995862869818545,0.21557658616153227,-0.10691714376823698,0,829.73
17624,0.3105018581502541,-0.4242629202453546,-0.19798781550273262,0.045119204209790216,-0.3655323202805045,-0.4242629202453546,0.2210979674621221,0.3332348291587623,-0.4088192443638275,0,443.18
18161,-0.6935247035568127,-0.08364389441418492,-0.13493649040603695,-0.21677683708303824,-0.37971543047990186,-0.08364389441418492,-0.4631190012983777,-0.3000433610910346,-0.08656464780169289,0,847.4300000000001
15775,0.675602426043733,-0.4242629202453546,-0.24819635937151602,-0.49508252699238964,-0.6208283038696568,-0.4242629202453546,-0.7262793738985699,-0.5111360911743003,-0.9826896819103964,0,0.0
15361,2.1881619216024313,-0.4242629202453546,-0.19482301155270976,0.07916983465997501,-0.6208283038696568,-0.4242629202453546,-0.7262793738985699,0.4162877065685717,-1.0495371610454622,0,0.0
14735,-1.0847038834426828,3.152236850981927,0.3282347772636594,-0.39628964837616776,0.21597519789478678,3.152236850981927,-0.8100122197259038,-0.5386630865279303,1.9399893877535066,1,2569.38
13299,0.9755064639562334,-0.4242629202453546,-0.24180556299553008,-0.42632292952048045,-0.6491945242684515,-0.4242629202453546,-0.8315435229386468,-0.6426364804064985,-1.023759269163946,0,0.0
16358,-0.11979523972420307,-0.4242629202453546,-0.1874752954002131,0.15822508462568324,-0.4080816508786965,-0.4242629202453546,0.06320174390200677,0.018326002313234887,-0.2363772931640051,0,1565.35
15569,-1.1759790254160525,0.25697513141698475,-0.03219933962240068,-0.1837588197367312,-0.3371660998817098,0.25697513141698475,-0.7683850335146007,-0.28550910754431796,0.34370010425537656,0,0.0
17706,-1.0977431894388785,1.2788322089104938,1.0515318535946319,0.6017959743613563,2.6696532623905282,1.2788322089104938,0.3120079143603703,0.1812858148067245,2.684265288376052,1,2476.99
17658,0.2322660221730801,-0.4242629202453546,-0.2120441681701273,-0.10611533597443544,-0.592462083470862,-0.4242629202453546,-0.621015224858493,0.0010233195195245904,-0.6674308041177811,0,277.82
16392,0.9885457699524292,-0.4242629202453546,-0.22899167632570078,-0.2884562791639052,-0.13860255709014693,-0.4242629202453546,1.1684753088228141,-0.050884728861606304,-1.0729755237548622,0,0.0
13319,-1.0455859654540958,2.4709987993195877,0.9062551145933954,0.013794371632199065,1.5208213362393428,2.4709987993195877,-0.12685852519813204,-0.1748872888831968,2.3576300667789143,1,3948.48
12944,2.0968867796290613,-0.4242629202453546,-0.2172536870244882,-0.16216538019023377,-0.5215465324738753,-0.4242629202453546,-0.35785485225830077,-0.24467477615116162,-1.355226846125805,0,317.56
12490,-0.719603315549204,0.08666561850139992,0.08966770829201273,0.2698268488468784,0.2727076386923762,0.08666561850139992,0.27373004198216055,0.25623789072675146,0.5589993329022923,1,2901.16
16532,-0.7587212335377911,-0.25395340732976973,0.5016854100756256,3.4430502697032574,-0.6917438548666435,-0.25395340732976973,-1.0157557837587814,1.9112394999451414,1.8476070721412006,1,2232.0
17678,0.9103099339752551,-0.4242629202453546,-0.21535684427033916,-0.1417569464725075,-0.4931803120750806,-0.4242629202453546,-0.2525907032182239,-0.030121509509153946,-0.8816922816270834,0,0.0
14408,-0.8239177635187694,0.25697513141698475,0.07204202786143439,0.04055107988838521,0.11669342649900534,0.25697513141698475,-0.10522089456211622,0.14636585498669108,0.6165130286197492,1,610.02
15577,-0.5500923375986603,-0.08364389441418492,-0.22202468846794368,-0.5291087746065913,-0.16696877748894162,-0.08364389441418492,-0.41048692677833926,-0.6437899925927458,-0.1609142633207378,0,0.0
14593,0.06275504422253635,-0.25395340732976973,-0.20830657209810785,-0.3764082164088911,0.045777875502018596,-0.25395340732976973,0.5895224891023912,-0.5422809202029788,-0.40999502146690714,0,277.56
16022,0.8711920159866681,-0.4242629202453546,-0.1635981923444017,0.41512264454200765,0.24434141829358147,-0.4242629202453546,2.6421733953838906,0.1359842453104649,-0.48732360750770665,0,0.0
16963,-0.08067732173561605,-0.4242629202453546,-0.24723604023523094,-0.48475030024461596,-0.6208283038696568,-0.4242629202453546,-0.7262793738985699,-0.6253337976127882,-0.6739208766072404,0,0.0
15467,-0.6283281735758344,-0.25395340732976973,-0.19760368784821858,-0.3188311970896608,-0.20951810808713367,-0.25395340732976973,-0.06837844239808935,-0.33983953151656826,-0.36158126548821234,0,122.32
15140,-1.0195073534617045,0.25697513141698475,0.027697379603595515,-0.054871148730875945,0.03159476530262125,0.25697513141698475,-0.49469824601040074,0.12975527950472918,0.6057131687402059,1,626.14
15544,-0.9673501294769218,0.5975941572481545,0.20518815150750813,0.037352400133650904,0.6272853936773098,0.5975941572481545,0.4090696621765452,0.34707697539373056,1.0334485426120565,1,774.34
13565,1.8361006597051481,-0.4242629202453546,-0.24729892839105844,-0.48542692394314274,-0.5357296426732727,-0.4242629202453546,-0.41048692677833926,-0.47653072558687964,-1.4033974153225044,0,130.04
17311,1.6013931517736257,-0.4242629202453546,-0.17144561438374403,0.3306909792420597,-0.37971543047990186,-0.4242629202453546,0.16846589294208367,0.6723674119154841,-0.7162672456908201,0,828.39
12935,-1.0977431894388785,0.08666561850139992,-0.005067349582543217,0.015009449625349098,0.102510316299608,0.08666561850139992,0.11583381842204521,0.3505375119524726,0.5054337353071184,0,625.36
17697,0.5582486720779719,-0.4242629202453546,-0.20841535161089056,-0.06707231985674242,-0.45063098147688857,-0.4242629202453546,-0.09469447965810857,-0.4246226772057487,-0.7195689323145278,0,0.0
16967,-0.054598709743224706,-0.4242629202453546,-0.2118028136261406,-0.10351856394225172,-0.4222647610780939,-0.4242629202453546,0.010569669381968322,0.4059060968923455,-0.3209401133446735,0,0.0
17139,-0.9282322114883348,0.5975941572481545,0.898564063103678,1.1030869742475555,2.2299768462092104,0.5975941572481545,1.0556922919941598,0.8355069925418958,2.353377720021529,1,3798.95
16628,-1.1368611074274655,0.08666561850139992,0.009294945464552925,0.053641005385829964,0.1876089774959921,0.08666561850139992,0.05004372527199716,-0.016279363274185707,0.6036029823219984,0,568.21
14342,-0.7326426215453997,-0.25395340732976973,-0.19468363780195688,-0.3031225550076475,-0.5640958630720674,-0.25395340732976973,-0.8052274856786276,-0.44192535999945903,-0.23587403099195384,0,248.82
16113,-0.13283454572039874,-0.4242629202453546,-0.23859656736843923,-0.39179683376862817,-0.29461676928351777,-0.4242629202453546,0.48425834006231433,-0.13739814283015778,-0.5310915985035312,0,0.0
15483,-0.41969927763670356,0.08666561850139992,-0.22773901224881202,-0.5839305334597488,0.32944007948996556,0.08666561850139992,0.010569669381968322,-0.49469854252027545,-0.1007500702537641,0,0.0
17950,2.240319145587214,-0.25395340732976973,-0.22129552579632186,-0.44628332862702,-0.20951810808713367,-0.25395340732976973,-0.06837844239808935,-0.4246226772057487,-1.4716940121471502,0,219.03
17924,1.4058035618306906,-0.25395340732976973,-0.18066807745185573,-0.22772473043938118,-0.6917438548666435,-0.25395340732976973,-1.0157557837587814,-0.5595836029966891,-0.9882981548427782,0,2460.3
15350,2.3446335935567792,-0.4242629202453546,-0.24636920349274344,-0.475423865481139,-0.6491945242684515,-0.4242629202453546,-0.8315435229386468,-0.5699652126729152,-1.5176918033287585,0,0.0
14690,-0.5500923375986603,-0.4242629202453546,-0.2298976057055945,-0.298203317848088,-0.3229829896823125,-0.4242629202453546,0.3789941910222374,-0.45576750623442724,-0.4068595042633208,0,142.49
17266,-0.602249561583443,-0.4242629202453546,-0.2468094205835361,-0.4801602313708263,-0.4789972018756833,-0.4242629202453546,-0.19995862869818545,-0.6530180900827246,-0.5158178730618512,0,183.52
13118,0.19314810418449307,-0.08364389441418492,-0.13010260080675393,-0.19944064069916323,-0.15278566728954426,-0.08364389441418492,-0.2525907032182239,-0.43039023813698557,-0.2905125166546336,0,398.11
13953,-1.0195073534617045,0.25697513141698475,0.1766318297221517,0.2656107517199773,-0.6066451936702594,0.25697513141698475,-0.9683869166907468,0.6709831972919874,0.6865331849460483,1,911.32
16309,-1.1368611074274655,-0.25395340732976973,-0.1459317195965298,-0.040857723320576994,-0.16696877748894162,-0.25395340732976973,0.010569669381968322,0.061582709297510634,0.21643971270949677,0,0.0
14456,-0.8108784575225737,-0.08364389441418492,-0.15781588136804417,-0.2988311758746489,2.4001741686019784,-0.08364389441418492,3.133406090904249,-0.08202955789028483,1.036459204287275,0,2380.63
14570,1.1319781359105816,-0.25395340732976973,-0.22896278176761783,-0.48752994354667195,-0.3087998794829151,-0.25395340732976973,-0.3315388149982816,-0.5820770906285124,-0.9689123150250302,0,0.0
16216,0.9624671579600378,-0.4242629202453546,-0.11051718946619904,0.986229620352572,-0.1953349978877363,-0.4242629202453546,0.8526828617025835,0.13252370875172284,-0.3127306071714261,0,0.0
12406,-0.13283454572039874,-0.4242629202453546,0.009534600328652413,2.27788597371318,-0.03932078569436549,-0.4242629202453546,1.4842677559430448,1.997752913913693,1.1836375498221923,0,1794.05
14056,-1.12382180143127,2.3006892864040025,0.6405781514204251,-0.11313221417076316,3.1660621193694354,2.3006892864040025,1.1715713132063459,-0.16345394750774506,3.0171837181936993,1,2818.74
17838,1.2884498078649296,-0.08364389441418492,0.015271019948054718,0.3219253497061903,0.1876089774959921,-0.08364389441418492,0.2210979674621221,0.43243687717603474,-0.10840630978460622,1,1065.8
14075,0.8842313219828637,-0.4242629202453546,-0.21368945830096622,-0.12381727489805462,-0.46481409167628596,-0.4242629202453546,-0.14732655417814702,0.1878922936915958,-0.7258130306698809,0,634.34
14530,-0.8499963755111608,0.08666561850139992,0.06668123749710998,0.20799807250312177,0.6840178344748993,0.08666561850139992,0.7605767312925161,-0.026660972950411886,0.7143779138560111,1,904.64
16965,0.4278556121160152,-0.4242629202453546,-0.23183014173737534,-0.3189957812325457,-0.35134921008110714,-0.4242629202453546,0.27373004198216055,0.26056356142517906,-0.5588953853780575,0,0.0
14834,-0.9543108234807262,-0.25395340732976973,-0.1930587438297647,-0.29438130830776116,-0.46481409167628596,-0.25395340732976973,-0.5420671130784354,-0.4350042868819749,-0.28276044504821496,0,1291.0
14591,0.25834463416547143,-0.4242629202453546,-0.2313491323292892,-0.31382052429516527,-0.2520674386853257,-0.4242629202453546,0.8526828617025835,-0.43154375032323283,-0.6996562133369066,0,1116.19
15916,-0.028520097750833362,0.25697513141698475,-0.12207161333959068,-0.3771488450518731,0.1876089774959921,0.25697513141698475,-0.36838126716230846,-0.4744544036516344,0.06434613296989884,0,655.91
12408,-0.23714899368996412,-0.08364389441418492,-0.012472854851205679,0.22242509176878142,0.102510316299608,-0.08364389441418492,0.045657719061994013,0.10022536753679682,0.25912405598386323,0,1396.78
14962,1.001585075948625,-0.4242629202453546,-0.24449105721735395,-0.45521659016027205,-0.6491945242684515,-0.4242629202453546,-0.8315435229386468,-0.5941889685841096,-1.565131841562067,0,0.0
16107,-1.1759790254160525,-0.08364389441418492,-0.01207343007770657,0.22385758338277958,-0.4931803120750806,-0.08364389441418492,-0.7789114484186084,-0.16969648404508372,0.3280963554770965,0,1710.04
12623,1.0798209119257989,-0.4242629202453546,-0.2141687680291652,-0.1289742447084478,-0.46481409167628596,-0.4242629202453546,-0.14732655417814702,-0.0854900944490269,-0.8293386338099973,0,0.0
14713,-0.8760749875035521,0.7679036701637393,0.04363527790615419,-0.27045260264499704,0.9960462588616409,0.7679036701637393,0.5039953680073287,-0.25981462359565816,1.019888309426333,1,840.3199999999999
13637,-0.08067732173561605,-0.25395340732976973,-0.15067722584167687,-0.06638655259472205,0.3436231896893629,-0.25395340732976973,1.3000554951229102,-0.14085867938889984,-0.07636277695285211,0,125.65
16509,1.3406070318497123,-0.4242629202453546,-0.20420864388999554,-0.021811680563397974,-0.5357296426732727,-0.4242629202453546,-0.41048692677833926,-0.5249782374092684,-1.0220984717828117,0,0.0
17694,-0.680485397560617,-0.4242629202453546,-0.21790466442129744,-0.16916934982633514,-0.507363422274478,-0.4242629202453546,-0.30522277773826234,-0.10971385036022131,-0.22526919666153494,0,0.0
15266,1.8882578836899306,-0.4242629202453546,-0.2457488203339044,-0.4687490641308073,-0.6350114140690541,-0.4242629202453546,-0.7789114484186084,-0.6841629191114031,-1.575895442084108,0,0.0
15104,0.036676432230145,-0.25395340732976973,-0.09715600587268154,0.22153511825540384,0.21597519789478678,-0.25395340732976973,0.6684706008824489,0.35226778023184363,0.07407889067251688,0,0.0
16218,-1.0325466594579003,0.4272846443325696,0.18192123353121242,0.11634146811597683,0.003228544903826554,0.4272846443325696,-0.4631190012983777,0.2640240979839211,0.8598680383612218,1,449.2
13462,0.7668775680171027,-0.4242629202453546,-0.2402758510970228,-0.4098645152319915,-0.592462083470862,-0.4242629202453546,-0.621015224858493,-0.5318993105267525,-1.307940173032373,0,0.0
17602,-0.9021535994959434,-0.25395340732976973,-0.11143161724552894,0.14473832847261597,0.8116658262694754,-0.25395340732976973,1.8263762403232946,0.8125191425445375,0.6268225901018939,0,4144.87
16968,-1.12382180143127,-0.4242629202453546,-0.22297141016513097,-0.22368327537520777,-0.507363422274478,-0.4242629202453546,-0.30522277773826234,-0.4073199944120384,-0.19698445152247374,0,186.12
15223,0.4148163061198195,-0.25395340732976973,-0.13757269391113114,0.004110321940972048,-0.5215465324738753,-0.25395340732976973,-0.5683831503384545,-0.37790543366273094,-0.5264063117528716,0,0.0
14603,1.0537422999334074,-0.4242629202453546,-0.1538471288313614,0.5200358920676307,-0.6917438548666435,-0.4242629202453546,-0.9894397464987621,0.6377620463280635,-0.30493606063858986,0,0.0
16952,-1.0977431894388785,-0.25395340732976973,-0.23753766679869473,-0.5336592213719088,-0.4931803120750806,-0.25395340732976973,-0.6736472993785315,-0.5872678954666255,-0.16051306834265505,0,0.0
14758,-0.64136747957203,0.08666561850139992,-0.013783308044260256,-0.008434647172253952,0.045777875502018596,0.08666561850139992,-0.16048457280815662,-0.38396137264052954,0.2082615719349923,0,0.0
13339,0.0888336562149277,-0.4242629202453546,-0.11983313492810838,0.8859978773356748,0.045777875502018596,-0.4242629202453546,1.747428128543237,0.3816823409811511,0.06395696418319603,0,0.0
12897,0.14099088019971037,-0.25395340732976973,-0.22922793183002577,-0.48895633945167427,-0.6775607446672461,-0.25395340732976973,-0.9894397464987621,-0.556123066437947,-0.6483489702057263,0,0.0
15932,-1.12382180143127,0.4272846443325696,0.0545251269436388,-0.11210437006274675,0.20179208769538942,0.4272846443325696,-0.4192589391983456,0.1238723673548677,0.7446392372231478,1,609.92
13918,0.7668775680171027,-0.4242629202453546,-0.23233834602365722,-0.3244636322017214,-0.6066451936702594,-0.4242629202453546,-0.6736472993785315,-0.4003989212945543,-0.9249338902233323,0,1014.64
14352,-0.47185650162148624,0.08666561850139992,-0.0826373402759602,-0.19363752573522194,-0.09605322649195489,0.08666561850139992,-0.4762770199283873,-0.28101041001795324,-0.12494547393714742,0,0.0
13716,0.9885457699524292,-0.4242629202453546,-0.24252282790794127,-0.434040097109083,-0.4222647610780939,-0.4242629202453546,0.010569669381968322,-0.26889853206235603,-1.1969996565197565,0,0.0
15752,-1.0195073534617045,0.25697513141698475,0.008106869223378934,-0.0970266338617922,1.8044835402272899,0.25697513141698475,1.7684809583512524,0.16505275240389813,1.2983285138393406,0,1013.75
12609,-0.09371662773181173,-0.25395340732976973,-0.1299275337783692,0.04523807053520708,-0.12441944689074957,-0.25395340732976973,0.036885706641987544,0.14982639154543315,-0.011711844088894774,0,326.12
15708,-0.719603315549204,0.4272846443325696,0.17407891053153177,0.10227866746281254,0.7407502752724887,0.4272846443325696,0.8439108492825772,-0.1760408010694441,0.7303546381617112,1,645.91
15939,-1.12382180143127,1.7897607476572481,0.7300289045255819,0.07856505324604085,-0.3229829896823125,1.7897607476572481,-0.816505787361493,0.3836597904432894,1.1747281168779398,1,254.76
17376,1.5361966217926475,-0.4242629202453546,-0.24803488978222918,-0.49334524992860457,-0.5357296426732727,-0.4242629202453546,-0.41048692677833926,-0.6253337976127882,-1.2688258990372454,0,97.35
12437,-0.21107038169757278,0.9382131830793241,0.1549388153214312,-0.18366697772119547,0.102510316299608,0.9382131830793241,-0.580079166898463,-0.11471240316729313,0.4510204175957766,1,2474.68
13835,-0.4979351136138776,-0.25395340732976973,-0.17469540232812839,-0.19559424832285338,-0.3229829896823125,-0.25395340732976973,-0.19995862869818545,-0.24294450787179062,-0.3316022691916082,0,297.23
16552,0.636484508055146,-0.25395340732976973,-0.20148405703076536,-0.33970595254556085,-0.4789972018756833,-0.25395340732976973,-0.6473312621185122,-0.36752382398650474,-0.7510873627411591,0,0.0
18075,-1.1368611074274655,0.7679036701637393,0.06672882853395243,-0.23939420334809447,0.32944007948996556,0.7679036701637393,-0.39074989883332484,-0.30739700127836145,0.920131969300798,1,654.0
17456,2.240319145587214,-0.4242629202453546,-0.22355779972622541,-0.22999233418579518,-0.4789972018756833,-0.4242629202453546,-0.19995862869818545,0.021786538871976947,-1.3361472511487842,0,0.0
15147,0.6104058960627546,-0.4242629202453546,-0.16005096041975203,0.45328787856431463,-0.3229829896823125,-0.4242629202453546,0.3789941910222374,0.5201038033308335,-0.3498642896469313,0,0.0
15464,1.8882578836899306,-0.4242629202453546,-0.0884689419690474,1.2234502316306588,1.4782720056411507,-0.4242629202453546,7.063267655067119,0.45781414527347647,-0.3476315592409802,0,0.0
14185,1.7969827417165611,-0.4242629202453546,-0.23243182841745488,-0.32546942418601793,-0.6775607446672461,-0.4242629202453546,-0.9368076719787237,-0.725689357816308,-1.3036421803057257,0,0.0
17284,-0.9543108234807262,0.25697513141698475,-0.012936867460419558,-0.14230921770752128,2.385991058402581,0.25697513141698475,1.6842696391191905,0.11037627477577365,1.5139625988456065,0,158.44
15068,0.8190347920018853,-0.4242629202453546,-0.22524048281458345,-0.24809658990313296,-0.16696877748894162,-0.4242629202453546,0.9579470107426603,-0.2965828245322925,-0.9174896319236073,0,313.4
16261,-1.0586252714502915,-0.25395340732976973,-0.19634082569200645,-0.3120375294139123,0.21597519789478678,-0.25395340732976973,0.8263668244425643,-0.4107805309707805,-0.02983605586411229,0,318.55
16891,-0.680485397560617,-0.25395340732976973,-0.1991317000668386,-0.3270512606704116,0.5989191732785152,-0.25395340732976973,1.4053196441629872,-0.4938334083805899,-0.010972200130482484,0,348.86
14231,-0.13283454572039874,-0.08364389441418492,-0.10868493454776475,-0.12262861164388601,-0.05350389589376284,-0.08364389441418492,-0.2175026535381982,-0.2746660929935928,-0.06533372331107164,0,0.0
12427,2.3185549815643878,-0.4242629202453546,-0.21444071681112203,-0.1319001850264014,-0.5782789732714647,-0.4242629202453546,-0.5683831503384545,-0.4730701890281376,-1.3977616806903834,0,522.3
18072,-0.1067559337280074,-0.4242629202453546,-0.22396912225893517,-0.2344178189167,-0.46481409167628596,-0.4242629202453546,-0.14732655417814702,0.25018195174895286,-0.37825080091075275,0,0.0
17164,-0.5500923375986603,-0.08364389441418492,-0.05009526915504863,0.08749657314815126,0.03159476530262125,-0.08364389441418492,0.2561860171421478,0.17866419620161691,0.1254121874177861,0,1196.93
15510,1.7839434357203654,-0.4242629202453546,-0.2235340042078042,-0.22973631440797426,-0.7059269650660409,-0.4242629202453546,-1.0420718210188007,-0.7395315040512761,-1.2648193970685269,0,0.0
12763,-0.719603315549204,-0.25395340732976973,-0.18204821752028674,-0.23514930399618839,-0.4931803120750806,-0.25395340732976973,-0.621015224858493,-0.19968780088751487,-0.6763179682856194,0,0.0
13209,-0.8499963755111608,0.25697513141698475,0.44037455718345375,0.8331407654918433,2.116511964614032,0.25697513141698475,1.410582851614991,1.5063567225723205,2.152507470564529,1,1735.53
13662,0.24530532816927578,-0.25395340732976973,-0.17824773329243976,-0.21470429602448768,-0.2520674386853257,-0.25395340732976973,-0.19995862869818545,-0.13566787455078677,-0.4768691228902444,0,364.82
16317,-0.9673501294769218,-0.08364389441418492,-0.03798844931830711,0.13091630832478326,0.1876089774959921,-0.08364389441418492,0.11583381842204521,0.28017326859138414,0.5816076556431652,0,0.0
12700,-0.4848958076176819,-0.25395340732976973,0.09924370477666834,1.2780830235049483,0.8400320466682701,-0.25395340732976973,2.115852650183506,1.6343965752457765,1.1664541043303802,1,2790.94
13787,2.2272798395910183,-0.4242629202453546,-0.24794140738843148,-0.4923394579443081,-0.6208283038696568,-0.4242629202453546,-0.7262793738985699,-0.552662529879205,-1.512405846485101,0,202.64
16617,0.5452093660817763,-0.4242629202453546,-0.24021636230096974,-0.4092244657874392,-0.6491945242684515,-0.4242629202453546,-0.8315435229386468,-0.43154375032323283,-0.8798545242520931,0,0.0
18281,-0.17195246370898576,-0.4242629202453546,-0.2522891885399666,-0.539117928777591,-0.6208283038696568,-0.4242629202453546,-0.7262793738985699,-0.5595836029966891,-0.8113117689789269,0,0.0
16828,-1.0586252714502915,-0.4242629202453546,-0.246734634668498,-0.4793555977833891,-0.6208283038696568,-0.4242629202453546,-0.7262793738985699,-0.5457414567617208,-0.2825651014128668,0,15.0
14770,0.5060914480931892,-0.25395340732976973,-0.11706265671192297,0.11444570261830281,-0.02513767549496814,-0.25395340732976973,0.27373004198216055,0.10137887972304431,-0.3539094545879764,0,0.0
17299,-0.2632276056823555,-0.4242629202453546,-0.24025375525848877,-0.4096267825811578,-0.46481409167628596,-0.4242629202453546,-0.14732655417814702,0.0425497582244293,-0.6625775416664337,0,388.42
14553,0.3235411641464498,-0.25395340732976973,-0.21294159915058491,-0.40134271405595173,-0.22370121828653103,-0.25395340732976973,-0.06837844239808935,-0.43154375032323283,-0.5926392626340986,0,546.95
17220,-0.8760749875035521,0.7679036701637393,0.10203967819116218,-0.19190482045318383,2.4852728297983626,0.7679036701637393,0.9382099827976459,-0.22780466042729408,1.8060089593982314,1,1022.05
16076,-0.9543108234807262,-0.08364389441418492,-0.11512842100025486,-0.14573744444672354,-0.02513767549496814,-0.08364389441418492,-0.12978252933813444,0.07254107506686036,0.26050837058883103,0,1346.93
15150,-1.0977431894388785,0.25697513141698475,0.34069513051694483,0.6186473956334612,2.4710897195989654,0.25697513141698475,1.3790036069029679,0.9658209120968109,2.138056105673114,1,1721.71
17398,-1.0325466594579003,-0.08364389441418492,-0.15497231691670785,-0.2886330547247816,-0.29461676928351777,-0.08364389441418492,-0.4280309516183521,-0.3888637994320808,0.02816088191522663,0,0.0
15171,1.7969827417165611,-0.4242629202453546,-0.04685227993021321,1.6712105359124925,-0.6491945242684515,-0.4242629202453546,-0.8315435229386468,0.257103024866437,-0.4155571275087154,0,0.0
15906,-0.64136747957203,0.08666561850139992,-0.13044083710431276,-0.3222188873640414,0.07414409590081329,0.08666561850139992,-0.17364259143816624,-0.5370901153648656,0.13742852148943666,0,769.98
13703,1.627471763766017,-0.4242629202453546,-0.24911418651062042,-0.5049575755654829,-0.7059269650660409,-0.4242629202453546,-1.0420718210188007,-0.7118472115813397,-1.4410255169966557,0,0.0
17890,1.6796289877508,-0.25395340732976973,-0.1662734884869022,-0.15028789121204095,0.5280036222815284,-0.25395340732976973,1.3000554951229102,-0.050884728861606304,-0.7185423515532909,0,0.0
17799,-0.3936206656443122,0.7679036701637393,0.0957219680503271,-0.20040147682961623,2.4285403890007733,0.7679036701637393,0.7474187126625066,-0.27322420276078363,1.643513578795114,1,910.84
14415,-0.9151929054921392,0.7679036701637393,0.2958677731711326,0.06877360296774619,1.733567989230303,0.7679036701637393,0.9382099827976459,-0.05607553369971939,1.55250268716261,1,2549.69
17670,0.4408949181122109,-0.4242629202453546,-0.2310635861082345,-0.310748286961314,-0.5640958630720674,-0.4242629202453546,-0.5157510758184162,-0.36579355570713373,-0.7269986420367208,0,0.0
15649,1.8621792716975394,-0.25395340732976973,-0.1273321225905685,0.059200291989941804,-0.7059269650660409,-0.25395340732976973,-1.0420718210188007,-0.41424106752952256,-1.0892077498848147,0,0.0
14248,1.627471763766017,-0.4242629202453546,-0.21459708736074723,-0.13358260070922476,-0.6066451936702594,-0.4242629202453546,-0.6736472993785315,-0.3934778481770702,-1.1211807173249364,0,0.0
17262,0.4408949181122109,0.08666561850139992,-0.10364538368212688,-0.2501447481257004,-0.6208283038696568,0.08666561850139992,-0.9631237092387429,-0.4635537134915969,-0.6282695531164056,0,298.0
16987,-0.3023455236709425,-0.08364389441418492,-0.15903965088685,-0.3032200863515792,-0.3087998794829151,-0.08364389441418492,-0.35785485225830077,-0.6276408219852828,-0.24870081315068648,0,987.35
14665,1.3406070318497123,-0.08364389441418492,-0.14166722275946897,-0.2409158447061553,-0.13860255709014693,-0.08364389441418492,-0.37539887709831365,-0.43731131125446965,-0.8696546030143592,0,1104.04
16526,-0.28930621767474685,-0.4242629202453546,-0.21667409618294264,-0.15592946988759518,-0.507363422274478,-0.4242629202453546,-0.30522277773826234,-0.37963570194210194,-0.4002328519689688,0,0.0
15750,-0.3023455236709425,0.08666561850139992,-0.07767087564547323,-0.1802787794710651,1.0527786996592303,0.08666561850139992,0.6421545636224296,0.1645336719200869,0.5644851235104839,0,1354.87
13754,-0.5500923375986603,-0.25395340732976973,-0.2179930477754334,-0.42851738475894563,-0.5640958630720674,-0.25395340732976973,-0.7789114484186084,-0.3761751653833599,-0.5606055816594138,0,0.0
15918,-0.04155940374702904,-0.25395340732976973,-0.20921760051766328,-0.3813091664414633,-0.2520674386853257,-0.25395340732976973,-0.04206240513807012,-0.4817215304249927,-0.46612447923188705,0,0.0
14803,-0.4066599716405079,-0.08364389441418492,-0.12230956852380295,-0.17149181495371074,-0.22370121828653103,-0.08364389441418492,-0.32276680257827517,-0.31965306825723966,-0.06251321125787451,0,0.0
17747,-1.0586252714502915,-0.4242629202453546,-0.25389028699373756,-0.5563444023995427,-0.7059269650660409,-0.4242629202453546,-1.0420718210188007,-0.7049261384638555,-0.36265290626712365,0,0.0
16006,0.2322660221730801,-0.4242629202453546,-0.24879124733204663,-0.5014830214379131,-0.6066451936702594,-0.4242629202453546,-0.6736472993785315,-0.45576750623442724,-0.7402730743502025,0,0.0
16656,-0.9543108234807262,1.108522695994909,0.7974637040514446,0.4573110465015009,-0.5357296426732727,1.108522695994909,-0.8262803154866429,1.4260722744095045,1.0949443194525303,1,2368.8
16096,0.9233492399714508,-0.4242629202453546,-0.21153086484418376,-0.10059262362429809,-0.54991275287267,-0.4242629202453546,-0.4631190012983777,-0.21006941056374104,-0.8822072984467304,0,0.0
14397,-1.0977431894388785,0.9382131830793241,-0.12053340304164727,-0.5129835924098695,-0.5357296426732727,0.9382131830793241,-0.8900236057386895,-0.4957559286910022,0.4375935381922236,0,1756.96
14041,0.949427851963842,-0.4242629202453546,-0.24199082810323816,-0.4283162263620863,-0.4222647610780939,-0.4242629202453546,0.010569669381968322,-0.4211621406470067,-1.150584465983606,0,0.0
18094,-0.7456819275415953,0.25697513141698475,0.142288097920776,0.19170881413926452,-0.22370121828653103,0.25697513141698475,-0.5052246609144084,0.7720308648072555,0.6037726843840747,1,615.0
16551,-0.8239177635187694,-0.25395340732976973,-0.16112685778836883,-0.12260118095340523,-0.45063098147688857,-0.25395340732976973,-0.5157510758184162,0.2865175856157445,0.09200656994527331,0,304.95
13026,0.34961977613884115,-0.25395340732976973,-0.22460140317698485,-0.46406755962208157,-0.6491945242684515,-0.25395340732976973,-0.9368076719787237,-0.1443192159476419,-0.574881713519196,0,731.64
13345,1.2232532778839513,-0.4242629202453546,-0.19982346978094134,0.02536910706360353,-0.43644787127749124,-0.4242629202453546,-0.04206240513807012,-0.2585169223861299,-0.9477913107623742,0,0.0
14019,-0.719603315549204,-0.4242629202453546,-0.20070900300218836,0.015841513903267223,-0.3655323202805045,-0.4242629202453546,0.2210979674621221,0.0598524410181396,-0.12060017696411854,0,1037.32
13575,-0.7847998455301823,-0.25395340732976973,-0.22884550385539892,-0.48689903766561315,-0.5357296426732727,-0.25395340732976973,-0.7525954111585892,-0.5509322615998339,-0.2804349863000356,0,513.32
13081,-0.6544067855682256,0.7679036701637393,2.941290341973685,3.626589019710389,5.293528649279038,0.7679036701637393,3.852711109344775,4.732009362389763,5.304839321724587,1,9467.26
15303,1.2623711958725383,-0.4242629202453546,-0.1684609765017676,0.36280317423160013,-0.28043365908412043,-0.4242629202453546,0.5368904145823528,0.1117604893992705,-0.6322015919556693,0,0.0
12831,0.8972706279790594,-0.4242629202453546,-0.22947438541367415,-0.29364982322827277,-0.592462083470862,-0.4242629202453546,-0.621015224858493,-0.27928014173858223,-0.861899193714296,0,0.0
12585,0.5321700600855805,-0.25395340732976973,0.08072569240529404,1.1784638992421224,0.3719894100881576,-0.25395340732976973,1.1947913460828334,1.4665605521467866,0.6379576325831029,1,0.0
12881,1.0667816059296031,-0.4242629202453546,-0.2153755407490987,-0.14195810486936686,-0.6208283038696568,-0.4242629202453546,-0.7262793738985699,-0.673781309435177,-0.9633788751955543,0,0.0
17470,-0.8630356815073564,0.08666561850139992,-0.12725223763586868,-0.31364222480703996,0.045777875502018596,0.08666561850139992,-0.3315388149982816,0.3565934509302712,0.36512701310879864,0,308.6
16503,-1.1368611074274655,0.08666561850139992,-0.022643739296391855,-0.03226734541833517,0.2868907488917735,0.08666561850139992,0.010569669381968322,-0.2541912516877023,0.6091110128075794,0,0.0
14401,-1.12382180143127,0.9382131830793241,0.2041564458159594,-0.12482916259134702,0.3578062998887603,0.9382131830793241,-0.38709489365832217,0.5120292180271021,1.2261496696342038,1,1285.18
14891,-0.602249561583443,-0.25395340732976973,-0.17179914780028796,-0.18001361612975061,-0.29461676928351777,-0.25395340732976973,-0.2262746659582047,0.12733290391360977,-0.08364901025490398,0,0.0
12348,0.71472034403232,-0.08364389441418492,-0.013242809840121005,0.21966373559371263,-0.4080816508786965,-0.08364389441418492,-0.6034712000184802,1.7036073064206179,0.030695036991684722,0,310.0
15351,2.2924763695719967,-0.4242629202453546,-0.219340893926007,-0.18462197213052747,-0.02513767549496814,-0.4242629202453546,1.5895319049831216,-0.3000433610910346,-1.327220083341395,0,1659.99
13330,-0.1067559337280074,-0.25395340732976973,-0.1422519126406762,-0.021061908356922322,-0.4080816508786965,-0.25395340732976973,-0.38417088951832,-0.054345265420348364,-0.15576945386235008,0,412.71
17637,-1.0195073534617045,-0.4242629202453546,-0.20841535161089056,-0.06707231985674242,-0.37971543047990186,-0.4242629202453546,0.16846589294208367,-0.002437217039217469,-0.12131760641964053,0,208.11
12919,-1.0064680474655088,-0.08364389441418492,-0.19095963916903524,-0.4176975012915131,-0.54991275287267,-0.08364389441418492,-0.813999498098634,-0.5122896033605476,-0.057044444186551045,0,893.54
14760,1.353646337845908,-0.4242629202453546,-0.2508648567944676,-0.5237933163623091,-0.6491945242684515,-0.4242629202453546,-0.8315435229386468,-0.6080311148190779,-1.2411519778852034,0,0.0
15797,-1.0455859654540958,0.08666561850139992,0.1091613369186572,0.32226061370095593,-0.6066451936702594,0.08666561850139992,-0.9894397464987621,0.008809526776694224,0.39708837986760154,1,0.0
13976,0.16706949219210174,-0.4242629202453546,-0.20518086078549128,-0.03227191720008197,-0.5782789732714647,-0.4242629202453546,-0.5683831503384545,-0.2135299471224831,-0.5997872034554229,0,0.0
12779,-0.054598709743224706,0.5975941572481545,0.24377768366718516,0.09666539029330987,0.24434141829358147,0.5975941572481545,-0.31274164552683925,-0.061760700903366945,0.5324423851274398,1,981.95
12990,-0.1067559337280074,-0.25395340732976973,-0.22117144916455406,-0.4456158484919869,-0.6491945242684515,-0.25395340732976973,-0.9104916347187044,-0.5215177008505264,-0.5076404525215962,0,145.6
16966,-0.3023455236709425,0.08666561850139992,-0.013358388072452678,-0.0072917017355533355,-0.6066451936702594,0.08666561850139992,-0.8052274856786276,0.3955244872161194,0.04986823883446392,0,668.41
15454,2.201201227598627,-0.4242629202453546,-0.23558473460826715,-0.3593920447472923,-0.3938985406792992,-0.4242629202453546,0.2210979674621221,-0.44884643311694317,-1.451617903844214,0,0.0
14913,-0.13283454572039874,-0.08364389441418492,-0.11013986053123391,-0.1278465385442366,0.08832720610021064,-0.08364389441418492,-0.00697435545804443,0.8246310205001347,0.14014351008457582,0,310.28000000000003
12791,2.3446335935567792,-0.4242629202453546,-0.2332901667605062,-0.33470442331455896,-0.6917438548666435,-0.4242629202453546,-0.9894397464987621,-0.4107805309707805,-1.4169580875178227,0,0.0
13564,-0.64136747957203,-0.08364389441418492,0.027112689722388318,0.3643941542794874,0.24434141829358147,-0.08364389441418492,0.326362116502199,-0.012818826715443647,0.44217755246564616,1,0.0
18231,-0.01548079175463769,0.25697513141698475,0.08610857860815245,0.07081993247761494,0.7832996058706807,0.25697513141698475,0.2000451376541068,-0.17961668884681087,0.5466149144887578,1,0.0
12736,1.8100220477127567,-0.4242629202453546,-0.22625349202737272,-0.25899571758751005,-0.6633776344678488,-0.4242629202453546,-0.8841755974586852,-0.14777975250638398,-1.1961310456031662,0,0.0
17908,2.3446335935567792,-0.4242629202453546,-0.2265883289651571,-0.2625982816039904,0.003228544903826554,-0.4242629202453546,1.747428128543237,-0.16162189874135222,-1.4321101130081602,0,0.0
13157,-0.680485397560617,-0.08364389441418492,-0.11760995363561114,-0.15463717958049902,-0.26625054888472305,-0.08364389441418492,-0.34031082741828794,0.1625150255941541,0.15784758403502414,0,868.02
17404,-0.9151929054921392,1.108522695994909,3.3040326241466036,3.1541685246863027,0.5989191732785152,1.108522695994909,-0.36838126716230846,6.736265623799196,3.83611858190316,1,10902.52
16085,0.5582486720779719,-0.25395340732976973,-0.21077960633402795,-0.3897121012920862,-0.03932078569436549,-0.25395340732976973,0.40531022828225666,-0.3588724825896496,-0.6726035298121482,0,656.47
13767,-1.1107824954350742,4.174093928475436,1.378647145651316,-0.05493946421240666,-0.010954565295570795,4.174093928475436,-0.5665034333913103,-0.2603707812568845,2.36854069680608,1,7543.990000000001
15996,-1.0064680474655088,0.25697513141698475,-0.11649496362958804,-0.36514883232286593,0.5705529528797205,0.25697513141698475,0.052675328997999114,-0.5139045204212938,0.5278608941590082,0,152.82
15730,0.16706949219210174,-0.4242629202453546,-0.18657786441975552,0.1678806876749301,-0.3087998794829151,-0.4242629202453546,0.4316262655422759,0.3401559022762464,-0.3943763210663087,0,653.45
16016,0.036676432230145,0.08666561850139992,-0.13156942454943368,-0.3252545504439182,0.6840178344748993,0.08666561850139992,0.4974163586923239,-0.4869123352631058,0.14874964091188767,0,674.44
17373,-0.7717605395339867,-0.25395340732976973,-0.21719419822843514,-0.4242199099169513,-0.35134921008110714,-0.25395340732976973,-0.35785485225830077,-0.4003989212945543,-0.21693741703605024,0,359.62
17863,-0.6283281735758344,0.08666561850139992,0.037414449518891224,0.12927656260493003,0.13087653669840268,0.08666561850139992,0.06320174390200677,0.6524693267027173,0.522702783735939,1,1374.72
18191,0.8842313219828637,-0.4242629202453546,-0.23070665333191614,-0.3069079902939999,-0.6208283038696568,-0.4242629202453546,-0.7262793738985699,-0.26197745894487195,-0.8709179571983,0,0.0
14400,-0.5761709495910516,-0.4242629202453546,-0.16834539826943595,0.3640466988667305,-0.3655323202805045,-0.4242629202453546,0.2210979674621221,0.8246310205001347,0.1936039072847991,0,0.0
15525,2.3446335935567792,-0.4242629202453546,-0.21929670224893902,-0.18414650682886002,-0.09605322649195489,-0.4242629202453546,1.4316356814230065,-0.35541194603090753,-1.5615723650662965,0,459.44
16634,0.3756983881312325,-0.25395340732976973,-0.2289899766458135,-0.4876762405625696,-0.592462083470862,-0.25395340732976973,-0.857859560198666,-0.6045705782603358,-1.0343664805813473,0,0.0
12749,-0.8239177635187694,-0.08364389441418492,0.20227490018079541,0.9925935405441211,0.8825813772664621,-0.08364389441418492,1.1509312839828008,0.49934058397838116,1.166484756443065,1,1335.65
13050,-1.1368611074274655,1.6194512347416634,0.500485436075241,-0.05252842709360679,2.2725261768074025,1.6194512347416634,0.22514658857904832,-0.025862387590702196,2.3942298708297987,1,1327.12
13277,-1.0064680474655088,-0.25395340732976973,-0.24462703160833238,-0.5717970247037351,-0.6633776344678488,-0.25395340732976973,-0.9894397464987621,-0.5976495051428518,-0.25062389708089133,0,132.5
14447,0.036676432230145,-0.25395340732976973,-0.16387014112635856,-0.13735889243208357,-0.23788432848592836,-0.25395340732976973,-0.06837844239808935,-0.20487860572562794,-0.33143508089224294,0,562.2
13642,0.2844232461578628,-0.4242629202453546,-0.21294839787013384,-0.1158440875316312,0.08832720610021064,-0.4242629202453546,1.9053243521033523,-0.22391155679870928,-0.5958266672782404,0,0.0
12857,0.2192267161768844,-0.25395340732976973,-0.07797341866540022,0.3247293758442293,-0.1953349978877363,-0.25395340732976973,0.11583381842204521,-0.15297055734449705,-0.19202291513582379,0,0.0
17830,0.8842313219828637,-0.25395340732976973,-0.21713470943238206,-0.4238998851946751,-0.507363422274478,-0.25395340732976973,-0.6736472993785315,-0.6339851390096434,-1.123313349607244,0,111.05
13919,-0.9412715174845304,-0.4242629202453546,-0.2297973245922479,-0.29712437735584263,-0.4931803120750806,-0.4242629202453546,-0.2525907032182239,0.42320877968605586,-0.019010897965902405,0,171.66
14334,-0.9282322114883348,0.4272846443325696,0.07620624358514866,-0.07322593808793856,0.5138205120821311,0.4272846443325696,0.028113694221980887,0.07657836771872616,0.8541904869382247,1,538.7
14888,0.1801087981882974,-0.4242629202453546,-0.20327381995201887,-0.01175376072043254,-0.43644787127749124,-0.4242629202453546,-0.04206240513807012,-0.10971385036022131,-0.44621033818399947,0,0.0
18106,1.7709041297241697,-0.4242629202453546,-0.1943165069463151,0.08461939850216349,-0.2520674386853257,-0.4242629202453546,0.8526828617025835,-0.3104249707672608,-1.1382027494624274,0,0.0
12364,-1.0586252714502915,-0.4242629202453546,-0.15997957386448836,0.4540559378977774,-0.23788432848592836,-0.4242629202453546,0.6947866381424681,1.1741452129330827,0.2643326572995918,0,689.18
16272,-1.0064680474655088,-0.4242629202453546,-0.19605018043129005,0.06596652897520944,-0.3655323202805045,-0.4242629202453546,0.2210979674621221,0.028707611989461066,0.08743785034563747,0,0.0
13610,-1.0847038834426828,0.25697513141698475,-0.13604128233273663,-0.4072092243934487,1.2655253526501906,0.25697513141698475,0.6105753189104065,-0.4945255156923384,0.8939160419230685,0,317.57
14840,0.9624671579600378,-0.4242629202453546,-0.2553435132973195,-0.5719798959736071,-0.6633776344678488,-0.4242629202453546,-0.8841755974586852,-0.6391759438477564,-1.1191987061693984,0,0.0
17574,0.636484508055146,-0.4242629202453546,-0.23447144428213126,-0.3474139765706698,-0.6066451936702594,-0.4242629202453546,-0.6736472993785315,-0.47999126214562166,-0.8282126059036127,0,0.0
14068,1.6535503757584085,-0.4242629202453546,-0.22084001158654418,-0.20075121813324656,-0.4080816508786965,-0.4242629202453546,0.16846589294208367,-0.4938334083805899,-1.2160512623880337,0,0.0
16496,0.1801087981882974,-0.25395340732976973,-0.06460713603222105,0.39663435915793843,0.2868907488917735,-0.25395340732976973,0.7737347499225258,0.610077753858127,0.23844991718803213,0,414.48
15061,-0.8630356815073564,5.7068795447157,5.950553186156307,1.1207927259312418,0.11669342649900534,5.7068795447157,-0.6708023223774483,1.048630616667357,3.210825138874032,1,17959.14
17364,-0.7326426215453997,0.4272846443325696,0.1788499119749872,0.11083399503832891,1.449905785242356,0.4272846443325696,0.8439108492825772,0.11522102595801255,1.2137462018741767,1,1845.27
15724,0.10187296221112337,-0.25395340732976973,-0.22893048784976044,-0.48735621584029337,-0.5640958630720674,-0.25395340732976973,-0.8052274856786276,-0.6201429927746751,-0.6853055417022669,0,0.0
15076,-0.27626691167855116,-0.4242629202453546,-0.11630969852187993,0.9239070915801609,-0.02513767549496814,-0.4242629202453546,1.4842677559430448,1.2295137978729556,0.35297039779991773,0,0.0
17120,0.5191307540893849,-0.4242629202453546,-0.21376764357577882,-0.12465848273946634,-0.46481409167628596,-0.4242629202453546,-0.14732655417814702,-0.3311881901197131,-0.6891575704452559,0,0.0
12967,2.1360046976176483,-0.25395340732976973,0.01627383108152062,0.8317399715646231,-0.45063098147688857,-0.25395340732976973,-0.5946991875984738,0.01140492919575077,-0.6114555147280822,1,0.0
14071,0.8711920159866681,-0.25395340732976973,-0.20537972333229726,-0.36066300007290336,-0.4080816508786965,-0.25395340732976973,-0.3315388149982816,-0.23602343475430648,-0.9381032738047922,0,1080.76
12645,-1.0977431894388785,-0.08364389441418492,-0.04322176369108928,0.11214762032691021,0.017411655103223903,-0.08364389441418492,-0.059606429978082874,0.2051949764853061,0.5672238555157909,0,464.32
14077,-0.14587385171659442,-0.08364389441418492,-0.2132679376889331,-0.49770368186055636,-0.29461676928351777,-0.08364389441418492,-0.4982070509784033,-0.575732773604152,-0.3894665982304184,0,189.02
16324,-0.8499963755111608,-0.08364389441418492,-0.1965787808762187,-0.43784991523141836,0.6982009446742966,-0.08364389441418492,0.8526828617025835,-0.4350042868819749,0.20194716015042172,0,0.0
14448,2.2142405335948228,-0.4242629202453546,-0.2486297777427598,-0.49974574437412805,-0.46481409167628596,-0.4242629202453546,-0.14732655417814702,-0.5941889685841096,-1.6338414668452144,0,273.0
17252,-1.0064680474655088,-0.25395340732976973,-0.20672247044320918,-0.36788641523285126,0.49963740188273376,-0.25395340732976973,1.1684753088228141,-0.41424106752952256,0.07757871844150917,0,0.0
16477,-0.8108784575225737,0.4272846443325696,0.07378419974584546,-0.0775691307474009,0.6414685038767072,0.4272846443325696,-0.03329039271806365,-0.11259763082583983,0.836910080444652,1,495.2
14314,-1.1368611074274655,-0.4242629202453546,-0.24562984274179828,-0.46746896524170267,-0.6066451936702594,-0.4242629202453546,-0.6736472993785315,0.27786624421888934,-0.06059718861030727,0,0.0
16767,-1.0455859654540958,0.4272846443325696,0.4528230126775285,0.6021207094042201,1.0669618098586278,0.4272846443325696,0.40531022828225666,1.2335510905248213,1.628945692017341,1,1346.24
12652,1.7969827417165611,-0.4242629202453546,-0.10965885112314772,0.9954646194811131,-0.03932078569436549,-0.4242629202453546,1.4316356814230065,1.0011183849959797,-0.34104967069552833,0,0.0
13425,-1.1107824954350742,-0.08364389441418492,0.010037705575272591,0.30315666170831723,0.21597519789478678,-0.08364389441418492,0.27373004198216055,0.5489416079870173,0.7095214425527052,0,0.0
15840,-0.27626691167855116,-0.4242629202453546,-0.22493793979465646,-0.2448414812994096,-0.4789972018756833,-0.4242629202453546,-0.19995862869818545,0.13944478186920697,-0.4458128679427045,0,113.82
14414,-1.0977431894388785,0.25697513141698475,-0.07275880077137764,-0.27103596199588903,0.24434141829358147,0.25697513141698475,-0.32627560754627777,0.48965108161390336,0.664910229559143,0,359.9
14426,-0.6935247035568127,0.4272846443325696,0.22443022751084252,0.19256830910766345,1.4215395648435614,0.4272846443325696,0.4316262655422759,0.17808744010849337,1.2827008404893103,1,1596.09
17050,-0.08067732173561605,0.25697513141698475,0.17884651261521275,0.27037637701284395,1.605919997435727,0.25697513141698475,1.8316394477752989,0.17681857670362125,0.9320170419464574,1,568.25
18190,-0.01548079175463769,-0.25395340732976973,-0.21767690731640854,-0.4268166819491351,-0.5215465324738753,-0.25395340732976973,-0.6999633366385507,-0.5042150180568161,-0.5453517639945124,0,0.0
13414,-0.7847998455301823,-0.08364389441418492,-0.029685513069187052,0.16069384676895662,-0.3938985406792992,-0.08364389441418492,-0.6736472993785315,1.0691756039845735,0.5912342328958745,0,0.0
15024,-1.0586252714502915,0.25697513141698475,-0.1248471905954378,-0.38312142072589583,0.15924275709719737,0.25697513141698475,-0.28416994793024697,-0.4668412232224019,0.287884628342324,0,805.81
14918,-1.0195073534617045,-0.25395340732976973,0.007647955653826781,0.7853363868345781,-0.16696877748894162,-0.25395340732976973,0.089517781162026,0.4214785114066848,0.5756758573628712,0,0.0
13030,2.279437063575801,-0.4242629202453546,-0.19763768144596314,0.04888635236915546,-0.010954565295570795,-0.4242629202453546,1.9053243521033523,-0.1443192159476419,-1.27306064846607,0,350.08
14092,-0.8108784575225737,0.9382131830793241,0.14832196152044363,-0.19157717609466296,0.5138205120821311,0.9382131830793241,-0.28183074461824525,-0.261208450820707,0.9619460279317362,1,1639.11
13993,-0.6283281735758344,0.25697513141698475,0.07873876661712184,0.054961335954306585,0.102510316299608,0.25697513141698475,-0.13680013927413937,-0.32841976087271946,0.37397667850387273,1,1218.95
12981,-0.7847998455301823,-0.4242629202453546,-0.23421139325938503,-0.34461604614162666,-0.5640958630720674,-0.4242629202453546,-0.5157510758184162,-0.2827406782973243,-0.4065829765185654,0,185.04
16235,-0.09371662773181173,-0.08364389441418492,-0.15294799817101656,-0.28137306531085926,-0.23788432848592836,-0.08364389441418492,-0.4631190012983777,-0.4569210184206747,-0.2418505867942833,0,202.02
16624,0.04971573822634068,-0.4242629202453546,-0.19354655195739978,0.09290346702736962,-0.4222647610780939,-0.4242629202453546,0.010569669381968322,-0.0681874116553166,-0.40679436151104753,0,384.14
13373,-0.45881719562529055,-0.25395340732976973,0.08335679687072657,1.1926181355302228,0.6272853936773098,-0.25395340732976973,1.6947960540231983,0.8869206785574917,0.9233134426836767,1,1256.67
16227,0.4148163061198195,-0.4242629202453546,-0.21261865997201113,-0.11229638489611238,-0.6350114140690541,-0.4242629202453546,-0.7789114484186084,-0.4350042868819749,-0.6573848938932515,0,0.0
13618,-0.2632276056823555,-0.4242629202453546,-0.23588387826841967,-0.3626105790970412,-0.5357296426732727,-0.4242629202453546,-0.41048692677833926,0.10483941628178638,-0.36350890879432135,0,0.0
13792,1.2232532778839513,-0.4242629202453546,-0.2533463894298239,-0.5504925217636355,-0.6633776344678488,-0.4242629202453546,-0.8841755974586852,-0.6495575535239826,-1.9014587137098353,0,120.95
15034,0.5060914480931892,0.25697513141698475,0.18275407667595528,0.27878479800156314,1.5208213362393428,0.25697513141698475,0.8316300318945682,0.17128171820963387,0.8105203185843055,1,1633.78
16348,-0.8499963755111608,0.08666561850139992,-0.14054033499423527,-0.3493844145035417,0.9251307078646542,0.08666561850139992,0.9184729548526315,-0.4003989212945543,0.47098751066673755,0,677.36
13548,0.6495238140513416,-0.4242629202453546,-0.218263296877503,-0.17302793362063645,0.11669342649900534,-0.4242629202453546,2.115852650183506,-0.1789245815350625,-0.7749990401982695,0,397.15
16721,0.8972706279790594,-0.4242629202453546,-0.21631546372673707,-0.15207088609329386,-0.1953349978877363,-0.4242629202453546,0.8526828617025835,-0.15124028906512602,-0.9434135764327515,0,0.0
12573,0.4408949181122109,-0.4242629202453546,-0.23873934047896658,-0.3933329524355538,-0.35134921008110714,-0.4242629202453546,0.3789941910222374,-0.45576750623442724,-0.9926393193030077,0,0.0
17176,0.10187296221112337,-0.4242629202453546,-0.21399370100078044,-0.12709067062876522,-0.507363422274478,-0.4242629202453546,-0.30522277773826234,-0.15816136218261015,-0.5197316495360826,0,0.0
13452,0.8581527099904724,-0.25395340732976973,-0.16574488804197357,-0.1474442429655298,-0.7059269650660409,-0.25395340732976973,-1.0420718210188007,-0.7429920406100182,-0.8151224065444226,0,0.0
12910,-0.7717605395339867,0.08666561850139992,-0.013300598956286823,-0.007136261156161985,-0.35134921008110714,0.08666561850139992,-0.621015224858493,-0.028391241229782916,0.1170150204994441,0,1588.14
15527,-0.64136747957203,0.25697513141698475,-0.039834301675839255,-0.20018797462204052,0.24434141829358147,0.25697513141698475,-0.2315378734102086,-0.3941699554888186,0.3802996819841818,0,1097.74
13012,-0.5892102555872473,0.08666561850139992,-0.09396570672435026,-0.22410845107766045,-0.12441944689074957,0.08666561850139992,-0.42364494540834885,-0.3043690317894622,0.17509849285073378,0,634.53
16902,-1.0064680474655088,-0.4242629202453546,0.0240889592030056,2.4344786421046583,-0.11023633669135223,-0.4242629202453546,1.2211073833428525,1.430224918279995,1.4138367635521165,1,0.0
14292,-0.6283281735758344,0.08666561850139992,0.1742267826817208,0.49727299075030124,-0.010954565295570795,0.08666561850139992,-0.27890674047824315,-0.03271691192821049,0.5584686552861975,1,2281.7200000000003
17619,1.549235927788843,-0.4242629202453546,-0.22958996364600584,-0.29489334786340304,0.2868907488917735,-0.4242629202453546,2.8000696189440055,-0.31734604388474486,-1.2081795601854857,0,0.0
15549,-0.47185650162148624,-0.25395340732976973,0.009301744184101879,0.7942330741138557,0.6131022834779125,-0.25395340732976973,1.6158479422431409,0.38860341409863525,0.5850757395757538,0,61.58
17519,-0.7847998455301823,0.25697513141698475,-0.013113634168691504,-0.1426895899488552,-0.010954565295570795,0.25697513141698475,-0.39996051187433157,-0.025276758326915044,0.05454187388995506,0,356.02
18055,-0.8499963755111608,0.5975941572481545,0.3582426256727106,0.2726006141438312,1.0102293690610382,0.5975941572481545,0.16094702515350676,-0.14036431702336527,1.1793339307326687,1,3088.48
13584,1.471000091811669,-0.4242629202453546,-0.24182255979440237,-0.4265058007903525,-0.37971543047990186,-0.4242629202453546,0.16846589294208367,-0.618412724495304,-1.2600138745198795,0,0.0
14176,1.353646337845908,0.08666561850139992,-0.16797146869424529,-0.4231684001151867,-0.3229829896823125,0.08666561850139992,-0.686805318008541,-0.5656395419744876,-0.7908711951466911,0,0.0
16205,-0.18499176970518144,-0.4242629202453546,-0.24693009785552947,-0.4814586173869182,-0.3371660998817098,-0.4242629202453546,0.326362116502199,-0.5249782374092684,-0.6425347267725404,0,645.28
16172,-0.8239177635187694,-0.08364389441418492,-0.12999212161408394,-0.1990444196144403,-0.13860255709014693,-0.08364389441418492,-0.23504667837821117,-0.13393760627141574,0.1448799664643619,0,339.86
17744,0.7407989560247114,0.08666561850139992,-0.04694406264412364,-0.09763010905237009,-0.010954565295570795,0.08666561850139992,-0.27890674047824315,0.7121635823410178,-0.21926544401284379,0,1033.44
15098,-0.14587385171659442,-0.08364389441418492,6.518501220474316,23.64502232374388,-0.7059269650660409,-0.08364389441418492,-1.0420718210188007,-0.6068776026328305,8.529930033444149,1,0.0
16394,-0.28930621767474685,-0.08364389441418492,-0.10742887111110155,-0.11812388269603659,-0.02513767549496814,-0.08364389441418492,-0.04206240513807012,0.8730785323225235,-0.03050067549064394,0,622.24
17796,1.5622752337850387,-0.08364389441418492,-0.16164865951374852,-0.312576999660035,0.13087653669840268,-0.08364389441418492,0.2561860171421478,-0.5641976517416785,-0.7867346264414268,0,75.9
15793,0.9755064639562334,-0.4242629202453546,-0.21390701732653175,-0.12615802715241753,-0.6775607446672461,-0.4242629202453546,-0.9368076719787237,-0.08202955789028483,-0.7665319273662647,0,658.97
15145,0.4408949181122109,-0.25395340732976973,-0.1429640785134257,-0.02489306146074284,-0.22370121828653103,-0.25395340732976973,-0.0157463678780509,0.01140492919575077,-0.5633994166195633,0,470.7
17968,2.3446335935567792,-0.4242629202453546,-0.22096748757808646,-0.2021227526572873,0.32944007948996556,-0.4242629202453546,3.168494140584275,-0.22391155679870928,-1.4329485992009274,0,0.0
17343,2.1099260856252573,-0.4242629202453546,-0.23311340005223427,-0.33280256210788917,-0.4789972018756833,-0.4242629202453546,-0.19995862869818545,-0.552662529879205,-1.3898647847457826,0,0.0
14298,-0.9151929054921392,5.536570031800116,5.783447458363371,1.1210646714352672,8.711658207333798,5.536570031800116,0.5310424063023486,3.36995178547044,8.3800269748215,1,15935.46
13137,-1.1759790254160525,0.08666561850139992,-0.02318253782064388,-0.033716600232071584,2.2725261768074025,0.08666561850139992,3.0369139542841785,0.010539795056065254,1.3215492148432038,0,2174.53
15095,-1.1759790254160525,0.08666561850139992,-0.03306787604477539,-0.060306082871474785,-0.29461676928351777,0.08666561850139992,-0.4762770199283873,0.1870271595519103,0.3554652879232335,0,0.0
14495,-0.9412715174845304,-0.4242629202453546,-0.25912530104640696,-0.612668753520149,-0.6917438548666435,-0.4242629202453546,-0.9894397464987621,-0.670320772876435,-0.48002097090926005,0,83.2
16275,0.036676432230145,-0.4242629202453546,-0.17086602354219851,0.33692688954469824,-0.2520674386853257,-0.4242629202453546,0.6421545636224296,0.4162877065685717,-0.275593166529254,0,0.0
18223,-0.6544067855682256,1.108522695994909,0.3466423104423637,-0.02773488099455521,0.4570880712845417,1.108522695994909,-0.22101145850620077,-0.2131838934666089,1.0629072430974007,1,2879.9300000000003
16969,-0.7717605395339867,-0.25395340732976973,-0.18461813350977896,-0.24897437199851907,-0.26625054888472305,-0.25395340732976973,-0.2525907032182239,0.5339459495658018,-0.16560787124167364,0,171.45
15016,-0.27626691167855116,-0.4242629202453546,-0.2371246445860978,-0.37596018179770446,-0.43644787127749124,-0.4242629202453546,-0.04206240513807012,-0.4834517987043637,-0.6736345950517749,0,0.0
15414,0.636484508055146,-0.4242629202453546,-0.2598731601967883,-0.6207150893945215,-0.6491945242684515,-0.4242629202453546,-0.8315435229386468,-0.7049261384638555,-1.1829235232407411,0,738.7
14287,0.06275504422253635,-0.25395340732976973,-0.251871067287708,-0.6107668923134792,-0.6633776344678488,-0.25395340732976973,-0.9894397464987621,-0.3727146288246178,-1.1354008529146382,0,93.35
13500,-0.9282322114883348,-0.4242629202453546,-0.2105484498693646,-0.09002266422569083,-0.43644787127749124,-0.4242629202453546,-0.04206240513807012,-0.30350389764977664,-0.1669378720230783,0,840.37
15910,0.1801087981882974,0.08666561850139992,-0.17243992711777378,-0.4351876143275304,0.9393138180640516,0.08666561850139992,0.6816286195124585,-0.37357976296430334,0.008612934644741355,0,678.27
17672,1.510118009800256,-0.4242629202453546,-0.0658309055510269,1.4670164759733069,-0.13860255709014693,-0.4242629202453546,1.0632111597827372,1.478672430102384,0.08222616740317282,0,2000.33
12917,-0.8499963755111608,-0.4242629202453546,-0.16506501608708146,0.3993408539520455,-0.6917438548666435,-0.4242629202453546,-0.9894397464987621,-0.3311881901197131,0.05969016164819746,0,0.0
12695,-1.12382180143127,-0.25395340732976973,-0.20927368995394188,-0.38161090403675224,-0.4789972018756833,-0.25395340732976973,-0.5946991875984738,-0.44884643311694317,-0.1405612135310897,0,248.2
15184,-0.04155940374702904,-0.4242629202453546,-0.2260444314012434,-0.25674640096808327,-0.43644787127749124,-0.4242629202453546,-0.04206240513807012,-0.4938334083805899,-0.6559802683439936,0,166.97
14692,-0.7326426215453997,0.08666561850139992,-0.1654814376594529,-0.41647073985612115,0.03159476530262125,0.08666561850139992,-0.19995862869818545,-0.5171920301520988,0.06727375843636381,0,0.0
17334,1.4188428678268863,-0.25395340732976973,-0.21384242949081697,-0.40618880270756236,-0.5640958630720674,-0.25395340732976973,-0.8052274856786276,-0.2014180691668859,-1.0786632327469725,0,0.0
16990,0.3235411641464498,-0.4242629202453546,-0.23560173140713944,-0.3595749160171644,-0.7059269650660409,-0.4242629202453546,-1.0420718210188007,-0.4003989212945543,-0.6951489993252701,0,0.0
17892,-0.4979351136138776,-0.4242629202453546,-0.2418735501910193,-0.42705441459996885,-0.35134921008110714,-0.4242629202453546,0.27373004198216055,-0.5076755546155581,-0.5666880998265762,0,102.0
15608,-0.9543108234807262,-0.4242629202453546,-0.21746954637016644,-0.1644878453176094,-0.46481409167628596,-0.4242629202453546,-0.14732655417814702,0.04947083134191342,-0.3029797812329542,0,808.0
15143,0.4148163061198195,-0.4242629202453546,-0.22192780671437157,-0.21245497940506095,-0.5215465324738753,-0.4242629202453546,-0.35785485225830077,-0.22737209335745134,-0.9959036919266264,0,0.0
16150,-0.8499963755111608,-0.08364389441418492,-0.026592095674427874,0.17178803714119728,0.21597519789478678,-0.08364389441418492,0.30881809166218627,0.14636585498669108,0.5228788259318857,0,644.32
16536,-1.0847038834426828,-0.4242629202453546,-0.17286314740969413,0.3154395153347266,-0.02513767549496814,-0.4242629202453546,1.747428128543237,0.11868156251675462,0.059111090187082965,0,0.0
17348,1.353646337845908,-0.4242629202453546,-0.23880562799456856,-0.394046150388055,-0.20951810808713367,-0.4242629202453546,0.800050787182545,-0.057805801979090424,-1.116199547280308,0,996.45
13772,0.5973665900665589,-0.4242629202453546,-0.2272019134044472,-0.2691999344463732,-0.20951810808713367,-0.4242629202453546,0.800050787182545,-0.44884643311694317,-0.877248806814574,0,894.21
15841,0.3235411641464498,-0.25395340732976973,-0.16179143262427587,-0.12617631427940473,-0.45063098147688857,-0.25395340732976973,-0.4631190012983777,-0.11317438691896338,-0.4658023573724798,0,610.8000000000001
14226,0.2192267161768844,-0.25395340732976973,0.021559835530806874,0.8601764540297344,-0.15278566728954426,-0.25395340732976973,-0.0157463678780509,1.1135858231550966,0.4523294242978352,1,522.7900000000001
16407,-1.0847038834426828,0.7679036701637393,-0.014070553945202189,-0.3480608836878424,0.3578062998887603,0.7679036701637393,-0.30522277773826234,-0.4237575430660632,0.8550357570019609,0,597.31
12797,2.240319145587214,-0.4242629202453546,-0.2228490332132504,-0.22236660223212867,-0.5357296426732727,-0.4242629202453546,-0.41048692677833926,-0.33810926323719726,-1.3629624343927569,0,0.0
17673,-0.4066599716405079,0.08666561850139992,-0.06620823448599203,-0.14944668337062933,0.8400320466682701,0.08666561850139992,1.036895122522718,0.17231987917725652,0.44875026265852447,0,419.35
13867,0.3105018581502541,-0.4242629202453546,-0.24242594615436916,-0.43299773087081206,-0.6066451936702594,-0.4242629202453546,-0.6736472993785315,-0.6391759438477564,-0.8652277564553396,0,866.24
12510,-0.6674460915644214,-0.25395340732976973,-0.09902055470897318,0.2115046291029193,-0.3087998794829151,-0.25395340732976973,-0.2262746659582047,-0.13566787455078677,0.058610370004305364,0,0.0
14998,-0.31538482966713816,-0.25395340732976973,-0.19551138190703807,-0.3075754704290331,0.2727076386923762,-0.25395340732976973,0.8526828617025835,-0.3000433610910346,-0.25273859686661276,0,0.0
16596,2.2533584515834097,-0.4242629202453546,-0.2455193635491283,-0.466280301987534,-0.6350114140690541,-0.4242629202453546,-0.7789114484186084,-0.5838073589078835,-1.5668521551727375,0,129.5
12625,0.2322660221730801,-0.25395340732976973,0.19013748610608378,1.7670533684524596,0.31525696929056823,-0.25395340732976973,1.1684753088228141,2.0427398891773394,0.9862599379398554,1,0.0
12518,-1.0847038834426828,-0.4242629202453546,-0.2108152996116598,-0.09289374316268277,-0.46481409167628596,-0.4242629202453546,-0.14732655417814702,-0.09933224068399514,-0.004942411583027219,0,1732.06
17639,1.0798209119257989,-0.4242629202453546,-0.24758447461211314,-0.488499161276994,-0.6208283038696568,-0.4242629202453546,-0.7262793738985699,-0.5768862857903994,-1.0671458118057766,0,0.0
18257,-1.0325466594579003,0.25697513141698475,-0.00038813085299817127,-0.11530644599820715,0.21597519789478678,0.25697513141698475,-0.2525907032182239,-0.2474432053981553,0.6081696458110436,0,774.76
16700,-0.9412715174845304,1.108522695994909,0.43015438202153783,0.062117088744401826,1.2938915730489853,1.108522695994909,0.24741400472214134,0.37476126786366704,1.6600928441213036,1,980.6
16282,1.9012971896861264,-0.4242629202453546,-0.23742038888647587,-0.37914214189347895,-0.5640958630720674,-0.4242629202453546,-0.5157510758184162,-0.35195140947216547,-1.4109088035785844,0,0.0
17742,-1.0455859654540958,-0.25395340732976973,-0.20566866891312638,-0.3622174058668162,-0.5357296426732727,-0.25395340732976973,-0.6999633366385507,-0.5924587003047386,-0.13921857930751969,0,0.0
16302,-0.8760749875035521,-0.4242629202453546,-0.22638606705857667,-0.26042211349251243,-0.5640958630720674,-0.4242629202453546,-0.5157510758184162,-0.19968780088751487,-0.20936945412850688,0,0.0
17133,-0.04155940374702904,-0.08364389441418492,0.15528894937820065,0.8240837610659778,-0.592462083470862,-0.08364389441418492,-0.8490875477786596,0.551248632359512,0.2727947114805387,1,2413.4500000000003
16957,0.5973665900665589,-0.25395340732976973,-0.1952105385669983,-0.30595705969066506,-0.507363422274478,-0.25395340732976973,-0.6736472993785315,-0.44884643311694317,-0.6749810822038987,0,0.0
17442,-0.9412715174845304,0.08666561850139992,0.004299586275983057,0.04020453883197756,0.3719894100881576,0.08666561850139992,0.16846589294208367,0.1299283063326663,0.6140945717718505,0,658.11
14177,-0.18499176970518144,-0.4242629202453546,-0.24764736276794064,-0.4891757849755208,-0.45063098147688857,-0.4242629202453546,-0.09469447965810857,-0.614952187936562,-0.6717711298618837,0,441.33
15039,-1.0325466594579003,5.536570031800116,2.708848919315616,0.20217311458194595,4.385809596517607,5.536570031800116,0.6947866381424681,0.03418679487413593,5.313132802954185,1,2264.03
17416,-1.0977431894388785,0.25697513141698475,0.6338678152256397,1.2495057301620351,1.449905785242356,0.25697513141698475,0.8947885213186141,1.525735727301276,2.096131725144138,1,1598.93
13165,2.0577688616404743,-0.4242629202453546,-0.20574855386782623,-0.038379817613810124,-0.5357296426732727,-0.4242629202453546,-0.41048692677833926,0.9699735559673012,-0.850176268180916,0,666.84
16555,-1.0977431894388785,-0.4242629202453546,-0.24019426646243572,-0.4089867331366055,-0.592462083470862,-0.4242629202453546,-0.621015224858493,-0.4350042868819749,-0.2878603338488627,0,133.91
18043,0.16706949219210174,-0.25395340732976973,-0.1943691970228193,-0.3014309957613306,0.5138205120821311,-0.25395340732976973,1.3526875696429488,-0.35022114119279446,-0.3196061934524897,0,107.7
15440,-0.7456819275415953,-0.25395340732976973,-0.2256314091886464,-0.46960855909920624,-0.3655323202805045,-0.25395340732976973,-0.2525907032182239,-0.5301690422473816,-0.579245775219483,0,146.02
17183,-1.1499004134236612,-0.4242629202453546,-0.2099926545462403,-0.08404277370087314,-0.592462083470862,-0.4242629202453546,-0.621015224858493,-0.2585169223861299,-0.07421062136530127,0,3017.64
17377,-0.8760749875035521,0.9382131830793241,0.08076648472258757,-0.27233719267617895,0.5705529528797205,0.9382131830793241,-0.15317456245815125,-0.33041918199554815,0.8668516146141759,1,2017.98
17418,1.6926682937469957,-0.4242629202453546,-0.23757505975621385,-0.3808062704493151,-0.54991275287267,-0.4242629202453546,-0.4631190012983777,-0.26543799550361397,-1.1954271936469925,0,296.07
13037,-0.719603315549204,-0.08364389441418492,-0.11627230556436086,-0.1498398566008543,-0.09605322649195489,-0.08364389441418492,-0.2525907032182239,-0.2492888248961511,0.09984181045606244,0,0.0
13669,-0.5761709495910516,-0.4242629202453546,-0.25784204273154804,-0.5988619726448057,-0.6775607446672461,-0.4242629202453546,-0.9368076719787237,-0.7014656019051135,-0.5858853904984854,0,170.39999999999998
16200,-0.3805813596481165,-0.4242629202453546,-0.1724467258373227,0.3199198614465931,0.102510316299608,-0.4242629202453546,1.9579564266233906,0.05293136790065548,-0.08216295651980404,0,518.3
12502,-0.8630356815073564,0.08666561850139992,0.1812481602958692,0.5161590211463422,0.428721850885747,0.08666561850139992,0.326362116502199,-0.23948397131304855,0.7057743828239037,1,1092.35
14681,0.2322660221730801,-0.4242629202453546,-0.19906711223112386,0.0335068785729119,-0.6491945242684515,-0.4242629202453546,-0.8315435229386468,-0.5803468223491414,-0.5494067817831924,0,105.0
17059,-1.0847038834426828,0.08666561850139992,0.1142093861837312,0.33583880548895917,2.570371490994747,0.08666561850139992,3.7474469603046976,0.36005398748901324,1.616236510947085,1,843.29
17837,-0.602249561583443,-0.08364389441418492,-0.2020313539544535,-0.4574049496897415,-0.3938985406792992,-0.08364389441418492,-0.5157510758184162,-0.6287943341715302,-0.2684388061241217,0,1164.72
18064,-0.7847998455301823,-0.25395340732976973,-0.12767205856801458,0.05737157929122082,-0.6208283038696568,-0.25395340732976973,-0.9104916347187044,-0.08202955789028483,-0.40935640795429423,0,0.0
16007,-0.17195246370898576,-0.25395340732976973,-0.14234539503447388,-0.021564804349070658,1.0953280302574224,-0.25395340732976973,3.089546028804217,0.258833293145808,0.15023718691275284,0,966.14
17667,-0.41969927763670356,0.08666561850139992,0.03158964654535295,0.11360906655863799,0.428721850885747,0.08666561850139992,0.19478193020210288,0.03476355096725967,0.46672136498955513,1,304.5
12591,1.6144324577698215,-0.4242629202453546,-0.18905599769533732,0.14121805652757816,-0.35134921008110714,-0.4242629202453546,0.27373004198216055,0.0425497582244293,-0.9538299847461081,0,0.0
12388,-0.5892102555872473,0.08666561850139992,0.01753839291761994,0.07581414685782194,-0.010954565295570795,0.08666561850139992,-0.17364259143816624,-0.08895063100776895,0.20962833780253948,1,1112.3200000000002
16383,0.9755064639562334,-0.4242629202453546,-0.21342770759833277,-0.12100105734202436,-0.03932078569436549,-0.4242629202453546,1.6947960540231983,0.28478731733637347,-0.8819709107673818,0,334.3
16222,1.627471763766017,-0.4242629202453546,-0.13454726371186118,0.7276862190073989,0.9818631486622436,-0.4242629202453546,5.3264091959058515,0.37822180442240905,-0.5058880185202134,0,0.0
13557,1.1319781359105816,-0.4242629202453546,-0.22511810586270284,-0.24677991676005384,-0.4931803120750806,-0.4242629202453546,-0.2525907032182239,0.028707611989461066,-0.9889596700826445,0,343.38
14766,-0.32842413566333384,0.08666561850139992,-0.0057506208972098,0.013171593363134513,0.48545429168333637,0.08666561850139992,0.12899183705205483,0.10483941628178638,0.3764129640748126,0,942.05
15607,1.8621792716975394,-0.4242629202453546,-0.24822015488993726,-0.49533854677021055,-0.5357296426732727,-0.4242629202453546,-0.41048692677833926,-0.047424192302864245,-1.731161958563359,0,0.0
16386,0.7799168740132983,-0.4242629202453546,-0.25564095727758485,-0.5751801431963688,-0.6633776344678488,-0.4242629202453546,-0.8841755974586852,-0.6564786266414667,-1.0186626743138847,0,241.47
15152,-1.0455859654540958,0.4272846443325696,0.13904340901605333,0.03945324269825298,0.8400320466682701,0.4272846443325696,0.06320174390200677,-0.06991767993468763,1.0325627704587637,1,2362.48
13571,-0.8630356815073564,0.4272846443325696,-0.12985614722310554,-0.4427356259915013,0.5421867324809257,0.4272846443325696,0.06320174390200677,-0.3588724825896496,0.6029983854235488,0,1287.79
15346,1.8100220477127567,-0.4242629202453546,-0.22312268167509447,-0.2253108296770695,-0.4789972018756833,-0.4242629202453546,-0.19995862869818545,-0.2481353127099037,-1.187367788359811,0,0.0
13120,0.5843272840703633,-0.4242629202453546,-0.26082498093363726,-0.630955880507359,-0.7059269650660409,-0.4242629202453546,-1.0420718210188007,-0.7049261384638555,-0.9863924278951376,0,0.0
15969,-0.1067559337280074,-0.4242629202453546,-0.21355688326976227,-0.1223908789930523,-0.5782789732714647,-0.4242629202453546,-0.5683831503384545,-0.5941889685841096,-0.5703265618950909,0,357.4
16471,1.0537422999334074,-0.4242629202453546,-0.22796167031403916,-0.277374280209656,-0.5357296426732727,-0.4242629202453546,-0.41048692677833926,-0.2585169223861299,-1.0530298595049614,0,0.0
13404,0.24530532816927578,-0.4242629202453546,-0.2290052737647986,-0.28860257617980284,-0.592462083470862,-0.4242629202453546,-0.621015224858493,-0.40385945785329636,-0.9142683452681442,0,34.68
12621,-1.1107824954350742,1.7897607476572481,1.266303404145054,0.49069811548672104,1.7761173198284952,1.7897607476572481,0.018088537170545215,0.4763527339810231,2.46402988259488,1,3494.63
13627,-0.22410968769376846,-0.08364389441418492,-0.09146887697000891,-0.06088517522606976,0.15924275709719737,-0.08364389441418492,0.028113694221980887,0.14751936717293837,0.1715568863057881,0,611.47
16616,-0.47185650162148624,-0.4242629202453546,-0.23031572695785318,-0.3027019510869417,-0.5640958630720674,-0.4242629202453546,-0.5157510758184162,-0.36579355570713373,-0.5466226627557597,0,290.32
17671,-0.47185650162148624,-0.08364389441418492,-0.07930766737687604,-0.017270377361574264,-0.18115188768833898,-0.08364389441418492,-0.32276680257827517,-0.14201219157514725,-0.008171336548216897,0,474.16
16904,-1.1107824954350742,1.6194512347416634,0.23258359192988637,-0.2742514016010709,4.017048731333277,1.6194512347416634,1.1806211721735924,-0.3202741902036805,3.1217598998085703,1,720.2
15198,-0.9021535994959434,-0.4242629202453546,-0.24773064708241493,-0.49007185419789406,-0.6491945242684515,-0.4242629202453546,-0.8315435229386468,-0.5249782374092684,-0.5164496800172127,0,86.0
13358,0.9755064639562334,-0.4242629202453546,-0.19140495529948962,0.115945247031254,-0.3087998794829151,-0.4242629202453546,0.4316262655422759,0.23980034207272669,-0.568197517906718,0,0.0
14798,-0.64136747957203,-0.25395340732976973,-0.24947111928693877,-0.597856180660509,-0.6208283038696568,-0.25395340732976973,-0.8841755974586852,-0.5665046761141732,-0.45977876911196025,0,76.34
15325,-1.1759790254160525,-0.4242629202453546,-0.23853537889249896,-0.3911384971970886,-0.05350389589376284,-0.4242629202453546,1.4316356814230065,0.05293136790065548,-0.2500641830982987,0,0.0
16667,1.1841353598953641,-0.4242629202453546,-0.23196441644846655,-0.32044046426453526,-0.43644787127749124,-0.4242629202453546,-0.04206240513807012,-0.47999126214562166,-1.112816903415003,0,366.78
17213,-0.680485397560617,0.25697513141698475,0.03651871821832085,-0.0358891109181521,0.23015830809418414,0.25697513141698475,-0.05258882004207777,-0.22183523486346407,0.4886256390108659,1,1001.22
14755,-1.0586252714502915,0.5975941572481545,0.22138780051270032,0.06225162975009344,0.7407502752724887,0.5975941572481545,0.025607404959122112,-0.1329488815403466,1.0797378646990818,1,2142.6
16055,0.34961977613884115,-0.4242629202453546,-0.24311431650869741,-0.440404017300632,-0.6066451936702594,-0.4242629202453546,-0.6736472993785315,-0.670320772876435,-0.9204422057078886,0,0.0
16619,0.9103099339752551,-0.4242629202453546,-0.22757754265952512,-0.27324138951054655,-0.5215465324738753,-0.4242629202453546,-0.35785485225830077,-0.28620121485606637,-0.8859706595885436,0,0.0
16128,-0.6544067855682256,-0.25395340732976973,-0.1479492396226722,-0.05171113318748606,-0.23788432848592836,-0.25395340732976973,-0.09469447965810857,-0.11317438691896338,-0.09943140296817118,0,1185.52
17951,2.1490440036138443,-0.25395340732976973,-0.19642411000648072,-0.3124855640250989,-0.592462083470862,-0.25395340732976973,-0.857859560198666,-0.36579355570713373,-1.2181989956534376,0,599.0400000000001
13101,0.5321700600855805,-0.4242629202453546,-0.24882694060967847,-0.5018670511046445,-0.6066451936702594,-0.4242629202453546,-0.6736472993785315,-0.35541194603090753,-0.8807446595293309,0,0.0
15987,-0.9543108234807262,0.4272846443325696,-0.06314711100909019,-0.3231134326591657,0.1876089774959921,0.4272846443325696,-0.4192589391983456,0.040819489945058275,0.6845697068029715,0,239.14
14623,-1.0064680474655088,-0.08364389441418492,-0.1629982053442094,-0.31741699260264994,0.5280036222815284,-0.08364389441418492,0.7474187126625066,-0.44077184781321166,0.33693872346755516,0,280.54
17375,0.07579435021873202,-0.08364389441418492,-0.19802180910047723,-0.4430251721687988,0.17342586729659473,-0.08364389441418492,0.11583381842204521,-0.3231136048159817,-0.220778035769328,0,0.0
14628,0.636484508055146,-0.4242629202453546,-0.20966801568777932,-0.080549932446316,-0.54991275287267,-0.4242629202453546,-0.4631190012983777,-0.37963570194210194,-1.0804307780265774,0,340.38
12727,-0.08067732173561605,0.25697513141698475,0.20995235423141476,0.3373109192114297,0.5563698426803232,0.25697513141698475,0.052675328997999114,0.36645598012268615,0.4937004315219377,1,1180.3
13232,-0.17195246370898576,0.08666561850139992,-0.11960707750310673,-0.2930783505099224,0.7691164956712834,0.08666561850139992,0.6158385263624104,-0.27322420276078363,0.22764265786076818,0,466.9
13634,-1.1368611074274655,-0.08364389441418492,-0.13753530095361208,-0.22609717613751948,0.31525696929056823,-0.08364389441418492,0.5018023649023269,-0.34618384854092865,0.3062709374529654,0,791.39
17615,-0.8239177635187694,-0.08364389441418492,-0.21000455230545093,-0.485999920588742,-0.5357296426732727,-0.08364389441418492,-0.8490875477786596,-0.5849608710941309,-0.3335969217701746,0,0.0
16091,-0.5109744196100733,-0.25395340732976973,-0.2124758868614838,-0.398837377658704,-0.4931803120750806,-0.25395340732976973,-0.621015224858493,-0.47999126214562166,-0.4116870006069261,0,0.0
13370,2.3185549815643878,-0.4242629202453546,-0.1377222657412074,0.6935258657952909,-0.16696877748894162,-0.4242629202453546,0.9579470107426603,0.44051146247976614,-0.8085314831287804,0,0.0
14626,-0.9282322114883348,-0.25395340732976973,0.0010429996120497644,0.7498044990984292,0.1876089774959921,-0.25395340732976973,0.7211026754024873,0.7744532403983749,0.735781947305866,0,1219.98
14768,-0.8630356815073564,-0.4242629202453546,-0.24338626529065424,-0.44332995761858557,-0.6633776344678488,-0.4242629202453546,-0.8841755974586852,-0.6080311148190779,-0.3862794532175582,0,59.400000000000006
16168,-1.1759790254160525,2.130379773488418,0.13530241358425937,-0.41704221257447144,-0.16696877748894162,2.130379773488418,-0.8874651021161877,-0.4817215304249927,1.2707799695103061,1,1426.4
16744,-0.6283281735758344,-0.25395340732976973,-0.22510790778337947,-0.4667923415431759,-0.05350389589376284,-0.25395340732976973,0.3789941910222374,-0.4955636766599609,-0.2654242437432504,0,1051.17
17869,-1.12382180143127,0.25697513141698475,-0.1932491079771345,-0.5303108484205508,-0.1953349978877363,0.25697513141698475,-0.6736472993785315,-0.6696286655646866,0.1081445000394105,0,0.0
13937,-0.31538482966713816,-0.4242629202453546,-0.23902658637990853,-0.3964234768963923,-0.592462083470862,-0.4242629202453546,-0.621015224858493,-0.3208065804434869,-0.8221018571088415,0,0.0
17386,-1.0455859654540958,-0.08364389441418492,-0.0040373435708816185,0.25267809551462245,-0.6350114140690541,-0.08364389441418492,-0.9543516968187364,0.2640240979839211,0.28046910094156113,0,1145.02
14583,-0.64136747957203,0.08666561850139992,-0.13995734479291527,-0.3478162933643884,1.7193848790309056,0.08666561850139992,1.707954072653208,-0.26889853206235603,0.7433020781138524,0,245.24
17080,0.9885457699524292,-0.4242629202453546,-0.2530540444892203,-0.5473471359218354,-0.7059269650660409,-0.4242629202453546,-1.0420718210188007,-0.497293944939332,-1.1246411955642577,0,211.3
18287,0.10187296221112337,-0.4242629202453546,-0.13595289897860066,0.7125627649889762,-0.3371660998817098,-0.4242629202453546,0.4316262655422759,0.9422892634973646,-0.09770675406028743,0,1072.0
17187,0.4278556121160152,-0.4242629202453546,-0.2313610300884998,-0.31394853418407576,-0.5782789732714647,-0.4242629202453546,-0.5683831503384545,-0.2481353127099037,-0.6781638164515285,0,0.0
17218,0.2713839401616671,0.25697513141698475,-0.10564760658928418,-0.34180714343639124,0.48545429168333637,0.25697513141698475,0.33688853140620667,-0.47376229633988604,0.0030752436705281626,0,1008.39
17047,0.15403018619590605,-0.25395340732976973,-0.13864689159986068,-0.0016684101869863187,-0.15278566728954426,-0.25395340732976973,0.036885706641987544,-0.13739814283015778,-0.24494915612440288,0,351.47
13577,-0.5892102555872473,-0.25395340732976973,-0.12629531785935802,0.06477786572104084,-0.11023633669135223,-0.25395340732976973,0.11583381842204521,-0.16335216702072322,0.051248409736423015,0,865.5
17588,-0.27626691167855116,-0.25395340732976973,-0.14666768098770055,-0.04481688631330797,-0.54991275287267,-0.25395340732976973,-0.7789114484186084,-0.2965828245322925,-0.27079232667528835,0,0.0
13652,0.8190347920018853,-0.25395340732976973,-0.15754563226597454,-0.10333569267237958,-0.2520674386853257,-0.25395340732976973,-0.09469447965810857,-0.24467477615116162,-0.6647638547607644,0,456.84
15780,-0.13283454572039874,-0.08364389441418492,-0.18524361570827974,-0.3971976319388508,-0.35134921008110714,-0.08364389441418492,-0.5859271751784674,-0.49267989619434255,-0.3034636254564831,0,0.0
16209,-0.9673501294769218,0.08666561850139992,0.09377923393922287,0.2808859888923936,-0.22370121828653103,0.08666561850139992,-0.555225131708445,0.20779037890436264,0.5827320172102292,1,145.72
13223,0.0888336562149277,-0.25395340732976973,-0.23828722562896332,-0.5376915328725885,-0.6491945242684515,-0.25395340732976973,-0.9631237092387429,-0.5941889685841096,-0.6275204488170887,0,0.0
12472,-0.719603315549204,0.25697513141698475,0.5715082598430469,1.1153184497552866,1.8328497606260847,0.25697513141698475,1.5263734155590754,1.3907748015103356,1.994743697350793,1,1644.51
14636,0.9755064639562334,-0.4242629202453546,-0.21500331085379526,-0.13795322405916788,-0.4931803120750806,-0.4242629202453546,-0.2525907032182239,-0.3415697997959393,-0.899051344437113,0,309.66
17282,-0.8239177635187694,-0.08364389441418492,0.020448244884558257,0.34049287930720423,0.40035563048695233,-0.08364389441418492,0.46671431522230156,1.4060011623688007,0.7510451157828919,1,0.0
13955,-0.5109744196100733,-0.25395340732976973,-0.21113313975057185,-0.39161396249875613,-0.2520674386853257,-0.25395340732976973,-0.2262746659582047,-0.47999126214562166,-0.3741680790431558,0,0.0
17802,-0.17195246370898576,-0.25395340732976973,-0.1585348459603426,-0.1086572466256576,0.21597519789478678,-0.25395340732976973,0.8789988989626026,-0.04223338746475115,-0.031433788892681155,0,652.62
13707,0.949427851963842,-0.25395340732976973,-0.12896211560242238,0.05043161459957464,-0.03932078569436549,-0.25395340732976973,0.16846589294208367,-0.1391284111095288,-0.5438059808135113,0,0.0
12901,-1.1107824954350742,2.6413083122351724,1.7123113043134983,0.4333616475108302,-0.3087998794829151,2.6413083122351724,-0.8453940688649727,1.5156455312299966,2.0096505106023375,1,6015.07
15998,-0.28930621767474685,-0.08364389441418492,0.09180080655048681,0.5963907429482279,3.2511607805658196,-0.08364389441418492,4.887808574905532,0.8338591179901136,1.6112425692420564,1,974.96
15885,1.510118009800256,-0.4242629202453546,-0.2634764815577166,-0.6594837986074064,-0.7059269650660409,-0.4242629202453546,-1.0420718210188007,-0.7429920406100182,-1.3430595421330709,0,364.35
14006,-1.0195073534617045,-0.08364389441418492,-0.10248450231914856,-0.10039146522743876,-0.4080816508786965,-0.08364389441418492,-0.5683831503384545,-0.007051265784207013,0.2377716008019672,0,0.0
13784,-1.0586252714502915,0.7679036701637393,0.06857808025125903,-0.23690715407783391,-0.592462083470862,0.7679036701637393,-0.9236496533487141,0.04644286185301412,0.5053603800585293,1,494.16
13948,2.1751226156062358,-0.4242629202453546,-0.24868926653881285,-0.5003857938186804,-0.6775607446672461,-0.4242629202453546,-0.9368076719787237,-0.6080311148190779,-1.6373215997155761,0,0.0
12644,-0.8369570695149651,-0.4242629202453546,-0.18479659989793815,0.1870455967575261,-0.28043365908412043,-0.4242629202453546,0.5368904145823528,0.37822180442240905,0.10946424358322572,0,0.0
12616,1.353646337845908,-0.4242629202453546,-0.22258218347095524,-0.21949552329513675,-0.5640958630720674,-0.4242629202453546,-0.5157510758184162,-0.4073199944120384,-1.1021888338241057,0,457.7
15038,-0.08067732173561605,0.08666561850139992,-0.18143293340110936,-0.45937691154986227,0.5563698426803232,0.08666561850139992,0.28688806061217015,-0.6400410779874419,0.06739705389006727,0,188.04
13116,-0.719603315549204,-0.4242629202453546,-0.18084824351990217,0.22952659274881457,-0.29461676928351777,-0.4242629202453546,0.48425834006231433,0.26056356142517906,0.048536997533579,0,0.0
14643,-0.3023455236709425,-0.25395340732976973,-0.1481005111326357,-0.052524910338416886,-0.29461676928351777,-0.25395340732976973,-0.27890674047824315,0.663716070518629,0.09844476425226338,0,0.0
14297,1.0537422999334074,-0.4242629202453546,-0.22649144721158496,-0.2615559153657194,-0.5640958630720674,-0.4242629202453546,-0.5157510758184162,-0.47653072558687964,-0.9504601114368361,0,1072.73
17272,0.07579435021873202,-0.25395340732976973,-0.02646631936277283,0.6018159239544333,0.11669342649900534,-0.25395340732976973,0.9842630480026796,1.2623888951810052,0.3785362062416417,0,739.1899999999999
14595,1.5622752337850387,-0.4242629202453546,-0.2381852448357295,-0.38737134903772336,-0.6491945242684515,-0.4242629202453546,-0.8315435229386468,-0.4834517987043637,-1.256002825067209,0,1576.8
12891,-0.1067559337280074,-0.08364389441418492,-0.20976659712123868,-0.4851465213293389,-0.6917438548666435,-0.08364389441418492,-1.0420718210188007,0.3493839997662253,-0.19395444969905984,0,0.0
15498,-0.9543108234807262,2.6413083122351724,1.2851647518536489,0.19148070629210848,3.3646256621609982,2.6413083122351724,-0.04760262350860046,0.07770152432112498,3.5019716617046215,1,4190.03
17854,-0.1067559337280074,-0.25395340732976973,-0.21312176521863133,-0.4023119317862739,-0.507363422274478,-0.25395340732976973,-0.6999633366385507,-0.6011100417015938,-0.49501351335715826,0,0.0
15898,0.4278556121160152,0.08666561850139992,-0.09640814672230019,-0.23067810144781553,0.23015830809418414,0.08666561850139992,-0.14732655417814702,-0.3822311043611585,-0.12375827430105216,0,385.89
15630,0.14099088019971037,-0.4242629202453546,-0.1985725053839398,0.038828432526190025,-0.4222647610780939,-0.4242629202453546,0.010569669381968322,0.2224976592790164,-0.3394878549909097,0,789.49
12865,-0.9151929054921392,-0.4242629202453546,-0.0992228166155536,1.1077475791825817,0.102510316299608,-0.4242629202453546,1.9579564266233906,1.1568425301393723,0.7955524016017309,0,586.85
13804,-0.680485397560617,-0.08364389441418492,-0.035700680190095146,0.13912113263304468,0.32944007948996556,-0.08364389441418492,0.2561860171421478,0.16597556215289616,0.4451582661868846,0,1233.28
14459,-0.4979351136138776,-0.4242629202453546,0.04636156444527161,2.6741131541450565,-0.1953349978877363,-0.4242629202453546,0.8526828617025835,1.8835552074752049,1.4485768095661626,1,0.0
18226,-0.9543108234807262,0.9382131830793241,0.4565130177127055,0.17685357131665427,0.797482716070078,0.9382131830793241,0.004721661101964071,0.3862963897261405,1.4306219457234541,1,977.02
16208,1.2493318898763426,-0.4242629202453546,-0.1814516298798689,0.22303466266835503,-0.15278566728954426,-0.4242629202453546,1.0105790852626988,0.09445780660556019,-0.7417849066529084,0,166.67
16134,2.16208330961004,-0.4242629202453546,-0.217834977545921,-0.16841957761985948,-0.4931803120750806,-0.4242629202453546,-0.2525907032182239,-0.19968780088751487,-1.3847078980038507,0,334.56
16927,-1.0195073534617045,-0.08364389441418492,-0.1737248851125199,-0.35588701207474377,-0.6491945242684515,-0.08364389441418492,-0.9894397464987621,0.39898502377486145,0.2035335818085487,0,0.0
14957,0.7668775680171027,-0.4242629202453546,-0.2560845737281519,-0.5799530833400306,-0.54991275287267,-0.4242629202453546,-0.4631190012983777,-0.6287943341715302,-1.1393199605820192,0,0.0
13711,0.3235411641464498,-0.25395340732976973,-0.22318387015103477,-0.4564418276684151,-0.5640958630720674,-0.25395340732976973,-0.7525954111585892,-0.5042150180568161,-0.7052740465855931,0,0.0
13745,-0.4066599716405079,-0.4242629202453546,-0.21502880605210373,-0.138227530963976,-0.3655323202805045,-0.4242629202453546,0.2210979674621221,0.9699735559673012,-0.3299585663967822,0,0.0
12428,-0.9543108234807262,0.7679036701637393,1.0169127736515247,1.0385033728455115,2.854033694982694,0.7679036701637393,0.7408397033475017,0.7182195213188164,2.6888002324071882,1,408.34
15743,-1.0455859654540958,-0.25395340732976973,-0.19225139588333032,-0.2900381156482988,-0.28043365908412043,-0.25395340732976973,-0.19995862869818545,-0.5405506519236077,-0.12357693628356752,0,341.91
18245,-0.5761709495910516,0.4272846443325696,0.018298149827211896,-0.17706634083031192,0.7407502752724887,0.4272846443325696,-0.04206240513807012,0.019479514499482174,0.7129627741889262,1,894.25
17787,-0.5370530316024646,0.08666561850139992,0.042897616835096214,0.1440251305201148,0.6131022834779125,0.08666561850139992,0.5895224891023912,0.028707611989461066,0.5811284559845374,1,0.0
15326,1.8230613537089524,-0.4242629202453546,-0.21304527962370595,-0.11688645376990214,-0.3087998794829151,-0.4242629202453546,0.4316262655422759,0.5893145345056747,-1.0791316962683735,0,0.0
16180,-0.8630356815073564,0.5975941572481545,1.1836955622658862,1.5413405849427526,0.5563698426803232,0.5975941572481545,0.010569669381968322,1.6813609999715615,1.941217193782596,1,0.0
18065,-0.13283454572039874,0.7679036701637393,-0.02600570611333341,-0.3641124094008658,0.2868907488917735,0.7679036701637393,-0.5486461223934401,-0.4908054388916906,0.4045729130696301,0,980.68
14079,-0.9021535994959434,-0.4242629202453546,-0.202271008818553,-0.0009643557979786512,-0.54991275287267,-0.4242629202453546,-0.4631190012983777,0.29516892701259967,-0.010579439618027339,0,0.0
16607,-0.8499963755111608,1.108522695994909,0.1193900104800092,-0.2722392549516474,0.6131022834779125,1.108522695994909,-0.5104878683664124,-0.030121509509153946,1.202921621077243,1,1080.13
14779,1.1319781359105816,-0.08364389441418492,-0.2003928625431635,-0.45152868621785136,-0.15278566728954426,-0.08364389441418492,-0.37539887709831365,-0.6495575535239826,-0.7683827513444463,0,0.0
13695,-0.9673501294769218,1.2788322089104938,-0.030530253973140523,-0.4565748249555948,-0.29461676928351777,1.2788322089104938,-0.8554671931750278,-0.4589134485605564,0.6919877560248522,0,1118.6
17613,-0.9934287414693131,0.9382131830793241,0.23991601096339793,-0.08207995540424597,1.733567989230303,0.9382131830793241,0.31466609994219047,-0.10548430567731433,1.7122205664633852,1,1567.86
12820,1.7317862117355827,-0.4242629202453546,-0.2370532580308341,-0.3751921224642416,-0.5640958630720674,-0.4242629202453546,-0.5157510758184162,-0.24121423959241958,-1.241749018530925,0,771.88
17582,0.5582486720779719,-0.4242629202453546,-0.23623571200507634,-0.36639601438339364,-0.3229829896823125,-0.4242629202453546,0.4316262655422759,-0.3208065804434869,-0.8936429706291406,0,0.0
13078,-1.1368611074274655,1.960070260572833,0.9096680718069537,0.1563841805089709,0.428721850885747,1.960070260572833,-0.203467433666188,-0.16969648404508372,1.5938851682306325,1,5710.79
16038,-0.21107038169757278,-0.25395340732976973,-0.19917249238413215,-0.32727070619425813,-0.3938985406792992,-0.25395340732976973,-0.48943503855839693,-0.35022114119279446,-0.4285837936374318,0,78.45
13611,-0.3023455236709425,-0.25395340732976973,-0.15780398360883355,-0.10472551432340751,-0.28043365908412043,-0.25395340732976973,-0.2525907032182239,-0.019739899832927767,-0.3162391038437265,0,517.68
14023,0.7407989560247114,-0.4242629202453546,-0.2196009449487533,-0.1874199025595706,-0.4931803120750806,-0.4242629202453546,-0.2525907032182239,-0.18584565465254663,-0.7503093312611763,0,310.93
14082,2.2272798395910183,-0.4242629202453546,-0.2350493354437896,-0.3536315997463212,-0.3229829896823125,-0.4242629202453546,0.4316262655422759,-0.36579355570713373,-1.39445849374818,0,0.0
17874,-0.1067559337280074,0.4272846443325696,-0.14985967981591908,-0.47860582557691356,-0.1953349978877363,0.4272846443325696,-0.6911913242185442,-0.6189894805884277,-0.1012956030747836,0,0.0
16333,-0.9151929054921392,2.3006892864040025,2.176278022170419,0.8587995409389327,-0.6066451936702594,2.3006892864040025,-0.9863437421152305,3.9810474840209804,2.528460889822769,1,12257.6
12888,0.2713839401616671,-0.25395340732976973,-0.20583693722196222,-0.3631226186526831,-0.6633776344678488,-0.25395340732976973,-0.9631237092387429,-0.614952187936562,-0.660379968211587,0,0.0
14761,1.8361006597051481,-0.4242629202453546,-0.24945412248806648,-0.5086150009629249,-0.6208283038696568,-0.4242629202453546,-0.7262793738985699,-0.5457414567617208,-1.3617620853470565,0,158.4
15373,-1.0195073534617045,0.9382131830793241,0.02069299878831943,-0.34415277225795077,0.20179208769538942,0.9382131830793241,-0.5099030675384119,-0.6103381391915725,0.7409795376374823,1,729.01
14256,0.8711920159866681,-0.25395340732976973,-0.10131682223662136,0.19915167482305896,0.003228544903826554,-0.25395340732976973,0.3000460792421798,-0.030121509509153946,-0.35620350874128837,0,0.0
12922,-0.41969927763670356,-0.4242629202453546,-0.1971243781200196,0.054409064719292806,-0.3229829896823125,-0.4242629202453546,0.3789941910222374,0.5339459495658018,-0.3143262598747536,0,0.0
12590,0.2322660221730801,-0.25395340732976973,1.4105824310524862,8.332534273654524,0.24434141829358147,-0.25395340732976973,0.6947866381424681,6.66428646337736,5.040680898350767,1,0.0
16955,-0.11979523972420307,0.08666561850139992,-0.1778687046775874,-0.4497898852268175,-0.46481409167628596,0.08666561850139992,-0.7657534297885987,-0.5163268960124133,-0.3679026958688682,0,0.0
14290,2.1881619216024313,-0.4242629202453546,-0.13386569207708182,0.7350193569292701,-0.3938985406792992,-0.4242629202453546,0.11583381842204521,0.014865465754492829,-0.8794997217555677,0,1537.09
13833,-0.44577788962909487,-0.4242629202453546,-0.20078378891722648,0.015036880315829991,-0.3229829896823125,-0.4242629202453546,0.3789941910222374,-0.3415697997959393,-0.3882111450948491,0,0.0
14046,1.1841353598953641,-0.4242629202453546,-0.2396826628163794,-0.4034823079134553,-0.5215465324738753,-0.4242629202453546,-0.35785485225830077,0.8453942398525871,-0.8605030605480645,0,0.0
17217,0.5321700600855805,-0.4242629202453546,-0.246734634668498,-0.4793555977833891,-0.592462083470862,-0.4242629202453546,-0.621015224858493,-0.6633996997589509,-1.0747075083188777,0,0.0
16253,0.8059954860056897,-0.4242629202453546,0.022987566636080353,2.4226285838169463,0.03159476530262125,-0.4242629202453546,1.6947960540231983,3.8906664115456,1.2857039456591473,1,1983.46
13501,1.2232532778839513,-0.4242629202453546,-0.03821450674330877,1.764145715261493,0.017411655103223903,-0.4242629202453546,1.6421639795031602,1.1914478957267929,0.17687468452145852,0,0.0
14108,-1.202057637408444,-0.4242629202453546,-0.21650922723388133,-0.15415561856983587,-0.4931803120750806,-0.4242629202453546,-0.2525907032182239,-0.023200436391669826,-0.027921698467131523,0,306.58
16960,0.7668775680171027,-0.4242629202453546,-0.23177235262120954,-0.3183740189149805,-0.08187011629255754,-0.4242629202453546,1.2737394578628911,-0.4177016040882646,-0.8836931838681057,0,305.52
17338,-1.0325466594579003,0.5975941572481545,0.6116750949380736,0.6621320936516765,3.8184851885417133,0.5975941572481545,3.1008243304870824,0.4098609958166225,2.6526368651562593,1,1329.62
17616,-0.2632276056823555,-0.08364389441418492,-0.16894028622996657,-0.3387275912517451,-0.7059269650660409,-0.08364389441418492,-1.0420718210188007,-0.48806584744935316,-0.412046411884333,0,0.0
15669,-1.1759790254160525,-0.08364389441418492,-0.16990230504613893,-0.34217776254333215,-0.3087998794829151,-0.08364389441418492,-0.5683831503384545,-0.44423238437195367,0.059085101738188414,0,118.8
17920,-1.1499004134236612,0.9382131830793241,0.12979545074963322,-0.21372491877917266,2.5278221603965547,0.9382131830793241,0.6889386298624637,-0.1577768581205277,2.131532868684671,1,1790.7
14461,-0.5892102555872473,-0.08364389441418492,0.0914268769752961,0.5950496869691656,1.733567989230303,-0.08364389441418492,2.0632205756634674,0.1371377574967122,1.1836204780429505,1,0.0
15862,-1.0586252714502915,-0.08364389441418492,-0.1538930201883166,-0.2847622795124888,0.669834724275502,-0.08364389441418492,0.6596985884624426,-0.17084999623133099,0.4765119279244809,0,173.15
12381,-0.9673501294769218,-0.4242629202453546,-0.05038081537610334,1.6332464602870447,0.15924275709719737,-0.4242629202453546,2.1684847247035446,1.2191321881967294,0.9982886116436271,0,576.57
17900,-0.04155940374702904,-0.25395340732976973,-0.2469555930538379,-0.5843237066899737,-0.6633776344678488,-0.25395340732976973,-0.9368076719787237,-0.6201429927746751,-0.7923889068980133,0,0.0
16327,0.07579435021873202,0.08666561850139992,0.1537337422813849,0.4421510182291038,0.9676800384628462,0.08666561850139992,1.6684800167631793,0.6533344608424028,0.6923539566852677,1,1350.63
16440,0.2713839401616671,-0.4242629202453546,-0.21971652318108492,-0.18866342719470092,-0.22370121828653103,-0.4242629202453546,0.7474187126625066,-0.3484908729134234,-0.7121546124364944,0,3368.21
16882,0.5973665900665589,-0.25395340732976973,-0.22936390622100417,-0.4896878245311626,-0.507363422274478,-0.25395340732976973,-0.6999633366385507,-0.5699652126729152,-0.9551787492146867,0,489.42
13884,1.0928602179219946,-0.08364389441418492,-0.23266978360166715,-0.5672862000468899,-0.5782789732714647,-0.08364389441418492,-0.9192636471387109,-0.6714742850626824,-0.9149685472900876,0,591.35
17686,-0.9543108234807262,0.25697513141698475,0.5140165876574816,0.9916060356868118,1.7477510994297003,0.25697513141698475,1.2737394578628911,0.610077753858127,1.8244515658448481,1,1150.11
14000,0.2322660221730801,-0.4242629202453546,-0.15798414967688,0.4755250249807618,-0.507363422274478,-0.4242629202453546,-0.30522277773826234,1.7105283795381019,0.05891604764473092,0,0.0
18120,0.2713839401616671,-0.4242629202453546,-0.2471340594419971,-0.48365307262538343,-0.4789972018756833,-0.4242629202453546,-0.19995862869818545,-0.6391759438477564,-0.8373505640411949,0,0.0
18229,-1.0847038834426828,1.6194512347416634,0.5607084938395855,-0.0026861591389281715,0.102510316299608,1.6194512347416634,-0.6776959204954575,-0.34236838515564905,1.2996340351429874,1,2412.84
13003,-1.1499004134236612,-0.08364389441418492,-0.24069227266939422,-0.5960579465067668,-0.6633776344678488,-0.08364389441418492,-0.9894397464987621,-0.6276408219852828,-0.1256957540886895,0,0.0
17589,-0.5500923375986603,-0.08364389441418492,0.047236899587195194,0.4365673487890091,1.0385955894598329,-0.08364389441418492,2.080764600503481,0.7611878502565304,0.8536686823586064,1,561.1
17314,-0.5892102555872473,0.25697513141698475,-0.00989783982205174,-0.135769741096895,0.08832720610021064,0.25697513141698475,-0.41048692677833926,-0.041887333808876964,0.39912676776994166,0,1021.0
16690,0.10187296221112337,-0.4242629202453546,-0.2513237703640198,-0.5287308406488558,-0.6491945242684515,-0.4242629202453546,-0.8315435229386468,-0.5872678954666255,-1.0109852437683944,0,139.07999999999998
16458,-1.1368611074274655,1.2788322089104938,0.09966012634903974,-0.32923490987929344,-0.11023633669135223,1.2788322089104938,-0.45833426725110143,-0.3186044208151965,0.9618019662630768,1,1331.24
13995,-1.0195073534617045,-0.08364389441418492,-0.11783091202095107,-0.1554296217499448,-0.16696877748894162,-0.08364389441418492,-0.14732655417814702,-0.04511716793036967,0.15123643585180108,0,521.79
17451,-1.1499004134236612,-0.4242629202453546,-0.20721537761050599,-0.05416160820377224,-0.3938985406792992,-0.4242629202453546,0.11583381842204521,0.17751068401536962,-0.0740565018789596,0,1375.39
18138,1.3275677258535166,-0.4242629202453546,-0.24008038790999128,-0.4077614956284624,-0.6066451936702594,-0.4242629202453546,-0.6736472993785315,-0.614952187936562,-1.407403608467181,0,0.0
14680,-0.9412715174845304,1.6194512347416634,3.846587440949392,2.7167981219373556,0.2727076386923762,1.6194512347416634,-0.19186138646433343,2.3275686674738014,2.538907472645537,1,4557.71
15768,-1.0195073534617045,-0.08364389441418492,-0.1603348069609195,-0.30786501660633064,-0.3938985406792992,-0.08364389441418492,-0.621015224858493,-0.46499560372440607,0.03740684073574482,0,0.0
13994,-1.1499004134236612,-0.25395340732976973,-0.19471423203992705,-0.3032871391505324,-0.46481409167628596,-0.25395340732976973,-0.5420671130784354,-0.5163268960124133,-0.14015103563851142,0,1854.58
13311,-0.5631316435948559,-0.4242629202453546,-0.18272299043551715,0.20935589168192212,-0.37971543047990186,-0.4242629202453546,0.16846589294208367,0.19135283025033786,-0.17152572263836857,0,108.46
15624,-1.0064680474655088,0.08666561850139992,-0.16606272818088566,-0.41803428921352753,-0.35134921008110714,0.08666561850139992,-0.6473312621185122,-0.43759968930103144,0.017272132510830436,0,0.0
17128,1.8361006597051481,-0.4242629202453546,-0.23932573004006105,-0.39964201124614124,-0.5215465324738753,-0.4242629202453546,-0.35785485225830077,-0.4834517987043637,-1.4969191854951471,0,0.0
15228,-0.8369570695149651,-0.08364389441418492,0.11198790457112123,0.6687894786905917,0.4570880712845417,-0.08364389441418492,0.46671431522230156,0.9895832631335064,1.009014872006791,1,1162.68
16525,-0.9934287414693131,2.811617825150757,1.4334074322581023,0.22730927860161543,0.23015830809418414,2.811617825150757,-0.7289109776245719,0.22059436417170822,2.017688887713974,1,3028.9
15503,2.201201227598627,-0.4242629202453546,-0.2420537162590657,-0.4289928500606131,0.21597519789478678,-0.4242629202453546,2.379013022783698,-0.5042150180568161,-1.463516305172639,0,0.0
14854,-0.7847998455301823,0.4272846443325696,0.1218120543193124,0.00855409379886406,0.6272853936773098,0.4272846443325696,-0.13855454175814055,0.07773187990497345,0.6402557867795026,1,458.2
17646,0.33658047014264547,-0.08364389441418492,-0.09463198124014453,-0.0722292896671356,-0.06768700609316018,-0.08364389441418492,-0.19995862869818545,-0.37386814101086513,-0.2919321281714389,0,0.0
14130,1.6405110697622127,-0.4242629202453546,-0.18428669593176905,0.19253173485368907,0.21597519789478678,-0.4242629202453546,2.379013022783698,0.14290531842794904,-0.9621473992607404,0,0.0
15754,0.6886417320399286,-0.4242629202453546,-0.2504229400237878,-0.5190386633456345,-0.6350114140690541,-0.4242629202453546,-0.7789114484186084,-0.6218732610540462,-1.0229890988514105,0,366.77
17374,0.3235411641464498,-0.25395340732976973,-0.18176097161934482,-0.23360404176576915,-0.37971543047990186,-0.25395340732976973,-0.35785485225830077,-0.5993797734222227,-0.6064854231037773,0,0.0
12557,-0.45881719562529055,0.08666561850139992,1.2638490663878936,3.4281279740816935,-0.507363422274478,0.08666561850139992,-0.7131213552685604,2.250372082701863,1.9993349322312353,1,2990.0
16466,-1.1759790254160525,0.25697513141698475,-0.09612090082135828,-0.321307274083729,0.24434141829358147,0.25697513141698475,-0.14732655417814702,-0.3803278092538504,0.5600723562127784,0,596.33
14701,-0.27626691167855116,0.5975941572481545,0.06395495095799257,-0.17972624699138018,1.9463146422212634,0.5975941572481545,0.6647111669881606,-0.41720724172273005,1.1677214481195815,1,584.66
12948,-1.1499004134236612,0.08666561850139992,-0.023998384166514418,-0.03591105547053675,0.1876089774959921,0.08666561850139992,0.023727688011977933,-0.055210399560033874,0.5832423958376692,0,640.99
13798,-1.12382180143127,6.38811759637804,4.504336362429328,0.5649169619691188,0.6272853936773098,6.38811759637804,-0.773776611880068,0.7422533697359335,3.952399671434685,1,9087.61
15222,1.627471763766017,-0.4242629202453546,-0.16659472798558875,0.3828824396635566,-0.6491945242684515,-0.4242629202453546,-0.8315435229386468,0.7761835086777459,-0.5274255492377117,0,0.0
14076,-0.8369570695149651,-0.4242629202453546,-0.2458559001667999,-0.46990115313100156,-0.11023633669135223,-0.4242629202453546,1.2211073833428525,-0.4730701890281376,-0.45408433716670255,0,0.0
16226,0.12795157420351472,-0.08364389441418492,-0.2226637681055423,-0.5314007611889884,-0.6350114140690541,-0.08364389441418492,-0.9543516968187364,-0.5249782374092684,-0.7384978323149206,0,0.0
12963,2.240319145587214,-0.4242629202453546,-0.2038517111136772,-0.017971383896083857,-0.4931803120750806,-0.4242629202453546,-0.2525907032182239,-0.15124028906512602,-1.2600718778019857,0,1490.83
12930,-0.28930621767474685,-0.4242629202453546,-0.22836789380708722,-0.28174490355959914,-0.5215465324738753,-0.4242629202453546,-0.35785485225830077,-0.3727146288246178,-0.48794532733598206,0,194.24
17675,-1.202057637408444,3.3225463638975117,2.1261357658172373,0.43211377079055874,1.8186666504266873,3.3225463638975117,0.028876477910677427,0.08934223082307202,3.067068766774843,1,6300.09
17580,0.7668775680171027,-0.08364389441418492,-0.22936050686122972,-0.5554178546321907,-0.11023633669135223,-0.08364389441418492,-0.30522277773826234,-0.6449435047789931,-0.65123560433286,0,0.0
13588,-0.9543108234807262,-0.08364389441418492,-0.08320503335829516,-0.031247838088798212,0.41453874068634966,-0.08364389441418492,0.326362116502199,0.5431740470557807,0.5382995973030655,0,1403.33
16775,-0.9282322114883348,0.7679036701637393,-0.06639010023392566,-0.4184251765528792,0.20179208769538942,0.7679036701637393,-0.42364494540834885,-0.6240360964032599,0.6460264593568036,0,516.96
12359,-0.054598709743224706,-0.08364389441418492,0.32813619583020004,1.443980791678418,1.1946098016532039,-0.08364389441418492,1.414091656582993,0.3666866825599356,1.174123940634178,1,2814.3
17109,0.5060914480931892,-0.25395340732976973,-0.18706057350772895,-0.26211367273882935,0.017411655103223903,-0.25395340732976973,0.3000460792421798,-0.31734604388474486,-0.6732869373791583,0,416.7
16105,0.71472034403232,-0.4242629202453546,-0.20875358790844942,-0.0707114581271972,-0.5357296426732727,-0.4242629202453546,-0.41048692677833926,0.3955244872161194,-0.4937660766564106,0,0.0
15584,-0.4066599716405079,-0.4242629202453546,-0.2404628158846181,-0.4118760992005846,-0.22370121828653103,-0.4242629202453546,0.7474187126625066,-0.5803468223491414,-0.5598531754030216,0,570.46
13737,0.0888336562149277,-0.4242629202453546,-0.20830487241822063,-0.06588365660257371,-0.3087998794829151,-0.4242629202453546,0.48425834006231433,-0.31388550732600284,-0.5498735647479089,0,0.0
17817,1.0798209119257989,-0.25395340732976973,-0.22018563482996048,-0.440312581665696,-0.54991275287267,-0.25395340732976973,-0.7525954111585892,-0.7014656019051135,-0.9700313143822519,0,117.98
12494,-0.41969927763670356,0.25697513141698475,-0.11834761470666907,-0.36913542600607774,-0.12441944689074957,0.25697513141698475,-0.5578567354344469,-0.4945255156923384,0.08030384921034683,0,377.24
12561,1.4188428678268863,-0.4242629202453546,-0.22542914728206603,-0.2501264609987133,-0.4931803120750806,-0.4242629202453546,-0.2525907032182239,-0.13393760627141574,-1.0468081569267382,0,0.0
16765,1.314528419857321,-0.4242629202453546,-0.26024708977197897,-0.6247382573317076,-0.7059269650660409,-0.4242629202453546,-1.0420718210188007,-0.732610430933792,-1.3990045976588412,0,0.0
18099,-0.8630356815073564,-0.4242629202453546,-0.23741868920658865,-0.37912385476649174,-0.45063098147688857,-0.4242629202453546,-0.09469447965810857,-0.23083262991619338,-0.33738705759247556,0,0.0
16369,0.036676432230145,-0.4242629202453546,-0.2057808477856836,-0.03872727302656711,-0.507363422274478,-0.4242629202453546,-0.30522277773826234,-0.057805801979090424,-0.40331958083996144,0,1190.96
15705,0.10187296221112337,-0.4242629202453546,-0.24170358220229626,-0.42522570190124787,-0.6350114140690541,-0.4242629202453546,-0.7789114484186084,-0.5318993105267525,-0.7291596662874278,0,0.0
16671,-0.3805813596481165,-0.4242629202453546,-0.03098066914325653,1.8419757277190585,-0.6775607446672461,-0.4242629202453546,-0.9368076719787237,1.5236594053660306,0.40489400463801095,0,309.39
17068,-1.0847038834426828,1.960070260572833,0.2917222539261778,-0.2868543268398256,0.5421867324809257,1.960070260572833,-0.3648724621943059,-0.3985533017965586,1.5917139797281845,1,1270.65
15759,0.3235411641464498,-0.08364389441418492,-0.2230173015220862,-0.5326686686601015,-0.6491945242684515,-0.08364389441418492,-0.9718957216587494,-0.6772418459939191,-0.6617882405332999,0,0.0
16586,0.71472034403232,-0.4242629202453546,-0.18716935302051166,0.16151676748338104,-0.6066451936702594,-0.4242629202453546,-0.6736472993785315,-0.4177016040882646,-0.6994583238073797,0,0.0
15644,-0.3545027476557252,0.08666561850139992,-0.12944992373005748,-0.3195535386056556,1.6342862178345217,0.08666561850139992,1.9579564266233906,-0.2706288003417271,0.6387784333504115,0,0.0
15247,-0.9282322114883348,-0.4242629202453546,-0.20551739740316288,-0.035892768343549555,-0.6350114140690541,-0.4242629202453546,-0.7789114484186084,-0.19276672777003073,-0.20623140240123394,0,0.0
13226,1.0407029939372119,-0.4242629202453546,-0.2476337653288428,-0.48902948795962314,-0.4931803120750806,-0.4242629202453546,-0.2525907032182239,-0.4696096524693955,-1.0748951535189328,0,0.0
15628,-0.8499963755111608,0.08666561850139992,-0.042764549801424315,-0.08638809773698285,0.03159476530262125,0.08666561850139992,-0.08153646102809896,-0.0015720828995319542,0.3644495782705574,0,1556.69
16332,-0.8239177635187694,-0.08364389441418492,-0.15524596537855195,-0.2896144638730952,-0.11023633669135223,-0.08364389441418492,-0.16487057901815977,-0.4361577990682222,0.055632125752009404,0,931.03
14576,2.3185549815643878,-0.4242629202453546,-0.2600091345877667,-0.6221780595534983,-0.7059269650660409,-0.4242629202453546,-1.0420718210188007,-0.7049261384638555,-1.6089096946541648,0,0.0
14022,0.4148163061198195,-0.4242629202453546,-0.19124008635042827,0.11771909834901341,-0.3229829896823125,-0.4242629202453546,0.3789941910222374,0.9388287269386226,-0.2753901663019793,0,0.0
14312,-0.09371662773181173,0.08666561850139992,-0.12077305790574673,-0.2962145927882289,-0.12441944689074957,0.08666561850139992,-0.4499609826683681,-0.413375933389837,-0.10850603068626452,0,757.0
16255,-0.8108784575225737,0.4272846443325696,0.03953395033826743,-0.13898644673394525,1.0102293690610382,0.4272846443325696,0.6246105387824167,-0.06357336291032725,0.9749073810665924,1,822.16
13062,-0.028520097750833362,-0.4242629202453546,-0.20705050866144464,-0.05238775688601283,-0.5640958630720674,-0.4242629202453546,-0.5157510758184162,0.44051146247976614,-0.40019362319715074,0,0.0
13972,0.10187296221112337,-0.4242629202453546,-0.24122767183387175,-0.42010530634482907,-0.592462083470862,-0.4242629202453546,-0.621015224858493,-0.6011100417015938,-0.732342740275588,0,44.35
17095,1.3797249498382993,-0.25395340732976973,-0.17357021424278193,-0.18954120929008691,-0.2520674386853257,-0.25395340732976973,-0.19995862869818545,-0.3415697997959393,-0.8394256538407776,0,780.1999999999999
13158,-0.9673501294769218,-0.08364389441418492,-0.11846489261888798,-0.15770332120535457,-0.05350389589376284,-0.08364389441418492,-0.11223850449812132,-0.14777975250638398,0.2891121100599902,0,332.89
15952,-0.44577788962909487,-0.25395340732976973,-0.21347189927540075,-0.4041955058659565,-0.3655323202805045,-0.25395340732976973,-0.41048692677833926,-0.5042150180568161,-0.42238464091366673,0,472.71
16714,0.3235411641464498,-0.08364389441418492,-0.07412194404093636,0.0013276307844182105,0.3719894100881576,-0.08364389441418492,0.4316262655422759,-0.0670338994690693,0.01982222011961119,0,0.0
15311,-1.0586252714502915,10.134926880520906,7.381945401906863,0.6192084330785546,5.889219277653726,10.134926880520906,0.3163369594507631,0.8364407881212385,8.187534740031932,1,15636.21
16877,-0.5370530316024646,-0.25395340732976973,-0.23390545087968356,-0.5141194261860751,-0.06768700609316018,-0.25395340732976973,0.2210979674621221,-0.5665046761141732,-0.227779188456457,0,657.64
14931,0.16706949219210174,-0.25395340732976973,-0.1664247599968657,-0.15110166836297179,-0.5782789732714647,-0.25395340732976973,-0.8315435229386468,-0.5768862857903994,-0.49409337979700707,0,671.6800000000001
14460,-1.0847038834426828,-0.08364389441418492,-0.19220210516660063,-0.4221534645673966,-0.5215465324738753,-0.08364389441418492,-0.813999498098634,0.26979165891515794,-0.33213040157612306,0,0.0
15262,1.6926682937469957,-0.4242629202453546,-0.23561022980657556,-0.3596663516521004,-0.5782789732714647,-0.4242629202453546,-0.5683831503384545,-0.4938334083805899,-1.2527822245579192,0,0.0
18069,-0.17195246370898576,-0.08364389441418492,-0.09974291866104606,-0.09055908661731558,2.102328854414634,-0.08364389441418492,3.0105979170241595,-0.02435394857791731,0.7300562569181006,0,1030.92
15829,-0.6935247035568127,-0.4242629202453546,-0.21071161913853872,-0.09177822841646295,-0.35134921008110714,-0.4242629202453546,0.27373004198216055,0.7069727775029048,-0.07043762004606366,0,310.7
16159,1.1450174419067771,-0.4242629202453546,-0.20684314771520254,-0.05015672739357328,-0.5215465324738753,-0.4242629202453546,-0.35785485225830077,0.07023405069436578,-0.8256001925078003,0,0.0
13781,0.7407989560247114,-0.4242629202453546,-0.24429729371020972,-0.4531318576837301,-0.4789972018756833,-0.4242629202453546,-0.19995862869818545,-0.6426364804064985,-0.9568972895465256,0,0.0
15874,-0.21107038169757278,0.4272846443325696,0.10922082571471024,-0.014024412321344448,0.40035563048695233,0.4272846443325696,-0.3315388149982816,-0.1322073379920447,0.5031428709042233,1,2198.13
18009,0.5452093660817763,-0.4242629202453546,-0.22397762065837135,-0.23450925455163607,-0.28043365908412043,-0.4242629202453546,0.5368904145823528,-0.31388550732600284,-0.7704087251775157,0,0.0
14529,-1.0847038834426828,-0.4242629202453546,-0.24303953059365926,-0.4395993837131948,-0.02513767549496814,-0.4242629202453546,1.5368998304630832,-0.45576750623442724,-0.4754330434987986,0,443.37
16686,-1.1759790254160525,0.25697513141698475,0.07368051927272443,0.04407683797151927,3.265343890765217,0.25697513141698475,2.8000696189440055,0.2820188880893798,2.076868544201225,1,961.23
17629,-0.9543108234807262,0.25697513141698475,-0.13032695855186832,-0.39491296020724875,0.21597519789478678,0.25697513141698475,-0.34732843735429314,-0.28620121485606637,0.4476229456005398,0,1015.74
16229,0.24530532816927578,-0.4242629202453546,-0.20514346782797221,-0.031869600406363406,-0.54991275287267,-0.4242629202453546,-0.4631190012983777,-0.42808321376449077,-0.6540533526135541,0,652.4
17526,1.2623711958725383,-0.08364389441418492,-0.11767794083110035,-0.1548810079403285,-0.592462083470862,-0.08364389441418492,-0.9192636471387109,-0.5849608710941309,-0.932685794557917,0,323.1
14191,-1.1107824954350742,0.5975941572481545,0.11780590882511059,-0.09695609780055575,0.2868907488917735,0.5975941572481545,-0.245071835429647,-0.06027761380676335,0.8830671277994481,1,2426.5
15681,-0.13283454572039874,-0.08364389441418492,-0.14650111235875196,-0.2582520410900302,-0.4080816508786965,-0.08364389441418492,-0.533295100658429,-0.22737209335745134,-0.2900253257547943,0,722.94
13417,0.15403018619590605,-0.4242629202453546,-0.22591355604992663,-0.2553382921900681,-0.5782789732714647,-0.4242629202453546,-0.5683831503384545,-0.497293944939332,-0.9287660244087783,0,404.83
14653,1.8882578836899306,-0.4242629202453546,-0.2074193391969736,-0.056356063442237404,-0.3087998794829151,-0.4242629202453546,0.4316262655422759,0.3090110732475679,-0.9728243154617243,0,1581.84
18061,-1.12382180143127,0.7679036701637393,0.038813286066081774,-0.27693767505283634,-0.46481409167628596,0.7679036701637393,-0.824964513623642,-0.3567096472404358,0.42127489340791413,1,325.9
16136,1.0928602179219946,-0.4242629202453546,-0.23895010078498316,-0.3956005561819678,-0.6066451936702594,-0.4242629202453546,-0.6736472993785315,-0.5180571642917843,-1.0406186092629237,0,550.08
17204,-0.23714899368996412,0.08666561850139992,-0.00010088495205623918,0.028368195889505926,-0.09605322649195489,0.08666561850139992,-0.3446968336282912,-0.18757592293191766,-0.1311288430800548,0,0.0
15456,1.1710960538991686,-0.08364389441418492,-0.19215961316941987,-0.42200107184250313,-0.03932078569436549,-0.08364389441418492,-0.077150454818096,-0.016279363274185707,-0.6360789772923789,0,0.0
18189,0.9624671579600378,-0.4242629202453546,-0.15841926772801093,0.4708435204720362,-0.15278566728954426,-0.4242629202453546,1.0105790852626988,0.4716562915084447,-0.4188723900818887,0,457.14
12564,0.8842313219828637,-0.4242629202453546,-0.18836762734100904,0.14862434295739807,-0.4222647610780939,-0.4242629202453546,0.010569669381968322,-0.28620121485606637,-0.6449369310033478,0,0.0
12464,-1.1368611074274655,0.4272846443325696,-0.13335748779079998,-0.44901420625711,-0.6350114140690541,0.4272846443325696,-0.9104916347187044,-0.6997353336257425,0.173896487801863,0,431.5
15990,1.2232532778839513,-0.4242629202453546,-0.19780594975479898,0.04707592679742166,-0.3938985406792992,-0.4242629202453546,0.11583381842204521,-0.15470082562386808,-0.9249188026434652,0,390.74
13615,1.627471763766017,-0.4242629202453546,-0.19503207217883908,0.07692051804054817,-0.3938985406792992,-0.4242629202453546,0.11583381842204521,-0.09241116756651102,-1.0634262290812273,0,0.0
14646,-1.1499004134236612,6.2178080834624545,29.708838419771016,7.3756941852336935,6.257980142838058,6.2178080834624545,0.6461019692114327,10.21747888847974,7.2834971036649625,1,103850.08
15620,0.34961977613884115,-0.25395340732976973,-0.11730231157602244,0.11315646016570453,0.11669342649900534,-0.25395340732976973,0.48425834006231433,0.2917083904538576,-0.14558017437340598,0,678.17
18133,0.24530532816927578,-0.4242629202453546,-0.10770081989305841,1.016531389770379,-0.7059269650660409,-0.4242629202453546,-1.0420718210188007,3.9252717771330206,0.9891058033522251,0,0.0
17490,-0.22410968769376846,-0.4242629202453546,-0.2141517712302929,-0.12879137343857575,-0.46481409167628596,-0.4242629202453546,-0.14732655417814702,-0.26197745894487195,-0.46457957200376465,0,1787.12
18179,0.7668775680171027,0.08666561850139992,-0.07852411494886284,-0.18257381390795996,0.045777875502018596,0.08666561850139992,-0.38417088951832,-0.11576978933801992,-0.2747880027222423,0,690.01
14740,0.036676432230145,-0.08364389441418492,-0.01987666043998091,0.19587218338335272,0.48545429168333637,-0.08364389441418492,0.46671431522230156,0.10137887972304431,0.20576382340470922,0,0.0
15625,-1.1759790254160525,0.08666561850139992,-0.005250915010364079,0.014515697196694464,-0.09605322649195489,0.08666561850139992,-0.2525907032182239,0.2813267807776314,0.5261033494137815,0,0.0
14655,0.3756983881312325,-0.4242629202453546,-0.1282567484492218,0.7953668759870626,-0.5215465324738753,-0.4242629202453546,-0.35785485225830077,1.0599475064945947,0.1768014933470764,0,1121.67
18018,-1.12382180143127,-0.25395340732976973,-0.24526611124593098,-0.5752350045773305,-0.3087998794829151,-0.25395340732976973,-0.3315388149982816,-0.6512878218033537,-0.16459254119791306,0,0.0
16637,-0.9151929054921392,-0.25395340732976973,-0.1758494849715578,-0.20180272793501122,-0.3087998794829151,-0.25395340732976973,-0.2525907032182239,-0.1391284111095288,0.012123886025279307,0,623.92
12989,-0.47185650162148624,0.7679036701637393,0.493584735733086,0.3346821447070183,-0.5215465324738753,0.7679036701637393,-0.9236496533487141,0.13857964772952144,0.4066240693337973,1,2454.9700000000003
15719,-0.8760749875035521,1.108522695994909,0.3368164610142853,-0.03830666910586125,2.854033694982694,1.108522695994909,2.53164603889181,-0.08133745057853646,2.085369993573307,1,1483.27
12909,0.10187296221112337,-0.08364389441418492,-0.00625202646394275,0.24473538669317746,0.05996098570141595,-0.08364389441418492,0.045657719061994013,0.16020800122165932,0.1329699560386469,0,650.3
16788,-0.9151929054921392,-0.25395340732976973,-0.16499872857147949,-0.14343021859183724,1.237159132251396,-0.25395340732976973,2.8000696189440055,-0.2204510202399672,0.41768983149775785,0,0.0
16885,2.1360046976176483,-0.4242629202453546,-0.2357801977952986,-0.36149506435082146,-0.3371660998817098,-0.4242629202453546,0.3789941910222374,-0.6253337976127882,-1.407975400661842,0,272.46
15164,0.19314810418449307,-0.25395340732976973,-0.20428852884469537,-0.35479283231000897,0.017411655103223903,-0.25395340732976973,0.3526781537622182,-0.500754481498074,-0.4347167033430513,0,461.35
14309,-0.32842413566333384,0.4272846443325696,-0.04336453680161661,-0.28763945415847647,0.08832720610021064,0.4272846443325696,-0.4982070509784033,-0.19045970339753607,0.24192872872759785,0,1042.51
17935,-0.719603315549204,-0.25395340732976973,-0.2412463683126313,-0.5536104769149548,-0.3229829896823125,-0.25395340732976973,-0.3315388149982816,-0.6045705782603358,-0.3348182346171416,0,0.0
15789,2.1490440036138443,-0.4242629202453546,-0.20631624695016115,-0.04448771802753818,-0.3655323202805045,-0.4242629202453546,0.2210979674621221,0.7692624355602617,-0.9801258470037844,0,0.0
16808,1.0407029939372119,-0.4242629202453546,-0.23772633126617732,-0.3824338247511767,-0.45063098147688857,-0.4242629202453546,-0.09469447965810857,-0.34503033635468133,-1.161434645881749,0,121.92
17345,0.036676432230145,-0.25395340732976973,-0.24471541496246835,-0.5722724900054025,-0.45063098147688857,-0.25395340732976973,-0.5420671130784354,-0.6409062121271274,-0.9149062245910611,0,394.31
14693,0.9233492399714508,-0.4242629202453546,-0.2366385361383499,-0.3707300634793624,-0.6066451936702594,-0.4242629202453546,-0.6736472993785315,-0.6287943341715302,-1.0799474338720296,0,0.0
12876,0.036676432230145,-0.4242629202453546,-0.14255615534049043,0.6415172766436659,-0.23788432848592836,-0.4242629202453546,0.6947866381424681,1.5063567225723205,0.28804596364300855,0,1491.59
15192,-0.9673501294769218,-0.08364389441418492,-0.08852503140532603,-0.05032740724545396,-0.20951810808713367,-0.08364389441418492,-0.19995862869818545,0.31247160980630995,0.3260465205494812,0,0.0
17173,-1.0064680474655088,-0.25395340732976973,-0.10264257254866099,0.19201969529804713,-0.5357296426732727,-0.25395340732976973,-0.43680296403835844,-0.3346487266784552,0.01614567222852349,0,2805.34
16009,-0.44577788962909487,-0.4242629202453546,-0.19096983724835867,0.12062675153997973,0.05996098570141595,-0.4242629202453546,1.9579564266233906,-0.0681874116553166,-0.33812987901150265,0,530.52
16283,-0.9543108234807262,-0.08364389441418492,-0.16636527120081263,-0.32949259212320414,0.11669342649900534,-0.08364389441418492,0.20355394262210935,-0.23775370303367752,0.17300168477419975,0,984.46
15267,-0.4979351136138776,-0.25395340732976973,-0.026751865583827535,0.6002798052875077,-0.6208283038696568,-0.25395340732976973,-0.9104916347187044,0.4716562915084447,0.19223277602315672,0,309.6
15786,-1.0325466594579003,-0.4242629202453546,0.2689720386356001,5.069214749913908,1.6201031076351242,-0.4242629202453546,7.5895884002675045,7.164333996115588,4.108445715156954,1,1771.36
12766,-0.5761709495910516,0.25697513141698475,0.5756877726857462,1.1243120588075963,1.563370666837535,0.25697513141698475,1.2947922876709064,0.9803551656435273,1.6646700650220811,1,2037.44
16985,-0.47185650162148624,0.5975941572481545,0.34221124497635425,0.2479600167519222,-0.010954565295570795,0.5975941572481545,-0.5082322080298393,-0.11020821272575577,0.5766073756535837,1,1885.58
15967,1.627471763766017,-0.4242629202453546,-0.23850818401430324,-0.3908459031652933,-0.26625054888472305,-0.4242629202453546,0.6421545636224296,-0.5388203836442367,-1.2820681767198863,0,235.78
13551,1.6405110697622127,-0.4242629202453546,-0.2504229400237878,-0.5190386633456345,-0.6633776344678488,-0.4242629202453546,-0.8841755974586852,-0.7049261384638555,-1.3200187431477501,0,0.0
13933,-1.0977431894388785,-0.25395340732976973,-0.1625511895338678,-0.13026348716104605,-0.3938985406792992,-0.25395340732976973,-0.48943503855839693,-0.39174757989769915,-0.008297383681480811,0,0.0
16450,-0.5761709495910516,-0.4242629202453546,-0.2130095863460741,-0.11650242410317067,-0.5640958630720674,-0.4242629202453546,-0.5157510758184162,-0.054345265420348364,-0.18636474107022466,0,0.0
15935,0.5973665900665589,-0.25395340732976973,-0.19517314560947918,-0.3057559012938057,-0.54991275287267,-0.25395340732976973,-0.7789114484186084,-0.5474717250410919,-0.7523525738526844,0,0.0
12576,-0.5761709495910516,-0.08364389441418492,-0.15370265604094682,-0.28407956010496627,-0.12441944689074957,-0.08364389441418492,-0.2876787528982495,-0.2123764349362357,-0.027416516684389033,0,654.98
15734,-1.0325466594579003,-0.25395340732976973,-0.03836237889349779,0.5378201230626923,-0.3655323202805045,-0.25395340732976973,-0.41048692677833926,-0.14777975250638398,0.30080133449725677,0,0.0
15574,-0.21107038169757278,0.08666561850139992,-0.15118882948773318,-0.37802662714725915,1.1378773608556143,0.08666561850139992,0.9053149362226219,-0.4592280427931693,0.2891265088136566,0,0.0
15116,-0.7717605395339867,-0.25395340732976973,-0.13158642134830598,0.036313952565448664,-0.43644787127749124,-0.25395340732976973,-0.48943503855839693,-0.30523416592914765,-0.029539804860619807,0,561.7800000000001
12875,-0.6544067855682256,-0.25395340732976973,-0.207687888619156,-0.3730799592972188,-0.7059269650660409,-0.25395340732976973,-1.0420718210188007,2.7469590788813485,0.6267975744070654,0,0.0
13492,-0.7456819275415953,-0.08364389441418492,-0.05019385058850802,0.08714302202639844,-0.18115188768833898,-0.08364389441418492,-0.2175026535381982,-0.27581960517984017,0.14634060421945944,0,0.0
16139,-1.0586252714502915,-0.25395340732976973,-0.21395290868348696,-0.4067831343346467,-0.5357296426732727,-0.25395340732976973,-0.6999633366385507,-0.47826099386625065,-0.1518717198076762,0,329.04
16926,2.3185549815643878,-0.4242629202453546,-0.22689087198508406,-0.26585339020771376,-0.5215465324738753,-0.4242629202453546,-0.35785485225830077,-0.6253337976127882,-1.4660862575935394,0,0.0
13301,-1.1759790254160525,0.08666561850139992,-0.16097048723874363,-0.40433723110010733,0.3436231896893629,0.08666561850139992,-0.02890438650806051,-0.44798129897725764,0.43357423420676716,0,0.0
16225,-0.5761709495910516,0.08666561850139992,-0.10393772862273049,-0.2509310945861505,0.8116658262694754,0.08666561850139992,0.6026805077324008,-0.35627708017059306,0.48012020766539354,0,142.68
12527,1.314528419857321,-0.25395340732976973,-0.21759872204159594,-0.42639607802842927,-0.507363422274478,-0.25395340732976973,-0.6999633366385507,-0.36406328742776267,-1.0317710670562452,0,63.790000000000006
13249,0.8842313219828637,-0.4242629202453546,-0.21642254355963256,-0.15322297509348806,-0.6917438548666435,-0.4242629202453546,-0.9894397464987621,0.08407619692933402,-0.7367017453651703,0,419.5700000000001
12710,-0.41969927763670356,-0.25395340732976973,-0.13169010182142704,0.035756195192338754,-0.05350389589376284,-0.25395340732976973,0.16846589294208367,0.026977343710090036,0.08555384175072789,0,358.66
13614,-0.3805813596481165,-0.25395340732976973,-0.13364133433196743,0.025259384301680267,0.4429049610851444,-0.25395340732976973,1.1684753088228141,-0.32599738528160005,0.09764452930229597,0,806.58
17134,-1.1368611074274655,-0.25395340732976973,-0.1957952284482055,-0.30910244553246513,-0.4222647610780939,-0.25395340732976973,-0.48943503855839693,-0.5768862857903994,-0.17079892950943673,0,0.0
17430,2.240319145587214,-0.4242629202453546,-0.2468876058583487,-0.4810014392122379,-0.6491945242684515,-0.4242629202453546,-0.8315435229386468,-0.5388203836442367,-1.768953979609821,0,153.16
14859,0.14099088019971037,-0.4242629202453546,-0.21556930425624293,-0.14404283734590875,-0.5640958630720674,-0.4242629202453546,-0.5157510758184162,-0.023200436391669826,-0.5637981425537522,0,1056.88
16583,2.3446335935567792,-0.4242629202453546,-0.22634697442117035,-0.2600015095718066,-0.5215465324738753,-0.4242629202453546,-0.35785485225830077,-0.36233301914839167,-1.429509935939066,0,0.0
16942,-0.7456819275415953,0.5975941572481545,-0.021367279701081893,-0.3108684595100871,0.9109475976652568,0.5975941572481545,0.36395645544508365,-0.45329569440675443,0.8291229579546391,0,465.55
17070,-1.0325466594579003,-0.4242629202453546,-0.214314940499467,-0.13054693762934785,0.15924275709719737,-0.4242629202453546,2.1684847247035446,-0.29312228797355044,-0.1447989063107433,0,0.0
14903,-0.9021535994959434,0.08666561850139992,0.1416626157222752,0.40968222426331263,2.045596413617045,0.08666561850139992,2.7211215071639483,0.4041758286129745,1.432171619080547,1,396.71
17696,-1.1107824954350742,0.5975941572481545,0.05956297812938942,-0.18647680929637306,0.2868907488917735,0.5975941572481545,-0.38793032341260847,-0.09241116756651102,0.8315116327546433,1,370.12
13827,-0.7847998455301823,-0.25395340732976973,-0.21490642910022315,-0.41191267345455906,0.11669342649900534,-0.25395340732976973,0.5105743773223336,-0.5820770906285124,-0.09597958925715308,0,109.04
12665,1.7057075997431914,-0.4242629202453546,-0.25531801809901106,-0.571705589068799,-0.6775607446672461,-0.4242629202453546,-0.9368076719787237,-0.618412724495304,-1.3413547261445424,0,0.0
14915,1.0928602179219946,-0.4242629202453546,-0.24184295595304914,-0.42672524631419906,-0.6066451936702594,-0.4242629202453546,-0.6736472993785315,-0.4834517987043637,-1.0774645110915877,0,165.20000000000002
14013,-1.0847038834426828,-0.08364389441418492,-0.18562774336279378,-0.3985752621718873,-0.29461676928351777,-0.08364389441418492,-0.4982070509784033,-0.2135299471224831,0.1261821166363402,0,0.0
15921,-0.27626691167855116,-0.4242629202453546,-0.21112124199136123,-0.09618542602038047,-0.37971543047990186,-0.4242629202453546,0.16846589294208367,-0.18584565465254663,-0.5548797234806209,0,0.0
15208,-0.3936206656443122,-0.25395340732976973,-0.21103795767688696,-0.39110192294311424,-0.4931803120750806,-0.25395340732976973,-0.6736472993785315,-0.47999126214562166,-0.5649627261847007,0,546.6
12539,0.8972706279790594,-0.08364389441418492,0.501836681585589,2.066937868206718,1.0527786996592303,-0.08364389441418492,2.9404218176641086,1.1233906767381991,0.9239953960570447,1,1050.66
13482,0.5060914480931892,-0.4242629202453546,-0.23464311195074156,-0.34926097639637804,-0.5640958630720674,-0.4242629202453546,-0.5157510758184162,-0.34503033635468133,-1.0357598666060774,0,0.0
15653,-1.0195073534617045,-0.4242629202453546,-0.2578675379298565,-0.5991362795496138,-0.6633776344678488,-0.4242629202453546,-0.8841755974586852,-0.5803468223491414,-0.5010870600739522,0,829.4399999999999
12350,1.5231573157964517,-0.4242629202453546,-0.20918870595958036,-0.07539296263592293,-0.4789972018756833,-0.4242629202453546,-0.19995862869818545,-0.06472687509657454,-0.922525353782955,0,0.0
12461,-0.5109744196100733,-0.4242629202453546,-0.15947646861786818,0.4594689274859916,-0.23788432848592836,-0.4242629202453546,0.6947866381424681,0.2294187323965005,-0.017927531062137837,0,200.0
15424,0.7929561800094941,-0.25395340732976973,-0.20087047259147522,-0.3364051261243695,-0.4789972018756833,-0.25395340732976973,-0.6473312621185122,0.2121160496027902,-0.7396595983373194,0,0.0
13139,-1.0977431894388785,-0.08364389441418492,0.024779029237221094,0.35602474582834115,-0.16696877748894162,-0.08364389441418492,-0.2175026535381982,0.09099727004681814,0.5777470179836672,1,3354.0
12353,0.12795157420351472,-0.4242629202453546,-0.25089885039221227,-0.5241590589020533,-0.6633776344678488,-0.4242629202453546,-0.8841755974586852,-0.6772418459939191,-0.8959352466674322,0,0.0
14525,-0.9673501294769218,0.4272846443325696,0.1751514085403741,0.10420186365096747,1.5208213362393428,0.4272846443325696,0.5018023649023269,0.17289663527038027,1.4517836135950193,1,1395.61
13967,-0.6283281735758344,-0.4242629202453546,-0.2523095846986134,-0.5393373743014375,-0.6917438548666435,-0.4242629202453546,-0.9894397464987621,-0.6011100417015938,-0.5286204639786848,0,0.0
12716,-0.7847998455301823,-0.4242629202453546,-0.15080470183321915,0.5527698493747364,-0.08187011629255754,-0.4242629202453546,1.2737394578628911,0.9941973118784956,0.3430140774199293,0,375.59
14221,-1.0586252714502915,0.5975941572481545,0.17878192477949806,-0.0032345719911052377,0.5705529528797205,0.5975941572481545,-0.06461900850380081,0.01783163994770042,1.0713216761341007,1,815.79
12734,2.0708081676366703,-0.4242629202453546,-0.24726153543353935,-0.4850246071494242,-0.6633776344678488,-0.4242629202453546,-0.8841755974586852,-0.44192535999945903,-1.5149793126122886,0,0.0
18008,0.12795157420351472,0.5975941572481545,0.08502758219987396,-0.14733713265031909,-0.4080816508786965,0.5975941572481545,-0.8916944652472621,0.00349513134719742,0.20194231390309744,1,50.78
14393,0.3105018581502541,-0.4242629202453546,-0.254476676554832,-0.56265346121013,-0.6491945242684515,-0.4242629202453546,-0.8315435229386468,-0.7014656019051135,-1.2922586675675993,0,0.0
17331,-0.9151929054921392,-0.4242629202453546,-0.23624760976428694,-0.3665240242723042,-0.7059269650660409,-0.4242629202453546,-1.0420718210188007,-0.6910839922288873,-0.46044842170829536,0,0.0
16756,0.2713839401616671,-0.4242629202453546,-0.2253356648882683,-0.2491206690144167,-0.5357296426732727,-0.4242629202453546,-0.41048692677833926,-0.37963570194210194,-0.7191780785055906,0,0.0
15042,0.07579435021873202,-0.4242629202453546,-0.24292225268144038,-0.4383375719510773,-0.6491945242684515,-0.4242629202453546,-0.8315435229386468,-0.6426364804064985,-0.82963263916185,0,0.0
15165,2.3446335935567792,-0.4242629202453546,-0.18312411488890354,0.20504012971294058,-0.3371660998817098,-0.4242629202453546,0.326362116502199,-0.19276672777003073,-1.253368283895119,0,0.0
17864,1.0667816059296031,-0.4242629202453546,-0.2318879308535412,-0.3196175435501108,-0.3087998794829151,-0.4242629202453546,0.5368904145823528,0.4543536087147344,-1.1807060339886217,0,354.0
18237,-0.9673501294769218,-0.25395340732976973,-0.16972383865797974,-0.16884932510405895,-0.28043365908412043,-0.25395340732976973,-0.2262746659582047,-0.12182572831581852,0.10309312342982732,0,420.51
17965,-0.7717605395339867,1.108522695994909,0.054827669963565785,-0.34170290681256416,2.0030470830188527,1.108522695994909,0.11583381842204521,-0.35575799968678173,1.6460671263490527,1,711.46
17388,-0.8108784575225737,-0.08364389441418492,-0.10404140909585155,-0.10597513466753353,-0.54991275287267,-0.08364389441418492,-0.8666315726186725,0.15213341591792792,0.16593716253614604,0,306.53000000000003
15861,-0.7717605395339867,-0.08364389441418492,-0.07502277438116842,-0.0019030949833222773,1.7477510994297003,-0.08364389441418492,2.4491891221437494,0.257103024866437,0.8473212648650521,0,2023.16
16983,-0.17195246370898576,0.08666561850139992,-0.11556693841116028,-0.282211225297773,0.045777875502018596,0.08666561850139992,-0.29206475910825275,-0.2844709465766953,-0.14230453911287236,0,1020.65
16558,-0.9412715174845304,1.6194512347416634,0.4754423526167895,-0.07325477548049535,1.5208213362393428,1.6194512347416634,-0.009673436202661777,0.054262343500171666,1.924955370491398,1,3976.09
15838,-1.1107824954350742,1.4491417218260785,2.139615927002861,1.469975942690737,0.003228544903826554,1.4491417218260785,-0.642945255908509,1.5599950392328223,1.9610139742748796,1,19489.58
15438,-0.8108784575225737,-0.4242629202453546,-0.2394124137143098,-0.40057465472248893,-0.3655323202805045,-0.4242629202453546,0.2210979674621221,-0.5422809202029788,-0.5167360388128719,0,0.0
14631,0.5452093660817763,-0.25395340732976973,-0.15893257105395447,-0.11079684048316117,-0.37971543047990186,-0.25395340732976973,-0.43680296403835844,-0.13739814283015778,-0.4502946611858613,0,376.9
15063,0.25834463416547143,-0.4242629202453546,-0.20300187117006205,-0.008827820402478918,-0.6491945242684515,-0.4242629202453546,-0.8315435229386468,-0.552662529879205,-0.5771484179606655,0,0.0
13435,-1.0847038834426828,-0.08364389441418492,-0.08108043349925727,-0.023628201844127394,-0.28043365908412043,-0.08364389441418492,-0.44557497645836486,0.28478731733637347,0.3806306217341035,0,2721.77
17722,-0.054598709743224706,-0.08364389441418492,0.09105634675987992,0.5937208224080952,0.5989191732785152,-0.08364389441418492,0.5544344394223654,0.8949952638612233,0.6875225511567432,1,323.16
14978,0.5452093660817763,0.08666561850139992,-0.006445789971086984,0.01130173462869234,0.9818631486622436,0.08666561850139992,1.2211073833428525,-0.3874219091992716,0.10325525760928256,0,394.14
12523,-1.12382180143127,0.5975941572481545,-0.09304108086569696,-0.42103272492775184,-0.02513767549496814,0.5975941572481545,-0.621015224858493,-0.4696096524693955,0.45207738598818537,0,772.02
16393,-0.6674460915644214,0.7679036701637393,-0.010508024901567447,-0.34326965641719337,0.6131022834779125,0.7679036701637393,0.11583381842204521,-0.35800734844996407,0.8189647673051234,0,1537.63
16812,2.1751226156062358,-0.4242629202453546,-0.184551845994177,0.18967894304368432,-0.507363422274478,-0.4242629202453546,-0.30522277773826234,-0.46614911591065344,-1.148556773067383,0,0.0
14407,-1.12382180143127,0.4272846443325696,0.10071902691878423,-0.02926978051968171,0.23015830809418414,0.4272846443325696,-0.4543469888783713,0.06965729460124204,0.7970539297563736,1,0.0
17211,-0.17195246370898576,0.4272846443325696,-0.017041594388080738,-0.24043733154998995,0.7832996058706807,0.4272846443325696,0.14214985568206442,-0.28908499532168475,0.5057675088347455,0,852.33
12722,-1.0325466594579003,-0.08364389441418492,-0.10801526067219601,-0.12022690229956579,-0.03932078569436549,-0.08364389441418492,-0.2175026535381982,-0.1016392650564899,0.2970432338517181,0,67.98
12449,-0.8369570695149651,-0.25395340732976973,0.01219119999239341,0.8097771320529841,0.2868907488917735,-0.25395340732976973,1.1947913460828334,0.3903336823780063,0.5815838744645664,1,2430.41
17704,-0.32842413566333384,-0.25395340732976973,-0.11557203745082197,0.12246460780219443,-0.3371660998817098,-0.25395340732976973,-0.27890674047824315,-0.15297055734449705,-0.2454171683470455,0,0.0
16029,-1.12382180143127,7.239665160955964,8.608553386124363,1.3888032289414878,-0.11023633669135223,7.239665160955964,-0.8956173527891284,1.0896629834664016,3.6501800397810054,1,28637.6
16232,-0.6544067855682256,-0.08364389441418492,-0.14279241084481545,-0.24495120406133286,-0.3938985406792992,-0.08364389441418492,-0.5508391254984417,-0.24121423959241958,-0.08115184617664965,0,265.84
13262,0.9103099339752551,-0.4242629202453546,-0.2319831129272261,-0.32064162266139457,-0.5640958630720674,-0.4242629202453546,-0.5157510758184162,-0.31388550732600284,-0.8670639336246945,0,0.0
12556,-0.5500923375986603,-0.4242629202453546,-0.21354838487032612,-0.12229944335811622,0.13087653669840268,-0.4242629202453546,2.32638094826366,-0.18238511809380456,-0.34078557284975947,0,290.81
16133,-1.202057637408444,3.3225463638975117,1.5389099622182625,0.1574156804833798,1.2513422424507932,3.3225463638975117,-0.6233035759245816,0.1898482491378414,2.8521337756056875,1,3969.77
14536,0.8581527099904724,-0.4242629202453546,-0.23696997371635983,-0.3742960532418684,-0.46481409167628596,-0.4242629202453546,-0.14732655417814702,-0.6114916513778199,-0.9932461333289248,0,0.0
17255,1.3797249498382993,-0.4242629202453546,-0.24762526692940667,-0.48893805232468707,-0.20951810808713367,-0.4242629202453546,0.8526828617025835,-0.4938334083805899,-1.2688353562991768,0,183.22
15839,-0.5892102555872473,-0.4242629202453546,-0.21517497852240552,-0.13980022388487606,-0.43644787127749124,-0.4242629202453546,-0.04206240513807012,0.06331297757688166,-0.4406866125941169,0,749.31
17212,0.7668775680171027,-0.4242629202453546,-0.2274687631467424,-0.27207101338336515,-0.6633776344678488,-0.4242629202453546,-0.8841755974586852,-0.23775370303367752,-0.8931054306119974,0,0.0
16933,0.5973665900665589,-0.4242629202453546,-0.2278290952828352,-0.2759478843046536,-0.45063098147688857,-0.4242629202453546,-0.04206240513807012,-0.3069644342085187,-0.9095045764152043,0,338.5
16033,-1.1107824954350742,2.130379773488418,0.730759766877091,-0.016628423007960632,4.485091367913389,2.130379773488418,1.257291934575379,-0.2816592606227174,3.6901402986293546,1,2914.27
13168,0.07579435021873202,-0.08364389441418492,-0.10403631005618985,-0.10595684754054634,0.6131022834779125,-0.08364389441418492,0.782506762342532,-0.11778843566395292,0.11748132230842596,0,346.53000000000003
15241,-0.8630356815073564,0.4272846443325696,-0.03744285207450621,-0.2770207290879033,0.31525696929056823,0.4272846443325696,-0.296450765318256,0.15213341591792792,0.7070330352862665,0,411.58
17654,1.0928602179219946,-0.4242629202453546,-0.2460462643141697,-0.47194931135356905,-0.4080816508786965,-0.4242629202453546,0.06320174390200677,-0.6045705782603358,-1.0999860325076662,0,0.0
16813,-1.0455859654540958,0.4272846443325696,-0.09106775251662258,-0.3731805384956486,1.9321315320218662,0.4272846443325696,1.5719878801431084,-0.11663492347770543,1.299785454700597,0,622.82
17085,-0.9151929054921392,0.25697513141698475,-0.00046801580769796196,-0.11547834499188692,0.9109475976652568,0.25697513141698475,0.8632092766065913,-0.20314833744625693,0.7763958331598972,0,0.0
15460,2.0968867796290613,-0.4242629202453546,-0.22960866012476536,-0.29509450626026235,0.03159476530262125,-0.4242629202453546,1.8526922775833137,-0.3761751653833599,-1.4508401246015636,0,0.0
16652,-1.0977431894388785,0.25697513141698475,0.5032270197333435,0.9683886992638501,0.03159476530262125,0.25697513141698475,-0.2525907032182239,0.6910543093326912,1.1452913585398627,1,2248.1
13963,1.4970787038040603,0.08666561850139992,-0.15307547416255884,-0.3831013048862099,-0.22370121828653103,0.08666561850139992,-0.6341732434885027,-0.3484908729134234,-0.8466845762946363,0,0.0
15230,0.5973665900665589,-0.25395340732976973,-0.1930077534331478,-0.294107001402953,-0.3938985406792992,-0.25395340732976973,-0.48943503855839693,-0.1391284111095288,-0.7559840205719329,0,0.0
14152,0.5321700600855805,-0.4242629202453546,-0.21256936925528147,-0.11176605821348336,-0.3087998794829151,-0.4242629202453546,0.4316262655422759,0.5304854130070596,-0.6879238684602169,0,306.78000000000003
14157,1.1971746658915599,-0.4242629202453546,-0.22027401818409645,-0.1946616048465057,-0.20951810808713367,-0.4242629202453546,0.8526828617025835,-0.1027927772427372,-1.1620725365482236,0,155.71
13894,1.5231573157964517,-0.4242629202453546,-0.23868665040246245,-0.39276605149895033,-0.5782789732714647,-0.4242629202453546,-0.5683831503384545,-0.383096238500844,-1.315138803777207,0,403.77
14684,0.2844232461578628,-0.25395340732976973,-0.18215699703306948,-0.2357344920597791,1.2655253526501906,-0.25395340732976973,3.2474422523643325,-0.27928014173858223,-0.11905717232948416,0,708.07
16729,-1.0325466594579003,2.130379773488418,0.5831833609884318,-0.11586580349492846,1.1946098016532039,2.130379773488418,0.2572825186946485,0.05141738315620583,1.9505634532063032,1,2209.04
12968,-1.0586252714502915,-0.4242629202453546,-0.2429188533216659,-0.4383009976971029,-0.6491945242684515,-0.4242629202453546,-0.8315435229386468,-0.4938334083805899,-0.3485587870280811,0,0.0
16117,-0.054598709743224706,-0.4242629202453546,-0.22655773472718693,-0.2622691133182206,-0.29461676928351777,-0.4242629202453546,0.48425834006231433,-0.2965828245322925,-0.5475929373537934,0,0.0
12386,1.8752185776937351,-0.25395340732976973,-0.19771586672077573,-0.3194346722802387,-0.5782789732714647,-0.25395340732976973,-0.8315435229386468,-0.13393760627141574,-1.0629607983330025,0,0.0
13149,-1.1368611074274655,-0.08364389441418492,-0.07351685800108237,0.0034977031869005545,0.102510316299608,-0.08364389441418492,0.028113694221980887,0.2732521954739,0.539898733530104,0,543.4399999999999
13239,0.8842313219828637,-0.4242629202453546,-0.21001135102499985,-0.08424393209773247,-0.4222647610780939,-0.4242629202453546,0.010569669381968322,0.3851428775398932,-0.6847732206222059,0,0.0
13617,-1.0455859654540958,-0.25395340732976973,-0.2038687079125495,-0.3525343721270886,-0.3938985406792992,-0.25395340732976973,-0.35785485225830077,-0.4211621406470067,-0.10878533536998863,0,178.48000000000002
12429,-0.27626691167855116,-0.08364389441418492,0.2175125303698152,1.0472415716909,0.15924275709719737,-0.08364389441418492,0.1333778432620578,0.45896765745972373,0.713807551243762,1,905.52
13473,1.8100220477127567,-0.4242629202453546,-0.2250195244292435,-0.24571926339479572,-0.54991275287267,-0.4242629202453546,-0.4631190012983777,-0.06126633853783248,-1.205688108070133,0,181.38
12843,-0.44577788962909487,0.5975941572481545,0.021612525607311004,-0.24480751949214766,0.24434141829358147,0.5975941572481545,-0.32777938110399313,-0.36084993205178784,0.4795622223931758,1,9.95
17517,1.4970787038040603,-0.4242629202453546,-0.2398611292045386,-0.40540245624711235,-0.5640958630720674,-0.4242629202453546,-0.5157510758184162,-0.3934778481770702,-1.31396121431019,0,0.0
14573,-0.18499176970518144,0.9382131830793241,0.012690905879239092,-0.35371897157526,1.081144920058025,0.9382131830793241,0.2327939840221306,-0.5411274080167313,0.8988301738991947,1,0.0
17578,0.3105018581502541,-0.4242629202453546,-0.24164239372635596,-0.42456736532970835,-0.6491945242684515,-0.4242629202453546,-0.8315435229386468,-0.26889853206235603,-0.8209340224123378,0,0.0
13439,0.8059954860056897,-0.4242629202453546,-0.21780438330795082,-0.1680904093340898,0.045777875502018596,-0.4242629202453546,1.747428128543237,0.09099727004681814,-0.7513291220005126,0,0.0
16003,-0.7717605395339867,-0.08364389441418492,0.03887957358168378,0.4065947476569722,0.07414409590081329,-0.08364389441418492,-0.077150454818096,-0.06011282635158519,0.47075592662464255,1,941.47
14584,-0.32842413566333384,0.08666561850139992,-0.09043887095834735,-0.21462200395304531,0.24434141829358147,0.08666561850139992,0.19478193020210288,-0.4168364699485791,0.14051114780123133,0,0.0
14195,0.10187296221112337,-0.25395340732976973,-0.09401839680085439,0.2384141364645986,-0.6208283038696568,-0.25395340732976973,-0.9104916347187044,0.5685513151532223,0.007662926137359152,0,0.0
12915,-0.5892102555872473,-0.25395340732976973,-0.2042171422894317,-0.3544088026432776,-0.45063098147688857,-0.25395340732976973,-0.5157510758184162,-0.5855376271872544,-0.46728741388711953,0,0.0
12418,-1.0586252714502915,-0.4242629202453546,-0.15238880348811779,0.5357262470226568,-0.23788432848592836,-0.4242629202453546,0.6947866381424681,0.661985802239258,0.364069033974745,0,0.0
12517,-0.8760749875035521,-0.25395340732976973,-0.0074282049459061,0.7042329786463022,1.733567989230303,-0.25395340732976973,3.6948148857846594,0.6965911678266785,1.1473202552572834,0,960.15
16625,1.0537422999334074,-0.4242629202453546,-0.20941306370469479,-0.07780686339823463,-0.3938985406792992,-0.4242629202453546,0.11583381842204521,-0.1789245815350625,-0.7863350387045603,0,0.0
14241,-0.13283454572039874,-0.4242629202453546,-0.22970384219845025,-0.2961185853715461,-0.5782789732714647,-0.4242629202453546,-0.5683831503384545,-0.24121423959241958,-0.6530357796185987,0,0.0
16411,2.2924763695719967,-0.4242629202453546,-0.24417661643821637,-0.4518334716676382,-0.45063098147688857,-0.4242629202453546,-0.04206240513807012,-0.5076755546155581,-1.6353385013569,0,83.15
16365,-0.9151929054921392,0.5975941572481545,-0.11941841303562419,-0.46157528545839616,-0.23788432848592836,0.5975941572481545,-0.82402465515007,-0.5857848083700218,0.34362943202959895,0,677.8599999999999
14353,0.2844232461578628,-0.4242629202453546,-0.2506269016102554,-0.5212331185840997,-0.6350114140690541,-0.4242629202453546,-0.7789114484186084,-0.5249782374092684,-1.097463190494298,0,0.0
17053,-0.8239177635187694,-0.4242629202453546,-0.1813003583699054,0.2246622169702168,-0.5357296426732727,-0.4242629202453546,-0.41048692677833926,-0.324267117002229,-0.10982784105094226,0,0.0
16431,0.25834463416547143,-0.08364389441418492,-0.1600883533772711,-0.30698113880194877,0.003228544903826554,-0.08364389441418492,0.23864199230213468,-0.23660019084743014,-0.34754607605116633,0,0.0
15587,-0.6674460915644214,-0.25395340732976973,-0.18837782542033243,-0.2691999344463732,-0.6775607446672461,-0.25395340732976973,-0.9631237092387429,-0.47653072558687964,-0.2319805166990055,0,456.84
15421,0.2844232461578628,-0.08364389441418492,-0.14035846924630163,-0.23622214877943806,-0.22370121828653103,-0.08364389441418492,-0.37539887709831365,-0.30927145858101346,-0.36181743606172817,0,211.0
14282,-1.0977431894388785,0.9382131830793241,0.15337680950506655,-0.18553429657688944,0.102510316299608,0.9382131830793241,-0.5566871337784461,-0.0589593141653379,1.0090805691297082,1,1233.9
15826,0.2192267161768844,-0.4242629202453546,-0.14364904950797952,0.6297586539908899,-0.3229829896823125,-0.4242629202453546,0.3789941910222374,0.9422892634973646,-0.020395772485911918,0,934.31
17764,0.2322660221730801,-0.4242629202453546,-0.2268194854298204,-0.26508533087425096,-0.4789972018756833,-0.4242629202453546,-0.19995862869818545,-0.35541194603090753,-0.6359048063578742,0,541.88
13236,-1.1368611074274655,-0.4242629202453546,-0.191370961701745,0.11631098957099828,-0.4222647610780939,-0.4242629202453546,0.010569669381968322,-0.16508243530009425,0.07367491683659066,0,305.62
16401,-0.8108784575225737,0.5975941572481545,0.15131679748174343,-0.045449098417722926,0.017411655103223903,0.5975941572481545,-0.29018504216110846,0.4004681108714652,0.8309898289770274,1,1642.9
14852,-0.6935247035568127,0.08666561850139992,0.011737385462502904,0.060210655755985165,0.045777875502018596,0.08666561850139992,-0.055220423768079736,0.1299283063326663,0.34480386482726266,1,1202.48
17516,-0.9673501294769218,0.08666561850139992,-0.16308488901845813,-0.41002452759312963,0.6272853936773098,0.08666561850139992,0.3789941910222374,-0.4237575430660632,0.34571324912965906,0,159.23
13394,-1.0195073534617045,0.25697513141698475,-0.0036889091939994122,-0.12240916612003949,0.3578062998887603,0.25697513141698475,-0.09469447965810857,0.27440570766014727,0.5764570209751493,0,976.57
14970,-0.7326426215453997,-0.08364389441418492,-0.07570434601594776,-0.00434747429061252,-0.5782789732714647,-0.08364389441418492,-0.7964554732586211,-0.556123066437947,-0.12040914029433926,0,472.31
16980,0.8059954860056897,-0.25395340732976973,-0.09122072370647329,0.25346444197507234,0.2868907488917735,-0.25395340732976973,1.036895122522718,0.5322156812864307,-0.16235306078553743,0,0.0
12435,0.9624671579600378,-0.4242629202453546,0.4102749260604921,6.589515051995601,-0.45063098147688857,-0.4242629202453546,-0.09469447965810857,2.29535905796551,2.668725231444994,1,3850.9
17775,0.7929561800094941,-0.4242629202453546,-0.25643980682458306,-0.5837750928803576,-0.6775607446672461,-0.4242629202453546,-0.9368076719787237,-0.497293944939332,-1.126341029174006,0,0.0
13515,-0.9934287414693131,-0.08364389441418492,-0.17696957401724256,-0.36752372054760496,-0.29461676928351777,-0.08364389441418492,-0.4806630261383905,-0.20084131307376224,0.0721761518570498,0,367.16
12492,-1.1499004134236612,-0.4242629202453546,-0.24454374729385808,-0.45578349109687555,-0.592462083470862,-0.4242629202453546,-0.621015224858493,-0.5076755546155581,-0.41327268010883167,0,136.82
13508,0.6495238140513416,-0.4242629202453546,-0.24716465367996723,-0.4839822409111531,-0.54991275287267,-0.4242629202453546,-0.4631190012983777,-0.6633996997589509,-1.071647808308735,0,0.0
15680,2.2533584515834097,-0.4242629202453546,-0.1846300312689896,0.1888377352022726,-0.29461676928351777,-0.4242629202453546,0.48425834006231433,0.39898502377486145,-1.0661987525891836,0,854.79
12814,-1.202057637408444,-0.4242629202453546,-0.2446236322485579,-0.45664298606527437,-0.6917438548666435,-0.4242629202453546,-0.9894397464987621,-0.5768862857903994,-0.2913799630559273,0,0.0
15365,1.58835384577743,-0.4242629202453546,-0.23056897926105044,-0.3054267330080359,-0.54991275287267,-0.4242629202453546,-0.4631190012983777,-0.4523069696756852,-1.2526291934192242,0,2105.71
12956,1.471000091811669,-0.4242629202453546,-0.24765756084726404,-0.48928550773744406,-0.45063098147688857,-0.4242629202453546,-0.09469447965810857,-0.6287943341715302,-1.2643574511004725,0,0.0
13931,1.1319781359105816,-0.4242629202453546,-0.20174240837362437,0.004722940695043542,-0.43644787127749124,-0.4242629202453546,-0.04206240513807012,-0.016279363274185707,-0.9116299269551305,0,859.32
15769,-1.202057637408444,2.6413083122351724,6.849466287475576,3.3423863730012413,-0.45063098147688857,2.6413083122351724,-0.8564745056060334,3.2859831812811975,2.8425789858699293,1,14389.0
15866,-1.202057637408444,-0.4242629202453546,-0.23001148425803894,-0.29942855535623114,-0.11023633669135223,-0.4242629202453546,1.1684753088228141,-0.31734604388474486,-0.13973136517091575,0,0.0
18168,-0.23714899368996412,0.4272846443325696,-0.06885633575029684,-0.3333511759175054,0.6556516140761046,0.4272846443325696,0.045657719061994013,-0.4050129700395437,0.35876202251757616,0,0.0
13678,-0.5500923375986603,-0.4242629202453546,-0.22649144721158496,-0.2615559153657194,-0.4931803120750806,-0.4242629202453546,-0.2525907032182239,2.4510832031089027,0.2889610881058989,0,0.0
16174,-0.8760749875035521,-0.08364389441418492,-0.09443481837322582,-0.07152218742363006,-0.45063098147688857,-0.08364389441418492,-0.6911913242185442,0.00448385607826665,-0.07665263067855668,0,0.0
17550,0.04971573822634068,-0.08364389441418492,-0.22061735352131698,-0.5240615275581215,-0.12441944689074957,-0.08364389441418492,-0.35785485225830077,-0.647250529151488,-0.46648953736041765,0,0.0
12412,-0.7326426215453997,-0.25395340732976973,-0.11462871511340915,0.12753928554114513,-0.23788432848592836,-0.25395340732976973,0.089517781162026,0.28997812217448654,0.19031461760593027,0,336.14
16203,-0.602249561583443,-0.08364389441418492,-0.2017271112546393,-0.45631381777950464,-0.45063098147688857,-0.08364389441418492,-0.6736472993785315,-0.5641976517416785,-0.2527631370724987,0,214.6
12681,-0.5500923375986603,1.960070260572833,1.4109767567863236,0.5159615201748804,2.385991058402581,1.960070260572833,0.5684696592943759,0.5037239302861211,2.5843097208634127,1,3920.96
14934,1.1580567479029729,-0.4242629202453546,-0.1251497336153648,0.8287957441196824,-0.16696877748894162,-0.4242629202453546,0.9579470107426603,0.8419337032938451,-0.347807462253489,0,1062.1
16080,1.0537422999334074,-0.4242629202453546,-0.24388597117749997,-0.44870637295282534,-0.6491945242684515,-0.4242629202453546,-0.8315435229386468,-0.5180571642917843,-1.0722275868407318,0,86.9
12451,0.3105018581502541,-0.25395340732976973,0.6361334885153177,4.166324429174395,1.5775537770369321,-0.25395340732976973,4.036923370164909,6.356298709649317,3.5019883580024023,1,3727.7
15661,1.6144324577698215,-0.25395340732976973,-0.21336991848216694,-0.4036468920563402,-0.6633776344678488,-0.25395340732976973,-0.9631237092387429,-0.33810926323719726,-1.061522675832667,0,0.0
17045,-1.0455859654540958,-0.08364389441418492,-0.2083320672964163,-0.4800017429369372,-0.43644787127749124,-0.08364389441418492,-0.7087353490585572,-0.6241802854265408,-0.15946531579996923,0,0.0
16315,1.7839434357203654,-0.4242629202453546,-0.22755034778132946,-0.27294879547875117,-0.5215465324738753,-0.4242629202453546,-0.35785485225830077,-0.4869123352631058,-1.3043903664297454,0,0.0
12574,1.58835384577743,-0.4242629202453546,-0.22889649425201583,-0.28743220005262143,-0.5640958630720674,-0.4242629202453546,-0.5157510758184162,-0.5353598470854947,-1.1716483412608383,0,0.0
13742,-0.4066599716405079,1.108522695994909,0.18142662668402842,-0.2054930701610301,1.5917368872363296,1.108522695994909,0.2632036270781529,-0.4128568529060257,1.332366021954536,1,475.3
16214,-0.3023455236709425,-0.08364389441418492,-0.08539252137316054,-0.039093015566311284,-0.20951810808713367,-0.08364389441418492,-0.32276680257827517,-0.26197745894487195,-0.04921424962553408,0,0.0
16124,1.6144324577698215,-0.4242629202453546,-0.22370397219652724,-0.23156502710669524,-0.5640958630720674,-0.4242629202453546,-0.5157510758184162,-0.5803468223491414,-1.1850455043782564,0,0.0
13672,1.4058035618306906,-0.25395340732976973,-0.23434566797047626,-0.5164876091309187,-0.6633776344678488,-0.25395340732976973,-0.9368076719787237,-0.6478272852446115,-1.2165950915624686,0,0.0
13268,-0.31538482966713816,0.4272846443325696,0.09393390480896081,-0.04143681567517207,2.2016106258104156,0.4272846443325696,1.4842677559430448,0.6896700947091944,1.4399705555202835,1,1056.94
14143,-0.7847998455301823,-0.4242629202453546,-0.246343708294435,-0.4751495585763308,-0.6208283038696568,-0.4242629202453546,-0.7262793738985699,-0.6426364804064985,-0.44451439135886667,0,0.0
16858,2.279437063575801,-0.4242629202453546,-0.2021707277052064,0.00011458469426678976,-0.592462083470862,-0.4242629202453546,-0.5683831503384545,-0.43154375032323283,-1.3361642577176862,0,0.0
12619,-1.0064680474655088,0.25697513141698475,0.08877537635121682,0.07655843292620146,-0.3229829896823125,0.25697513141698475,-0.6841737142825391,0.468887862261451,0.5724560774014972,1,1553.78
12747,-1.0977431894388785,0.7679036701637393,0.20468334658100076,-0.05385987060848324,-0.23788432848592836,0.7679036701637393,-0.6341732434885027,-0.37357976296430334,0.7015904474581526,1,1426.61
14676,-0.602249561583443,0.08666561850139992,0.02137627010298601,0.08613723004210198,-0.45063098147688857,0.08666561850139992,-0.7262793738985699,0.8315520936176188,0.40543236608085714,1,857.32
15917,0.7016810380361244,-0.4242629202453546,-0.2451029419767569,-0.46179995587566763,-0.54991275287267,-0.4242629202453546,-0.4631190012983777,-0.6011100417015938,-0.9424792160222945,0,0.0
13108,2.3315942875605837,-0.4242629202453546,-0.2065270072561777,-0.046755321773952224,-0.5782789732714647,-0.4242629202453546,-0.5683831503384545,0.28478731733637347,-1.4785860985400074,0,0.0
16769,0.8711920159866681,-0.4242629202453546,-0.20457577474563732,-0.025761699992635247,-0.2520674386853257,-0.4242629202453546,0.9053149362226219,-0.4696096524693955,-0.8421421109461752,0,0.0
14719,-0.18499176970518144,-0.25395340732976973,-0.183061226733076,-0.24059886783837692,0.2727076386923762,-0.25395340732976973,0.9316309734826411,-0.057805801979090424,-0.4252174253493427,0,1093.72
16148,1.3406070318497123,-0.4242629202453546,-0.2530540444892203,-0.5473471359218354,-0.7059269650660409,-0.4242629202453546,-1.0420718210188007,-0.497293944939332,-1.1666215716947879,0,0.0
14672,0.5321700600855805,-0.25395340732976973,-0.13590700762164545,0.013071014164704846,0.102510316299608,-0.25395340732976973,0.5105743773223336,0.03908922166568724,-0.29772544260713646,0,0.0
18112,-0.3545027476557252,-0.4242629202453546,-0.23260349608606518,-0.32731642401172617,-0.54991275287267,-0.4242629202453546,-0.4631190012983777,-0.36579355570713373,-0.4754115251765421,0,156.05
16156,-0.5500923375986603,0.25697513141698475,-0.02549240278738986,-0.16932661911842517,0.15924275709719737,0.25697513141698475,-0.38943409697032383,-0.29381439528529885,0.26708860095656056,0,1676.87
13089,-1.0586252714502915,10.98647444509883,6.237749796381499,0.3421319975276018,6.300529473436249,10.98647444509883,-0.1032084917128206,0.3342017437854696,8.860707901303291,1,19815.18
16114,-0.3023455236709425,-0.4242629202453546,-0.24295284691941052,-0.43866674023684704,-0.6066451936702594,-0.4242629202453546,-0.6736472993785315,-0.5976495051428518,-0.7111709059552856,0,0.0
13334,-0.04155940374702904,-0.25395340732976973,0.19434759318675326,1.789701975226119,1.7761173198284952,-0.25395340732976973,4.510612040845255,1.5772977220265325,1.4274259789731842,1,793.73
17061,-1.0847038834426828,1.108522695994909,0.5258259635139577,0.1650516691300087,-0.03932078569436549,1.108522695994909,-0.6789105068305353,-0.25920902969787823,0.9784484283114245,1,573.4
17763,0.9103099339752551,-0.4242629202453546,-0.2634764815577166,-0.6594837986074064,-0.7059269650660409,-0.4242629202453546,-1.0420718210188007,-0.7049261384638555,-1.115774835147729,0,0.0
16717,-0.4066599716405079,-0.08364389441418492,-0.07291517132100281,0.0056555841713913325,0.14505964689780004,-0.08364389441418492,0.028113694221980887,-0.15124028906512602,0.2107908838829142,0,2706.92
15611,-1.1759790254160525,0.7679036701637393,-0.1050425205494302,-0.47040862090489666,-0.4789972018756833,0.7679036701637393,-0.9368076719787237,-0.6352828402191716,0.3975746968852383,0,644.3100000000001
13681,-0.4979351136138776,-0.4242629202453546,-0.23144431440297408,-0.314844603406449,-0.5357296426732727,-0.4242629202453546,-0.41048692677833926,-0.41424106752952256,-0.39689473673083653,0,624.37
13008,1.6926682937469957,-0.4242629202453546,-0.22702344701628804,-0.26727978611271613,-0.5215465324738753,-0.4242629202453546,-0.35785485225830077,-0.14085867938889984,-1.2147082358164725,0,0.0
12726,-0.11979523972420307,0.25697513141698475,-0.016628572175483802,-0.15025314567076525,-0.15278566728954426,0.25697513141698475,-0.38943409697032383,0.5976198222466556,0.20709541946746737,0,1141.78
17514,-0.8499963755111608,-0.4242629202453546,-0.23056218054150154,-0.3053535845000871,-0.15278566728954426,-0.4242629202453546,1.0105790852626988,-0.27928014173858223,-0.2805720642413281,0,0.0
15854,-0.6935247035568127,0.9382131830793241,0.1408246735378707,-0.20053990022139426,0.2727076386923762,0.9382131830793241,-0.5274470923784246,-0.4603815549794167,0.8353367203295009,1,575.4300000000001
12782,-0.5761709495910516,0.08666561850139992,0.08728135773034139,0.2634080672743677,0.31525696929056823,0.08666561850139992,0.07635976253201637,0.08234592864996299,0.5163519380654846,1,252.25
13700,-0.22410968769376846,0.4272846443325696,-0.05708265317145247,-0.31223868781077163,0.49963740188273376,0.4272846443325696,-0.10346649207811523,0.13944478186920697,0.5028521877893989,0,1019.32
16186,-1.1759790254160525,0.9382131830793241,0.1922977792427535,-0.1390057498124317,0.23015830809418414,0.9382131830793241,-0.21165464525819397,0.11560553002009502,0.9491493922171559,1,1310.41
13093,1.0667816059296031,0.7679036701637393,1.0652431712449186,1.1035026798306757,0.6556516140761046,0.7679036701637393,-0.048641414453074926,0.9669455864784019,0.9502381495971339,1,0.0
13517,-1.1368611074274655,-0.25395340732976973,0.00799299067093453,0.7871925302237799,0.6840178344748993,-0.25395340732976973,1.747428128543237,0.9509406048942198,1.021295189119255,0,516.24
12748,-1.202057637408444,21.034735707118337,2.0011854985873883,-0.4948413385065346,15.434452441848142,21.034735707118337,-0.30107851990203877,-0.5142696479007202,19.709700239206814,1,19714.14
16249,-1.0586252714502915,0.08666561850139992,-0.021141222276080274,-0.028225890354161825,-0.03932078569436549,0.08666561850139992,-0.4499609826683681,-0.08722036272839792,0.42188805774306337,0,359.3
15117,-0.9543108234807262,-0.25395340732976973,-0.15117353236874811,-0.06905647313485465,-0.28043365908412043,-0.25395340732976973,-0.17364259143816624,1.130888505948807,0.5011157114602582,0,876.0500000000001
16145,-0.9151929054921392,0.5975941572481545,0.12189193927401226,-0.09067577590380543,0.5989191732785152,0.5975941572481545,-0.10221334744668546,0.19926262809889111,1.0060295465076954,1,1517.19
16041,-0.680485397560617,-0.25395340732976973,0.19965229411479907,1.8182390368896602,-0.6491945242684515,-0.25395340732976973,-0.9631237092387429,1.0599475064945947,1.0226107862802158,1,426.6
18196,1.2623711958725383,-0.4242629202453546,-0.189407831431994,0.1374326212412256,0.38617252028755494,-0.4242629202453546,3.0105979170241595,0.08753673348807607,-0.7268100955446845,0,235.85
17428,-1.0847038834426828,2.811617825150757,1.5460180235066596,0.2878890441721455,2.1874275156110183,2.811617825150757,-0.43153975658635463,0.41957521629937666,3.153645674200384,1,6595.76
17759,-0.31538482966713816,-0.25395340732976973,-0.23761585207350733,-0.5340798252926147,-0.46481409167628596,-0.25395340732976973,-0.621015224858493,-0.613221919657191,-0.5603702233995825,0,652.8100000000001
13110,-0.7326426215453997,0.25697513141698475,-0.08887856482186991,-0.3057229844652287,0.40035563048695233,0.25697513141698475,4.3254477960670414e-05,-0.5568151737496955,0.3432060853534218,0,446.43
14924,0.675602426043733,-0.4242629202453546,-0.21332742648498618,-0.11992211684977892,-0.5782789732714647,-0.4242629202453546,-0.5683831503384545,-0.5249782374092684,-0.8369022286774083,0,0.0
13593,-1.1107824954350742,0.25697513141698475,0.07592919576353013,0.04891561177233492,0.3719894100881576,0.25697513141698475,0.2421507972701374,-0.24882742002165206,0.6887488534752089,1,0.0
17071,-0.7717605395339867,0.4272846443325696,-0.027659494643608507,-0.2594772785981732,0.20179208769538942,0.4272846443325696,-0.32276680257827517,-0.38771028724583334,0.5278289257552805,0,1026.61
17527,-1.0977431894388785,-0.25395340732976973,-0.1629200200693968,-0.1322476404391584,-0.3655323202805045,-0.25395340732976973,-0.43680296403835844,-0.39001731161832814,0.01632674163722319,0,332.75
15983,2.1751226156062358,-0.08364389441418492,-0.07253954206592494,0.007002735859449045,0.08832720610021064,-0.08364389441418492,0.30881809166218627,0.05408488008690277,-0.8151153764978193,0,326.75
15706,-1.0064680474655088,-0.4242629202453546,-0.1895319080637618,0.13609766097115936,-0.3087998794829151,-0.4242629202453546,0.4316262655422759,-0.19276672777003073,-0.043872663775410554,0,610.51
17288,0.1801087981882974,0.25697513141698475,-0.15321824727308617,-0.44417116545999724,-0.5357296426732727,0.25697513141698475,-0.8210171080346391,-0.2882775367913116,-0.26872950180202404,0,753.93
14406,-0.9673501294769218,-0.4242629202453546,-0.23938351915622688,-0.40026377356370635,-0.6066451936702594,-0.4242629202453546,-0.6736472993785315,-0.47999126214562166,-0.2920135183869877,0,0.0
12473,-1.0325466594579003,-0.25395340732976973,-0.06618613864745801,0.3881399886723795,0.13087653669840268,-0.25395340732976973,0.5895224891023912,0.7294662651347281,0.5832121044677928,0,2752.3
17123,-0.41969927763670356,-0.4242629202453546,-0.20733605488249934,-0.05545999421986421,-0.592462083470862,-0.4242629202453546,-0.621015224858493,0.10483941628178638,-0.1679373502272204,0,0.0
14907,-0.602249561583443,0.08666561850139992,0.06232155858636422,0.1962714523225734,0.49963740188273376,0.08666561850139992,0.11583381842204521,0.06071757515782512,0.6188963590735708,1,1569.28
15694,-0.22410968769376846,0.9382131830793241,0.2958507763722603,-0.015212059624013794,-0.3938985406792992,0.9382131830793241,-0.8607835643386681,-0.4623040752898289,0.36468363086897404,1,3173.62
15261,-0.7587212335377911,-0.4242629202453546,-0.22271475850215922,-0.2209219192001391,-0.45063098147688857,-0.4242629202453546,-0.09469447965810857,0.1878922936915958,-0.3445661598870365,0,0.0
15882,0.06275504422253635,0.08666561850139992,-0.17826133073153758,-0.45084596681032885,-0.3938985406792992,0.08666561850139992,-0.792069467048618,-0.5076755546155581,-0.4296441879114563,0,0.0
13155,1.7317862117355827,-0.25395340732976973,-0.16928022220741262,-0.16646285503222805,0.05996098570141595,-0.25395340732976973,0.563206451842372,-0.29312228797355044,-0.9234896161228302,0,402.56
13227,0.10187296221112337,-0.4242629202453546,-0.22222525069463686,-0.21565522662782266,-0.592462083470862,-0.4242629202453546,-0.621015224858493,-0.40385945785329636,-0.582576343248681,0,0.0
13035,0.8711920159866681,-0.4242629202453546,-0.2094266611437926,-0.07795316041413228,-0.54991275287267,-0.4242629202453546,-0.4631190012983777,-0.012818826715443647,-1.293613394624575,0,588.88
13002,1.627471763766017,-0.4242629202453546,-0.24546837315251138,-0.4657316881779177,-0.6208283038696568,-0.4242629202453546,-0.7262793738985699,-0.4938334083805899,-1.3602636114011541,0,0.0
17142,0.5843272840703633,-0.4242629202453546,-0.1676145359179269,0.3719101634712307,-0.507363422274478,-0.4242629202453546,-0.30522277773826234,-0.46614911591065344,-0.6292749304651977,0,0.0
16161,-0.6935247035568127,1.4491417218260785,0.25010899124711805,-0.22414959711338162,1.7193848790309056,1.4491417218260785,0.12021982463204817,-0.3210949584900487,1.8295419368935304,1,2497.01
15213,1.627471763766017,-0.25395340732976973,-0.21021701229135473,-0.386685581775703,-0.4080816508786965,-0.25395340732976973,-0.4631190012983777,-0.27581960517984017,-1.1225852432702106,0,0.0
17987,-0.1067559337280074,-0.4242629202453546,-0.23227545786782972,-0.32378700850319464,-0.5357296426732727,-0.4242629202453546,-0.41048692677833926,0.15674746466291728,-0.4096338975344677,0,0.0
13549,-0.6674460915644214,0.25697513141698475,-0.13650189558217607,-0.40820038667615544,-0.23788432848592836,0.25697513141698475,-0.6420680546665084,-0.4619964720401629,0.10318503494282806,0,156.15
14515,-0.028520097750833362,-0.25395340732976973,-0.13589001082277313,0.013162449799640916,-0.3655323202805045,-0.25395340732976973,-0.30522277773826234,-0.10452304552210823,-0.2505561092724879,0,1311.24
12438,-0.6935247035568127,-0.4242629202453546,-0.1147425936658536,0.9407678226623682,-0.02513767549496814,-0.4242629202453546,1.4842677559430448,1.2814218462540865,0.5795337833335168,0,2016.78
13841,0.7668775680171027,-0.4242629202453546,-0.2515787223471044,-0.5314739096969372,-0.7059269650660409,-0.4242629202453546,-1.0420718210188007,-0.4003989212945543,-0.9256582237378784,0,0.0
17781,-0.44577788962909487,-0.25395340732976973,-0.23406862014885768,-0.5149972082814611,-0.54991275287267,-0.25395340732976973,-0.7789114484186084,-0.6876234556701453,-0.4502715614998715,0,0.0
18218,0.2322660221730801,-0.25395340732976973,-0.1569201500674738,-0.09997086130673301,-0.4789972018756833,-0.25395340732976973,-0.5683831503384545,0.1809712205741117,-0.29088237244600834,0,0.0
14548,-0.5631316435948559,-0.25395340732976973,-0.1550708983501672,-0.09002266422569083,-0.6917438548666435,-0.25395340732976973,-0.9894397464987621,-0.30350389764977664,-0.24012229315615358,0,0.0
12709,-0.7587212335377911,1.108522695994909,0.8284165744777957,0.49061373345790865,0.3436231896893629,1.108522695994909,-0.4631190012983777,0.141175050148578,1.2026129395700158,1,3267.41
16233,1.7709041297241697,-0.25395340732976973,-0.2105314530704923,-0.3883771410220199,-0.592462083470862,-0.25395340732976973,-0.857859560198666,-0.5907284320253676,-1.4718698803363313,0,210.18
12987,0.04971573822634068,-0.4242629202453546,-0.2143047424201436,-0.1304372148674246,-0.5215465324738753,-0.4242629202453546,-0.35785485225830077,-0.3727146288246178,-0.5120625881422675,0,254.4
15563,0.0888336562149277,-0.25395340732976973,-0.14099414952412576,-0.014295671371654689,0.05996098570141595,-0.25395340732976973,0.5368904145823528,0.5374064861245438,-0.007951828648890451,0,664.8199999999999
17372,-0.3545027476557252,0.4272846443325696,-0.08660269345286851,-0.3651738247297484,1.7903004300278924,0.4272846443325696,0.650926576042436,-0.4050129700395437,0.9775668197950159,0,281.55
18010,0.8190347920018853,-0.4242629202453546,-0.23631559695977616,-0.3672555093517925,-0.5215465324738753,-0.4242629202453546,-0.35785485225830077,-0.5388203836442367,-1.0820252995956396,0,0.0
17496,2.1490440036138443,-0.4242629202453546,-0.21995617804518441,-0.19124191209989744,-0.5782789732714647,-0.4242629202453546,-0.5683831503384545,-0.4730701890281376,-1.316923990152639,0,0.0
17715,0.0888336562149277,-0.4242629202453546,-0.2105484498693646,-0.09002266422569083,-0.7059269650660409,-0.4242629202453546,-1.0420718210188007,0.5823934613881906,-0.2228142709819227,0,0.0
12358,-0.5631316435948559,-0.4242629202453546,-0.18361532237631306,0.19975515001363695,-0.54991275287267,-0.4242629202453546,-0.4631190012983777,-0.4003989212945543,-0.17794415567886873,0,683.2
16795,2.240319145587214,-0.4242629202453546,-0.1955096822271508,0.07178183535714219,0.1876089774959921,-0.4242629202453546,2.379013022783698,0.08061566037059197,-1.2902078601784288,0,0.0
15791,0.14099088019971037,-0.4242629202453546,-0.05811435886300126,1.55004003249524,0.045777875502018596,-0.4242629202453546,1.747428128543237,1.1845268226093089,0.5475196954961775,0,389.4500000000001
15594,0.5321700600855805,-0.4242629202453546,-0.2204898775297747,-0.19698406997388132,-0.507363422274478,-0.4242629202453546,-0.30522277773826234,-0.24467477615116162,-0.8744788784435692,0,1503.87
13581,1.510118009800256,-0.4242629202453546,-0.24596977871924433,-0.47112639063914463,-0.5782789732714647,-0.4242629202453546,-0.5683831503384545,-0.6426364804064985,-1.2448622895955026,0,0.0
12757,-0.6674460915644214,0.5975941572481545,0.6315885444968639,0.6927395193348407,0.5421867324809257,0.5975941572481545,-0.17740202533245478,-0.2926279256080159,1.0903659792573455,1,2553.57
15187,-0.8369570695149651,0.08666561850139992,-0.0022288841708685875,0.02264432514250924,-0.3087998794829151,0.08666561850139992,-0.7131213552685604,-0.25159584926864575,0.24474864565269738,0,3225.14
13011,2.3315942875605837,-0.4242629202453546,-0.2574341195586128,-0.5944730621678752,-0.6775607446672461,-0.4242629202453546,-0.9368076719787237,-0.7014656019051135,-1.6000708950689184,0,0.0
15124,-0.028520097750833362,-0.4242629202453546,-0.25060140641194695,-0.5209588116792916,-0.592462083470862,-0.4242629202453546,-0.621015224858493,-0.43846482344071697,-0.6400522808215849,0,93.44
13975,-0.8499963755111608,0.08666561850139992,-0.01673905136815375,-0.01638497562994339,1.6342862178345217,0.08666561850139992,1.6421639795031602,0.07369458725310785,1.064159342647389,0,994.57
16814,-1.1107824954350742,2.130379773488418,0.6061970266615302,-0.10039032228200213,0.8400320466682701,2.130379773488418,-0.2262746659582047,-0.28598493132114494,1.8409479924200458,1,1285.01
15953,0.2322660221730801,0.08666561850139992,-0.12596557996123534,-0.3101813860247105,-0.3087998794829151,0.08666561850139992,-0.5946991875984738,-0.35714221431027854,-0.31166881823775755,0,833.24
17082,1.627471763766017,-0.4242629202453546,-0.1577665906513145,0.47786577723512486,-0.37971543047990186,-0.4242629202453546,0.16846589294208367,0.34707697539373056,-0.6421848650459282,0,1366.91
14496,1.5361966217926475,-0.25395340732976973,-0.17444554938470555,-0.19425014448929342,-0.4931803120750806,-0.25395340732976973,-0.5946991875984738,-0.4713399207487665,-0.9601192933462631,0,0.0
16893,2.2533584515834097,-0.4242629202453546,-0.24122257279421006,-0.42005044496386745,-0.09605322649195489,-0.4242629202453546,1.2737394578628911,-0.5318993105267525,-1.5547382224182724,0,0.0
15795,-0.5761709495910516,-0.4242629202453546,-0.16234382858762572,0.4286185442585685,-0.12441944689074957,-0.4242629202453546,1.1158432343027758,1.2641191634603761,0.33495426952298346,0,0.0
13643,-0.1067559337280074,-0.4242629202453546,-0.25108581517980755,-0.5261706428706464,-0.6350114140690541,-0.4242629202453546,-0.7789114484186084,-0.5388203836442367,-0.6440648978620572,0,431.54
12409,-0.14587385171659442,-0.4242629202453546,0.7889789020543908,10.664051528888846,0.1876089774959921,-0.4242629202453546,2.2737488737436213,10.12655329039879,6.902974201977125,1,4865.59
13871,-1.0586252714502915,0.7679036701637393,0.42646437698636086,0.24441231411640338,0.9251307078646542,0.7679036701637393,0.30662508855718457,0.008809526776694224,1.3618858088513102,1,2329.01
13266,-1.0586252714502915,0.7679036701637393,0.16494143145778156,-0.10730857101035095,0.045777875502018596,0.7679036701637393,-0.32495980568327676,0.5772026565500775,0.8753069812119672,1,1298.68
17323,-0.9021535994959434,0.08666561850139992,-0.17578149777606858,-0.44417573724174403,0.669834724275502,0.08666561850139992,0.4974163586923239,-0.3182111780244304,0.46270595755558264,0,375.57
14739,0.33658047014264547,-0.08364389441418492,-0.043772459974551904,0.11017261061229157,-0.3938985406792992,-0.08364389441418492,-0.6736472993785315,0.492419510860897,-0.30295268855296353,0,2594.66
14355,2.240319145587214,-0.4242629202453546,-0.23638358415526536,-0.3679869944312809,-0.5640958630720674,-0.4242629202453546,-0.5157510758184162,-0.42808321376449077,-1.5245292968559796,0,0.0
14159,-0.64136747957203,0.4272846443325696,0.10116264336935137,-0.028474290495738075,4.144696723127852,0.4272846443325696,3.879027146604794,0.358612097256204,2.3318896106048164,1,2470.01
12982,0.636484508055146,-0.4242629202453546,-0.1996467030726694,0.027270968270273394,-0.3229829896823125,-0.4242629202453546,0.3789941910222374,0.25018195174895286,-0.6121599891132279,0,0.0
13509,-0.5761709495910516,0.08666561850139992,-0.15299388952797177,-0.38288185936236335,-0.37971543047990186,0.08666561850139992,-0.7131213552685604,-0.08289469202997035,-0.10293432786203136,0,314.7
12951,-0.2632276056823555,0.25697513141698475,-0.13824746682636158,-0.4119565625593284,-0.16696877748894162,0.25697513141698475,-0.621015224858493,-0.5173650569800359,-0.21384465424453392,0,312.29
14047,0.07579435021873202,-0.08364389441418492,-0.157939957999812,-0.2992761626313377,-0.507363422274478,-0.08364389441418492,-0.7789114484186084,-0.5042150180568161,-0.4125625993491224,0,672.69
14711,-1.0977431894388785,0.7679036701637393,0.08355226005775807,-0.21676845548316906,1.3506240138465746,0.7679036701637393,0.3526781537622182,-0.44149279292961624,1.2851566217005768,1,782.89
14165,1.0667816059296031,-0.4242629202453546,-0.24555505682676013,-0.4666643316542654,-0.3938985406792992,-0.4242629202453546,0.16846589294208367,-0.5630441395554311,-1.08825908386788,0,0.0
13144,1.8100220477127567,-0.4242629202453546,-0.2471680530397417,-0.4840188151651276,-0.6775607446672461,-0.4242629202453546,-0.9368076719787237,-0.673781309435177,-1.4320712443790597,0,0.0
14784,1.6926682937469957,-0.4242629202453546,-0.24653407244180478,-0.4771977167988983,-0.6633776344678488,-0.4242629202453546,-0.8841755974586852,-0.552662529879205,-1.2787664471345088,0,175.31
17542,0.9885457699524292,-0.4242629202453546,-0.23700396731410445,-0.3746617957816125,-0.37971543047990186,-0.4242629202453546,0.2210979674621221,-0.2827406782973243,-1.108494925575946,0,0.0
15074,-1.1499004134236612,-0.4242629202453546,-0.1409856511246896,0.6584145819798478,-0.13860255709014693,-0.4242629202453546,1.0632111597827372,0.7450386796490673,0.48677435063123425,0,0.0
14540,1.510118009800256,-0.4242629202453546,-0.23272927239772018,-0.3286696714087797,-0.5640958630720674,-0.4242629202453546,-0.5157510758184162,-0.324267117002229,-1.1224515671038904,0,756.76
16065,2.240319145587214,-0.4242629202453546,-0.20362395400878835,-0.01552090887979778,0.2868907488917735,-0.4242629202453546,2.7474375444239674,0.0425497582244293,-1.2843773427031544,0,0.0
15087,1.1450174419067771,-0.4242629202453546,-0.2138560269299148,-0.1256094133428012,-0.507363422274478,-0.4242629202453546,-0.30522277773826234,0.8799996054400077,-0.804108954004571,0,0.0
17469,-1.1107824954350742,-0.08364389441418492,-0.08751372187242398,-0.04670046039299064,-0.09605322649195489,-0.08364389441418492,-0.16487057901815977,-0.23544667866118285,0.341314339386988,0,820.7
14532,0.5582486720779719,0.08666561850139992,-0.1074713631082823,-0.26043582883775285,-0.08187011629255754,0.08666561850139992,-0.2525907032182239,-0.500754481498074,-0.3414150210973158,0,0.0
15321,1.2754105018687338,-0.4242629202453546,-0.06895321750386896,1.4334230236978025,-0.18115188768833898,-0.4242629202453546,0.9053149362226219,1.1395398473456622,0.06486641315927297,0,1588.84
14534,-0.9673501294769218,1.6194512347416634,0.2268386739110479,-0.27900605461774547,2.9249492459796804,1.6194512347416634,0.4154317810745718,-0.36100204354887544,2.5180724905755523,1,1497.55
17860,2.279437063575801,-0.4242629202453546,-0.2275367503422316,-0.27280249846285354,-0.02513767549496814,-0.4242629202453546,1.6421639795031602,-0.4246226772057487,-1.565795228045495,0,0.0
12468,-0.08067732173561605,-0.25395340732976973,-0.1420275548955618,-0.01985495797576653,-0.20951810808713367,-0.25395340732976973,-0.09469447965810857,-0.11317438691896338,-0.1948164542984812,0,0.0
14410,-0.680485397560617,0.5975941572481545,-0.1002766181456364,-0.4321539105826879,1.0244124792604357,0.5975941572481545,-0.01198693398376236,-0.5071811922500236,0.8341429033730066,0,125.09
13769,-0.9282322114883348,0.4272846443325696,0.028059411419575592,-0.15956251244905423,0.05996098570141595,0.4272846443325696,-0.3490828398382944,-0.33810926323719726,0.49480756955242566,1,1066.27
15622,0.04971573822634068,0.25697513141698475,0.17623070526876533,0.2647475993261808,1.081144920058025,0.25697513141698475,0.35794136121422215,0.10137887972304431,0.781295830881142,1,1107.56
16287,-0.31538482966713816,-0.4242629202453546,-0.24180556299553008,-0.42632292952048045,-0.6066451936702594,-0.4242629202453546,-0.6736472993785315,0.28478731733637347,-0.6121037237291139,0,0.0
17560,-0.4979351136138776,-0.08364389441418492,-0.14605749590818487,-0.2566610610421429,-0.43644787127749124,-0.08364389441418492,-0.6911913242185442,-0.23544667866118285,-0.16217849672763993,0,149.12
16086,0.0888336562149277,-0.08364389441418492,-0.16624459392881927,-0.3290597967845068,-0.4931803120750806,-0.08364389441418492,-0.6911913242185442,-0.4603815549794167,-0.39755119308260084,0,534.33
12567,-1.1107824954350742,0.7679036701637393,0.9166384590244852,0.9036449548783323,2.627103931792336,0.7679036701637393,0.9776840386876747,0.5616302420357382,2.552008582243531,1,2443.12
14348,0.8711920159866681,-0.4242629202453546,-0.19641221224727012,0.06207137092693374,-0.46481409167628596,-0.4242629202453546,-0.14732655417814702,-0.11317438691896338,-0.7583460282386789,0,0.0
13991,-0.6544067855682256,-0.4242629202453546,-0.24455054601340703,-0.4558566396048244,-0.6208283038696568,-0.4242629202453546,-0.7262793738985699,-0.4592280427931693,-0.5430734442553737,0,726.53
13984,-0.8760749875035521,0.08666561850139992,-0.1267661291881208,-0.31233469522745444,-0.5782789732714647,0.08666561850139992,-0.9368076719787237,-0.18671078879223213,0.09496549565968924,0,101.18
13786,2.2663977575796053,-0.4242629202453546,-0.2268653767867756,-0.2655790833029056,-0.6208283038696568,-0.4242629202453546,-0.7262793738985699,-0.27581960517984017,-1.4361430297009747,0,0.0
15048,-1.0064680474655088,-0.08364389441418492,-0.21138469237388194,-0.4909496362932802,0.32944007948996556,-0.08364389441418492,0.27373004198216055,-0.5503555055067103,0.15047356885531502,0,59.52
14477,-0.11979523972420307,-0.25395340732976973,-0.17713274328641668,-0.2087061183726829,-0.6775607446672461,-0.25395340732976973,-1.0157557837587814,-0.22737209335745134,-0.3285413164262159,0,786.6
13208,-0.4979351136138776,0.08666561850139992,-0.12515313297513928,-0.3079960743497389,0.6556516140761046,0.08666561850139992,0.3658361723922278,-0.25159584926864575,0.36099676295756455,0,388.83
18220,0.4278556121160152,-0.4242629202453546,-0.21413817379119504,-0.128645076422678,-0.6917438548666435,-0.4242629202453546,-0.9894397464987621,0.25018195174895286,-0.4541096717834016,0,0.0
16623,0.675602426043733,-0.4242629202453546,-0.24402364524836562,-0.4501876302387893,-0.6491945242684515,-0.4242629202453546,-0.8315435229386468,-0.6114916513778199,-0.9281215877161335,0,0.0
15869,1.0928602179219946,-0.25395340732976973,-0.24059199155604766,-0.5500902049699169,-0.5357296426732727,-0.25395340732976973,-0.6999633366385507,-0.44365562827883004,-1.2916779899605775,0,0.0
16696,-0.7587212335377911,0.08666561850139992,-0.15420406160767974,-0.3861369679660867,-0.6208283038696568,0.08666561850139992,-0.9631237092387429,-0.6201429927746751,-0.14458442755169787,0,0.0
15810,-0.3023455236709425,-0.08364389441418492,-0.03466727481865909,0.1428273237024526,0.1876089774959921,-0.08364389441418492,0.4316262655422759,0.24095385425897398,0.27487480106417067,0,30.79
14762,0.9103099339752551,-0.4242629202453546,-0.21494722141751668,-0.13734974886859,-0.4222647610780939,-0.4242629202453546,0.010569669381968322,0.433590389362282,-0.6507187464495483,0,0.0
13922,2.0577688616404743,-0.4242629202453546,-0.23674901533101989,-0.37191872673353105,-0.6208283038696568,-0.4242629202453546,-0.7262793738985699,-0.4246226772057487,-1.3604943820707405,0,0.0
13799,-1.0064680474655088,-0.25395340732976973,-0.1489418526768147,-0.057050974267751374,-0.26625054888472305,-0.25395340732976973,-0.06837844239808935,-0.050884728861606304,0.10391147760526542,0,0.0
18127,-0.7847998455301823,-0.4242629202453546,-0.24229847016282688,-0.4316261963467713,-0.6066451936702594,-0.4242629202453546,-0.6736472993785315,-0.6495575535239826,-0.65198240557548,0,207.48
16838,0.04971573822634068,-0.25395340732976973,-0.16594035122900505,-0.14849575276729435,-0.37971543047990186,-0.25395340732976973,-0.43680296403835844,-0.42635294548511976,-0.3553838570022395,0,0.0
15292,0.10187296221112337,-0.4242629202453546,-0.2357054118802605,-0.3606904307633842,-0.37971543047990186,-0.4242629202453546,0.16846589294208367,-0.556123066437947,-0.771359203014938,0,0.0
17440,-0.4848958076176819,-0.08364389441418492,-0.23434056893081454,-0.573278281989699,-0.6775607446672461,-0.08364389441418492,-1.0069837713387748,-0.4626885793519114,-0.40134851683973466,0,0.0
17410,0.2844232461578628,-0.4242629202453546,-0.21462768159871737,-0.13391176899499455,-0.507363422274478,-0.4242629202453546,-0.30522277773826234,-0.4003989212945543,-0.7432918379263329,0,912.32
18024,-0.5370530316024646,-0.25395340732976973,-0.1997758787440989,-0.3305166712344879,-0.4222647610780939,-0.25395340732976973,-0.5420671130784354,-0.42808321376449077,-0.6443236482001521,0,0.0
13491,-0.602249561583443,0.9382131830793241,-0.08102434406297863,-0.4657520072079035,0.21597519789478678,0.9382131830793241,-0.6385592496985059,-0.43423527875780993,0.6606291525270672,0,127.37
12626,-1.0586252714502915,0.4272846443325696,0.5454011767751892,0.7681312481941113,1.691018658632111,0.4272846443325696,0.712330662982481,0.6014264124612719,1.8730701514140924,1,1846.48
12407,-0.7717605395339867,0.08666561850139992,-0.026819852779316762,-0.043500213170228806,-0.010954565295570795,0.08666561850139992,-0.2525907032182239,0.3237183536222216,0.351027473016428,0,300.76
17990,0.5582486720779719,-0.08364389441418492,-0.15880339538252497,-0.30237278280117186,-0.3371660998817098,-0.08364389441418492,-0.5859271751784674,-0.26889853206235603,-0.5117981752146318,0,0.0
13590,-0.5631316435948559,0.08666561850139992,-0.07627713813794436,-0.17652991843868707,-0.06768700609316018,0.08666561850139992,-0.42364494540834885,0.03216814854820312,0.29609919262202644,0,865.54
12489,1.8621792716975394,-0.4242629202453546,-0.20909862292555714,-0.07442374490560076,-0.507363422274478,-0.4242629202453546,-0.30522277773826234,-0.383096238500844,-1.2260359860166927,0,0.0
18193,-0.3675420536519209,-0.4242629202453546,-0.22459460445743593,-0.24114748164799324,-0.4931803120750806,-0.4242629202453546,-0.2525907032182239,-0.31734604388474486,-0.46679240559899665,0,0.0
14463,-0.3023455236709425,-0.25395340732976973,-0.2134345063178817,-0.4039943474690972,-0.6633776344678488,-0.25395340732976973,-0.9894397464987621,-0.5267085056886395,-0.4401942510801454,0,220.2
18036,-1.1499004134236612,-0.25395340732976973,-0.22290682232941622,-0.4549514268189575,0.045777875502018596,-0.25395340732976973,0.4579423028022951,-0.4817215304249927,-0.0984730934938042,0,149.43
17460,0.4148163061198195,0.25697513141698475,-0.18740220916506223,-0.5177293050533502,-0.5215465324738753,0.25697513141698475,-0.8631227676506698,-0.6239495829892914,-0.49032531466354934,0,159.85000000000002
15572,-1.0977431894388785,0.08666561850139992,-0.002101408179326314,0.022987208773519428,0.8258489364688728,0.08666561850139992,0.6289965449924201,-0.15210542320481155,0.824276772223802,0,980.63
14386,1.3406070318497123,-0.4242629202453546,-0.24182255979440237,-0.4265058007903525,-0.6208283038696568,-0.4242629202453546,-0.7262793738985699,-0.5595836029966891,-1.267917325260257,0,0.0
14662,0.5321700600855805,-0.08364389441418492,-0.17895480012552759,-0.3746435086546253,0.4429049610851444,-0.08364389441418492,0.4316262655422759,-0.3750216531971126,-0.3737364187071509,0,229.09
12697,-0.8108784575225737,-0.25395340732976973,-0.14128479478484215,-0.015859220729061166,-0.3371660998817098,-0.25395340732976973,-0.3315388149982816,-0.12528626487456057,0.027527364635108777,0,223.68
13218,-0.8630356815073564,-0.4242629202453546,-0.25537920657495133,-0.5723639256403386,-0.6491945242684515,-0.4242629202453546,-0.8315435229386468,-0.44192535999945903,-0.5915286136858682,0,0.0
15289,-0.7326426215453997,-0.25395340732976973,-0.14739174461966065,-0.04871204436158367,-0.13860255709014693,-0.25395340732976973,0.16846589294208367,0.5823934613881906,0.09085609456379552,0,241.8
13198,-0.9543108234807262,0.25697513141698475,0.24543827091700918,0.4136706466592232,1.8612159810248794,0.25697513141698475,1.031631915070714,0.8931496443632276,1.7096414695554312,1,392.06
17353,-0.8369570695149651,-0.25395340732976973,0.029718298989512375,0.9040655587990382,-0.6491945242684515,-0.25395340732976973,-0.8841755974586852,1.3298693580764753,0.8023327873624034,1,0.0
15626,1.7709041297241697,-0.4242629202453546,-0.21811542472731396,-0.17143695357274918,-0.43644787127749124,-0.4242629202453546,-0.04206240513807012,0.3332348291587623,-0.9787515344316785,0,393.92
14769,-1.1107824954350742,0.4272846443325696,0.8021956128574939,1.2286132971500476,6.059416600046495,0.4272846443325696,4.572016127785301,1.7503245499636355,4.231803732600711,1,4132.14
15032,0.8190347920018853,-0.08364389441418492,0.5768622514878223,2.3360085589875292,-0.3087998794829151,-0.08364389441418492,-0.1824146038581727,2.677171591613384,1.272578799791132,1,0.0
16611,-0.09371662773181173,-0.4242629202453546,-0.2440168465288167,-0.45011448173084045,-0.592462083470862,-0.4242629202453546,-0.5683831503384545,-0.5838073589078835,-0.8275137345887851,0,0.0
18171,-0.4066599716405079,-0.08364389441418492,-0.14969651054674496,-0.2697119740020151,-0.2520674386853257,-0.08364389441418492,-0.44557497645836486,-0.49267989619434255,-0.16451417783428612,0,546.89
16034,0.036676432230145,-0.08364389441418492,-0.19163101272449123,-0.42010530634482907,-0.46481409167628596,-0.08364389441418492,-0.7087353490585572,-0.4673026280969008,-0.49574387253444385,0,0.0
15062,0.3105018581502541,-0.08364389441418492,-0.12766525984846566,-0.19069939399927696,-0.18115188768833898,-0.08364389441418492,-0.30522277773826234,-0.12240248440894226,-0.30928751822523465,0,173.82
14482,0.5973665900665589,-0.4242629202453546,-0.2255566232736083,-0.25149799552275404,-0.507363422274478,-0.4242629202453546,-0.30522277773826234,-0.36233301914839167,-0.7582188483794036,0,1784.71
17138,1.0667816059296031,-0.4242629202453546,-0.20135318167944863,0.00891069277511464,-0.37971543047990186,-0.4242629202453546,0.16846589294208367,-0.3104249707672608,-0.8414656344212238,0,0.0
14828,0.036676432230145,-0.08364389441418492,0.09766470216143139,0.6174209389835192,-0.4789972018756833,-0.08364389441418492,-0.7964554732586211,1.7589758913604907,0.5323438466446263,1,0.0
16279,-0.22410968769376846,-0.4242629202453546,-0.20499389599789597,-0.030260333231488842,-0.4931803120750806,-0.4242629202453546,-0.2525907032182239,-0.20660887400499897,-0.3821509274357946,0,1143.7
17340,-0.9543108234807262,0.5975941572481545,1.0246514161780842,1.2968861087178682,1.5066382260399456,0.5975941572481545,0.8677205972797373,1.234951783893836,2.1189391580527586,1,4759.64
15279,2.0968867796290613,-0.4242629202453546,-0.2166486009846342,-0.15565516298278706,-0.45063098147688857,-0.4242629202453546,-0.09469447965810857,-0.09241116756651102,-1.3152844251667193,0,0.0
14451,0.010597820237753656,-0.4242629202453546,-0.20483752544827077,-0.028577917548665607,0.017411655103223903,-0.4242629202453546,1.6421639795031602,-0.040503119185380125,-0.3672548127781774,0,283.9
15065,-0.3805813596481165,-0.08364389441418492,0.2198699863734036,1.0556963200679865,1.1520604710550117,-0.08364389441418492,1.3263715323829295,0.6158453147893639,1.155699572139445,1,299.38
16873,-0.8630356815073564,0.08666561850139992,0.3919999679129918,1.0830370988411142,0.6556516140761046,0.08666561850139992,0.8921569175926123,1.0313980798849727,1.3284003818661756,1,3252.15
14029,-0.64136747957203,-0.4242629202453546,-0.23794728965151726,-0.384811151259514,-0.6350114140690541,-0.4242629202453546,-0.7789114484186084,-0.6633996997589509,-0.6346863651305505,0,302.46
17054,-0.7326426215453997,0.08666561850139992,-0.06082024924347193,-0.1349541352332655,0.102510316299608,0.08666561850139992,-0.1341685355481374,-0.10711844794116476,0.2711906030471241,0,149.01
13658,0.14099088019971037,-0.4242629202453546,-0.10739487751335695,1.0198230726280766,-0.26625054888472305,-0.4242629202453546,0.5895224891023912,0.2917083904538576,0.09612035777687804,0,1705.87
17181,2.3446335935567792,-0.4242629202453546,-0.2395925797823562,-0.40251309018313314,-0.6917438548666435,-0.4242629202453546,-0.9894397464987621,0.0010233195195245904,-1.371979574693502,0,84.39999999999999
12725,2.3185549815643878,-0.4242629202453546,-0.19331369581284927,0.09540880342461738,-0.37971543047990186,-0.4242629202453546,0.16846589294208367,-0.1789245815350625,-1.404089611110279,0,0.0
13630,-1.1499004134236612,0.25697513141698475,-0.034621383461703875,-0.18897065092808593,-0.02513767549496814,0.25697513141698475,-0.45259258639437006,-0.07303216283755551,0.4833827858535181,0,670.3199999999999
18268,-0.7847998455301823,-0.4242629202453546,-0.2616918176761247,-0.640282315270836,-0.7059269650660409,-0.4242629202453546,-1.0420718210188007,-0.7395315040512761,-0.5056715834930584,0,0.0
14387,-1.0977431894388785,-0.4242629202453546,-0.19111091067899877,0.11910892000004135,-0.15278566728954426,-0.4242629202453546,1.0105790852626988,-0.023200436391669826,0.0559197759123915,0,1286.84
17438,0.7799168740132983,-0.4242629202453546,-0.20000193616910053,0.023448958729946682,-0.4789972018756833,-0.4242629202453546,-0.19995862869818545,-0.39001731161832814,-0.9409521276679624,0,0.0
16713,-1.0195073534617045,1.2788322089104938,0.40887778919318885,-0.02678744157000875,2.6412870419917334,1.2788322089104938,0.8144049893243737,-0.07196254244667158,2.2906842719526934,1,2940.01
14470,1.2232532778839513,-0.4242629202453546,-0.215436729225039,-0.14261644144090643,-0.22370121828653103,-0.4242629202453546,0.7474187126625066,-0.26889853206235603,-1.050149617878761,0,163.55
14223,-0.47185650162148624,-0.25395340732976973,-0.15442671967290691,-0.0865572536616145,-0.22370121828653103,-0.25395340732976973,-0.06837844239808935,-0.06991767993468763,-0.09301538582742354,0,334.54
16170,-1.0586252714502915,0.25697513141698475,-0.000763760108076038,-0.11611473701104194,0.5705529528797205,0.25697513141698475,-0.02100957533005482,0.27994256615413465,0.7891346861493919,0,324.39
14220,0.7016810380361244,-0.25395340732976973,-0.15853824532011707,-0.1086755337526449,-0.4222647610780939,-0.25395340732976973,-0.5420671130784354,-0.27581960517984017,-0.5848329972111218,0,0.0
17026,-0.1067559337280074,-0.25395340732976973,-0.23970985769457512,-0.545344695516736,-0.6633776344678488,-0.25395340732976973,-0.9894397464987621,-0.5786165540697704,-0.5891905829690345,0,0.0
14404,-1.1107824954350742,0.25697513141698475,-0.04123993694257872,-0.20321266542572503,0.1876089774959921,0.25697513141698475,-0.17890579889017016,-0.21422205443423148,0.5903269584491082,0,126.79999999999998
14976,-1.202057637408444,0.08666561850139992,-0.17085072642321344,-0.4309129983942701,-0.18115188768833898,0.08666561850139992,-0.38417088951832,-0.6063008465397068,0.09629034005032876,0,230.9
17236,-0.18499176970518144,0.25697513141698475,-0.1474342366168414,-0.43172494683250223,0.15924275709719737,0.25697513141698475,-0.32627560754627777,-0.4696096524693955,0.009861493277375436,0,218.4
13898,1.718746905739387,-0.4242629202453546,-0.23952289290697976,-0.40176331797665754,-0.54991275287267,-0.4242629202453546,-0.4631190012983777,-0.28620121485606637,-1.2803260719260805,0,0.0
12583,-1.1368611074274655,0.9382131830793241,0.4533142201649381,0.17302952987332895,0.47127118148393904,0.9382131830793241,-0.2408946866582154,0.5850849898227677,1.29631436471219,1,3049.17
18172,-0.8630356815073564,1.108522695994909,0.6397878002728629,0.28766502686655226,0.6131022834779125,1.108522695994909,-0.39996051187433157,0.00794439263700871,1.3232344457402938,1,2232.36
13837,0.2322660221730801,-0.25395340732976973,-0.2207142352748891,-0.4431562299122071,-0.4789972018756833,-0.25395340732976973,-0.621015224858493,-0.43154375032323283,-0.6143008644674317,0,0.0
13599,-0.4848958076176819,0.7679036701637393,0.12725272963833667,-0.15799591523714987,0.2868907488917735,0.7679036701637393,-0.5289090944484257,-0.08419239323949862,0.739189850585151,1,2836.08
17961,-0.9151929054921392,4.685022467222191,-0.0655283625310999,-0.6173278415506324,2.045596413617045,4.685022467222191,-0.7194881384766295,-0.6940980079413401,3.6766864824067054,0,116.82
16807,-0.6674460915644214,-0.08364389441418492,-0.0753916049166974,-0.0032258638353970656,0.08832720610021064,-0.08364389441418492,0.08074576874201933,0.15097990373168044,0.3981971584109765,0,0.0
12778,-0.13283454572039874,0.08666561850139992,-0.18239155285750727,-0.4619553964550589,-0.3655323202805045,0.08666561850139992,-0.686805318008541,-0.35022114119279446,-0.24400725015036404,0,330.17
12462,1.431882173823082,-0.4242629202453546,-0.13649169750285267,0.7067657457340308,-0.15278566728954426,-0.4242629202453546,1.0105790852626988,0.24672141519021082,-0.5632062861769419,0,427.48
16782,-0.719603315549204,0.9382131830793241,0.011089807425468164,-0.3556330241999213,0.5421867324809257,0.9382131830793241,-0.21165464525819397,-0.5538160420654523,0.8548086367788734,1,637.5500000000001
13018,-0.9282322114883348,2.3006892864040025,0.5479252014077263,-0.1717715004252798,2.49945593999776,2.3006892864040025,-0.13803854102755203,-0.01851853398866599,2.744958700160707,1,2488.85
17389,-0.9412715174845304,3.4928558768130964,1.2488612891422968,-0.007793073800452736,-0.1953349978877363,3.4928558768130964,-0.8315435229386468,-0.47422370121438495,1.9494590110443657,1,22920.9
16298,-0.09371662773181173,-0.4242629202453546,-0.24659866027751956,-0.47789262762441226,-0.6208283038696568,-0.4242629202453546,-0.7262793738985699,-0.5734257492316572,-0.6716504915807241,0,483.9
17886,0.2192267161768844,-0.25395340732976973,-0.20182739236798589,-0.3415529523712691,-0.09605322649195489,-0.25395340732976973,0.089517781162026,-0.3692540922658758,-0.46834510784473793,0,491.57
13021,-0.3545027476557252,0.08666561850139992,-0.07014299342493018,-0.160030358114477,-0.03932078569436549,0.08666561850139992,-0.3315388149982816,-0.2905268855544939,0.10435775741405634,0,1463.91
14731,0.15403018619590605,-0.25395340732976973,-0.2233606368593067,-0.45739275827175,-0.3938985406792992,-0.25395340732976973,-0.30522277773826234,-0.43154375032323283,-0.6113799395025774,0,129.0
17293,-0.9673501294769218,0.25697513141698475,-0.11865865612603223,-0.3698047348538096,-0.08187011629255754,0.25697513141698475,-0.5578567354344469,-0.3886330969948313,0.33936055987838815,0,987.03
15709,1.1710960538991686,-0.4242629202453546,-0.24337776689121812,-0.44323852198364955,-0.6350114140690541,-0.4242629202453546,-0.7789114484186084,-0.32772765356097106,-1.1981794264812828,0,0.0
13379,-0.7456819275415953,-0.4242629202453546,-0.2428610642055001,-0.4376792353795378,-0.5357296426732727,-0.4242629202453546,-0.41048692677833926,-0.1720035084175784,-0.35161414608704733,0,436.27
16094,0.33658047014264547,-0.4242629202453546,-0.22317707143148585,-0.2258960177406602,-0.4931803120750806,-0.4242629202453546,-0.2525907032182239,-0.1789245815350625,-0.6647682391049377,0,826.13
14618,1.8752185776937351,-0.4242629202453546,-0.230026781377024,-0.299593139499116,-0.6491945242684515,-0.4242629202453546,-0.8315435229386468,-0.42808321376449077,-1.3697526347387143,0,341.64
15555,-1.1759790254160525,1.108522695994909,0.21152115876732833,-0.17311388311747627,2.9674985765778725,1.108522695994909,1.4947941708470527,0.09376569929381183,2.3197073449492307,1,1985.23
13880,-0.6283281735758344,0.7679036701637393,0.01964939533756,-0.3027110946504353,0.2585245284929788,0.7679036701637393,-0.5157510758184162,-0.37790543366273094,0.609174980504828,1,1539.01
18113,2.279437063575801,-0.4242629202453546,-0.2530540444892203,-0.5473471359218354,-0.7059269650660409,-0.4242629202453546,-1.0420718210188007,-0.497293944939332,-1.5055708855139218,0,0.0
16493,-0.2632276056823555,-0.08364389441418492,-0.1330617434904219,-0.2100532700607407,-0.3655323202805045,-0.08364389441418492,-0.4982070509784033,0.067927026321871,-0.46621172903202407,0,569.34
15073,-0.1067559337280074,-0.25395340732976973,-0.11952039382885798,0.10122410980655014,-0.4080816508786965,-0.25395340732976973,0.06320174390200677,-0.005897753597959529,-0.26610700321017117,0,181.45
12405,-0.5892102555872473,-0.4242629202453546,0.024685546843423438,2.4408974236771694,0.045777875502018596,-0.4242629202453546,1.747428128543237,2.2192272536731847,1.4809068386041513,1,0.0
17190,0.1801087981882974,-0.4242629202453546,-0.23288224358757093,-0.33031551283762856,-0.7059269650660409,-0.4242629202453546,-1.0420718210188007,-0.7429920406100182,-0.7279774250065693,0,249.74
17980,-0.3675420536519209,-0.08364389441418492,-0.1281054769392583,-0.19227818262917276,-0.3938985406792992,-0.08364389441418492,-0.5683831503384545,0.04024273385193453,-0.11958360955557946,0,0.0
16146,-0.47185650162148624,-0.08364389441418492,-0.1412474018273231,-0.23941020458420825,-0.35134921008110714,-0.08364389441418492,-0.5859271751784674,-0.25390287364114045,-0.13822277482677253,0,0.0
17408,-0.3936206656443122,-0.4242629202453546,-0.26047654655675506,-0.627207019474981,-0.6917438548666435,-0.4242629202453546,-0.9894397464987621,-0.7360709674925341,-0.7676672469188117,0,0.0
14060,-1.1107824954350742,1.7897607476572481,0.43131526338451615,-0.15099978294118596,0.23015830809418414,1.7897607476572481,-0.572142584232743,0.18542048186392288,1.391944897988074,1,2037.64
15111,2.3315942875605837,-0.4242629202453546,-0.2169902366419675,-0.15933087550721622,-0.4931803120750806,-0.4242629202453546,-0.2525907032182239,-0.37963570194210194,-1.4048618796252852,0,1278.98
14315,-0.8369570695149651,0.25697513141698475,-0.002550123669555095,-0.1199586911037533,-0.02513767549496814,0.25697513141698475,-0.3789076820663162,-0.26959063937410443,0.36000506626969864,0,930.98
16325,-0.4979351136138776,-0.25395340732976973,-0.19531591872000656,-0.30652396062726855,-0.5640958630720674,-0.25395340732976973,-0.7525954111585892,-0.5388203836442367,-0.5510767168263365,0,178.22
16809,-0.7456819275415953,-0.08364389441418492,-0.18602376877651844,-0.3999955623678939,0.14505964689780004,-0.08364389441418492,0.5018023649023269,-0.3184995560709922,0.057606579065305016,0,444.0
15691,0.7668775680171027,-0.4242629202453546,-0.24277438053125136,-0.43674659190319004,-0.6917438548666435,-0.4242629202453546,-0.9894397464987621,-0.497293944939332,-0.9135500522307919,0,0.0
13523,0.07579435021873202,-0.08364389441418492,0.13666895621359254,0.7573052690176829,0.5847360630791179,-0.08364389441418492,0.6947866381424681,0.20865551304404817,0.5494487957543043,1,1595.64
13623,0.2192267161768844,0.08666561850139992,-0.17438436090876525,-0.4404177326458725,0.14505964689780004,0.08666561850139992,-0.2657487218482335,-0.6175475903556186,-0.21839123085928622,0,188.57
13049,1.627471763766017,-0.4242629202453546,-0.23988832408273428,-0.4056950502789077,-0.6208283038696568,-0.4242629202453546,-0.7262793738985699,-0.47653072558687964,-1.202632328392152,0,502.9
15028,2.279437063575801,-0.4242629202453546,-0.23441705452573988,-0.3468287885070791,-0.5215465324738753,-0.4242629202453546,-0.35785485225830077,-0.3346487266784552,-1.3696240723840194,0,441.16
15235,0.3105018581502541,1.4491417218260785,0.11597875294633801,-0.34441031596302063,1.1520604710550117,1.4491417218260785,-0.4675050075083809,-0.3646400435208864,1.0986974179833986,1,0.0
13791,-0.8630356815073564,-0.25395340732976973,-0.008354530484446628,0.6992497365422875,-0.6208283038696568,-0.25395340732976973,-0.8052274856786276,1.3298693580764753,0.7364727991888128,0,0.0
13418,-0.9021535994959434,1.7897607476572481,0.4719971014853737,-0.11973532690983817,1.733567989230303,1.7897607476572481,-0.2638690049010892,-0.08301828262135406,2.093520262361961,1,1785.3
12530,-0.9151929054921392,-0.08364389441418492,-0.05838460796507087,0.05776780037594375,-0.16696877748894162,-0.08364389441418492,-0.2876787528982495,-0.054345265420348364,0.2956268668306027,0,440.63
13059,0.7277596500285156,-0.4242629202453546,-0.23485387225675808,-0.35152858014279204,-0.6066451936702594,-0.4242629202453546,-0.6736472993785315,-0.6253337976127882,-0.9793795984682053,0,0.0
15203,-1.1499004134236612,0.08666561850139992,-0.040254122607985145,-0.07963557609695561,0.31525696929056823,0.08666561850139992,0.28688806061217015,0.4119620358701441,0.7083377293604052,0,499.48
17083,-1.0977431894388785,-0.08364389441418492,-0.027088402201499138,0.17000809011444212,-0.37971543047990186,-0.08364389441418492,-0.1824146038581727,0.1440588306141963,0.2919522983048128,0,0.0
18167,-1.1499004134236612,-0.4242629202453546,-0.1813003583699054,0.2246622169702168,-0.5357296426732727,-0.4242629202453546,-0.41048692677833926,-0.324267117002229,0.007862892914034771,0,886.3800000000001
12484,-1.1759790254160525,-0.08364389441418492,0.33203186213173197,1.457952156696647,2.4285403890007733,-0.08364389441418492,3.800079034824736,1.389851991761338,2.0967661339131607,1,868.6700000000001
16042,-1.12382180143127,-0.25395340732976973,-0.1911585017158412,-0.2841588043219108,-0.35134921008110714,-0.25395340732976973,-0.41048692677833926,-0.2965828245322925,0.011267842981658241,0,736.99
13663,-0.18499176970518144,-0.4242629202453546,-0.2338221665652093,-0.34042829406155567,-0.5357296426732727,-0.4242629202453546,-0.41048692677833926,-0.43154375032323283,-0.5789401870569901,0,0.0
16889,0.010597820237753656,-0.08364389441418492,0.0022973633688257535,0.27539680294173274,0.8683982670670648,-0.08364389441418492,1.2737394578628911,0.32054619511004134,0.43737739485170274,0,0.0
15210,0.4148163061198195,-0.4242629202453546,-0.20973600288326852,-0.08128141752580446,-0.43644787127749124,-0.4242629202453546,-0.04206240513807012,0.0425497582244293,-0.5650634429889566,0,0.0
12360,-1.0586252714502915,-0.25395340732976973,0.009029795402145005,0.7927701039548788,0.17342586729659473,-0.25395340732976973,0.8789988989626026,0.4197482431273138,0.7203020836530789,0,1043.78
16712,-1.1107824954350742,0.5975941572481545,0.07576432681446879,-0.161574967233218,1.364807124045972,0.5975941572481545,0.7098243737196219,-0.25159584926864575,1.2600641933030716,1,1600.4
12818,0.8842313219828637,-0.4242629202453546,-0.003921765338549985,2.1331067893554394,-0.5215465324738753,-0.4242629202453546,-0.35785485225830077,2.468385885902613,0.9240630029621685,0,0.0
14224,-1.0847038834426828,0.08666561850139992,-0.09440422413525566,-0.22528797076833545,0.7691164956712834,0.08666561850139992,0.39215220965224706,-0.3285927877006566,0.6483534903263084,0,0.0
14443,-0.719603315549204,-0.08364389441418492,-0.09749934120990207,-0.08251275074294329,0.102510316299608,-0.08364389441418492,0.045657719061994013,0.021786538871976947,0.2795315190076765,0,428.68
14870,0.8842313219828637,-0.4242629202453546,-0.21040397707895003,-0.08846825843177795,-0.5357296426732727,-0.4242629202453546,-0.41048692677833926,-0.3346487266784552,-0.808157199676906,0,0.0
17889,0.24530532816927578,-0.25395340732976973,-0.23179954749940523,-0.5027905510174985,-0.43644787127749124,-0.25395340732976973,-0.5683831503384545,-0.613221919657191,-0.731472350263395,0,0.0
17888,-0.41969927763670356,0.08666561850139992,-0.21554550873782174,-0.5511325712081878,-0.26625054888472305,0.08666561850139992,-0.6341732434885027,-0.28101041001795324,-0.28065958004704006,0,419.0
17248,-0.9543108234807262,-0.4242629202453546,-0.2118657017819681,-0.1041951876407785,0.24434141829358147,-0.4242629202453546,2.5369092463438134,-0.009358290156701587,-0.050057089239638114,0,0.0
17707,-0.1067559337280074,-0.25395340732976973,-0.24012287990717204,-0.5475665814456819,-0.6775607446672461,-0.25395340732976973,-0.9631237092387429,-0.497293944939332,-0.5491439095656696,0,0.0
15108,-0.680485397560617,0.08666561850139992,-0.04502512405144062,-0.09246856746023012,-0.010954565295570795,0.08666561850139992,-0.30522277773826234,-0.3147506414656883,0.15859747385084166,0,0.0
16681,-0.64136747957203,0.08666561850139992,-0.03951306217715271,-0.07764227925534968,-0.507363422274478,0.08666561850139992,-0.6473312621185122,0.16193826950103035,0.03504205467952197,0,437.66
17245,0.14099088019971037,-0.4242629202453546,-0.2368849897219983,-0.3733816968925079,-0.592462083470862,-0.4242629202453546,-0.621015224858493,-0.4869123352631058,-0.880236296992208,0,0.0
17444,-0.602249561583443,-0.08364389441418492,0.2336866841766988,1.1052483384943295,1.1520604710550117,-0.08364389441418492,1.2737394578628911,1.6978397454893812,1.5655754768538563,1,0.0
15301,-1.0455859654540958,0.9382131830793241,0.3675126797776647,0.0704570346020689,1.123694250656217,0.9382131830793241,-0.10639049621811707,0.021786538871976947,1.4951916706280537,1,1322.55
13838,-0.9934287414693131,-0.08364389441418492,-0.186559167940996,-0.40191571070155097,0.7832996058706807,-0.08364389441418492,0.9053149362226219,-0.5572765786241943,0.3268046650259418,0,207.28
16258,-0.8630356815073564,0.08666561850139992,0.3698344425036213,1.0234164930810634,0.30107385909117085,0.08666561850139992,0.07635976253201637,1.282286980393772,1.2471508326083063,1,1462.45
13925,-0.9412715174845304,-0.25395340732976973,-0.1817133805825024,-0.23334802198794818,-0.3655323202805045,-0.25395340732976973,-0.2262746659582047,-0.2844709465766953,-0.08315796839495762,0,182.2
13192,0.15403018619590605,-0.4242629202453546,-0.18710646486468416,0.16219339118190781,-0.2520674386853257,-0.4242629202453546,0.6421545636224296,0.28478731733637347,-0.3381862067789517,0,447.62
16449,0.04971573822634068,-0.25395340732976973,-0.14574135544916003,-0.03983364420929324,-0.15278566728954426,-0.25395340732976973,-0.04206240513807012,-0.11144411863959235,-0.24221142907181803,0,0.0
15482,-0.3675420536519209,0.08666561850139992,0.06172327126605916,0.19466218514769895,-0.4789972018756833,0.08666561850139992,-0.8183855043086372,-0.16248703288103772,0.08844825756035204,1,8951.46
12913,1.1580567479029729,-0.08364389441418492,-0.11876743563881496,-0.15878835740659564,-0.54991275287267,-0.08364389441418492,-0.8315435229386468,-0.3484908729134234,-1.1109377408179661,0,1617.24
13225,-0.6544067855682256,0.25697513141698475,0.46476156420543435,0.8856175050943409,-0.507363422274478,0.25697513141698475,-0.8736491825546776,0.7512676454548032,0.7240576540191684,1,2164.28
14702,-1.0064680474655088,0.9382131830793241,0.014633639990343351,-0.3513965064478844,0.7832996058706807,0.9382131830793241,-0.07130244653809156,-0.5019079936843214,1.0431760454893941,1,1600.54
14133,-0.8369570695149651,-0.08364389441418492,-0.16308658869834536,-0.3177339694704282,-0.3655323202805045,-0.08364389441418492,-0.6034712000184802,-0.34503033635468133,-0.09093026022396769,0,0.0
17898,0.1801087981882974,-0.4242629202453546,-0.2490563973944546,-0.5043358132479178,-0.43644787127749124,-0.4242629202453546,-0.04206240513807012,-0.31734604388474486,-0.9282547566606033,0,52.22
17891,-0.41969927763670356,-0.4242629202453546,-0.23137632720748486,-0.3141131183269606,-0.23788432848592836,-0.4242629202453546,0.6947866381424681,0.6135382904168691,-0.7295738222625302,0,0.0
15480,-1.0064680474655088,-0.4242629202453546,-0.11211998759985721,0.9689848596036332,-0.08187011629255754,-0.4242629202453546,1.2737394578628911,0.30209000013008375,0.45412028561974005,0,0.0
16929,-0.8630356815073564,-0.25395340732976973,-0.19313013038502835,-0.29476533797449256,-0.3938985406792992,-0.25395340732976973,-0.35785485225830077,-0.18238511809380456,-0.03915608685120044,0,866.51
15489,0.2322660221730801,-0.4242629202453546,-0.20683294963587917,-0.05004700463165002,-0.3938985406792992,-0.4242629202453546,0.11583381842204521,0.014865465754492829,-0.5696953485941766,0,786.02
16023,-0.01548079175463769,-0.25395340732976973,-0.1809247291148275,-0.22910540852691552,0.11669342649900534,-0.25395340732976973,0.6158385263624104,-0.3536816777515365,-0.2412141340771971,0,219.12
12949,-1.0325466594579003,0.5975941572481545,0.3202649782724365,0.21422810480065732,1.32225779344778,0.5975941572481545,0.2511734386164299,0.26600154744605936,1.4752843452397004,1,717.8
17974,0.33658047014264547,-0.4242629202453546,-0.2381393534787743,-0.38687759660906873,-0.46481409167628596,-0.4242629202453546,-0.09469447965810857,-0.4523069696756852,-0.8309775544123599,0,539.92
14644,1.3666856438421036,-0.4242629202453546,-0.23415700350299365,-0.34403085807803596,-0.6066451936702594,-0.4242629202453546,-0.6736472993785315,-0.5180571642917843,-1.1496839662587082,0,643.26
15218,-1.0064680474655088,0.7679036701637393,0.39095976382200687,0.19666233966192503,0.24434141829358147,0.7679036701637393,-0.2328536752732095,0.23028386653618604,1.0689290640177933,1,1891.54
13285,-0.41969927763670356,-0.08364389441418492,0.06882793319468185,0.5140011401618513,1.0102293690610382,-0.08364389441418492,1.308827507542916,0.9307541416348915,0.9865454417948506,1,739.02
16614,-0.14587385171659442,-0.4242629202453546,-0.17998990517685082,0.23876159187735557,-0.35134921008110714,-0.4242629202453546,0.27373004198216055,0.025247075430719006,-0.2015786867978871,0,0.0
16766,1.0407029939372119,-0.25395340732976973,-0.07131067350745743,0.3605721447391605,-0.4789972018756833,-0.25395340732976973,-0.19995862869818545,0.1809712205741117,-0.5306043864925817,0,0.0
16836,-1.0064680474655088,-0.4242629202453546,-0.2505045246583748,-0.5199164454410206,-0.6917438548666435,-0.4242629202453546,-0.9894397464987621,-0.45576750623442724,-0.309671157072611,0,160.55
16374,0.8972706279790594,-0.4242629202453546,-0.2398169375274706,-0.4049269909454449,-0.35134921008110714,-0.4242629202453546,0.27373004198216055,-0.5699652126729152,-1.044120676806007,0,312.53000000000003
14499,-0.7847998455301823,-0.25395340732976973,-0.2035100754563439,-0.3506050802299379,0.2868907488917735,-0.25395340732976973,1.1684753088228141,-0.4211621406470067,-0.01196892748838184,0,440.63
17659,-1.0977431894388785,0.7679036701637393,-0.0024821364740659057,-0.33247567971299274,0.24434141829358147,0.7679036701637393,-0.5815411689684642,-0.40429202492313915,0.8164253627152633,0,1346.43
14034,-0.47185650162148624,-0.25395340732976973,-0.18547647185283025,-0.2535918715627895,-0.3938985406792992,-0.25395340732976973,-0.43680296403835844,-0.21526021540185414,-0.22613512268960767,0,174.98
15457,0.8972706279790594,-0.4242629202453546,-0.22573169030199303,-0.25338156960243663,0.07414409590081329,-0.4242629202453546,1.9579564266233906,-0.28966175141480843,-0.9041862281650247,0,0.0
16144,0.6886417320399286,-0.4242629202453546,-0.23624760976428694,-0.3665240242723042,-0.7059269650660409,-0.4242629202453546,-1.0420718210188007,-0.6910839922288873,-1.0394868328159825,0,0.0
14116,-0.9412715174845304,-0.4242629202453546,-0.2116413440368537,-0.1017812868784667,-0.4789972018756833,-0.4242629202453546,-0.19995862869818545,-0.18584565465254663,-0.1568105040055407,0,1062.77
14265,-1.0977431894388785,-0.25395340732976973,-0.17591237312738534,-0.20214103978427458,-0.28043365908412043,-0.25395340732976973,-0.27890674047824315,-0.17546404497632045,0.10676398782785046,0,0.0
17652,-0.64136747957203,0.4272846443325696,0.19519403377059394,0.14014216388983067,0.7123840548736939,0.4272846443325696,0.2649580295621539,0.10080212362992057,0.9188960819616951,1,2154.15
17259,-0.5892102555872473,-0.25395340732976973,-0.16723550730307457,-0.15546314814942133,0.754933385471886,-0.25395340732976973,1.9579564266233906,-0.07510848477280072,0.1207165160023428,0,0.0
14099,-0.9543108234807262,0.7679036701637393,0.12658645512254235,-0.15889198445952318,1.3080746832483825,0.7679036701637393,0.2210979674621221,0.0001581853798390756,1.3430965319690864,1,794.25
15288,-0.4979351136138776,0.08666561850139992,0.07499097246577896,0.230349513463239,0.32944007948996556,0.08666561850139992,-0.055220423768079736,-0.12269086245550404,0.48758655440417864,1,300.16
12597,-0.13283454572039874,-0.25395340732976973,-0.023174039421207732,0.619527006441546,0.30107385909117085,-0.25395340732976973,0.9579470107426603,0.4214785114066848,0.41095593124817453,0,2382.41
17862,1.6926682937469957,-0.4242629202453546,-0.20978359392011095,-0.08179345708144639,-0.5640958630720674,-0.4242629202453546,-0.5157510758184162,-0.4003989212945543,-1.07935345072653,0,0.0
13340,-1.1499004134236612,0.25697513141698475,1.302700349250204,2.6887209111824393,0.8542151568676675,0.25697513141698475,0.08425457371002207,2.816515863712064,2.7284231918708026,1,1506.94
14930,-1.1107824954350742,-0.08364389441418492,0.13560155724441195,0.7534771637683605,0.9251307078646542,-0.08364389441418492,1.1333872591427887,0.5916215588781695,1.2215693465609871,1,0.0
13573,0.7799168740132983,-0.4242629202453546,-0.2606261183868313,-0.6288162866498554,-0.6775607446672461,-0.4242629202453546,-0.9368076719787237,-0.7118472115813397,-1.3269183472976547,0,258.48
14475,-0.09371662773181173,-0.25395340732976973,-0.16027701784475368,-0.11802939920660276,-0.3938985406792992,-0.25395340732976973,-0.35785485225830077,-0.32599738528160005,-0.3164821444686215,0,303.68
13928,-1.1368611074274655,-0.25395340732976973,-0.22770671833095463,-0.4807728501248978,-0.5357296426732727,-0.25395340732976973,-0.7525954111585892,-0.5959192368634807,-0.22944640272181593,0,239.12
13173,2.2663977575796053,-0.4242629202453546,-0.2378215133398622,-0.3834579038624605,-0.3938985406792992,-0.4242629202453546,0.11583381842204521,-0.35195140947216547,-1.419949772206152,0,187.71
13302,-0.5109744196100733,-0.4242629202453546,-0.2551905421074688,-0.5703340545447582,-0.7059269650660409,-0.4242629202453546,-1.0420718210188007,-0.72914989437505,-0.5729373283483152,0,0.0
14350,1.0537422999334074,-0.4242629202453546,-0.21793695833915477,-0.16951680523909213,-0.46481409167628596,-0.4242629202453546,-0.14732655417814702,-0.11317438691896338,-0.8193321113117622,0,0.0
14311,0.636484508055146,-0.4242629202453546,-0.21329173320735434,-0.11953808718304755,-0.43644787127749124,-0.4242629202453546,-0.04206240513807012,-0.24121423959241958,-0.6972606139803147,0,0.0
13221,0.6104058960627546,-0.25395340732976973,-0.1219934280647781,0.08792022492335488,0.15924275709719737,-0.25395340732976973,0.6421545636224296,-0.324267117002229,-0.4165830679875453,0,0.0
13461,-0.719603315549204,-0.25395340732976973,-0.11574030575965777,0.12155939501632752,-0.54991275287267,-0.25395340732976973,-0.6473312621185122,0.7000517043854206,0.2986577164174313,0,560.8
17457,-0.8760749875035521,0.25697513141698475,0.02932737261544941,-0.051363677774729076,-0.5215465324738753,0.25697513141698475,-0.8947020123626929,-0.17477193766457208,0.149403748389968,1,0.0
15256,-0.5892102555872473,-0.4242629202453546,-0.24929265289877958,-0.50687772389914,-0.6350114140690541,-0.4242629202453546,-0.7789114484186084,-0.556123066437947,-0.4798267262742024,0,0.0
14129,0.8711920159866681,-0.4242629202453546,-0.20502449023586608,-0.03058950151725863,-0.4931803120750806,-0.4242629202453546,-0.2525907032182239,-0.1789245815350625,-0.7822306988569093,0,764.96
15757,0.3105018581502541,-0.4242629202453546,-0.22160316785591055,-0.20896213815050382,-0.4931803120750806,-0.4242629202453546,-0.2525907032182239,-0.16854297185883632,-0.7050452767720266,0,453.06
14373,2.1490440036138443,-0.4242629202453546,-0.253014951851814,-0.5469265320011295,-0.6633776344678488,-0.4242629202453546,-0.8841755974586852,-0.6876234556701453,-1.5469989355133877,0,0.0
17436,0.4278556121160152,-0.4242629202453546,-0.245221919568863,-0.46308005476477226,-0.6633776344678488,-0.4242629202453546,-0.8841755974586852,-0.5803468223491414,-1.2602741433744344,0,93.9
17893,0.4148163061198195,-0.4242629202453546,-0.24780373331756583,-0.4908582006583441,-0.507363422274478,-0.4242629202453546,-0.30522277773826234,-0.23083262991619338,-0.9600015984747093,0,0.0
12535,-0.09371662773181173,-0.4242629202453546,-0.20289139197739206,-0.007639157148310319,-0.46481409167628596,-0.4242629202453546,-0.14732655417814702,-0.3484908729134234,-0.49484961217066464,0,344.9
13644,-1.1499004134236612,-0.4242629202453546,-0.12136794586627735,0.8694846016662243,-0.03932078569436549,-0.4242629202453546,1.4316356814230065,1.5340410150422568,0.8335800577578086,0,1773.17
17812,2.279437063575801,-0.4242629202453546,-0.2331711891684001,-0.3334243244254542,-0.3371660998817098,-0.4242629202453546,0.4316262655422759,-0.3069644342085187,-1.4386179200236142,0,506.51
15835,-0.7326426215453997,-0.08364389441418492,-0.15121092532626718,-0.2751432507172164,-0.26625054888472305,-0.08364389441418492,-0.4806630261383905,-0.36233301914839167,0.03296371304816184,0,278.58
14243,-0.6935247035568127,0.5975941572481545,0.07234287120147415,-0.1668338224653972,0.49963740188273376,0.5975941572481545,-0.2525907032182239,-0.318334768615814,0.6929734640974542,1,597.99
15535,-0.2632276056823555,0.08666561850139992,-0.1805490998597496,-0.456999585041525,0.05996098570141595,0.08666561850139992,-0.14732655417814702,-0.6296594683112158,-0.14323823565573807,0,0.0
13802,-0.719603315549204,-0.08364389441418492,0.5157281653039224,2.1167580978288743,0.05996098570141595,-0.08364389441418492,-0.04206240513807012,2.220380765859432,1.6882817853606402,1,0.0
12541,-0.2632276056823555,-0.25395340732976973,-0.17489936391459607,-0.19669147594208602,-0.3371660998817098,-0.25395340732976973,-0.35785485225830077,-0.021470168112298797,-0.32118328258762147,0,445.04
13495,0.5060914480931892,-0.08364389441418492,-0.0837472312423216,-0.033192369258438194,-0.43644787127749124,-0.08364389441418492,-0.6034712000184802,-0.186999166838794,-0.4663093644769634,0,972.44
17746,0.6104058960627546,-0.4242629202453546,-0.24728703063184782,-0.4852989140542323,-0.6350114140690541,-0.4242629202453546,-0.7789114484186084,-0.6460970169652406,-1.0534888097731312,0,0.0
17677,-0.8760749875035521,2.4709987993195877,1.4448513769388236,0.33573009867853515,0.9960462588616409,2.4709987993195877,-0.5654591461984525,0.4135961781339946,2.325403990958346,1,4678.88
18149,0.2844232461578628,-0.25395340732976973,-0.1725979973472862,-0.18431109097174497,-0.592462083470862,-0.25395340732976973,-0.7262793738985699,-0.26197745894487195,-0.4732876592470467,0,62.400000000000006
13466,-0.11979523972420307,-0.4242629202453546,-0.21369285766074067,-0.12385384915202911,-0.4789972018756833,-0.4242629202453546,-0.19995862869818545,0.14982639154543315,-0.6367068295016717,0,0.0
12977,-0.4848958076176819,-0.4242629202453546,-0.2593564575110703,-0.6151558027904096,-0.592462083470862,-0.4242629202453546,-0.621015224858493,-0.7049261384638555,-0.6150341431370012,0,0.0
12785,2.2272798395910183,-0.4242629202453546,-0.21300448730641242,-0.11644756272220909,-0.5215465324738753,-0.4242629202453546,-0.35785485225830077,-0.29312228797355044,-1.3058138537705732,0,0.0
17179,-0.19803107570137712,-0.08364389441418492,-0.1450444866953956,-0.25302801848068396,0.07414409590081329,-0.08364389441418492,0.30881809166218627,-0.41193404315702775,-0.14607241452594866,0,0.0
12417,-1.1368611074274655,0.5975941572481545,0.21269223820962999,0.04888635236915546,1.1520604710550117,0.5975941572481545,0.018088537170545215,-0.1388812299267615,1.3573841737059176,1,832.58
14085,-0.680485397560617,1.4491417218260785,0.2814306922089983,-0.19606666577002296,2.5136390501971575,1.4491417218260785,0.4140822407022631,-0.1149046551983344,2.181450825514077,1,1200.35
13885,-0.054598709743224706,-0.25395340732976973,-0.17988622470372978,-0.22351869123232287,-0.3229829896823125,-0.25395340732976973,-0.35785485225830077,-0.43154375032323283,-0.3906456010987137,0,0.0
13706,1.4188428678268863,-0.4242629202453546,-0.20980229039887052,-0.08199461547830562,-0.43644787127749124,-0.4242629202453546,-0.04206240513807012,-0.09241116756651102,-1.0815412262523179,0,0.0
14487,2.279437063575801,-0.4242629202453546,-0.24476300599931083,-0.4581425304782256,-0.5357296426732727,-0.4242629202453546,-0.41048692677833926,-0.618412724495304,-1.552028163924757,0,1040.38
14326,0.636484508055146,-0.4242629202453546,-0.23477738666183273,-0.3507056594283676,-0.6066451936702594,-0.4242629202453546,-0.6736472993785315,-0.39001731161832814,-0.9317108231055702,0,0.0
12352,0.8972706279790594,0.25697513141698475,-0.0005682969210445752,-0.11569413309033598,-0.35134921008110714,0.25697513141698475,-0.6947001291865469,-0.5706573199846637,-0.4133104325038592,0,944.23
15146,-0.3805813596481165,-0.25395340732976973,-0.040451285474903835,0.5265826835290519,0.5563698426803232,-0.25395340732976973,1.3000554951229102,1.8022325983447665,0.7899053551186987,0,0.0
16461,-0.21107038169757278,-0.4242629202453546,-0.24173417644026637,-0.42555487018701765,-0.28043365908412043,-0.4242629202453546,0.5895224891023912,-0.5803468223491414,-0.7022779565589128,0,0.0
18016,-0.09371662773181173,-0.08364389441418492,-0.18395525835375912,-0.39257708452008244,-0.02513767549496814,-0.08364389441418492,-0.09469447965810857,-0.5099825789880529,-0.2774579938107522,0,994.8
16781,2.3315942875605837,-0.4242629202453546,-0.21312346489851855,-0.11772766161131376,-0.4789972018756833,-0.4242629202453546,-0.19995862869818545,-0.35541194603090753,-1.3802624734900102,0,0.0
14239,-0.8239177635187694,0.5975941572481545,-0.025429514631562355,-0.31711220715286303,0.17342586729659473,0.5975941572481545,-0.5458265469727238,-0.4231395901091449,0.5475043289316363,0,965.31
13812,-1.1499004134236612,-0.4242629202453546,-0.2186491242119043,-0.17717911144673304,-0.43644787127749124,-0.4242629202453546,-0.04206240513807012,-0.0854900944490269,-0.12391045002098243,0,260.26
13533,-0.14587385171659442,-0.08364389441418492,-0.22028931530308155,-0.5228850557219443,0.14505964689780004,-0.08364389441418492,0.2210979674621221,-0.5134431155467949,-0.3304180883437331,0,0.0
15358,-0.9543108234807262,1.960070260572833,0.692561161091477,0.0006583219366864596,2.6838363725899255,1.960070260572833,0.21057155255811444,0.3916025457828784,2.8078387267858536,1,2707.39
16546,1.2623711958725383,-0.25395340732976973,-0.13223569906522797,0.032821111310891535,-0.3655323202805045,-0.25395340732976973,-0.43680296403835844,0.20346470820593507,-0.7221829942913152,0,0.0
17027,-0.18499176970518144,0.08666561850139992,-0.15635755602480056,-0.39192941543928544,0.6272853936773098,0.08666561850139992,0.5368904145823528,-0.500754481498074,0.12248675772800759,0,232.33
16557,-0.7326426215453997,-0.4242629202453546,-0.2488337393292274,-0.5019401996125933,-0.6350114140690541,-0.4242629202453546,-0.7789114484186084,-0.7014656019051135,-0.5266918155870404,0,180.7
16242,-0.3675420536519209,-0.08364389441418492,-0.12213280181553098,-0.17085786121815422,0.13087653669840268,-0.08364389441418492,0.30881809166218627,-0.31388550732600284,0.05125368127986393,0,2733.27
14368,1.6405110697622127,-0.4242629202453546,-0.23968096313649218,-0.4034640207864681,-0.6066451936702594,-0.4242629202453546,-0.6736472993785315,-0.6218732610540462,-1.2653393903308823,0,0.0
13328,1.6013931517736257,-0.4242629202453546,-0.04362628750425007,1.705919502934217,-0.4789972018756833,-0.4242629202453546,-0.19995862869818545,1.60671228277584,0.16851481378169297,0,0.0
12423,-0.028520097750833362,0.4272846443325696,-0.01928517183922476,-0.2444604994871761,0.40035563048695233,0.4272846443325696,-0.2525907032182239,-0.17719431325569146,0.31253783414802094,0,208.64
13842,-0.4979351136138776,0.5975941572481545,0.10200058555375588,-0.12124923977970785,0.6414685038767072,0.5975941572481545,-0.10221334744668546,-0.3049869847463804,0.7270787212276059,1,1220.35
15850,-0.32842413566333384,-0.4242629202453546,-0.2462825198184947,-0.4744912220047913,-0.13860255709014693,-0.4242629202453546,1.2211073833428525,0.08061566037059197,-0.513281517560503,0,118.72
17329,1.58835384577743,-0.4242629202453546,-0.22466259165292513,-0.24187896672748158,-0.4931803120750806,-0.4242629202453546,-0.2525907032182239,-0.5145966277330423,-1.3724384739099715,0,279.75
15562,2.0577688616404743,-0.4242629202453546,-0.24315680850587817,-0.4408611954753123,-0.7059269650660409,-0.4242629202453546,-1.0420718210188007,-0.6114916513778199,-1.4141010369423606,0,0.0
13805,-0.8369570695149651,-0.4242629202453546,-0.18100121470975286,0.2278807513199657,-0.6350114140690541,-0.4242629202453546,-0.7789114484186084,1.772818037595459,0.33823500950050944,0,424.36
14304,0.3756983881312325,-0.4242629202453546,-0.20085177611271568,0.014305395236341533,-0.4789972018756833,-0.4242629202453546,-0.19995862869818545,-0.26543799550361397,-0.6760408443969333,0,0.0
14403,-0.8239177635187694,0.08666561850139992,-0.015185543951225264,-0.01220636711336599,-0.4789972018756833,0.08666561850139992,-0.8315435229386468,-0.29744795867197804,0.17666162459015577,0,0.0
16833,0.8581527099904724,-0.08364389441418492,-0.15192819023867837,-0.2777156399134173,-0.26625054888472305,-0.08364389441418492,-0.533295100658429,-0.3934778481770702,-0.6233376895375228,0,435.24
15716,-0.6283281735758344,0.08666561850139992,-0.07887254932574508,-0.18351102916605444,0.7123840548736939,0.08666561850139992,0.4447842841722855,-0.10798358208085028,0.5245267607258656,0,0.0
14051,-1.0586252714502915,1.960070260572833,1.2105607025634488,0.3722076340702227,-0.12441944689074957,1.960070260572833,-0.6596120795065211,-0.23983002496892272,1.347854470806427,1,6922.95
17175,-0.6935247035568127,-0.08364389441418492,-0.07351515832119511,0.0035037988958961817,-0.12441944689074957,-0.08364389441418492,-0.11223850449812132,-0.0035907292254649535,0.08482231125019883,0,311.06
13027,-1.0455859654540958,0.4272846443325696,0.90879273666503,1.4197625398383567,-0.6350114140690541,0.4272846443325696,-0.8666315726186725,9.219892712008372,3.3955501669999135,1,0.0
16913,1.2623711958725383,-0.4242629202453546,-0.24674483274782136,-0.4794653205453123,-0.6066451936702594,-0.4242629202453546,-0.6736472993785315,-0.4626885793519114,-1.2576710954919117,0,0.0
16571,-0.22410968769376846,-0.25395340732976973,-0.11360040878163483,0.13307114145477608,0.045777875502018596,-0.25395340732976973,0.4579423028022951,0.7952164597508272,0.15864466617386458,0,524.9
12373,1.5361966217926475,-0.4242629202453546,-0.20405567270014485,-0.020165839134549023,-0.5215465324738753,-0.4242629202453546,-0.35785485225830077,-0.06472687509657454,-0.8982353501705971,0,0.0
13539,0.6104058960627546,-0.25395340732976973,-0.2123756057481372,-0.3982979074125813,-0.4222647610780939,-0.25395340732976973,-0.5420671130784354,-0.3467606046340524,-0.7561908370378825,0,315.69
12402,1.6926682937469957,-0.4242629202453546,-0.2276812231326462,-0.27435690425676634,-0.5640958630720674,-0.4242629202453546,-0.5157510758184162,-0.4211621406470067,-1.2354875236223366,0,0.0
17937,-1.0325466594579003,0.25697513141698475,0.34832669321060894,0.6350692356679757,-0.45063098147688857,0.25697513141698475,-0.7473322037065853,0.23357137626699095,0.6873081107998018,1,686.7
17515,0.16706949219210174,-0.08364389441418492,-0.16891139167188365,-0.3386239641988176,-0.05350389589376284,-0.08364389441418492,0.2561860171421478,-0.49267989619434255,-0.32516163195475,0,67.65
13238,-0.3936206656443122,-0.25395340732976973,-0.21183170818422353,-0.3953719670946277,-0.5215465324738753,-0.25395340732976973,-0.6736472993785315,-0.5094058228949292,-0.34294866875773283,0,381.88
16726,0.036676432230145,0.08666561850139992,-0.13393367927257105,-0.3316138988537205,0.2868907488917735,0.08666561850139992,0.18162391157209326,-0.30350389764977664,0.05394426536149649,0,581.58
13969,-1.12382180143127,1.2788322089104938,0.3939987914603747,-0.04134066971964839,2.414357278801376,1.2788322089104938,0.5608140848187338,-0.12670193892131867,2.2762157926513353,1,5140.9400000000005
15601,-0.9282322114883348,1.2788322089104938,0.6833234009043802,0.24164929547524497,2.116511964614032,1.2788322089104938,0.5177514783932481,0.5128681359807363,2.1847153259491,1,1191.1
15687,-0.09371662773181173,0.25697513141698475,0.01942673727233284,-0.07266818071482864,0.2585245284929788,0.25697513141698475,-0.07364164985009326,-0.29173807335005364,0.25764508998276126,1,1313.65
13263,-1.12382180143127,3.3225463638975117,0.559132890584123,-0.3009137881045837,4.3574433761188125,3.3225463638975117,1.5391881815291717,-0.3259221562259752,4.102597207270491,1,2582.14
17381,-0.9673501294769218,3.3225463638975117,2.602294287505261,0.6548557480496414,-0.15278566728954426,3.3225463638975117,-0.8887522995908624,2.485839026807573,2.64224021179643,1,3399.96
15334,-0.4848958076176819,-0.08364389441418492,-0.2063978315847482,-0.4730648260997889,0.23015830809418414,-0.08364389441418492,0.6246105387824167,-0.43154375032323283,-0.06883365733000146,0,0.0
18147,-1.1107824954350742,-0.4242629202453546,-0.24921956666362868,-0.5060913774386899,-0.6633776344678488,-0.4242629202453546,-0.8841755974586852,-0.4696096524693955,-0.25504859650197736,0,80.46
12738,2.3185549815643878,-0.4242629202453546,-0.23962147434043912,-0.4028239713419158,-0.5640958630720674,-0.4242629202453546,-0.5157510758184162,-0.23429316647493545,-1.463913671833223,0,0.0
13720,-1.0064680474655088,0.08666561850139992,-0.1300686072090093,-0.3212176671614917,-0.12441944689074957,0.08666561850139992,-0.5289090944484257,-0.3130203731863173,0.19396289206570302,0,0.0
14817,0.0888336562149277,-0.25395340732976973,-0.0773037447898315,0.32833193986070947,0.017411655103223903,-0.25395340732976973,0.563206451842372,0.38687314581926424,0.1095304380545047,0,0.0
16871,0.2192267161768844,0.08666561850139992,0.08033816539100554,0.2447323388386796,0.754933385471886,0.08666561850139992,0.3000460792421798,-0.0015720828995319542,0.34143175042785967,1,774.52
12598,-0.41969927763670356,0.08666561850139992,0.0032678805844342683,0.0374294673116685,-0.08187011629255754,0.08666561850139992,-0.2657487218482335,0.09359267246587469,0.242380919372821,0,1438.7
15299,-0.3805813596481165,0.25697513141698475,0.24982854406572513,0.42311777646081594,-0.6491945242684515,0.25697513141698475,-1.0420718210188007,1.0378000725186456,0.49057624582575005,1,1472.0
17562,-1.0977431894388785,0.08666561850139992,-0.15366016404376606,-0.3846739978071099,-0.22370121828653103,0.08666561850139992,-0.555225131708445,-0.2265069592177658,0.2290051024027724,0,461.28
13448,0.3235411641464498,0.08666561850139992,-0.02411736175862055,-0.036231080192812945,0.20179208769538942,0.08666561850139992,-0.16048457280815662,-0.12355599659518955,0.07916766668360353,0,2111.4300000000003
17238,-0.7456819275415953,1.2788322089104938,0.06431868245385984,-0.36380256728338933,2.2867092870067998,1.2788322089104938,0.5033972762514192,-0.463946956282363,1.930368752115898,1,1775.53
18260,-0.27626691167855116,0.4272846443325696,0.18070936177161717,0.11416834785899672,0.49963740188273376,0.4272846443325696,0.07197375632201324,0.10426266018866263,0.6123894273174734,1,0.0
14700,-0.054598709743224706,-0.25395340732976973,-0.004088333967498559,0.7222000809112358,0.07414409590081329,-0.25395340732976973,0.9053149362226219,0.7208149237378729,0.3256454433401714,0,654.0
13317,0.06275504422253635,0.25697513141698475,-0.0426914635662734,-0.20633610671514052,0.07414409590081329,0.25697513141698475,-0.3789076820663162,-0.4003989212945543,0.05334544549818129,0,959.7
18150,-0.6935247035568127,-0.25395340732976973,-0.19578163100910767,-0.3090292970245163,-0.4080816508786965,-0.25395340732976973,-0.41048692677833926,-0.33810926323719726,-0.2657156133134878,0,153.3
15434,-1.12382180143127,-0.08364389441418492,-0.16620720097130023,-0.32892569118660064,-0.26625054888472305,-0.08364389441418492,-0.533295100658429,-0.19392023995627813,0.10090496298239511,0,454.2000000000001
15547,-1.0847038834426828,0.7679036701637393,0.20056332253435447,-0.05940087008560789,2.627103931792336,0.7679036701637393,1.2605814392328814,0.04990339841175618,2.053294364194413,1,2165.44
16014,-0.5370530316024646,-0.25395340732976973,-0.17859786734920918,-0.21658787010417035,0.9109475976652568,-0.25395340732976973,2.32638094826366,-0.36233301914839167,0.06408517518478031,0,132.45000000000002
12559,1.5231573157964517,-0.25395340732976973,-0.17055328244294812,-0.17331138408893815,-0.4222647610780939,-0.25395340732976973,-0.5420671130784354,-0.2567866541067588,-0.9377391884558599,0,0.0
18236,-0.8369570695149651,0.08666561850139992,-0.1570442266992416,-0.39377641526499363,-0.28043365908412043,0.08666561850139992,-0.621015224858493,-0.47826099386625065,-0.01933183526372171,0,241.05
15897,0.010597820237753656,-0.25395340732976973,-0.23057237862082494,-0.49618889817511574,-0.4789972018756833,-0.25395340732976973,-0.5157510758184162,-0.3606027508690206,-0.5400290380753404,0,0.0
14066,0.949427851963842,-0.4242629202453546,-0.2400973847088636,-0.40794436689833447,-0.6208283038696568,-0.4242629202453546,-0.7262793738985699,-0.5907284320253676,-1.1650665470697346,0,0.0
18232,-0.47185650162148624,-0.08364389441418492,-0.18093662687403814,-0.38175110534365425,-0.3087998794829151,-0.08364389441418492,-0.533295100658429,-0.4269297015782435,-0.22506810250339696,0,92.35
12656,-1.0064680474655088,-0.08364389441418492,0.2133976053628306,1.0324838602122217,0.003228544903826554,-0.08364389441418492,0.11583381842204521,0.7300430212278518,1.0189934131931444,1,1230.5
14346,-0.9543108234807262,-0.25395340732976973,-0.09239010346888774,0.24717367029147216,0.05996098570141595,-0.25395340732976973,0.48425834006231433,0.30035973185071274,0.4579397377485486,0,0.0
14088,-0.8499963755111608,0.5975941572481545,4.06949875847976,5.976885848137221,2.570371490994747,0.5975941572481545,1.1233621020913527,2.750666796622858,4.471062288577076,1,24983.92
13569,2.2663977575796053,-0.4242629202453546,-0.24736011686699874,-0.4860852605146823,-0.3938985406792992,-0.4242629202453546,0.11583381842204521,-0.5976495051428518,-1.612366833935781,0,228.8
13397,-1.0847038834426828,0.08666561850139992,-0.05727301731882225,-0.1254128267276887,-0.4080816508786965,0.08666561850139992,-0.7131213552685604,-0.43673455516134596,0.22180616427376385,0,315.94
12643,-0.8499963755111608,0.4272846443325696,0.3024557324140372,0.3324831176868061,-0.5640958630720674,0.4272846443325696,-0.8841755974586852,0.29632243919884693,0.31710956554817016,1,0.0
12842,1.4970787038040603,-0.4242629202453546,-0.21321184825265452,-0.11867859221464863,-0.5215465324738753,-0.4242629202453546,-0.35785485225830077,-0.20314833744625693,-1.1121376374124696,0,808.26
16883,-0.08067732173561605,-0.25395340732976973,-0.21971312382131047,-0.4377706710144738,-0.2520674386853257,-0.25395340732976973,-0.1210105169181278,-0.5682349443935442,-0.4783832390162377,0,0.0
17855,2.3315942875605837,-0.4242629202453546,-0.2305077907851102,-0.3047683964364964,-0.4789972018756833,-0.4242629202453546,-0.19995862869818545,-0.06472687509657454,-1.6013289065283378,0,0.0
14215,-0.09371662773181173,0.08666561850139992,-0.07935525841371849,-0.18480941518214639,0.102510316299608,0.08666561850139992,-0.27890674047824315,-0.23688856889399199,0.05186133938605779,0,691.45
18102,-0.8760749875035521,3.8334749026442663,21.921124435187174,8.494435132329558,0.045777875502018596,3.8334749026442663,-0.7748628273016823,3.218923026469786,2.629205236167594,1,129120.07
18037,-0.5109744196100733,0.4272846443325696,-0.2541248428181754,-0.6655734118941472,-0.45063098147688857,0.4272846443325696,-0.9280356595587173,-0.7349174553062867,-0.05959971961099833,0,0.0
16923,-0.5370530316024646,1.6194512347416634,0.4550495933298003,-0.090132386987614,2.1448781850128262,1.6194512347416634,0.326362116502199,-0.23083262991619338,2.0794968536377083,1,2826.66
14229,1.2754105018687338,-0.25395340732976973,-0.1364882981430782,0.009943915449891995,-0.3938985406792992,-0.25395340732976973,-0.41048692677833926,-0.22218128851933824,-0.7009208053908195,0,785.0699999999999
16839,-1.0977431894388785,3.152236850981927,1.5814036590789071,0.21657598190969052,0.6556516140761046,3.152236850981927,-0.6401541610475979,0.15391611656940105,2.4437255996514975,1,5725.07
16256,0.949427851963842,-0.4242629202453546,-0.1381369876336916,0.6890638068104117,-0.5357296426732727,-0.4242629202453546,-0.41048692677833926,1.2641191634603761,-0.6267989725899112,0,0.0
14522,0.06275504422253635,-0.4242629202453546,-0.21866782069066382,-0.1773802698435924,-0.6208283038696568,-0.4242629202453546,-0.7262793738985699,-0.16508243530009425,-0.4761216672519814,0,695.91
12365,1.2754105018687338,-0.25395340732976973,-0.15701193278138423,-0.10046461373538763,-0.4080816508786965,-0.25395340732976973,-0.5157510758184162,-0.4453858965582011,-0.8246379562014242,0,0.0
18241,-1.1368611074274655,1.108522695994909,-0.06108199994610539,-0.4664119693018419,-0.09605322649195489,1.108522695994909,-0.7420689962545814,-0.5325914178385011,0.7234972372227848,0,867.3100000000001
13280,-0.9282322114883348,-0.08364389441418492,-0.13031336111277048,-0.2001965086146345,0.23015830809418414,-0.08364389441418492,0.34390614134221154,-0.14893326469263135,0.2970889508125416,0,0.0
13497,1.1580567479029729,-0.25395340732976973,-0.206868642913511,-0.36867276169330127,-0.45063098147688857,-0.25395340732976973,-0.5946991875984738,-0.4644188476312824,-1.106792958633173,0,0.0
17700,0.25834463416547143,-0.25395340732976973,-0.07471513232157974,0.3422575870614698,0.08832720610021064,-0.25395340732976973,0.5895224891023912,0.11695129423738358,-0.07327067976095565,0,1409.07
17750,-1.0586252714502915,0.08666561850139992,-0.09388922112942488,-0.2239027208990543,0.5138205120821311,0.08666561850139992,0.48425834006231433,1.1032042134788704,0.5433418092659692,0,697.69
15005,-1.1107824954350742,2.6413083122351724,0.4672549946000011,-0.271678321393324,3.151879009170038,2.6413083122351724,1.0549008322269418,-0.22136168775542567,3.191535369757128,1,1981.14
14036,1.1841353598953641,-0.4242629202453546,-0.1595155612552745,0.45904832356528574,-0.18115188768833898,-0.4242629202453546,0.9053149362226219,0.1809712205741117,-0.5418161376580364,0,0.0
17611,-0.9151929054921392,0.9382131830793241,0.19308303135065388,-0.13806701062708826,4.797119792300131,0.9382131830793241,1.747428128543237,-0.03089051763331887,3.137467513131111,1,1259.97
16498,-0.41969927763670356,-0.25395340732976973,-0.24886433356719756,-0.5945919284932921,-0.507363422274478,-0.25395340732976973,-0.6999633366385507,-0.6685905045970639,-0.6002974907687966,0,0.0
13743,-1.12382180143127,0.25697513141698475,-0.11099479951451074,-0.3533134037367437,-0.6066451936702594,0.25697513141698475,-0.7789114484186084,0.09238148467031498,0.30154860258714133,0,429.48
12712,-1.1368611074274655,1.2788322089104938,0.3990723359237571,-0.03637820844175547,0.045777875502018596,1.2788322089104938,-0.5492442141493497,-0.4497902158147819,1.077356945598446,1,483.05
16031,0.7016810380361244,-0.4242629202453546,-0.21407868499514196,-0.1280050269781257,-0.16696877748894162,-0.4242629202453546,0.9579470107426603,0.01140492919575077,-0.7026124236939907,0,242.27
15513,-1.1368611074274655,1.960070260572833,1.2515960740808503,0.4016413745270366,1.3364409036471774,1.960070260572833,-0.3508372423222957,0.11106838208752212,2.1480874658799576,1,5829.35
16774,-1.0064680474655088,-0.08364389441418492,-0.17386935790293445,-0.35640514733938133,-0.43644787127749124,-0.08364389441418492,-0.533295100658429,-0.4857588230768584,-0.259129477230951,0,119.32
18212,1.7317862117355827,-0.4242629202453546,-0.22930101806517666,-0.2917845362755774,-0.29461676928351777,-0.4242629202453546,0.6947866381424681,-0.42808321376449077,-1.3476227711008029,0,0.0
16395,-0.32842413566333384,-0.08364389441418492,-0.10212586986294299,-0.09910527062933835,0.5138205120821311,-0.08364389441418492,0.800050787182545,0.2870943417088682,0.20186589753023854,0,517.76
16048,2.3446335935567792,-0.25395340732976973,-0.22243941036042789,-0.4524369468582161,-0.6066451936702594,-0.25395340732976973,-0.8841755974586852,-0.497293944939332,-1.3859167903633842,0,0.0
15312,-1.1759790254160525,-0.08364389441418492,-0.13093544395149678,-0.20242753810707417,-0.2520674386853257,-0.08364389441418492,-0.4280309516183521,-0.2735125808073455,0.04147254019520457,0,130.05
17368,-0.2632276056823555,0.25697513141698475,0.0032491841056747134,-0.10747955564768137,0.03159476530262125,0.25697513141698475,-0.4210133416823469,0.13667635262221328,0.20247977196416816,0,294.6
14189,-1.0455859654540958,1.108522695994909,0.22806414310974094,-0.1553150224208249,0.9676800384628462,1.108522695994909,-0.2315378734102086,0.10137887972304431,1.3734178279965084,1,1747.12
13141,0.2713839401616671,0.08666561850139992,-0.027895750147933537,-0.04639415101595484,0.3719894100881576,0.08666561850139992,0.07635976253201637,0.06850378241499475,0.1599247589641803,0,987.72
14030,-0.9412715174845304,0.4272846443325696,0.015695939919862296,-0.18173260606654834,1.364807124045972,0.4272846443325696,0.34390614134221154,-0.2504423370823984,1.1060373994064028,1,701.34
18235,-0.9543108234807262,-0.25395340732976973,-0.13858400344403318,-0.001330098337722932,-0.02513767549496814,-0.25395340732976973,0.3000460792421798,0.47511682806718675,0.3366137038146922,0,1046.68
17242,-1.1107824954350742,-0.25395340732976973,-0.07310553546837262,0.3509165416899137,-0.29461676928351777,-0.25395340732976973,-0.04206240513807012,0.31074134152693894,0.46484465786691076,0,0.0
13474,0.5582486720779719,-0.4242629202453546,-0.22747046282662964,-0.27208930051035235,0.11669342649900534,-0.4242629202453546,2.1684847247035446,-0.3000433610910346,-0.8273277104575789,0,0.0
17858,-1.0064680474655088,0.9382131830793241,0.35286993754917556,0.05295219026931173,0.20179208769538942,0.9382131830793241,-0.46896700957838194,0.17097411495996787,1.1631491216198917,1,1499.41
14483,1.1450174419067771,-0.4242629202453546,-0.24272339013463445,-0.4361979780935738,-0.592462083470862,-0.4242629202453546,-0.621015224858493,-0.4107805309707805,-1.1735155222871236,0,0.0
14389,-0.04155940374702904,-0.4242629202453546,-0.2131421613772781,-0.11792882000817309,-0.45063098147688857,-0.4242629202453546,-0.09469447965810857,-0.09241116756651102,-0.382114452133414,0,732.32
14825,-0.8630356815073564,0.5975941572481545,-0.03937878746606152,-0.3385525573220104,0.24434141829358147,0.5975941572481545,-0.47815673687553156,-0.47949689978008714,0.5079837057628948,0,887.54
17714,1.6535503757584085,-0.4242629202453546,-0.24002089911393823,-0.40712144618391005,-0.5782789732714647,-0.4242629202453546,-0.5683831503384545,-0.42808321376449077,-1.3797710161625294,0,0.0
15044,-0.7456819275415953,1.6194512347416634,0.6097646547448268,0.03791407617682953,1.364807124045972,1.6194512347416634,0.006521048265042302,-0.33677828763768103,1.7374711142961416,1,2482.05
18129,0.6495238140513416,-0.4242629202453546,-0.24689610425778485,-0.481092874847174,-0.5357296426732727,-0.4242629202453546,-0.35785485225830077,-0.5803468223491414,-1.0774974198140868,0,0.0
14622,-0.11979523972420307,-0.4242629202453546,-0.2115376635637327,-0.10066577213224687,-0.4222647610780939,-0.4242629202453546,0.010569669381968322,-0.24121423959241958,-0.5313631413326094,0,0.0
18004,2.201201227598627,-0.4242629202453546,-0.23918465660942093,-0.39812417970620284,-0.26625054888472305,-0.4242629202453546,0.8526828617025835,-0.4869123352631058,-1.608550261948488,0,0.0
17454,-0.01548079175463769,0.08666561850139992,-0.17806246818473165,-0.450311068345953,0.08832720610021064,0.08666561850139992,-0.29206475910825275,-0.5362249812251801,-0.10952191335967133,0,0.0
15163,-0.01548079175463769,-0.4242629202453546,-0.23968096313649218,-0.4034640207864681,-0.5782789732714647,-0.4242629202453546,-0.5683831503384545,-0.5803468223491414,-0.7002659955592906,0,149.47
12610,-1.1368611074274655,-0.25395340732976973,-0.052503715555254,0.46174567479589923,0.24434141829358147,-0.25395340732976973,0.800050787182545,0.33496509743813335,0.568766918958713,0,843.29
15333,0.19314810418449307,-0.4242629202453546,-0.091203726907601,1.194026244308238,-0.4931803120750806,-0.4242629202453546,-0.2525907032182239,0.4439719990385082,0.19957679647082344,0,0.0
14032,-0.32842413566333384,0.4272846443325696,0.04762782596125816,-0.12447256361509633,-0.11023633669135223,0.4272846443325696,-0.2525907032182239,0.017749246220111144,0.2595157043926378,1,1130.22
17505,-0.41969927763670356,-0.25395340732976973,-0.07126988119016389,0.360791590263007,-0.03932078569436549,-0.25395340732976973,0.27373004198216055,0.21557658616153227,0.18474148027064627,0,0.0
18119,2.2663977575796053,-0.4242629202453546,-0.23531278582631027,-0.35646610442933874,-0.3087998794829151,-0.4242629202453546,0.4316262655422759,-0.31734604388474486,-1.5786017613067134,0,0.0
13887,0.14099088019971037,-0.4242629202453546,-0.20661369093042645,-0.047687965250299905,-0.45063098147688857,-0.4242629202453546,-0.09469447965810857,-0.23775370303367752,-0.5630741609485835,0,0.0
15738,-1.0977431894388785,1.4491417218260785,0.3387897893633597,-0.14463869290024198,-0.12441944689074957,1.4491417218260785,-0.5596111379184482,-0.11865356980363843,0.7524634180186198,1,1254.01
17669,-0.9282322114883348,0.25697513141698475,0.14754350813209208,0.20301757346815516,-0.18115188768833898,0.25697513141698475,-0.5578567354344469,0.22111344465551966,0.6792295550434638,1,973.5
15675,-0.5109744196100733,-0.25395340732976973,-0.22771691641027803,-0.4808277115058595,-0.4931803120750806,-0.25395340732976973,-0.6736472993785315,0.09272753832618917,-0.39694598881731336,0,98.3
16247,-0.3023455236709425,-0.4242629202453546,-0.24655446860045158,-0.47741716232274484,-0.4931803120750806,-0.4242629202453546,-0.2525907032182239,-0.11663492347770543,-0.5905210866791697,0,0.0
12506,0.5060914480931892,-0.4242629202453546,-0.25353335421741924,-0.5525041057322286,-0.3938985406792992,-0.4242629202453546,0.11583381842204521,-0.6668602363176929,-1.0336399507492744,0,0.0
17932,-0.2632276056823555,-0.25395340732976973,-0.10718921624700208,0.16756066295265393,0.17342586729659473,-0.25395340732976973,0.5895224891023912,0.2795965124982604,0.18653178687158417,0,397.06
16907,-0.602249561583443,0.08666561850139992,-0.15401879649997166,-0.38563864375568524,0.32944007948996556,0.08666561850139992,0.3395201351322086,-0.5587184688570035,0.18305941219517027,0,269.77
12754,0.5452093660817763,-0.08364389441418492,0.24570342097941708,1.1483450010941878,-0.02513767549496814,-0.08364389441418492,0.010569669381968322,6.729459901900335,2.1689146558355556,1,0.0
12514,0.9624671579600378,-0.4242629202453546,-0.09305297862490758,1.1741298501461535,0.003228544903826554,-0.4242629202453546,1.5895319049831216,0.7761835086777459,0.023316751083735616,0,0.0
14880,-0.1067559337280074,-0.25395340732976973,-0.20693323074922573,-0.36902021710605826,-0.3655323202805045,-0.25395340732976973,-0.43680296403835844,-0.3363789949578262,-0.5628953187898044,0,342.92
14875,-1.12382180143127,-0.25395340732976973,-0.016968508152929825,0.6529101567566978,-0.06768700609316018,-0.25395340732976973,0.14214985568206442,0.21903712272027434,0.5001071975108221,0,0.0
15234,1.0798209119257989,-0.4242629202453546,-0.23254230761012487,-0.3266580874401866,-0.5215465324738753,-0.4242629202453546,-0.35785485225830077,-0.0681874116553166,-0.939685302143329,0,0.0
13357,0.8320740979980811,-0.4242629202453546,-0.1624475090607468,0.4275030295123487,0.48545429168333637,-0.4242629202453546,3.5895507367445822,0.36437965818744084,-0.5126445254650693,0,0.0
13451,-0.8760749875035521,0.08666561850139992,0.13943263571022907,0.40368404661150786,3.307893221363409,0.08666561850139992,3.6816568671546497,0.7614762283030921,2.080269874089343,1,512.76
15315,-1.0064680474655088,-0.4242629202453546,-0.2263316773021853,-0.25983692542892173,-0.4931803120750806,-0.4242629202453546,-0.2525907032182239,0.16020800122165932,-0.10379480400105671,0,336.96
16081,-0.1067559337280074,-0.08364389441418492,-0.09735486841948748,-0.08199461547830562,0.08832720610021064,-0.08364389441418492,0.010569669381968322,-0.19738077651502017,-0.03177310016669742,0,1807.05
16245,-0.9412715174845304,-0.25395340732976973,-0.13520164046844485,0.01686559301455098,-0.02513767549496814,-0.25395340732976973,0.24741400472214134,-0.002437217039217469,0.2235435011513707,0,643.96
13034,2.2924763695719967,-0.4242629202453546,-0.23783511077896002,-0.3836042008783581,-0.5640958630720674,-0.4242629202453546,-0.5157510758184162,-0.34503033635468133,-1.432529783677492,0,476.91
14383,-0.3936206656443122,-0.4242629202453546,-0.2248784509986034,-0.24420143185485726,-0.507363422274478,-0.4242629202453546,-0.30522277773826234,-0.050884728861606304,-0.36945904937416396,0,1005.6
16353,-1.1759790254160525,1.6194512347416634,0.29927223198525493,-0.21905803894951958,-0.08187011629255754,1.6194512347416634,-0.8274949018217208,-0.42409028696594225,1.140347240004036,1,3349.8
17491,-0.7847998455301823,0.25697513141698475,0.016173549968174005,-0.07966849292553255,-0.010954565295570795,0.25697513141698475,-0.5157510758184162,-0.030813616820902317,0.44220793326180613,1,1898.56
15291,-0.27626691167855116,1.2788322089104938,0.29593406068673456,-0.13725831323365392,0.08832720610021064,1.2788322089104938,-0.6975709696149125,-0.37963570194210194,0.7733472426558204,1,1362.03
16005,-0.14587385171659442,-0.25395340732976973,-0.21921511761435197,-0.43509160691084753,0.3719894100881576,-0.25395340732976973,1.0895271970427565,-0.5440111884823498,-0.35501211220675816,0,303.3
17964,2.3315942875605837,-0.4242629202453546,-0.22153518066042135,-0.20823065307101546,-0.22370121828653103,-0.4242629202453546,0.7474187126625066,-0.07164794821405866,-1.3369203947059538,0,201.45
13117,-0.9412715174845304,0.5975941572481545,-0.122952047521176,-0.46700656217359754,0.08832720610021064,0.5975941572481545,-0.5984586214927623,-0.3989158341979505,0.5128335516864473,0,143.14
16444,0.010597820237753656,-0.25395340732976973,-0.22522008665593668,-0.4673958167337538,-0.1953349978877363,-0.25395340732976973,0.089517781162026,-0.5145966277330423,-0.5895865225544168,0,414.59
14669,0.6234452020589503,-0.08364389441418492,-0.05199551126897213,0.08068157049091758,1.5208213362393428,-0.08364389441418492,1.8176042279032887,0.14175180624170175,0.4306981318833399,0,0.0
17643,2.3446335935567792,-0.4242629202453546,-0.2487657521337382,-0.5012087145331049,-0.6066451936702594,-0.4242629202453546,-0.6736472993785315,-0.500754481498074,-1.586077994535111,0,0.0
15984,-1.0847038834426828,0.4272846443325696,-0.02397288896820599,-0.25286648219229685,1.5917368872363296,0.4272846443325696,0.5544344394223654,-0.3127319951397555,1.2311893646884344,0,973.12
13892,0.6886417320399286,-0.4242629202453546,-0.25675934664338235,-0.587213072753953,-0.6775607446672461,-0.4242629202453546,-0.9368076719787237,-0.26197745894487195,-0.9043262914328531,0,578.4499999999999
18122,-0.5631316435948559,-0.4242629202453546,-0.24576751681266393,-0.46895022252766666,-0.3938985406792992,-0.4242629202453546,0.11583381842204521,-0.5076755546155581,-0.5488333855182613,0,1673.87
13437,-0.8369570695149651,-0.08364389441418492,0.07803169978403401,0.5470094043737653,0.7691164956712834,-0.08364389441418492,0.8702268865425964,-0.0082047779704543,0.8098059535205194,1,1383.81
16620,0.8711920159866681,-0.4242629202453546,-0.24974986678844455,-0.5117969610586994,-0.6491945242684515,-0.4242629202453546,-0.8315435229386468,-0.5803468223491414,-1.0246354703082223,0,83.2
17843,1.431882173823082,-0.4242629202453546,-0.23110097906575355,-0.3111506037550327,-0.20951810808713367,-0.4242629202453546,0.8526828617025835,-0.35541194603090753,-1.125875302178218,0,0.0
15493,-0.5761709495910516,-0.08364389441418492,-0.04728569830145693,0.09757278011810389,1.0669618098586278,-0.08364389441418492,2.256204848903608,-0.33349521449220787,0.3971045945153971,0,666.46
12770,0.2192267161768844,-0.4242629202453546,-0.03632276302882141,1.7844992875982577,-0.54991275287267,-0.4242629202453546,-0.4631190012983777,1.82472608597659,0.6983680620211434,0,0.0
15214,-0.13283454572039874,-0.25395340732976973,-0.15526976089697317,-0.09109246115444257,-0.06768700609316018,-0.25395340732976973,0.11583381842204521,0.21557658616153227,-0.08954364423526681,0,1009.81
14868,-0.9543108234807262,0.08666561850139992,-0.04556562225557988,-0.09392239405571333,0.11669342649900534,0.08666561850139992,-0.14732655417814702,-0.1503751549254405,0.34922056969322035,0,1656.52
16244,0.2322660221730801,-0.25395340732976973,-0.007207246560566167,0.7054216419004709,0.5280036222815284,-0.25395340732976973,1.3000554951229102,0.7329268016934701,0.39346123152862694,0,0.0
15827,-1.0325466594579003,1.6194512347416634,0.005610039469037634,-0.46210099011991856,0.13087653669840268,1.6194512347416634,-0.6938904049631617,-0.547072432361237,1.0283808763458289,0,237.93
16835,-0.8499963755111608,-0.25395340732976973,-0.23528729062800183,-0.5215531433063758,-0.5782789732714647,-0.25395340732976973,-0.8315435229386468,-0.6409062121271274,-0.3614631735841607,0,0.0
15518,-0.9021535994959434,0.5975941572481545,0.006578857004758882,-0.26791461066384353,1.0527786996592303,0.5975941572481545,0.3038055131364683,-0.19424981486663445,1.03192365058264,0,317.69
13475,-0.028520097750833362,0.08666561850139992,-0.022669234494700326,-0.032335922144537246,0.1876089774959921,0.08666561850139992,0.036885706641987544,0.1290631721929808,0.1836140432631979,0,0.0
18259,2.2533584515834097,-0.4242629202453546,-0.20206704723208532,0.0012300994404866171,-0.6208283038696568,-0.4242629202453546,-0.7262793738985699,-0.34503033635468133,-1.2247470609924187,0,1962.3
16610,0.33658047014264547,-0.4242629202453546,-0.25316622336177746,-0.5485540863029913,-0.6350114140690541,-0.4242629202453546,-0.7789114484186084,-0.5180571642917843,-0.8925686030722748,0,0.0
16984,-0.8369570695149651,-0.4242629202453546,0.2801134402963948,5.189086867315069,2.9958647969766674,-0.4242629202453546,13.326484522951695,4.769642697466083,3.4666463689771825,1,1246.33
17939,-0.44577788962909487,-0.4242629202453546,-0.2491753749865607,-0.5056159121370225,-0.54991275287267,-0.4242629202453546,-0.4631190012983777,-0.6080311148190779,-0.5650996024466324,0,0.0
15811,-1.1499004134236612,0.25697513141698475,0.035463217008350825,-0.0381603720899636,0.5421867324809257,0.25697513141698475,0.010569669381968322,-0.2204510202399672,0.796637613895064,1,444.82
17692,-0.8630356815073564,0.08666561850139992,-0.14008991982411925,-0.348172892340639,-0.23788432848592836,0.08666561850139992,-0.48943503855839693,-0.16508243530009425,0.04746235457322969,0,0.0
13174,1.6013931517736257,-0.25395340732976973,0.07969908575340694,1.1729411868919848,1.8044835402272899,-0.25395340732976973,4.721140338925409,0.8575061178081843,0.3023858197631387,1,708.76
15605,0.7668775680171027,-0.08364389441418492,-0.1487174949317003,-0.2662008456204707,-0.1953349978877363,-0.08364389441418492,-0.41048692677833926,-0.4396183356269643,-0.6114056709446459,0,508.05
15389,-0.27626691167855116,-0.4242629202453546,-0.1810420070270464,0.22744186027227267,-0.7059269650660409,-0.4242629202453546,-1.0420718210188007,0.6377620463280635,0.05471942640779258,0,0.0
17581,-1.0977431894388785,2.3006892864040025,0.8425545117797776,0.014696954896538427,1.847032870825482,2.3006892864040025,-0.2278226681499706,-0.03500697288620154,2.558088179885879,1,4502.95
12589,-0.64136747957203,-0.4242629202453546,-0.24367521087148342,-0.4464387692064113,-0.5782789732714647,-0.4242629202453546,-0.5683831503384545,-0.4592280427931693,-0.5037278596347007,0,515.1800000000001
15052,1.6405110697622127,-0.4242629202453546,-0.23071855109112674,-0.30703600018291044,-0.3371660998817098,-0.4242629202453546,0.3789941910222374,-0.4730701890281376,-1.2642980314416954,0,0.0
15856,-1.1759790254160525,1.7897607476572481,1.3373024323944387,0.5452616775231307,1.9321315320218662,1.7897607476572481,0.20230079799067976,0.805350888244286,2.6692378611930105,1,6204.16
14737,-0.8499963755111608,-0.25395340732976973,-0.08216312958742296,0.302190491832493,-0.5357296426732727,-0.25395340732976973,-0.6999633366385507,-0.22218128851933824,-0.2315751609552202,0,82.8
16719,-0.5892102555872473,0.25697513141698475,-0.047807500026836626,-0.2173449571614408,0.48545429168333637,0.25697513141698475,0.35794136121422215,-0.23636948841018068,0.47447405071348053,0,486.34
18159,1.4058035618306906,-0.4242629202453546,-0.17591747216704698,0.2825775481387104,-0.3938985406792992,-0.4242629202453546,0.11583381842204521,-0.26543799550361397,-0.8726214664129106,0,0.0
17724,-0.719603315549204,-0.4242629202453546,-0.2026109447959991,-0.004621781195420627,-0.5640958630720674,-0.4242629202453546,-0.5157510758184162,-0.47653072558687964,-0.24850785180679302,0,659.9
17391,-0.3936206656443122,-0.25395340732976973,-0.17954628872628373,-0.2216899785336019,-0.6917438548666435,-0.25395340732976973,-1.0157557837587814,0.08407619692933402,-0.23991241791215395,0,0.0
13499,0.4148163061198195,-0.25395340732976973,-0.18719654789870735,-0.26284515781831774,-0.46481409167628596,-0.25395340732976973,-0.5420671130784354,-0.28793148313543737,-0.6294744746118504,0,695.3199999999999
15506,-0.719603315549204,-0.4242629202453546,-0.2305417843828548,-0.3051341389762406,-0.08187011629255754,-0.4242629202453546,1.6421639795031602,-0.2481353127099037,-0.4035155804102501,0,763.31
16818,-1.1368611074274655,0.7679036701637393,0.09131469810273891,-0.20632879186434558,0.8400320466682701,0.7679036701637393,-0.32495980568327676,-0.2074740081446845,1.2010565648687808,1,1247.17
12651,1.8361006597051481,-0.4242629202453546,-0.24664965067413647,-0.4784412414340286,-0.592462083470862,-0.4242629202453546,-0.621015224858493,-0.47653072558687964,-1.4575887948170902,0,0.0
14367,-0.7326426215453997,1.108522695994909,0.6551495070936505,0.3041929322375926,2.2441599564086077,1.108522695994909,0.6684706008824489,0.14013688918095535,2.0383997854824183,1,3808.12
13402,-0.8630356815073564,-0.25395340732976973,-0.16043678775415332,-0.11888889417500156,-0.26625054888472305,-0.25395340732976973,-0.06837844239808935,0.08234592864996299,0.06241953523887897,0,0.0
16230,-0.054598709743224706,-0.25395340732976973,-0.1738982524610174,-0.19130591704435274,-0.26625054888472305,-0.25395340732976973,-0.17364259143816624,-0.1149046551983344,-0.322736034923046,0,0.0
17371,2.1881619216024313,-0.4242629202453546,-0.2503651509076219,-0.5184169010280694,-0.6208283038696568,-0.4242629202453546,-0.7262793738985699,-0.6114916513778199,-1.7080251134670095,0,326.26
15756,-0.5370530316024646,-0.08364389441418492,-0.20485622192703032,-0.4675360180406558,0.9534969282634489,-0.08364389441418492,1.2737394578628911,-0.5549695542516996,0.2367139904076379,0,168.12
17769,-0.719603315549204,0.08666561850139992,0.04295540595126207,0.14418057109950616,1.1095111404568196,0.08666561850139992,1.1947913460828334,0.17837581815505513,0.838645743175273,1,2139.55
12672,1.7709041297241697,-0.4242629202453546,-0.22763023273602925,-0.27380829044715005,-0.5782789732714647,-0.4242629202453546,-0.5683831503384545,-0.47653072558687964,-1.31450005485046,0,0.0
17618,0.71472034403232,-0.25395340732976973,-0.15971442380208042,-0.11500287969021947,-0.03932078569436549,-0.25395340732976973,0.3526781537622182,-0.33983953151656826,-0.5621962722894832,0,304.8
16494,1.3406070318497123,-0.4242629202453546,-0.12554235966931498,0.8245714177856367,-0.05350389589376284,-0.4242629202453546,1.5368998304630832,1.5894095999821298,-0.10994117013545278,0,0.0
12833,-0.6283281735758344,-0.4242629202453546,-0.1950847622553432,0.07635361710394466,-0.37971543047990186,-0.4242629202453546,0.16846589294208367,-0.20660887400499897,-0.1751717591715194,0,0.0
13692,0.25834463416547143,-0.25395340732976973,-0.11788530177734242,0.11002021788739809,-0.26625054888472305,-0.25395340732976973,-0.2525907032182239,0.5252946081689466,-0.4589549424649216,0,616.74
13029,-0.719603315549204,-0.25395340732976973,-0.13460675250791426,0.02006584023731271,-0.6350114140690541,-0.25395340732976973,-0.9104916347187044,-0.5872678954666255,-0.11492605929916878,0,474.3
12548,-0.3545027476557252,-0.4242629202453546,-0.24984504886212944,-0.5128210401699832,-0.6491945242684515,-0.4242629202453546,-0.8315435229386468,-0.5768862857903994,-1.0887325777025676,0,0.0
12679,0.15403018619590605,-0.25395340732976973,-0.11197041576978095,0.14183981884514324,-0.11023633669135223,-0.25395340732976973,0.06320174390200677,-0.04223338746475115,-0.1690016725864713,0,206.64
13809,1.4579607858154733,-0.4242629202453546,-0.23967246473705603,-0.403372585151532,-0.5640958630720674,-0.4242629202453546,-0.4631190012983777,-0.6460970169652406,-1.3141816087615341,0,0.0
16427,0.9103099339752551,-0.25395340732976973,-0.22505351802698811,-0.4664997475113805,-0.6066451936702594,-0.25395340732976973,-0.857859560198666,-0.47653072558687964,-0.9734096922628577,0,0.0
14869,-1.1759790254160525,-0.4242629202453546,-0.20023819167342555,0.020907048078724323,-0.03932078569436549,-0.4242629202453546,1.4842677559430448,0.4785773646259288,0.22576183303545652,0,334.39
15388,1.001585075948625,-0.4242629202453546,-0.2421387002534272,-0.4299072064099736,-0.5782789732714647,-0.4242629202453546,-0.5683831503384545,-0.44192535999945903,-1.129175453953342,0,0.0
15314,0.07579435021873202,-0.4242629202453546,-0.21028160012706945,-0.08715158528869879,-0.37971543047990186,-0.4242629202453546,0.16846589294208367,0.33669536571750436,-0.34332451507279726,0,0.0
18144,-1.0977431894388785,0.9382131830793241,0.10204817659059837,-0.24689573523097283,-0.37971543047990186,0.9382131830793241,-0.901719622298698,-0.3373402551130323,0.6761633011674916,1,723.2
15342,-0.8369570695149651,-0.4242629202453546,-0.19700370084802626,0.05570745073538467,-0.37971543047990186,-0.4242629202453546,0.16846589294208367,0.23287926895524258,-0.015747157537988225,0,0.0
18116,0.5321700600855805,0.5975941572481545,-0.05534218096692863,-0.36308865684542113,2.4001741686019784,0.5975941572481545,1.4241168136344289,-0.4167128793571955,1.0493469816738643,0,163.56
14379,1.3275677258535166,-0.4242629202453546,-0.24716295400008,-0.48396395378416596,-0.4789972018756833,-0.4242629202453546,-0.19995862869818545,-0.30350389764977664,-1.4268180223198543,0,237.12
15252,-0.13283454572039874,-0.4242629202453546,-0.21494212237785498,-0.1372948874876283,-0.5215465324738753,-0.4242629202453546,-0.35785485225830077,-0.40385945785329636,-0.648701038668623,0,440.23
16692,0.8190347920018853,-0.25395340732976973,-0.04914684777797413,0.47980421269576895,-0.6917438548666435,-0.25395340732976973,-1.0157557837587814,-0.4834517987043637,-0.6050748464747396,0,0.0
15436,0.5321700600855805,-0.4242629202453546,-0.1837444980477426,0.198365328362609,1.0385955894598329,-0.4242629202453546,5.484305419465967,0.10483941628178638,-0.4396105532446184,0,583.65
13846,0.636484508055146,-0.25395340732976973,-0.15317915463567985,-0.07984587805730844,-0.11023633669135223,-0.25395340732976973,0.036885706641987544,-0.149510020785755,-0.5532662766011627,0,201.13
15135,0.5843272840703633,-0.4242629202453546,-0.24239195255662455,-0.4326319883310678,-0.592462083470862,-0.4242629202453546,-0.621015224858493,-0.5976495051428518,-0.9640925971575828,0,0.0
16378,0.7016810380361244,-0.08364389441418492,-0.20433611988153783,-0.46567073108796037,-0.4080816508786965,-0.08364389441418492,-0.6911913242185442,-0.43846482344071697,-0.9222467210637451,0,0.0
13476,-0.19803107570137712,-0.25395340732976973,-0.05552574639474949,0.44548841890426966,0.07414409590081329,-0.25395340732976973,0.4316262655422759,-0.024930704671040856,0.16110873061952408,0,0.0
12347,-0.8369570695149651,0.25697513141698475,0.20833085961899703,0.33382173538227,0.4429049610851444,0.25697513141698475,0.21057155255811444,0.35399804851121464,0.8293139865802166,1,1519.14
16178,-0.719603315549204,-0.4242629202453546,-0.23238933642027412,-0.3250122460113377,-0.6066451936702594,-0.4242629202453546,-0.6736472993785315,-0.4211621406470067,-0.34918418355920783,0,0.0
13568,-0.2632276056823555,-0.4242629202453546,-0.23423348909791902,-0.34485377879246043,-0.13860255709014693,-0.4242629202453546,1.1684753088228141,-0.5180571642917843,-0.6049050970467414,0,0.0
17720,-1.0455859654540958,-0.08364389441418492,-0.11516241459799947,-0.14585935862663826,-0.26625054888472305,-0.08364389441418492,-0.44557497645836486,-0.2642844833173666,0.17476947824026356,0,308.34
15219,-0.22410968769376846,-0.4242629202453546,-0.21405828883649522,-0.12778558145427918,-0.592462083470862,-0.4242629202453546,-0.621015224858493,-0.5907284320253676,-0.5218275973529893,0,0.0
14606,-1.1759790254160525,11.156783958014415,1.3112854323606042,-0.4409645574974139,9.307348835708487,11.156783958014415,0.387384811597896,-0.5090798303205549,11.021289570412728,1,2796.1
17979,-0.32842413566333384,-0.08364389441418492,-0.18197003224547414,-0.3854572964130621,0.47127118148393904,-0.08364389441418492,0.5544344394223654,-0.43269726250948015,-0.18075735384997196,0,237.87
16779,-1.1368611074274655,1.960070260572833,0.8178139713412532,0.09049931939945112,1.123694250656217,1.960070260572833,-0.28416994793024697,0.08176917255683924,2.0045566624524596,1,4234.99
15033,-1.0977431894388785,0.4272846443325696,0.007443994067359135,-0.19652993965369894,2.159061295212224,0.4272846443325696,1.3263715323829295,-0.2256418250780803,1.4711566258472484,0,948.23
15623,-0.6935247035568127,-0.4242629202453546,-0.21486053774326794,-0.1364171053922423,-0.45063098147688857,-0.4242629202453546,-0.09469447965810857,-0.31388550732600284,-0.24481373146871327,0,0.0
14341,-0.8239177635187694,0.4272846443325696,-0.07234407887889344,-0.3396053733471312,0.045777875502018596,0.4272846443325696,-0.5157510758184162,-0.3375325071440735,0.45346404276786145,0,1027.46
18086,1.0537422999334074,-0.4242629202453546,-0.24880144541137006,-0.5015927441998362,-0.6208283038696568,-0.4242629202453546,-0.7262793738985699,-0.37963570194210194,-1.1887434044470147,0,0.0
15211,2.240319145587214,-0.4242629202453546,-0.20091636394843046,0.013610484410827567,-0.3938985406792992,-0.4242629202453546,0.11583381842204521,-0.3415697997959393,-1.2925173704071415,0,511.34
15880,2.2924763695719967,-0.4242629202453546,-0.21010143405902304,-0.08521314982805454,0.6272853936773098,-0.4242629202453546,3.9579752583848515,-0.047424192302864245,-1.30276709044987,0,0.0
13505,-0.3545027476557252,-0.08364389441418492,0.1730217096416745,0.887680293018498,0.8400320466682701,-0.08364389441418492,1.0632111597827372,0.708126289689152,0.9822644964623394,1,1810.51
13538,-0.9543108234807262,0.25697513141698475,-0.1144570474447989,-0.360763579271333,-0.6066451936702594,0.25697513141698475,-0.9052284272667006,-0.6599391632002087,-0.12984450787952648,0,389.1
14541,-0.32842413566333384,0.5975941572481545,-0.04381835133150712,-0.3453762681349521,0.2727076386923762,0.5975941572481545,-0.32777938110399313,-0.451318244944616,0.4401324900089444,0,146.0
12872,1.7317862117355827,-0.25395340732976973,-0.16405030719440494,-0.13832811016240565,0.102510316299608,-0.25395340732976973,0.6421545636224296,-0.19449699604940177,-0.898506814166548,0,0.0
13486,-0.8499963755111608,-0.25395340732976973,-0.12671853815127837,0.06250111841113319,0.017411655103223903,-0.25395340732976973,0.27373004198216055,0.16885934261851449,0.22853362225461368,0,302.8
14862,-0.5892102555872473,-0.4242629202453546,-0.21433873601788822,-0.13080295740716877,-0.4222647610780939,-0.4242629202453546,0.010569669381968322,0.7415781430903253,-0.24251338758576432,0,537.1
14948,-1.0977431894388785,-0.08364389441418492,-0.1713759275083676,-0.34746274224263574,-0.22370121828653103,-0.08364389441418492,-0.4806630261383905,-0.33003467793346586,0.12765540758840746,0,545.1
13583,-0.4979351136138776,-0.4242629202453546,-0.13327590315621293,0.7413649899938318,0.03159476530262125,-0.4242629202453546,1.6947960540231983,1.7624364279192328,0.5391938317145704,0,0.0
14587,-0.11979523972420307,0.7679036701637393,-0.019116903530388956,-0.35484769369097063,1.6342862178345217,0.7679036701637393,1.2145283740278479,-0.43673455516134596,0.9772595919333709,0,127.61
15449,-0.1067559337280074,-0.25395340732976973,-0.15593773509265466,-0.09468588160742927,-0.29461676928351777,-0.25395340732976973,-0.04206240513807012,0.14636585498669108,-0.26711393654300986,0,326.82
14053,-0.9021535994959434,-0.25395340732976973,-0.22179183232339314,-0.4489532491671527,-0.6917438548666435,-0.25395340732976973,-0.9894397464987621,-0.37444489710398887,-1.0481016307520952,0,0.0
17124,-0.1067559337280074,-0.4242629202453546,-0.2160146203866973,-0.14883406461655774,-0.28043365908412043,-0.4242629202453546,0.5368904145823528,-0.3000433610910346,-0.5825976519757312,0,0.0
17135,1.2493318898763426,-0.25395340732976973,-0.18094852463324873,-0.22923341841582598,-0.45063098147688857,-0.25395340732976973,-0.5420671130784354,-0.019739899832927767,-0.8041771696058722,0,639.18
14632,0.8972706279790594,-0.4242629202453546,-0.24655446860045158,-0.47741716232274484,-0.6066451936702594,-0.4242629202453546,-0.6736472993785315,-0.41424106752952256,-0.9750677512392468,0,0.0
14796,-1.12382180143127,1.6194512347416634,0.7109703939500684,0.12167474458655449,3.8894007395387002,1.6194512347416634,2.2899433582113256,0.42054682848702346,3.1659765356434226,1,2227.37
14816,0.04971573822634068,-0.4242629202453546,-0.219820203654206,-0.18977894194092063,-0.6633776344678488,-0.4242629202453546,-0.8841755974586852,-0.72914989437505,-0.6175771378491286,0,0.0
16323,0.036676432230145,-0.4242629202453546,-0.23075764372853302,-0.3074566041036162,-0.7059269650660409,-0.4242629202453546,-1.0420718210188007,-0.5734257492316572,-0.7627379104550533,0,0.0
14985,0.06275504422253635,-0.25395340732976973,-0.21639364900154967,-0.4199132915114634,0.38617252028755494,-0.25395340732976973,1.0895271970427565,-0.30350389764977664,-0.3292959471886176,0,0.0
15965,2.2663977575796053,-0.4242629202453546,-0.23947870122991177,-0.4012878526749901,-0.4931803120750806,-0.4242629202453546,-0.2525907032182239,-0.49037287182184786,-1.4924725715649902,0,652.6800000000001
15046,-0.8630356815073564,1.108522695994909,0.3836732361454505,0.01210728257247891,0.9676800384628462,1.108522695994909,-0.27890674047824315,0.1017249333789185,1.5137202952128188,1,1267.94
15254,-0.8630356815073564,-0.4242629202453546,-0.21497441629571235,-0.1376423429003853,-0.46481409167628596,-0.4242629202453546,-0.14732655417814702,0.2051949764853061,-0.11948437929010029,0,0.0
14712,-1.0586252714502915,-0.4242629202453546,-0.24635730573353284,-0.4752958555922284,-0.6208283038696568,-0.4242629202453546,-0.7262793738985699,-0.3934778481770702,-0.3747955700840925,0,801.35
18136,0.2322660221730801,-0.25395340732976973,-0.1639007353643287,-0.13752347657496844,-0.29461676928351777,-0.25395340732976973,-0.2525907032182239,-0.23602343475430648,-0.3743823043764875,0,183.48
18176,2.1490440036138443,-0.4242629202453546,-0.1850617499603461,0.18419280494752135,-0.29461676928351777,-0.4242629202453546,0.48425834006231433,0.23287926895524258,-0.9733818475937368,0,0.0
15226,1.5231573157964517,-0.4242629202453546,-0.23978124424983877,-0.4045429612787135,-0.6066451936702594,-0.4242629202453546,-0.6736472993785315,-0.500754481498074,-1.1956580444801475,0,0.0
14198,-0.6283281735758344,-0.25395340732976973,-0.20535592781387602,-0.36053499018399293,-0.4222647610780939,-0.25395340732976973,-0.5420671130784354,-0.4574977745137983,-0.32567642356477694,0,344.45
13741,-0.13283454572039874,-0.25395340732976973,-0.20430552564356766,-0.35488426794494504,-0.43644787127749124,-0.25395340732976973,-0.5683831503384545,-0.499024213218703,-0.46988505628462,0,305.3
17162,-0.8108784575225737,0.9382131830793241,-0.01725065501421007,-0.3895129747982255,0.3436231896893629,0.9382131830793241,-0.5742311586184589,-0.4138565634674401,0.8339539517290279,0,251.8
17841,-1.1759790254160525,12.689569574254678,3.51005082327779,-0.16605022242328585,13.860127209715037,12.689569574254678,1.715713929793983,-0.2132637520025799,13.953782140693486,1,18303.44
15149,-0.7847998455301823,-0.4242629202453546,-0.17750667286160732,0.26547908440566936,-0.3938985406792992,-0.4242629202453546,0.11583381842204521,-0.30350389764977664,-0.05898950147743537,0,0.0
16996,-0.9412715174845304,0.25697513141698475,-0.08895675009668252,-0.3058912260335111,-0.5640958630720674,0.25697513141698475,-0.8210171080346391,-0.47653072558687964,0.10385274540320807,0,415.18
17231,-0.8760749875035521,0.5975941572481545,0.05790239087956541,-0.18902916973444508,2.2441599564086077,0.5975941572481545,1.4391545492115834,-0.23577625357153914,1.548126727197566,1,1218.9
17042,-0.9412715174845304,0.08666561850139992,-0.11050189234721396,-0.26858731569230165,0.2585245284929788,0.08666561850139992,0.06320174390200677,0.021786538871976947,0.4008166492677418,0,121.56
15552,0.3105018581502541,-0.4242629202453546,-0.2507084862448425,-0.5221109006794857,-0.4789972018756833,-0.4242629202453546,-0.19995862869818545,-0.5388203836442367,-1.0604511230758837,0,0.0
15370,-0.6935247035568127,0.08666561850139992,-0.008786249175803122,0.005006391163345348,0.045777875502018596,0.08666561850139992,-0.19995862869818545,-0.21785561782091067,0.34983108469963414,0,872.5899999999999
14428,0.5973665900665589,-0.25395340732976973,-0.20983118495695344,-0.3846099928626547,-0.3655323202805045,-0.25395340732976973,-0.35785485225830077,-0.4955636766599609,-0.8278494065958242,0,893.44
16938,-0.18499176970518144,-0.08364389441418492,0.13952611810402676,0.7675521558395164,2.1874275156110183,-0.08364389441418492,2.659717420223903,1.9273886705526042,1.7747963846584611,1,325.63
14214,-0.4848958076176819,-0.08364389441418492,-0.11319758464836124,-0.1388127190275667,0.07414409590081329,-0.08364389441418492,-0.059606429978082874,0.02755409980321358,0.14599852156429316,0,105.22
13267,-1.0847038834426828,1.7897607476572481,0.21004413694532517,-0.3210491643485381,0.1876089774959921,1.7897607476572481,-0.5984586214927623,-0.44686898365480476,1.3070499902366701,1,1720.55
15281,-0.7456819275415953,0.7679036701637393,0.10650643693480347,-0.18589749923788534,0.8825813772664621,0.7679036701637393,-0.2394326845882143,-0.2585169223861299,1.0599851547605332,1,140.37
17367,0.5843272840703633,-0.4242629202453546,-0.23754786487801816,-0.38051367641751965,-0.2520674386853257,-0.4242629202453546,0.6421545636224296,-0.23083262991619338,-0.9161141416415827,0,0.0
18071,0.8320740979980811,-0.25395340732976973,-0.18903050249702885,-0.27271106282791746,-0.3938985406792992,-0.25395340732976973,-0.43680296403835844,-0.2965828245322925,-0.7138275449289035,0,0.0
16859,-0.64136747957203,-0.25395340732976973,-0.138922239741592,-0.003149667472950323,-0.010954565295570795,-0.25395340732976973,0.27373004198216055,0.6844792898710813,0.25097236669954825,0,0.0
15433,0.25834463416547143,-0.25395340732976973,-0.17538207300256947,-0.19928824797426986,-0.15278566728954426,-0.25395340732976973,-0.0157463678780509,0.17751068401536962,-0.2807445118956992,0,0.0
15747,-0.9543108234807262,-0.25395340732976973,-0.1767299191531431,-0.2065390938246985,-0.35134921008110714,-0.25395340732976973,0.036885706641987544,-0.2602471906655009,-0.004109376372101466,0,421.27
12500,-1.1368611074274655,0.4272846443325696,0.03547001572789974,-0.1462738668383483,-0.43644787127749124,0.4272846443325696,-0.813999498098634,-0.013972338901691132,0.5232910257163043,1,2483.98
14145,-0.4848958076176819,-0.08364389441418492,0.21858672805854468,1.0510940597762055,-0.6350114140690541,-0.08364389441418492,-0.9543516968187364,-0.08202955789028483,0.41241615939412224,1,891.0
13308,0.12795157420351472,-0.4242629202453546,-0.1275105889787277,0.8033949247344478,-0.35134921008110714,-0.4242629202453546,0.27373004198216055,1.0495658968183685,0.0014176851151073647,0,570.5600000000001
17358,1.431882173823082,-0.25395340732976973,-0.20469985137740512,-0.3570055746754614,0.05996098570141595,-0.25395340732976973,0.4316262655422759,-0.4177016040882646,-0.9187859432453398,0,0.0
13863,0.7016810380361244,-0.4242629202453546,-0.21405318979683352,-0.12773072007331762,-0.43644787127749124,-0.4242629202453546,-0.04206240513807012,0.028707611989461066,-0.7177946226850037,0,0.0
14960,-0.28930621767474685,-0.4242629202453546,-0.2510178279843184,-0.5254391577911579,-0.6917438548666435,-0.4242629202453546,-0.9894397464987621,-0.6772418459939191,-0.6193225809643077,0,132.97
17633,-1.1759790254160525,-0.25395340732976973,-0.1557830642229167,-0.09385381732951126,-0.29461676928351777,-0.25395340732976973,-0.2262746659582047,-0.2706288003417271,0.06729119970110892,0,676.23
15671,-0.8760749875035521,0.08666561850139992,-0.03920542011756403,-0.07681478675917845,-0.09605322649195489,0.08666561850139992,-0.35785485225830077,-0.05348013128066285,0.14809510022438957,0,1322.64
14175,-0.28930621767474685,-0.25395340732976973,-0.06104630666847355,0.4157901246770408,0.102510316299608,-0.25395340732976973,0.4579423028022951,0.33669536571750436,0.29355725020867945,0,2016.31
12683,-1.1499004134236612,1.2788322089104938,0.7908145563325997,0.3467869759229838,1.4215395648435614,1.2788322089104938,0.08712541413838781,0.43925308554931447,1.9666329252006838,1,2258.69
13014,-1.0455859654540958,0.25697513141698475,0.07773085644399425,0.052792482693623424,0.03159476530262125,0.25697513141698475,-0.43153975658635463,-0.3201144731317385,0.5362681429354808,1,1443.8
17443,0.33658047014264547,-0.4242629202453546,-0.1752223030931698,0.2900569830764793,-0.7059269650660409,-0.4242629202453546,-1.0420718210188007,0.9976578484372376,-0.4755218958945632,0,0.0
13874,2.1360046976176483,-0.4242629202453546,-0.17416680188319977,0.3014132889355367,-0.46481409167628596,-0.4242629202453546,-0.14732655417814702,-0.12355599659518955,-1.011203810282847,0,0.0
13023,-0.8369570695149651,-0.4242629202453546,-0.20884876998213428,-0.07173553723848085,-0.43644787127749124,-0.4242629202453546,-0.04206240513807012,-0.1962272643287728,-0.16195576082698407,0,353.5
17396,-0.5892102555872473,0.4272846443325696,0.5501262868616895,0.7766042836981855,-0.46481409167628596,0.4272846443325696,-0.9368076719787237,-0.10913709426709776,0.5611373892617735,1,2529.0
18044,-0.3545027476557252,0.5975941572481545,-0.07812129081558927,-0.3981006676857907,0.17342586729659473,0.5975941572481545,-0.5157510758184162,-0.4246226772057487,0.27211644238724564,0,983.07
14155,0.949427851963842,-0.4242629202453546,-0.24584230272770205,-0.46975485611510387,-0.6350114140690541,-0.4242629202453546,-0.7789114484186084,-0.6599391632002087,-1.2757394843440242,0,0.0
17158,0.5060914480931892,-0.25395340732976973,-0.14729486286608853,-0.048190861242448244,-0.20951810808713367,-0.25395340732976973,-0.06837844239808935,0.051201099621284454,-0.38045435286399204,0,568.42
14961,-0.5109744196100733,0.4272846443325696,0.39803553119254664,0.5038761675199328,1.2655253526501906,0.4272846443325696,0.44917029038228845,0.49472653523339183,1.3221935024309464,1,3137.7
17096,-0.6544067855682256,-0.25395340732976973,-0.1905704124748595,-0.28099513135312354,-0.4080816508786965,-0.25395340732976973,-0.48943503855839693,-0.43846482344071697,-0.23402376457216179,0,578.19
14037,-0.22410968769376846,-0.25395340732976973,-0.2410067134485318,-0.5523212344623565,-0.3371660998817098,-0.25395340732976973,-0.35785485225830077,-0.6668602363176929,-0.5109675741961702,0,0.0
15110,-0.8760749875035521,-0.25395340732976973,-0.20202455523490462,-0.3426136057365272,-0.5357296426732727,-0.25395340732976973,-0.5946991875984738,-0.5370901153648656,-0.26723620848226454,0,619.5500000000001
17325,1.1319781359105816,-0.4242629202453546,-0.2495731000801726,-0.5098950998520295,-0.6350114140690541,-0.4242629202453546,-0.7789114484186084,-0.5388203836442367,-1.2816751838912874,0,0.0
15696,0.34961977613884115,0.4272846443325696,0.011013321830542792,-0.19012944520817548,0.5421867324809257,0.4272846443325696,-0.19118661627817898,-0.3329184583990841,0.24267733675207137,1,1081.16
17235,2.3315942875605837,-0.4242629202453546,-0.2079139460441576,-0.06167761739551553,-0.5782789732714647,-0.4242629202453546,-0.5683831503384545,-0.3104249707672608,-1.287351305790185,0,208.16
16149,-0.6674460915644214,-0.4242629202453546,-0.23820564099437624,-0.3875907945615699,-0.5640958630720674,-0.4242629202453546,-0.5157510758184162,-0.16508243530009425,-0.3750434980379461,0,116.84
13752,-0.9021535994959434,0.4272846443325696,-0.06624902680328552,-0.3286757671177754,0.1876089774959921,0.4272846443325696,-0.43680296403835844,-0.24236775177866696,0.4465160286903057,0,0.0
15415,1.5622752337850387,-0.4242629202453546,-0.1709102152192665,0.33645142424303076,-0.06768700609316018,-0.4242629202453546,1.3790036069029679,1.1603030666981144,-0.48018962032311363,0,0.0
16725,1.4188428678268863,0.5975941572481545,-0.13714437457954912,-0.48882049222262636,0.8400320466682701,0.5975941572481545,-0.0044680661951854665,-0.6040762158948012,-0.041337849646969474,0,0.0
13203,-0.9543108234807262,-0.25395340732976973,-0.21335972040284354,-0.4035920306753785,-0.43644787127749124,-0.25395340732976973,-0.5683831503384545,-0.2723590686210981,-0.14041208165661423,0,559.6
17931,-0.7847998455301823,-0.25395340732976973,-0.19661787351362495,-0.3135279302633699,0.17342586729659473,-0.25395340732976973,0.6158385263624104,-0.31561577560537385,-0.13243719408546156,0,0.0
17905,-0.4848958076176819,-0.08364389441418492,-0.16102997603479668,-0.3103581615855869,-0.26625054888472305,-0.08364389441418492,-0.533295100658429,-0.42231565283325395,-0.5915525815765633,0,181.25
17693,-0.7326426215453997,-0.4242629202453546,-0.23195251868925595,-0.3203124543756248,-0.4931803120750806,-0.4242629202453546,-0.2525907032182239,0.05293136790065548,-0.30624377508433687,0,0.0
13715,1.1319781359105816,0.25697513141698475,-0.08290419001825536,-0.2928671341932202,0.5421867324809257,0.25697513141698475,4.3254477960670414e-05,-0.35748826796615274,-0.11617875616097524,0,0.0
15641,-1.1499004134236612,0.08666561850139992,0.05473758692954259,0.17587216216834084,0.7265671650730913,0.08666561850139992,0.47110032143230474,0.6048869490200139,1.0646670825713695,1,0.0
12676,-0.9151929054921392,0.08666561850139992,-0.09638945024354068,-0.23062781184860076,-0.4222647610780939,0.08666561850139992,-0.6999633366385507,-0.3190763121641159,-0.050918052925894505,0,333.34000000000003
16217,0.5452093660817763,-0.25395340732976973,-0.21431324081957975,-0.40872156979529095,-0.5357296426732727,-0.25395340732976973,-0.6999633366385507,-0.5889981637459966,-0.7924921112439225,0,0.0
17894,1.1971746658915599,0.4272846443325696,-0.11866375516569391,-0.42266550412303844,0.6272853936773098,0.4272846443325696,0.159693880522077,-0.5618906273691837,-0.15556125423912515,0,251.96
16054,-0.6283281735758344,-0.4242629202453546,-0.13278809502857783,0.746613395439161,0.2727076386923762,-0.4242629202453546,2.589541320863852,0.5685513151532223,0.1748803577420873,0,0.0
17850,2.3315942875605837,5.195951005968945,0.6503071190949313,-0.39694466001552775,-0.4222647610780939,5.195951005968945,-0.6349472445843856,-0.570066993159937,1.4159203928644728,1,0.0
16398,-0.5109744196100733,-0.25395340732976973,0.023905393775184698,0.8727945716509092,0.3436231896893629,-0.25395340732976973,1.0632111597827372,0.5650907785944803,0.6173744599324908,1,0.0
15508,-0.054598709743224706,0.4272846443325696,-0.09601212130857555,-0.3820467472299474,0.38617252028755494,0.4272846443325696,-0.2876787528982495,-0.49267989619434255,0.2150149957467126,0,0.0
12993,-0.9543108234807262,-0.08364389441418492,-0.20272992238810517,-0.45991028608698925,-0.3938985406792992,-0.08364389441418492,-0.6736472993785315,-0.5111360911743003,-0.12842733436821707,0,42.36000000000001
16510,2.3315942875605837,-0.4242629202453546,-0.223856943386378,-0.23321086853554415,-0.5357296426732727,-0.4242629202453546,-0.41048692677833926,-0.42808321376449077,-1.3994317729850738,0,0.0
13060,0.7799168740132983,-0.4242629202453546,-0.21375574581656823,-0.12453047285055588,-0.507363422274478,-0.4242629202453546,-0.30522277773826234,-0.3208065804434869,-0.8155629010608387,0,0.0
15319,1.1710960538991686,-0.4242629202453546,-0.23126754769470212,-0.3129427421997792,-0.4931803120750806,-0.4242629202453546,-0.2525907032182239,-0.14085867938889984,-0.989667702640271,0,0.0
13013,-1.12382180143127,0.7679036701637393,0.3089400111838209,0.08635438967507506,1.123694250656217,0.7679036701637393,-0.02890438650806051,-0.023200436391669826,1.3630539747758388,1,1428.15
17062,1.5622752337850387,0.08666561850139992,-0.17537697396290777,-0.44308765318600507,0.017411655103223903,0.08666561850139992,-0.18680061006817586,-0.384826506780215,-0.7039232551928243,0,0.0
15036,-0.21107038169757278,-0.25395340732976973,-0.2299095034648051,-0.49262290841260986,-0.02513767549496814,-0.25395340732976973,0.3000460792421798,-0.499024213218703,-0.45936706841810326,0,217.07
14396,2.3185549815643878,-0.4242629202453546,-0.24727003383297555,-0.48511604278436016,-0.23788432848592836,-0.4242629202453546,0.6947866381424681,-0.6114916513778199,-1.5474894038938312,0,377.64
17958,-1.0064680474655088,-0.4242629202453546,-0.17960407784244956,0.24291276970345207,-0.6208283038696568,-0.4242629202453546,-0.7262793738985699,-0.45576750623442724,-0.06750537235853103,0,0.0
14984,-0.17195246370898576,-0.4242629202453546,-0.24865017390140653,-0.49996518989797456,-0.4931803120750806,-0.4242629202453546,-0.2525907032182239,-0.6772418459939191,-0.6559509391643891,0,100.14
17165,1.1841353598953641,-0.4242629202453546,-0.23905548093799142,-0.3967343580551748,-0.5782789732714647,-0.4242629202453546,-0.5683831503384545,-0.4003989212945543,-1.1216432129693086,0,0.0
15938,-1.0586252714502915,0.25697513141698475,-0.19726035251099805,-0.5389423723585137,-0.5357296426732727,0.25697513141698475,-0.9052284272667006,-0.5803468223491414,-0.14831494546898916,0,0.0
14377,-0.028520097750833362,-0.25395340732976973,-0.1611472539470156,-0.12271090371532849,-0.5640958630720674,-0.25395340732976973,-0.8052274856786276,-0.36752382398650474,-0.42426749532432495,0,0.0
14733,-1.0847038834426828,1.2788322089104938,1.2711984822202775,0.816653091800175,0.669834724275502,1.2788322089104938,-0.18560442655635676,0.4002434007053131,1.6722794157151066,1,541.71
16928,-1.202057637408444,1.7897607476572481,0.1030339909251919,-0.40328768063337717,0.21597519789478678,1.7897607476572481,-0.4706378690869546,-0.34873805409619063,1.4004009896986793,1,643.3499999999999
12444,-0.9412715174845304,-0.25395340732976973,0.1805257963437963,1.7153465168961235,0.6414685038767072,-0.25395340732976973,1.6684800167631793,0.37822180442240905,1.2059194690365578,1,2378.19
16011,-0.9673501294769218,1.108522695994909,0.025559182305459796,-0.3731933394845396,0.4429049610851444,1.108522695994909,-0.38417088951832,-0.35610405334265594,1.054895334482534,1,1637.43
14422,-0.3023455236709425,-0.25395340732976973,-0.0905935418280853,0.2568384169042126,0.08832720610021064,-0.25395340732976973,0.5105743773223336,0.18962256197096683,0.17566412050457558,0,3231.49
17923,1.1580567479029729,-0.4242629202453546,-0.23075764372853302,-0.3074566041036162,-0.7059269650660409,-0.4242629202453546,-1.0420718210188007,-0.5734257492316572,-1.1675940352945746,0,0.0
13185,0.9624671579600378,-0.4242629202453546,-0.25389028699373756,-0.5563444023995427,-0.7059269650660409,-0.4242629202453546,-1.0420718210188007,-0.7049261384638555,-1.0923354568499815,0,0.0
12994,-0.9543108234807262,-0.25395340732976973,-0.15631676370750702,-0.09672489626650319,-0.18115188768833898,-0.25395340732976973,-0.0157463678780509,-0.22218128851933824,0.022530706720995476,0,328.95
16320,-0.27626691167855116,-0.25395340732976973,-0.08952104381924297,0.2626080054686773,0.07414409590081329,-0.25395340732976973,0.3789941910222374,0.5201038033308335,0.2607332235493138,0,0.0
13682,-0.08067732173561605,-0.4242629202453546,-0.25591290605954164,-0.5781060835143225,-0.6775607446672461,-0.4242629202453546,-0.9368076719787237,-0.7118472115813397,-0.9745947033390013,0,0.0
16370,-0.9934287414693131,-0.08364389441418492,-0.10549293571954622,-0.11118087014989265,1.1662435812544092,-0.08364389441418492,1.975500451463404,-0.14777975250638398,0.6181653317641016,0,357.42
13735,-0.23714899368996412,-0.25395340732976973,-0.02642382736559207,0.6020445130417734,0.5280036222815284,-0.25395340732976973,1.5895319049831216,0.49761031569901015,0.3691959564968094,0,1473.85
14238,1.7317862117355827,-0.4242629202453546,-0.2410662022445849,-0.41836802928104416,-0.6066451936702594,-0.4242629202453546,-0.6736472993785315,-0.36233301914839167,-1.2247350736555167,0,0.0
13888,-0.9673501294769218,-0.25395340732976973,-0.16478116954591399,-0.14225984246465584,-0.18115188768833898,-0.25395340732976973,-0.06837844239808935,-0.3069644342085187,0.06823883714503731,0,0.0
12916,-0.719603315549204,0.08666561850139992,0.23452122700132885,0.6594523764363719,0.03159476530262125,0.08666561850139992,0.26057202335215096,0.19048769611065236,0.58238538306448,1,0.0
17312,-0.719603315549204,-0.08364389441418492,-0.15651562625431298,-0.29416795849291044,-0.5640958630720674,-0.08364389441418492,-0.8490875477786596,-0.31734604388474486,-0.45011208341317144,0,0.0
16523,-1.0195073534617045,1.4491417218260785,0.5444238608400318,0.039732121384807986,0.428721850885747,1.4491417218260785,-0.42364494540834885,-0.1342259843179776,1.4106187264102914,1,4650.22
14135,-1.1499004134236612,1.108522695994909,0.2762262723942991,-0.10349661938986696,0.4429049610851444,1.108522695994909,-0.5368039056264315,0.4176719211920685,1.2777399404924623,1,1499.99
14572,-1.0847038834426828,0.25697513141698475,0.08465875166434496,0.067700148613597,1.449905785242356,0.25697513141698475,1.0842639895907524,0.072310372629611,1.2095913040874489,1,741.3
13121,0.9885457699524292,-0.4242629202453546,-0.21780098394817637,-0.16805383508011532,-0.010954565295570795,-0.4242629202453546,1.5368998304630832,0.12560263563423874,-0.9077482815540696,0,0.0
13771,0.07579435021873202,-0.25395340732976973,-0.017048393107629692,0.6524804092724984,0.20179208769538942,-0.25395340732976973,0.7474187126625066,0.6810187533123393,0.09162795789832934,0,1169.6
16470,-1.0195073534617045,-0.08364389441418492,-0.17439115962831417,-0.35827653000107246,0.4570880712845417,-0.08364389441418492,0.5719784642623784,-0.33349521449220787,0.328069454661128,0,213.64
14096,-1.202057637408444,-0.4242629202453546,-0.26231390051485104,-0.6469754037481549,-0.6350114140690541,-0.4242629202453546,-0.7789114484186084,-0.7222288212575658,-0.46795228009174217,0,65142.95
15847,1.2362925838801468,-0.4242629202453546,-0.23531618518608471,-0.3565026786833131,-0.592462083470862,-0.4242629202453546,-0.621015224858493,0.45781414527347647,-0.7927833175284689,0,208.59
12678,-0.5761709495910516,0.5975941572481545,0.8909155036111416,1.0913309640414923,0.32944007948996556,0.5975941572481545,-0.47815673687553156,1.4158884096794924,1.505651912881041,1,9346.2
12613,0.04971573822634068,0.08666561850139992,-0.017444418521354345,-0.018282265054866454,0.20179208769538942,0.08666561850139992,-0.1210105169181278,-0.08981576514745447,0.16856983766209852,0,1881.86
15122,-1.0325466594579003,-0.08364389441418492,0.01166429922735199,0.30899025521723733,0.20179208769538942,-0.08364389441418492,0.34390614134221154,0.17635717182912233,0.591577843333476,1,0.0
17337,-0.5500923375986603,0.08666561850139992,0.07069078235108628,0.21878290564382877,5.250979318680845,0.08666561850139992,5.760623810696169,0.33236969501907676,2.4840212274645683,1,0.0
16718,2.2924763695719967,-0.4242629202453546,-0.1630169018229689,0.42137684197163355,-0.13860255709014693,-0.4242629202453546,1.2211073833428525,0.661985802239258,-0.9348667399246704,0,0.0
13572,0.15403018619590605,-0.4242629202453546,-0.030747812998705996,1.844481064116306,-0.26625054888472305,-0.4242629202453546,0.6421545636224296,1.1014739451994995,0.6378328878233709,0,0.0
14997,-0.19803107570137712,-0.4242629202453546,-0.23963337209964974,-0.4029519812308262,-0.592462083470862,-0.4242629202453546,-0.621015224858493,0.3332348291587623,-0.561919509776084,0,390.92
14331,-0.9021535994959434,-0.25395340732976973,-0.18738861172596435,-0.2638783804930951,-0.3371660998817098,-0.25395340732976973,-0.35785485225830077,-0.3104249707672608,-0.06864473638366321,0,0.0
17019,0.8842313219828637,-0.08364389441418492,-0.09674978237963351,-0.07982454307582348,0.8967644874658595,-0.08364389441418492,1.6772520291831852,0.012558441381998056,-0.09322214915043263,0,262.15
14146,0.7929561800094941,-0.25395340732976973,0.05754715778313429,1.0537731238798318,0.15924275709719737,-0.25395340732976973,0.6158385263624104,0.6567949974011449,0.20903837139917866,1,2287.27
17861,-0.7456819275415953,0.25697513141698475,-0.04515429972287013,-0.21163571611603388,0.8967644874658595,0.25697513141698475,0.33688853140620667,-0.018355685209430924,0.7110605358336615,0,798.39
15130,-0.31538482966713816,-0.4242629202453546,-0.20991786863120215,-0.0832381401134359,-0.4080816508786965,-0.4242629202453546,0.06320174390200677,-0.06472687509657454,-0.26365460223406867,0,0.0
15806,-0.47185650162148624,-0.25395340732976973,-0.17732310743378646,-0.20973019748396665,-0.45063098147688857,-0.25395340732976973,-0.48943503855839693,-0.03185177778852497,-0.21028259217479314,0,262.7
17984,-0.6283281735758344,-0.4242629202453546,-0.2400752888703296,-0.40770663424750075,-0.03932078569436549,-0.4242629202453546,1.4316356814230065,-0.4073199944120384,-0.3972891825736914,0,0.0
16350,1.8230613537089524,-0.4242629202453546,-0.20199906003659615,0.0019615845199748667,-0.4080816508786965,-0.4242629202453546,0.06320174390200677,-0.0681874116553166,-1.0111031997967315,0,739.77
12401,1.431882173823082,-0.4242629202453546,-0.2516976999392105,-0.5327540085860419,-0.6491945242684515,-0.4242629202453546,-0.8315435229386468,-0.7083866750225976,-1.305904889256612,0,0.0
13708,1.0146243819448204,-0.4242629202453546,-0.21752903516621952,-0.16512789476216178,-0.02513767549496814,-0.4242629202453546,1.4842677559430448,0.29516892701259967,-0.7926128400264004,0,0.0
16906,-0.09371662773181173,-0.08364389441418492,-0.19923028150029798,-0.4473592212647675,-0.2520674386853257,-0.08364389441418492,-0.37539887709831365,-0.5353598470854947,-0.35928625190563757,0,166.6
14947,-0.8239177635187694,-0.4242629202453546,-0.23568671540150093,-0.3604892723665249,-0.5782789732714647,-0.4242629202453546,-0.5683831503384545,-0.33810926323719726,-0.36489871333944984,0,112.32
17725,-1.0586252714502915,0.5975941572481545,0.10763672405981158,-0.11258636648119534,0.49963740188273376,0.5975941572481545,-0.17740202533245478,-0.05978325144122868,0.9898768103179838,1,931.96
14772,-1.0586252714502915,-0.4242629202453546,-0.24235625927899268,-0.43224795866433646,-0.592462083470862,-0.4242629202453546,-0.621015224858493,-0.4626885793519114,-0.41881306878060576,0,0.0
16142,0.7277596500285156,-0.4242629202453546,-0.17503533830557444,0.29206856704507245,-0.1953349978877363,-0.4242629202453546,0.8526828617025835,0.7138938506203888,-0.5369113753583723,0,0.0
14729,2.3446335935567792,-0.4242629202453546,-0.21274273660377896,-0.11363134516617873,0.2585245284929788,-0.4242629202453546,2.6421733953838906,-0.06472687509657454,-1.3449009527032432,0,0.0
17644,-0.9543108234807262,0.5975941572481545,0.010279060119259309,-0.2622273141708212,0.1876089774959921,0.5975941572481545,-0.42552466235549313,-0.3025151729187075,0.6558619360050761,0,1270.01
17018,1.718746905739387,-0.4242629202453546,-0.19718896595573437,0.05371415389377884,-0.6350114140690541,-0.4242629202453546,-0.7789114484186084,-0.5388203836442367,-1.2835408920144413,0,515.1
17411,0.8842313219828637,-0.4242629202453546,-0.21748654316903876,-0.16467071658748153,-0.4931803120750806,-0.4242629202453546,-0.2525907032182239,-0.3104249707672608,-0.9386232114089333,0,493.36
15970,1.431882173823082,-0.4242629202453546,-0.21263905613065792,-0.1125158304199589,-0.5640958630720674,-0.4242629202453546,-0.5157510758184162,-0.34503033635468133,-0.9804012199870475,0,0.0
12733,0.5321700600855805,-0.4242629202453546,-0.20076679211835416,0.015219751585702027,-0.4080816508786965,-0.4242629202453546,0.06320174390200677,-0.2723590686210981,-0.7225014279698233,0,0.0
16010,0.675602426043733,-0.08364389441418492,-0.19933056261364454,-0.44771886809551603,0.15924275709719737,-0.08364389441418492,0.2912740668221731,-0.5134431155467949,-0.505677983891015,0,0.0
16560,2.1490440036138443,-0.4242629202453546,-0.20956603489454548,-0.07945270482708347,-0.43644787127749124,-0.4242629202453546,-0.04206240513807012,-0.16162189874135222,-1.2930452534765247,0,509.23
13388,-0.8108784575225737,-0.25395340732976973,-0.15094067622419755,-0.06780380493623077,-0.22370121828653103,-0.25395340732976973,-0.17364259143816624,-0.2585169223861299,-0.05008530172953887,0,0.0
16697,0.6234452020589503,-0.4242629202453546,-0.24686211066004024,-0.4807271323074298,-0.43644787127749124,-0.4242629202453546,0.010569669381968322,-0.6530180900827246,-1.058542676077986,0,0.0
14619,0.675602426043733,-0.4242629202453546,-0.19898382791664956,0.0344029477952852,-0.43644787127749124,-0.4242629202453546,-0.04206240513807012,-0.2204510202399672,-0.7209941305665706,0,0.0
16274,2.3446335935567792,-0.4242629202453546,-0.20623976135523578,-0.043664797313113755,0.1876089774959921,-0.4242629202453546,2.32638094826366,-0.21699048368122514,-1.349326552176049,0,0.0
17536,-0.21107038169757278,-0.4242629202453546,-0.2530234502512501,-0.5470179676360656,-0.6775607446672461,-0.4242629202453546,-0.9368076719787237,-0.725689357816308,-0.6694650936195735,0,0.0
16019,-0.7456819275415953,0.5975941572481545,0.23576199331900702,0.08434509159735538,0.48545429168333637,0.5975941572481545,-0.29018504216110846,-0.15667827508600646,0.8745320008591579,1,833.99
13484,0.6234452020589503,-0.4242629202453546,-0.21269004652727483,-0.11306444422957522,-0.6066451936702594,-0.4242629202453546,-0.6736472993785315,-0.5941889685841096,-0.7657261039654275,0,0.0
18093,-0.9543108234807262,-0.08364389441418492,0.0767790357071453,0.5425168668439075,-0.29461676928351777,-0.08364389441418492,-0.4982070509784033,0.6516041925630318,0.5077897330154233,1,89.64
15045,-0.5500923375986603,-0.25395340732976973,-0.14098735080457686,-0.014259097117680303,-0.5640958630720674,-0.25395340732976973,-0.7789114484186084,-0.5492019933204628,-0.20395634756380246,0,0.0
17521,0.07579435021873202,-0.4242629202453546,-0.23890590910791518,-0.3951250908803004,-0.6066451936702594,-0.4242629202453546,-0.6736472993785315,-0.34503033635468133,-0.6636381622613412,0,563.65
14555,1.4188428678268863,-0.4242629202453546,-0.23435416636991238,-0.3461521648085523,-0.5215465324738753,-0.4242629202453546,-0.35785485225830077,-0.4350042868819749,-1.1002820440787944,0,126.2
15704,-0.6935247035568127,0.08666561850139992,0.12381597690635693,0.3616785159218867,0.40035563048695233,0.08666561850139992,0.4447842841722855,0.14290531842794904,0.6489639879703729,1,0.0
13307,-0.9543108234807262,-0.4242629202453546,-0.2634764815577166,-0.6594837986074064,-0.7059269650660409,-0.4242629202453546,-1.0420718210188007,-0.732610430933792,-0.4503902052242668,0,0.0
18219,-0.5761709495910516,0.7679036701637393,-0.03365766496564428,-0.3744034901129182,-0.02513767549496814,0.7679036701637393,-0.5683831503384545,-0.48864260354247685,0.3844802013162914,0,702.64
17239,1.549235927788843,-0.4242629202453546,-0.20101324570200257,0.012568118172556616,-0.507363422274478,-0.4242629202453546,-0.30522277773826234,-0.22737209335745134,-0.9954315435982689,0,0.0
17731,-0.8499963755111608,-0.08364389441418492,-0.10222105193662787,-0.09944663033309961,-0.18115188768833898,-0.08364389441418492,-0.23504667837821117,-0.3427233119821866,0.10710931742936139,0,276.37
12654,0.04971573822634068,-0.08364389441418492,-0.2086193131973582,-0.4810319177572167,-0.45063098147688857,-0.08364389441418492,-0.7087353490585572,-0.5722722370454099,-0.4780680906221808,0,264.23
15528,0.7929561800094941,-0.4242629202453546,-0.2270472425347093,-0.26753580589053705,-0.35134921008110714,-0.4242629202453546,0.27373004198216055,-0.3208065804434869,-0.8507114720910971,0,0.0
14057,-1.0977431894388785,1.4491417218260785,0.485069339498062,-0.013484942075221832,1.4782720056411507,1.4491417218260785,-0.059606429978082874,0.32890915846033475,2.0158403449436935,1,1405.98
17265,-0.719603315549204,-0.25395340732976973,-0.1725419079110076,-0.18400935337645596,0.7832996058706807,-0.25395340732976973,2.115852650183506,-0.07337821649342968,0.1831629536273312,0,0.0
15981,-0.7326426215453997,0.4272846443325696,0.1517893084903934,0.06230910357776746,-0.28043365908412043,0.4272846443325696,-0.5508391254984417,0.0010233195195245904,0.3863422681516263,1,950.28
16912,-0.7717605395339867,0.5975941572481545,-0.004516653299080594,-0.28496866280277294,-0.010954565295570795,0.5975941572481545,-0.6285340926470699,-0.45725059333103096,0.3860953848916483,0,1017.0
14245,0.33658047014264547,-0.25395340732976973,0.021806289114455278,0.8615022707363071,0.797482716070078,-0.25395340732976973,1.747428128543237,0.9422892634973646,0.5319026005136765,1,0.0
13151,1.3275677258535166,-0.4242629202453546,-0.05222836741352271,1.6133683532519474,0.31525696929056823,-0.4242629202453546,2.8000696189440055,0.5097221936546074,-0.04890687646455325,0,0.0
17571,-0.6283281735758344,-0.08364389441418492,-0.1709204132985899,-0.3458290922317783,0.30107385909117085,-0.08364389441418492,0.2210979674621221,-0.186999166838794,0.1463336681841485,0,866.12
13655,-1.0325466594579003,-0.25395340732976973,-0.10745096694963555,0.16615255417463878,0.017411655103223903,-0.25395340732976973,0.3789941910222374,0.30035973185071274,0.31371790617894746,0,0.0
16442,0.4408949181122109,-0.25395340732976973,-0.1925267440250616,-0.29151937293426283,0.6840178344748993,-0.25395340732976973,1.5368998304630832,-0.13739814283015778,-0.3342289065564258,0,176.87
12378,-0.8369570695149651,-0.4242629202453546,0.41531107756635555,6.643699809258704,2.385991058402581,-0.4242629202453546,10.43172042434958,8.00524437988991,4.963680986858297,1,0.0
13131,-0.08067732173561605,-0.4242629202453546,-0.21080340185244914,-0.09276573327377231,-0.5215465324738753,-0.4242629202453546,-0.35785485225830077,-0.30350389764977664,-0.4046376498558117,0,748.4
14431,1.4188428678268863,-0.4242629202453546,-0.18607985821279702,0.17323881588218262,-0.4789972018756833,-0.4242629202453546,-0.19995862869818545,-0.2965828245322925,-0.9495252933421935,0,0.0
16484,-0.2632276056823555,-0.25395340732976973,-0.19730794354784048,-0.3172402170417735,-0.3655323202805045,-0.25395340732976973,-0.43680296403835844,-0.4003989212945543,-0.3843728954557388,0,0.0
14031,-0.8760749875035521,1.6194512347416634,1.3702609250877218,0.6673218195246949,0.7123840548736939,1.6194512347416634,-0.39024382119370915,0.20865551304404817,1.7584240769822719,1,7659.83
14479,0.7799168740132983,-0.25395340732976973,-0.2122736249549034,-0.397749293602965,-0.46481409167628596,-0.25395340732976973,-0.621015224858493,-0.5440111884823498,-1.0095334729327823,0,0.0
16693,1.0146243819448204,-0.4242629202453546,-0.23995121223856178,-0.40637167397743446,-0.4222647610780939,-0.4242629202453546,0.010569669381968322,-0.5734257492316572,-1.0326740108740224,0,324.45
17462,1.1841353598953641,-0.4242629202453546,-0.1872611357344221,0.16052926262607178,-0.5215465324738753,-0.4242629202453546,-0.35785485225830077,-0.21006941056374104,-0.7517089205124752,0,212.28
15027,-0.32842413566333384,-0.08364389441418492,-0.10167205533305247,-0.0974777163274767,-0.3371660998817098,-0.08364389441418492,-0.5508391254984417,-0.1431657037613945,-0.011082964807359992,0,99.18
16618,0.2192267161768844,0.08666561850139992,-0.0210528389219443,-0.027988157703328104,-0.09605322649195489,0.08666561850139992,-0.38417088951832,-0.0794341554712283,-0.012349778851223073,0,1206.3
13699,-0.4979351136138776,-0.4242629202453546,-0.21357727942840904,-0.12261032451689872,-0.5215465324738753,-0.4242629202453546,-0.35785485225830077,-0.5180571642917843,-0.4297731250464483,0,0.0
15298,-0.6674460915644214,0.4272846443325696,0.20430941700581007,0.15648780756189834,0.2868907488917735,0.4272846443325696,-0.296450765318256,0.2253814397446347,0.7449583845163487,1,2032.7
12562,-0.8760749875035521,-0.08364389441418492,0.006811713149309455,0.2915870060344093,0.03159476530262125,-0.08364389441418492,0.27373004198216055,0.14867287935918586,0.4656520492964663,0,2176.51
17594,0.7929561800094941,-0.4242629202453546,-0.21248608494080717,-0.11086998899111006,-0.5215465324738753,-0.4242629202453546,-0.35785485225830077,0.014865465754492829,-0.63769529652579,0,678.18
18032,1.8361006597051481,-0.4242629202453546,-0.25353335421741924,-0.5525041057322286,-0.6491945242684515,-0.4242629202453546,-0.8315435229386468,-0.6011100417015938,-1.413184649125971,0,0.0
16135,0.8972706279790594,-0.4242629202453546,-0.1780590688249572,0.25953576813482593,-0.4222647610780939,-0.4242629202453546,0.010569669381968322,-0.023200436391669826,-0.6505458978234901,0,0.0
14958,-0.602249561583443,-0.08364389441418492,-0.1838073862035701,-0.3920467578374534,-0.2520674386853257,-0.08364389441418492,-0.37539887709831365,-0.5988030173290991,-0.14012416325371344,0,0.0
12902,0.9233492399714508,-0.4242629202453546,-0.24245484071245205,-0.4333086120295946,-0.5782789732714647,-0.4242629202453546,-0.5683831503384545,-0.5180571642917843,-1.1805401346039088,0,0.0
14513,0.16706949219210174,-0.25395340732976973,-0.21208666016730807,-0.39674350161866845,-0.5782789732714647,-0.25395340732976973,-0.8052274856786276,-0.45403723795505624,-0.7737370260066772,0,0.0
13138,-0.7847998455301823,-0.08364389441418492,-0.18283516930807436,-0.388560012291892,-0.4080816508786965,-0.08364389441418492,-0.5157510758184162,-0.46614911591065344,-0.1216117958226057,0,472.94
16193,0.5582486720779719,-0.4242629202453546,-0.21257956733460484,-0.11187578097540662,-0.45063098147688857,-0.4242629202453546,-0.09469447965810857,0.01140492919575077,-0.7156556809508873,0,0.0
15221,2.2533584515834097,-0.4242629202453546,-0.19748640993599967,0.050513906671017114,-0.6491945242684515,-0.4242629202453546,-0.8315435229386468,-0.5976495051428518,-1.276998276590294,0,0.0
17887,-0.8499963755111608,-0.4242629202453546,-0.2471000658442525,-0.4832873300856392,-0.5782789732714647,-0.4242629202453546,-0.5683831503384545,-0.6426364804064985,-0.46996109554264587,0,0.0
14271,0.4148163061198195,-0.4242629202453546,-0.24693519689519117,-0.48151347876787987,-0.5782789732714647,-0.4242629202453546,-0.5683831503384545,-0.44192535999945903,-0.9462855300184047,0,0.0
14332,-0.602249561583443,-0.4242629202453546,-0.2457930120109724,-0.4692245294324748,-0.6917438548666435,-0.4242629202453546,-0.9894397464987621,-0.5803468223491414,-0.5303776973739451,0,721.17
14609,-0.6544067855682256,-0.08364389441418492,-0.18336037039322853,-0.39044358637157467,-0.6917438548666435,-0.08364389441418492,-1.0420718210188007,6.527595269307049,1.1172730525053696,0,115.2
13856,-0.32842413566333384,-0.08364389441418492,-0.19999343776966438,-0.45009619460385325,-0.5782789732714647,-0.08364389441418492,-0.8490875477786596,-0.17661755716256783,-0.26355356833018717,0,0.0
18040,0.675602426043733,-0.4242629202453546,-0.22540365208375754,-0.24985215409390513,-0.54991275287267,-0.4242629202453546,-0.4631190012983777,-0.41424106752952256,-0.8565822209283301,0,118.2
