CustomerID,Recency,Frequency,Monetary,ProductDiversity,AverageSpend,Decorations_Spend_Pct,Gadgets_Spend_Pct,Homeware_Spend_Pct,Kitchenware_Spend_Pct,Other_Spend_Pct,Stationery_Spend_Pct,Future_Spend,High_Value_Customer
12453,34,1,707.09,43,707.09,0.24438190329378157,0.0,0.0,0.14496033036812853,0.35588114667156934,0.25477661966652054,0.0,0
17732,272,1,303.97,18,303.97,0.25963088462677236,0.1164588610718163,0.17008257393821757,0.23028588347534293,0.22354179688785075,0.0,0.0,0
17556,105,1,157.9,6,157.9,0.0,0.4749841671944268,0.0,0.363837872070931,0.09468017732742241,0.06649778340721976,0.0,0
15804,8,4,2076.91,103,519.2275,0.11477627822101102,0.0584329605038254,0.10946068919693198,0.4319108675869441,0.18085521279208056,0.104563991699207,2129.48,1
13092,111,4,439.75,15,109.9375,0.12620807276861853,0.0,0.0,0.03376918703808983,0.735986355884025,0.10403638430926662,38.08,0
16303,15,2,4036.33,112,2018.165,0.27721222001174334,0.013764979573027974,0.022297483109656544,0.23241409894632006,0.33755911929896715,0.11675209906028497,1324.3,1
18246,133,1,232.9,2,232.9,0.8733361957921855,0.0,0.0,0.0,0.0,0.1266638042078145,363.2,0
15670,196,1,173.05,12,173.05,0.27564287778098817,0.0,0.2513724357122219,0.05778676683039584,0.31291534238659346,0.10228257728980064,0.0,0
12686,271,1,89.14,7,89.14,0.09535562037244784,0.0,0.0,0.0,0.5344402064168723,0.37020417321067983,0.0,0
14142,273,1,311.81,22,311.81,0.21352746865078093,0.07504570090760398,0.0,0.05067188351880953,0.4781437413809692,0.18261120554183638,0.0,0
13310,106,2,817.65,50,408.825,0.16825047391915857,0.21684094661529996,0.04268329970036079,0.2798630220754602,0.18008928025438758,0.11227297743533299,314.38,0
12866,183,1,559.12,26,559.12,0.03165688939762484,0.0,0.128058377450279,0.5818428959793962,0.12430247531835742,0.13413936185434253,0.0,0
13389,132,1,257.89,18,257.89,0.380511070611501,0.0,0.1727480708829346,0.0,0.44674085850556444,0.0,540.07,0
12724,73,2,280.36,15,140.18,0.472606648594664,0.08902839206734199,0.0,0.058852903409901555,0.1783421315451562,0.2011699243829362,751.0500000000001,0
14236,271,1,189.3,3,189.3,0.0,0.0,0.8367670364500792,0.0,0.16323296354992076,0.0,301.56,0
17147,106,2,973.11,42,486.555,0.22320189906588153,0.0,0.0,0.42383697629250544,0.3030181582760428,0.04994296636557018,741.48,0
17711,189,1,220.53000000000003,13,220.53000000000003,0.5381580737314651,0.0408107740443477,0.0,0.20201333151952114,0.13875663175078218,0.08026118895388383,164.57,0
16639,106,2,471.15000000000003,19,235.57500000000002,0.3603947787328876,0.11270296084049666,0.2188262761328664,0.15822986310092327,0.11227846757932716,0.03756765361349889,786.36,0
12524,62,6,3122.48,92,520.4133333333333,0.16253747021598217,0.010664599933386282,0.07823909200379185,0.2449014885603751,0.32652891291537495,0.17712843637108963,1363.24,1
14853,111,1,214.5,3,214.5,0.0,0.0,0.0,0.1832167832167832,0.8167832167832167,0.0,261.3,0
17180,141,3,564.86,77,188.28666666666666,0.2747052366958184,0.010445066034061538,0.014605388945933506,0.22733066600573593,0.3764649647700315,0.09644867754841907,231.17,0
13654,45,4,1714.27,100,428.5675,0.20647272599998834,0.05764552841734382,0.014525133147053847,0.10556680102900944,0.3981228161258145,0.21766699528079006,993.0600000000001,1
14857,48,1,522.52,29,522.52,0.11563193753349155,0.0,0.0685141238612876,0.15511367985914415,0.6417936155553855,0.018946643190691267,650.6,0
13873,19,3,389.6,21,129.86666666666667,0.37507700205338806,0.026694045174537988,0.1419917864476386,0.175564681724846,0.24011806981519504,0.04055441478439425,0.0,0
13148,33,10,2789.87,173,278.98699999999997,0.17092911139228711,0.14803557154992886,0.11729578797578383,0.10121260130400342,0.39771387197252916,0.06481305580546763,917.25,1
15745,136,1,302.85,18,302.85,0.5002476473501734,0.0,0.0,0.0392933795608387,0.4105993065874195,0.049859666501568436,791.74,0
15589,155,3,478.53000000000003,28,159.51000000000002,0.2296198775416379,0.036988276597078554,0.0,0.1733433640524105,0.44971057195996067,0.1103379098489123,0.0,0
14794,103,4,679.54,37,169.885,0.05959914059510846,0.0,0.24033905288871885,0.20558024546016423,0.46837566589163254,0.0261058951643759,640.37,0
17819,82,6,3468.47,36,578.0783333333333,0.05965742820321352,0.0,0.0,0.4260495261599495,0.511020709419427,0.0032723362174099826,236.39999999999998,1
14867,85,3,710.28,31,236.76,0.508362899138368,0.04603818212535902,0.08447372867038351,0.04479923410486006,0.31632595596102947,0.0,0.0,0
15951,185,1,375.16999999999996,22,375.16999999999996,0.3775621718154437,0.027720766585814436,0.08702721432950396,0.08476157475277875,0.4229282725164592,0.0,333.05,0
13777,29,24,12360.24,35,515.01,0.18501906111855435,0.1282475097570921,0.20616104541659383,0.14548503912545388,0.3251846242467784,0.009902720335527465,13616.92,1
16297,168,1,301.9,20,301.9,0.36816826763829086,0.0,0.10599536270288176,0.10549850944021201,0.33607154686982443,0.08426631334879099,0.0,0
15133,27,3,982.42,27,327.4733333333333,0.15068911463528836,0.0,0.34119826550762405,0.10189124814234238,0.4015797723987704,0.004641599315974838,0.0,0
13494,211,1,316.26000000000005,18,316.26000000000005,0.06450388920508442,0.05533421868083222,0.037627268702965906,0.05644090305444887,0.44251565167899826,0.34357806867767027,0.0,0
16777,157,1,177.25,35,177.25,0.07136812411847672,0.09985895627644571,0.3856135401974612,0.177771509167842,0.25833568406205926,0.007052186177715092,49.1,0
12962,13,1,170.54000000000002,11,170.54000000000002,0.0,0.0,0.0,0.19115749970681364,0.8088425002931863,0.0,95.85000000000001,0
12571,21,1,248.35,14,248.35,0.5858667203543386,0.07972619287296154,0.0,0.05979464465472117,0.0,0.2746124421179787,271.26,0
17660,41,1,196.0,37,196.0,0.7326530612244898,0.12168367346938776,0.012755102040816327,0.0,0.07147959183673469,0.06142857142857142,0.0,0
16626,13,7,2165.34,74,309.3342857142857,0.12933303776774085,0.09361116499025555,0.05620364469321215,0.2906933784070862,0.43015877414170517,0.0,2247.7599999999998,1
14285,76,1,5.9,1,5.9,0.0,1.0,0.0,0.0,0.0,0.0,1904.1100000000001,0
16801,63,4,1619.73,72,404.9325,0.3270298136109105,0.0,0.30535953523118053,0.15766825335086712,0.17046050885024047,0.03948188895680144,0.0,0
12971,7,61,7854.76,80,128.7665573770492,0.2579111265016372,0.13641537106162377,0.05167567182192708,0.007180359425367548,0.18222708268616739,0.36459038850327696,3335.15,1
15985,23,2,1142.42,29,571.21,0.22173981547942087,0.1071409814253952,0.0,0.3301762924318552,0.22749951856585146,0.11344339209747727,0.0,0
12393,145,3,1061.1000000000001,33,353.70000000000005,0.22632174158891713,0.0,0.016021110168692863,0.15262463481292995,0.5759117896522477,0.029120723777212323,521.5,0
17298,1,2,498.42,30,249.21,0.42297660607519766,0.01998314674371012,0.03190080654869387,0.15870149672966571,0.30042935676738497,0.0660085871353477,0.0,0
12379,70,1,459.84,20,459.84,0.09981732776617955,0.0,0.0,0.41036012526096033,0.2810542797494781,0.20876826722338207,392.40000000000003,0
16743,12,6,1885.8600000000001,82,314.31,0.3918954747436183,0.03286033957982035,0.042267188444529286,0.11292990996150297,0.40771849447997194,0.012328592790557093,352.23,1
17718,132,1,139.35,6,139.35,0.6017222820236814,0.0,0.0,0.0,0.3982777179763186,0.0,0.0,0
13939,8,2,390.21,32,195.105,0.5779964634427616,0.06458061044053202,0.0,0.08733758745290997,0.18766817867302224,0.08241715999077419,178.34,0
14262,7,3,855.0,42,285.0,0.0,0.09263157894736841,0.14035087719298245,0.11064327485380117,0.42093567251461983,0.23543859649122806,1763.23,0
13563,40,1,310.88,39,310.88,0.07221435923829131,0.04857179619145651,0.47413793103448276,0.1307578486875965,0.25482501286670095,0.019493051981471953,466.65,0
17455,103,1,131.7,8,131.7,0.5011389521640092,0.0,0.0,0.1343963553530752,0.36446469248291574,0.0,0.0,0
13570,143,1,239.49,27,239.49,0.46068729383272783,0.0,0.075786045346361,0.03724581402146227,0.19470541567497596,0.23157543112447282,0.0,0
13064,52,2,659.25,31,329.625,0.10053849070913917,0.2241183162684869,0.14895714827455442,0.022753128555176336,0.42882062950322336,0.07481228668941979,460.24,0
13534,7,21,4371.53,101,208.16809523809522,0.1522464674839244,0.01476599725954071,0.13046461993855699,0.10018231603122935,0.5781271088154492,0.02421349047129952,1498.55,1
15313,10,1,52.0,1,52.0,0.0,0.0,0.0,1.0,0.0,0.0,0.0,0
13132,161,1,77.3,3,77.3,0.0,0.0,0.7800776196636481,0.0,0.2199223803363519,0.0,0.0,0
12413,136,2,563.9,25,281.95,0.08778152154637348,0.0,0.02926050718212449,0.4048590175563043,0.28231956020571025,0.1957793935094875,194.20000000000002,0
12481,79,8,4101.76,112,512.72,0.08310822671243563,0.04170404899360274,0.10805361600873771,0.1837308862537057,0.41810832423154937,0.16529489779996878,1494.56,1
15106,41,3,1032.83,67,344.27666666666664,0.17618581954435872,0.1397132151467328,0.08573530977992506,0.2187581693018212,0.2592972706060049,0.1203102156211574,389.69,0
13626,152,1,257.23,19,257.23,0.20526377172180535,0.0,0.0,0.17303580453290826,0.42732185203903117,0.19437857170625508,0.0,0
15172,35,3,886.74,60,295.58,0.1865259264271376,0.039921510251031876,0.039244874484065224,0.02858786115434062,0.41145093262963217,0.29426889505379256,737.31,0
13305,15,6,1085.75,27,180.95833333333334,0.2506101772967994,0.02763067004374856,0.314621229564817,0.0,0.14409394427814873,0.2630439788164863,915.11,0
12816,76,1,318.65000000000003,15,318.65000000000003,0.05554683822375647,0.0,0.053350070610387566,0.25356974737172444,0.35540561744861127,0.28212772634552014,253.55,0
15855,36,5,712.24,59,142.448,0.33373581938672353,0.035044367067280695,0.046894305290351566,0.023517353700999662,0.4552678872290239,0.10554026732562058,0.0,0
15755,8,3,1144.83,65,381.60999999999996,0.3759946891678241,0.024807176611374614,0.09158565027121932,0.12010516845295809,0.2711581632207402,0.11634915227588376,1219.42,0
15139,139,2,178.96,13,89.48,0.2531291908806437,0.0,0.0,0.2144613321412606,0.33024139472507824,0.20216808225301747,0.0,0
17967,271,1,123.07,41,123.07,0.1011619403591452,0.047940196636060785,0.06175347363289185,0.09547412041927358,0.48005200292516453,0.21361826602746406,0.0,0
15912,78,2,264.62,19,132.31,0.5797747713702669,0.0,0.0,0.1165822689139143,0.1140881263698889,0.18955483334592999,0.0,0
13255,273,1,225.7,6,225.7,0.0,0.0664599025254763,0.43110323438192294,0.0,0.3987594151528578,0.10367744793974303,173.81,0
17492,148,1,374.57,12,374.57,0.3445550898363457,0.027765170729102708,0.18020663694369543,0.0,0.29049309875323703,0.15698000373761914,0.0,0
17188,64,5,1815.09,51,363.018,0.2767686450809602,0.012671547967318425,0.06092259887939441,0.32462853081665377,0.24607044278796092,0.07893823446771235,659.14,1
14288,113,1,426.6,16,426.6,0.07032348804500703,0.0,0.0,0.5731364275668073,0.1891701828410689,0.16736990154711673,0.0,0
17122,19,1,138.32,7,138.32,1.0,0.0,0.0,0.0,0.0,0.0,0.0,0
17956,149,1,12.75,1,12.75,0.0,0.0,0.0,0.0,1.0,0.0,0.0,0
18079,26,2,2206.18,59,1103.09,0.00711637309739006,0.0,0.4509468855669075,0.011105168209302959,0.07139036705980474,0.4594412060665948,1445.79,1
14546,101,2,874.88,126,437.44,0.22480797366495978,0.14065929041697148,0.1935122531089978,0.11168388807607901,0.21079462326261886,0.11854197147037308,1703.21,0
16515,50,3,987.61,63,329.2033333333333,0.20876661840200078,0.22164619637306224,0.02014965421573293,0.08346412045240531,0.36325067587407983,0.10272273468271888,639.52,0
15469,20,1,304.3,16,304.3,0.1998028261583963,0.11633256654617155,0.23923759447913243,0.0,0.2720999014130792,0.1725271114032205,234.25,0
18200,5,1,163.8,29,163.8,0.20299145299145296,0.06959706959706959,0.08638583638583638,0.3848595848595848,0.2068376068376068,0.04932844932844933,0.0,0
14161,115,3,1110.52,87,370.17333333333335,0.3332402838309981,0.03106652739257285,0.11413572020314808,0.07109282138097468,0.26474084212801213,0.1857238050642942,0.0,0
13750,40,4,1316.63,16,329.1575,0.01503839347424865,0.0,0.9173875728184836,0.021304390755185584,0.046269642952082204,0.0,330.63,0
14344,27,8,889.9300000000001,56,111.24125000000001,0.4630139449170159,0.17681165934399337,0.0805681345723821,0.08983852662568965,0.18162102637286076,0.008146708168058162,0.0,0
13470,15,1,115.5,7,115.5,0.42857142857142855,0.0,0.0,0.14285714285714285,0.42857142857142855,0.0,49.5,0
13983,87,8,1681.06,65,210.1325,0.11869891616004188,0.04854080163706233,0.0,0.17661475497602705,0.47039368017798294,0.1857518470488858,922.37,1
15224,258,2,322.08,13,161.04,0.17427347242921012,0.0,0.2906110283159463,0.11037630402384503,0.37071535022354696,0.05402384500745156,0.0,0
13725,69,7,1865.7,86,266.5285714285714,0.12337460470600847,0.0,0.151900091118615,0.2363884868949992,0.47901055903950257,0.009326258240874737,114.86,1
14844,23,3,2257.6800000000003,64,752.5600000000001,0.17851954218489777,0.013598029835937777,0.10536479926296019,0.4515963289748768,0.16827008256263062,0.0826512171786967,932.13,1
16679,266,1,129.75,3,129.75,0.0,0.7861271676300579,0.0,0.09826589595375723,0.11560693641618497,0.0,0.0,0
17552,271,2,298.52,13,149.26,0.15074366876591183,0.0,0.07972665148063782,0.05024788958863728,0.65228460404663,0.06699718611818305,631.89,0
15232,13,2,612.06,26,306.03,0.29631081920073193,0.0,0.1960592098813842,0.13701271117210734,0.3706172597457766,0.0,0.0,0
14388,21,5,1835.1100000000001,80,367.02200000000005,0.20772596738070195,0.027878437804818235,0.017655617374435318,0.27893150819296936,0.4284102860319,0.03939818321517511,1377.73,1
12707,191,1,603.42,33,603.42,0.0288356368698419,0.0,0.029332803022770217,0.3203407245368069,0.5253389015942461,0.0961519339763349,0.0,0
13270,266,1,590.0,1,590.0,0.0,0.0,0.0,0.0,1.0,0.0,0.0,0
17800,17,6,765.3,36,127.55,0.639030445576898,0.0,0.009800078400627205,0.00431203449627597,0.24591663399973868,0.10094080752646022,433.71000000000004,0
16573,190,1,292.63,16,292.63,0.5656631240816048,0.060485937873765515,0.05809383863581998,0.12097187574753103,0.19478522366127876,0.0,370.98,0
13544,140,1,122.91,42,122.91,0.22178830038239364,0.04678219835652103,0.18314213652265887,0.2248799934911724,0.3234073712472541,0.0,168.5,0
13814,37,1,617.54,31,617.54,0.38426660621174336,0.0,0.09715969815720439,0.17537325517375396,0.2581857045697445,0.08501473588755384,961.58,0
13709,1,5,2939.21,125,587.842,0.20645003249172394,0.008641777892699059,0.1091994107260114,0.23907104289928247,0.3556772057797844,0.08096053021049875,3388.84,1
17758,52,4,1436.2,172,359.05,0.15181033282272663,0.011920345355800029,0.09092744743071995,0.07588775936499095,0.45116279069767445,0.218291324328088,2020.5,0
14562,26,6,1985.3500000000001,103,330.8916666666667,0.3347621326214521,0.08849824967889791,0.0651774246354547,0.1196363361623895,0.27995567532173166,0.11197018158007405,3089.42,1
15339,218,1,257.9,40,257.9,0.5323768902675456,0.0,0.05874369910818147,0.19872043427685152,0.1843737882900349,0.02578518805738659,316.17,0
17596,36,4,1738.73,112,434.6825,0.1943717540963807,0.004112196833320873,0.01753578761509838,0.048017806099854496,0.37523939887159014,0.3607230564837554,1089.2,1
17107,54,3,6334.06,179,2111.3533333333335,0.08731840241488081,0.10298449967319538,0.552265055904112,0.07682276454596262,0.15851444413219956,0.02209483332964954,4481.37,1
15128,26,3,1170.24,66,390.08,0.1065764287667487,0.017022149302707134,0.20824788077659281,0.1672562893081761,0.25600731473885696,0.24488993710691823,300.76,0
14673,267,1,373.49,15,373.49,0.29411764705882354,0.40483011593349216,0.0,0.08514284184315511,0.2024150579667461,0.013494337197783073,1362.91,0
14897,196,1,175.5,10,175.5,0.0,0.0,0.0,0.2564102564102564,0.7435897435897436,0.0,1190.88,0
16698,126,2,1998.0,4,999.0,0.13213213213213212,0.0,0.0,0.0,0.0,0.8678678678678678,0.0,1
12792,156,1,400.53999999999996,25,400.53999999999996,0.28798621860488344,0.0,0.0,0.10660608178958408,0.30171768113047387,0.3036900184750587,0.0,0
13233,236,1,304.24,17,304.24,0.34551669734420193,0.0,0.35103865369445175,0.05127530896660531,0.14173021298974492,0.11043912700499606,300.88,0
13235,112,1,1031.07,53,1031.07,0.16389769850737584,0.0,0.10445459571125144,0.3130534299320124,0.3961418720358463,0.022452403813514116,0.0,0
16326,17,7,1224.92,74,174.98857142857145,0.07782549064428697,0.028981484505110535,0.5272997420239689,0.1380906508180126,0.21445482153936582,0.013347810469255135,1886.04,0
16084,199,1,436.18,38,436.18,0.5218717043422441,0.00962905222614517,0.0,0.023155577972396715,0.356389563941492,0.08895410151772204,0.0,0
14340,118,1,134.7,6,134.7,0.22271714922048996,0.0,0.3674832962138085,0.0,0.0,0.4097995545657016,0.0,0
12939,38,4,7990.08,20,1997.52,0.01018262645680644,0.0,0.5294965757539349,0.3871050102126637,0.07321578757659498,0.0,3591.72,1
16518,184,1,190.7,11,190.7,0.2674357629785003,0.0,0.10382800209753539,0.0,0.5217619297325643,0.10697430519140012,293.62,0
15899,268,1,56.25,4,56.25,0.5973333333333334,0.0,0.0,0.22666666666666666,0.17599999999999996,0.0,0.0,0
15514,125,6,2561.94,50,426.99,0.04688634394248109,0.032202159301154595,0.233397347322732,0.23562222378353903,0.4254939616072196,0.026397964042873756,1577.52,1
15920,54,4,167.5,53,41.875,0.32644776119402985,0.10805970149253732,0.11456716417910447,0.11671641791044776,0.2151044776119403,0.11910447761194029,0.0,0
18180,36,2,601.85,42,300.925,0.15965772202376008,0.08301071695605217,0.008374179612860346,0.18559441721359143,0.1875218077594085,0.3758411564343275,1241.9,0
17554,22,2,1249.89,51,624.945,0.21173863299970394,0.0,0.14573282448855499,0.0738464984918673,0.30190656777796443,0.2667754762419093,702.5600000000001,0
13489,5,4,449.52,11,112.38,0.0,0.8267485317672184,0.0,0.17325146823278162,0.0,0.0,0.0,0
17291,208,1,550.8000000000001,1,550.8000000000001,0.0,0.0,0.0,1.0,0.0,0.0,0.0,0
14062,12,9,7801.79,57,866.8655555555556,0.4116209228907725,0.028158922503681846,0.17340892282412115,0.050250006729224965,0.3063989161461665,0.0301623089060331,2663.0600000000004,1
17848,28,8,821.5999999999999,41,102.69999999999999,0.31977848101265827,0.0,0.03493184031158716,0.2169547224926972,0.19148003894839338,0.2368549172346641,79.6,0
17486,161,1,396.87,24,396.87,0.49746768463224733,0.0,0.2519716783833497,0.012699372590520825,0.2378612643938821,0.0,0.0,0
17857,9,13,13692.92,11,1053.3015384615385,0.02410004586311758,0.0,0.7471978219400975,0.0,0.21175906965059316,0.016943062546191753,13186.12,1
15919,268,1,270.72,38,270.72,0.1704713356973995,0.0,0.07092198581560283,0.33854166666666663,0.19762115839243496,0.22244385342789597,369.17,0
14709,12,8,3364.44,64,420.555,0.09414048103101853,0.0037153285539346815,0.08506616257088846,0.09644992926014433,0.7001194849662946,0.020508613617719443,1556.6000000000001,1
14419,152,2,307.56,45,153.78,0.06681623097932111,0.0,0.24938223436077514,0.11887111457926909,0.35586552217453504,0.2090648979060996,750.5,0
14682,87,2,52.0,1,26.0,0.0,1.0,0.0,0.0,0.0,0.0,0.0,0
12622,132,1,180.1,11,180.1,0.3931149361465852,0.056635202665186006,0.0,0.0824541921154914,0.2695724597445863,0.19822320932815105,0.0,0
17306,28,14,6123.32,9,437.38,0.0,0.0,0.2596630586021962,0.3475761514995134,0.3927607898982905,0.0,2507.9900000000002,1
14371,195,1,100.5,4,100.5,0.40895522388059696,0.0,0.0,0.5910447761194031,0.0,0.0,0.0,0
15845,44,5,2526.76,73,505.35200000000003,0.2617818866849246,0.06836422928968323,0.13998163656223778,0.20920071554085073,0.23442669663917426,0.08624483528312939,1185.01,1
15396,12,1,288.18,14,288.18,0.046151710736345344,0.029495454229995142,0.0412936359219932,0.2446387674370185,0.5347352349226178,0.10368519675202996,0.0,0
17198,265,2,521.66,73,260.83,0.1477974159414178,0.0419813671740214,0.1691714910094698,0.08837173638001765,0.45819115899244717,0.09448683050262624,170.56,0
14242,134,2,280.55,13,140.275,0.423097487078952,0.1261807164498307,0.056674389591873105,0.143646408839779,0.12350739618606309,0.126893601853502,0.0,0
15363,272,1,326.0,16,326.0,0.1596625766871166,0.15184049079754602,0.30736196319018405,0.12423312883435583,0.14003067484662576,0.11687116564417178,0.0,0
13936,79,1,376.58,26,376.58,0.2625205799564502,0.012427638217642997,0.08391311275160657,0.16410855595092677,0.2501460513038398,0.2268840618195337,0.0,0
14329,8,4,3485.03,169,871.2575,0.40090329208069947,0.028321133534001144,0.07299793689006981,0.13000461975937078,0.2846919538712722,0.08308106386458654,1529.81,1
15585,76,1,455.3,31,455.3,0.38229738633867777,0.08117724577201843,0.06654952778387875,0.10375576542938722,0.3662200746760378,0.0,0.0,0
16752,272,1,207.5,9,207.5,0.43734939759036146,0.0,0.0,0.0,0.0819277108433735,0.4807228915662651,0.0,0
12704,5,3,1100.92,40,366.97333333333336,0.09237728445300294,0.14298949969116737,0.043327398902735896,0.06585401300730298,0.41210987174363256,0.24334193220215816,1239.92,0
12974,97,1,144.8,8,144.8,0.0,0.0,0.3294198895027624,0.0,0.5075966850828729,0.16298342541436464,0.0,0
16665,262,1,135.39999999999998,9,135.39999999999998,0.4409158050221566,0.0,0.11078286558345644,0.14290989660265882,0.30539143279172826,0.0,0.0,0
13284,230,1,201.19,13,201.19,0.10760972215318852,0.0,0.0,0.381977235449078,0.4853620955315871,0.02505094686614643,0.0,0
16832,84,3,199.15,11,66.38333333333334,0.03916645744413759,0.0,0.24253075571177501,0.37660055234747675,0.3417022344966106,0.0,0.0,0
16565,264,1,173.7,3,173.7,0.0,0.0,0.0,0.0,1.0,0.0,0.0,0
15160,257,1,158.16,4,158.16,0.0,0.15933232169954478,0.0,0.6714719271623673,0.169195751138088,0.0,0.0,0
12942,31,3,683.9,68,227.96666666666667,0.3382365842959497,0.018277525954086854,0.07194034215528587,0.12671443193449336,0.39211873080859777,0.05271238485158649,0.0,0
14457,210,1,113.64,4,113.64,0.29567053854276665,0.0,0.0,0.0,0.6599788806758183,0.044350580781414996,0.0,0
13705,44,2,522.68,20,261.34,0.30435448075304206,0.03482054029233949,0.045534552689982404,0.02869824749368639,0.5865921787709497,0.0,189.18,0
14775,37,2,701.46,39,350.73,0.22239329398682747,0.012830382345393892,0.028740056453682317,0.08964160465315199,0.47959969207082365,0.1667949704901206,310.44,0
16097,140,1,185.04999999999998,10,185.04999999999998,0.0,0.0,0.0,0.0,0.8378816536071332,0.16211834639286682,0.0,0
13183,1,6,2394.98,50,399.16333333333336,0.9035023256979183,0.0,0.008350800424220662,0.03943665500338207,0.04157028451177045,0.007139934362708666,1562.8000000000002,1
17674,268,1,300.66,11,300.66,0.0,0.0,0.0,0.16763121133506287,0.0,0.8323687886649371,250.38,0
17029,10,2,716.0,1,358.0,0.0,0.0,0.0,1.0,0.0,0.0,0.0,0
13196,162,1,512.13,34,512.13,0.12858063382344326,0.0,0.09724093491886825,0.10222013941772598,0.3500087868314686,0.321949505008494,1285.65,0
15867,13,12,2949.91,253,245.82583333333332,0.16417789017292053,0.017953090094274062,0.3029583953408748,0.1316650338484903,0.23796658203131624,0.1452790085121241,862.73,1
12689,27,1,511.03,34,511.03,0.21711054145549186,0.03874527914212472,0.0,0.25477956284366865,0.30467878598125353,0.1846858305774612,736.5799999999999,0
17508,180,1,387.31,22,387.31,0.4143967364643309,0.0,0.0,0.03808318917662854,0.4861738658955359,0.06134620846350468,0.0,0
15372,37,1,2007.3999999999999,27,2007.3999999999999,0.1274683670419448,0.0,0.0602570489189997,0.2174354886918402,0.376128325196772,0.21871077015044335,0.0,1
13488,20,9,6596.38,231,732.9311111111111,0.19298160506217046,0.08887601987756921,0.03926395992953711,0.2859629069277391,0.34266673539122977,0.05024877281175432,2371.93,1
12715,6,1,353.86,20,353.86,0.07319278810829141,0.055954332221782616,0.05934550387158763,0.17662352342734414,0.40880574238399364,0.2260781099870005,0.0,0
12970,222,2,23.8,8,11.9,0.0,0.0,0.25,0.41596638655462187,0.21218487394957983,0.12184873949579832,428.44,0
13870,1,5,2179.4700000000003,82,435.89400000000006,0.27967349860287133,0.05805998706107447,0.13902462525292844,0.05903270061069892,0.14317701092467433,0.32103217754775243,591.47,1
14542,85,1,103.25,5,103.25,0.3457627118644068,0.0,0.0,0.16464891041162227,0.489588377723971,0.0,0.0,0
12802,86,1,427.58,25,427.58,0.03578277749193133,0.0926142476261752,0.02357453575939006,0.21984190093081998,0.4990878899854998,0.12909864820618364,0.0,0
16250,161,2,389.44,22,194.72,0.39325698438783896,0.026191454396055875,0.08088537387017256,0.11000410846343468,0.38966207888249793,0.0,0.0,0
13999,15,8,2561.94,86,320.2425,0.1912105669922012,0.040266360648571003,0.09758230091258968,0.24660999086629662,0.2907679336752617,0.13356284690507975,1339.8700000000001,1
13890,7,2,501.11,25,250.555,0.430384546307198,0.0,0.1496677376224781,0.15425754824290078,0.2518010017760572,0.013889166051365965,1382.7,0
14616,142,3,406.08000000000004,2,135.36,0.0,0.0,0.9751773049645389,0.0,0.0,0.02482269503546099,0.0,0
14012,177,1,328.8,11,328.8,0.6161800486618004,0.0,0.07177615571776155,0.0,0.312043795620438,0.0,0.0,0
13043,173,1,516.42,13,516.42,0.1833778707253786,0.0,0.1316757677859107,0.22098292087835486,0.46396344061035594,0.0,0.0,0
16869,65,2,387.68,56,193.84,0.2954756500206356,0.05979158068510111,0.09347915806851012,0.12871440363186132,0.28827899298390425,0.1342602146099876,437.74,0
14339,142,1,309.52,14,309.52,0.20160248126130786,0.05718531920392868,0.0,0.32779788058929954,0.41341431894546393,0.0,0.0,0
16949,85,4,893.75,32,223.4375,0.10707692307692307,0.033566433566433566,0.034573426573426574,0.5594405594405595,0.14924755244755245,0.11609510489510488,392.52,0
16266,15,6,761.12,37,126.85333333333334,0.4057835820895523,0.0844282110573891,0.1774358839604793,0.15175005255413077,0.16503310910237545,0.015569161236073157,100.77,0
15581,20,13,3679.9700000000003,134,283.0746153846154,0.06454943926173311,0.0029592632548634907,0.0209784318893904,0.03743237037258456,0.8588874365823634,0.01519305863906499,0.0,1
17090,127,3,649.05,13,216.35,0.5939912179339034,0.010353593713889532,0.0,0.04622140050843541,0.3494337878437717,0.0,1394.9,0
14188,9,4,1383.46,25,345.865,0.16155147239529874,0.028190189813944746,0.0,0.2954910152805285,0.4919983230451187,0.022768999465109217,670.9,0
13824,35,4,1429.84,26,357.46,0.4307055334862642,0.04657863816930566,0.03643764337268506,0.07448385833379959,0.4117943266379455,0.0,269.1,0
12355,114,1,459.4,13,459.4,0.27492381367000435,0.0,0.0,0.20178493687418375,0.523291249455812,0.0,0.0,0
14040,17,9,2485.91,121,276.2122222222222,0.09749749588681811,0.11176189001210825,0.25938992159812707,0.08023218861503434,0.4190779231750144,0.0320405807128979,1129.01,1
15971,8,7,2109.45,9,301.34999999999997,0.24328616464007205,0.0,0.07466401194624192,0.5924293062172605,0.07888312119272797,0.010737396003697648,2090.4,1
14222,77,1,683.17,41,683.17,0.18266317314870384,0.044498441090797314,0.0,0.07523749579167703,0.38783904445452816,0.3097618455142937,0.0,0
13055,113,1,344.86,22,344.86,0.2972220611262541,0.02957721974134431,0.18517659340022036,0.04306095227048658,0.32665429449631733,0.11830887896537724,869.55,0
18081,12,2,208.05,7,104.025,0.0,0.0,0.0,0.9387166546503244,0.061283345349675555,0.0,135.4,0
16770,136,4,656.48,82,164.12,0.3370552035096271,0.17647148427979528,0.011988179380940775,0.10388739946380697,0.3059956129661224,0.06460212039970753,113.62,0
13952,117,2,3251.071,120,1625.5355,0.18220457197028303,0.0,0.1899684750040833,0.34346220061019894,0.21702694281361434,0.06733780960182045,0.0,1
17250,161,1,162.65,23,162.65,0.40670150630187524,0.07254841684598833,0.12265600983707346,0.14202274823240085,0.13864125422686752,0.11743006455579466,221.87,0
17877,70,1,237.61,12,237.61,0.0,0.0,0.335002735575102,0.13050797525356675,0.281553806657969,0.2529354825133622,0.0,0
14147,185,1,182.8,2,182.8,0.0,0.0,0.0,0.0,0.7439824945295405,0.2560175054704595,300.6,0
12674,70,2,976.8,30,488.4,0.35687960687960685,0.12297297297297297,0.06142506142506143,0.023955773955773956,0.3022727272727273,0.13249385749385748,993.8000000000001,0
17749,78,2,674.52,33,337.26,0.5492646622783609,0.0,0.09517879380893081,0.02775306884895926,0.25493684397793986,0.07286663108580918,0.0,0
14305,13,2,1048.45,62,524.225,0.3124803281033907,0.03118889789689542,0.10810243693070723,0.18079069102007725,0.28634651151700125,0.08109113453192808,810.51,0
13748,132,3,580.85,11,193.61666666666667,0.07385727812688302,0.0,0.0,0.0,0.22372385297408967,0.7024188688990273,367.4,0
17970,110,1,582.59,27,582.59,0.03664669836420124,0.21733981015808715,0.11826498910039648,0.07835699205273004,0.24943785509535005,0.29995365522923495,0.0,0
14491,75,2,340.93,17,170.465,0.13727158067638517,0.058076437978470646,0.1234270964714164,0.08975449505763645,0.5474730883172498,0.0439973014988414,0.0,0
12817,181,1,166.04,4,166.04,0.16285232474102626,0.0,0.0,0.357745121657432,0.23849674777162128,0.24090580582992052,0.0,0
15532,31,3,1225.79,165,408.59666666666664,0.2131523344129092,0.028185904600298586,0.19873714094583902,0.09907896132290198,0.36268039386844403,0.09816526484960719,355.14,0
12721,82,4,1698.91,88,424.7275,0.09610279532170625,0.07198733305472331,0.011719278831721512,0.17463550158631122,0.3116468794697777,0.33390821173575996,957.22,1
17002,115,2,993.52,24,496.76,0.1483613817537644,0.09735083340043482,0.035630888155246,0.08172960785892584,0.6012964006763829,0.035630888155246,500.21,0
15049,173,1,121.17000000000002,3,121.17000000000002,0.0,0.0,0.0,0.0,0.0,1.0,0.0,0
18101,43,1,110.23,13,110.23,0.05307085185521183,0.0,0.3370225891318153,0.0,0.5831443345731652,0.026762224439807674,113.42,0
12501,236,1,2169.39,149,2169.39,0.10107910518625052,0.009126989614592119,0.02977795601528541,0.3252158440852037,0.24215101941098655,0.29264908568768183,0.0,1
16008,104,1,139.15,6,139.15,0.3363277039166367,0.3758533956162414,0.2285303629177147,0.0,0.0,0.05928853754940711,339.63,0
17429,28,3,524.9200000000001,36,174.97333333333336,0.2652594681094262,0.027889964185018667,0.25062866722548194,0.2131372399603749,0.1398308313647794,0.10325382915491883,0.0,0
17060,166,1,234.24,5,234.24,0.2843237704918033,0.6516393442622951,0.0,0.06403688524590163,0.0,0.0,0.0,0
14687,6,1,628.38,15,628.38,0.3504249021292848,0.5266876730640695,0.0,0.0,0.10713262675451159,0.01575479805213406,0.0,0
14716,48,1,188.56,19,188.56,0.03309291472210437,0.0,0.3158676283411116,0.11603733559609675,0.36237802291047944,0.17262409843020787,141.12,0
17866,42,1,329.65,9,329.65,0.08008493857121189,0.0,0.2922796905809192,0.0,0.627635370847869,0.0,0.0,0
17995,181,1,76.1,2,76.1,0.0,0.0,0.0,0.0,0.0,1.0,0.0,0
17463,76,3,1245.64,103,415.21333333333337,0.36045727497511315,0.09208920715455507,0.08196589704890657,0.09848752448540508,0.2694598760476542,0.09754022028836581,650.77,0
15364,154,1,331.80000000000007,3,331.80000000000007,0.0,0.0,0.0,0.0,0.7160940325497287,0.28390596745027125,581.39,0
17268,7,4,763.64,3,190.91,0.0,0.7804724739406003,0.0,0.21952752605939974,0.0,0.0,0.0,0
12515,253,1,383.7,16,383.7,0.08405003909304144,0.023455824863174355,0.0,0.10711493354182956,0.45074276778733385,0.33463643471462085,0.0,0
16745,19,15,5910.93,136,394.062,0.26951596449289705,0.006987056182360475,0.030418225220058433,0.25318858453745857,0.4131515683657225,0.026738601201502978,1283.37,1
18125,101,3,945.14,146,315.0466666666667,0.36387201896015403,0.07083606661446981,0.024832299976723024,0.11532682988763569,0.27820217110692597,0.14693061345409147,197.85,0
16997,187,3,702.0,7,234.0,0.1388888888888889,0.0,0.0,0.19444444444444445,0.6666666666666666,0.0,0.0,0
14901,1,5,822.12,50,164.424,0.20920303605313095,0.031017369727047148,0.07298204641658151,0.2929012796185472,0.3237970126015667,0.07009925558312655,599.17,0
15366,258,1,105.54,8,105.54,0.0,0.0,0.42637862421830586,0.0,0.42637862421830586,0.14724275156338829,496.97,0
15512,55,2,121.0,7,60.5,0.5859504132231406,0.12396694214876033,0.0,0.0,0.12644628099173552,0.1636363636363636,0.0,0
13090,36,9,4912.02,56,545.7800000000001,0.16869638152939115,0.022451048652082035,0.07354204583857557,0.22093965415450262,0.5011787411289041,0.013192128696544394,3998.8,1
17189,5,2,384.40000000000003,52,192.20000000000002,0.16906867845993756,0.04877731529656607,0.054578563995837666,0.2421956295525494,0.3707596253902185,0.11462018730489074,0.0,0
13650,107,2,745.52,33,372.76,0.07524949028865759,0.08023929606180921,0.18993454233286836,0.29234628178989164,0.2672631183603391,0.09496727116643418,1090.82,0
12714,6,4,3389.7,167,847.425,0.16738354426645427,0.04552615275688114,0.05235861580670856,0.2413635424963861,0.24434315721155267,0.2490249874620173,1319.16,1
14390,44,4,1592.66,95,398.165,0.11821104316049877,0.1001845968379943,0.0862896035563146,0.27779940476937953,0.3881556641091005,0.029359687566712294,3060.16,0
17949,5,28,44985.6,22,1606.6285714285714,0.05761843790012804,0.0,0.015098164746052072,0.6268672641912079,0.30041613316261206,0.0,13184.88,1
14049,58,3,3285.39,211,1095.1299999999999,0.18686061624342923,0.010041425827679515,0.03680537166059433,0.147833286154764,0.4852939833627058,0.13316531675082716,2396.33,1
16875,44,4,1138.2,53,284.55,0.1255491126339835,0.09204006325777542,0.2604111755403268,0.2789052890528905,0.21199261992619925,0.031101739588824465,957.33,0
15648,104,2,657.35,23,328.675,0.4417737886970412,0.0,0.16460028903932455,0.0,0.2676656271392713,0.125960295124363,0.0,0
17230,164,8,3638.41,51,454.80125,0.41988396030134045,0.06579797219114943,0.0491423451452695,0.19813599896658154,0.25096127154443837,0.016078451851220726,0.0,1
14321,16,3,900.65,75,300.21666666666664,0.25750291456170543,0.07248098595458835,0.050896574696052854,0.042968966857269746,0.26652972852939544,0.3096208294009882,630.1,0
16488,14,2,354.57,22,177.285,0.10353385791240094,0.0,0.05584228784161096,0.11379981385904053,0.4991680063175114,0.22765603406943621,144.23000000000002,0
14837,5,3,1345.56,82,448.52,0.2793781027973483,0.10898064746276645,0.04102381164719522,0.015785249264246858,0.22268795148488363,0.3321442373435595,303.94,0
15329,34,2,754.0,42,377.0,0.12981432360742706,0.0,0.0963395225464191,0.19986737400530502,0.2526525198938992,0.3213262599469496,295.7,0
15801,9,1,137.22,9,137.22,0.06908613904678619,0.24777729193995043,0.06558810668998688,0.21789826555895642,0.14429383471797114,0.255356362046349,926.73,0
17341,56,3,781.36,147,260.4533333333333,0.26578017815091637,0.09015050680864134,0.10122094809050886,0.10622504351387324,0.31418296303880416,0.12244036039725606,0.0,0
15083,156,1,88.2,5,88.2,0.542517006802721,0.0,0.0,0.16836734693877553,0.2891156462585034,0.0,0.0,0
15689,19,2,254.1,8,127.05,0.20543093270366,0.0,0.0,0.29515938606847697,0.49940968122786306,0.0,0.0,0
16175,68,3,736.89,34,245.63,0.4920680155789874,0.22084707351165034,0.06893837614840749,0.04057593399286189,0.16026815399856154,0.01730244676953141,300.7,0
17625,40,2,1234.78,161,617.39,0.5043894458931956,0.025510617275951993,0.04988742933963945,0.17433874860299,0.1264111825588364,0.1194625763293866,812.22,0
15802,42,1,451.42,1,451.42,0.0,0.0,0.0,0.0,1.0,0.0,0.0,0
13136,42,3,1226.68,55,408.8933333333334,0.16874816578080673,0.0,0.08980337170248148,0.1189878370887273,0.5495809828154041,0.07287964261258029,1380.93,0
14173,119,1,114.04,11,114.04,0.2801648544370396,0.37881445106980005,0.0,0.02586811645036829,0.2709575587513153,0.04419501929147667,336.8,0
14503,78,1,597.07,40,597.07,0.17034853534761418,0.12219672735190176,0.10350545162208785,0.3732225702178974,0.15083658532500377,0.079890130135495,2946.19,0
17978,265,1,300.91999999999996,12,300.91999999999996,0.6748305197394657,0.1186361823740529,0.11763923966502729,0.06629669015020605,0.0,0.022597368071248174,0.0,0
15105,34,1,532.98,19,532.98,0.08105369807497467,0.06641900258921535,0.05628729032984352,0.04232804232804233,0.6272655634357762,0.12664640324214793,1765.95,0
18198,57,13,4113.110000000001,61,316.393076923077,0.18136641130434147,0.5624308613190505,0.046436881094840635,0.032834035559467165,0.08234644830797133,0.09458536241432881,998.1700000000001,1
16825,85,1,318.7,11,318.7,0.18920614998431126,0.24850957012864766,0.2685911515531848,0.2936931283338563,0.0,0.0,456.48,0
16520,86,3,1046.57,129,348.8566666666666,0.3118472725187995,0.08954967178497378,0.08035774004605521,0.10906102792933106,0.32815769609295126,0.08102659162788921,0.0,0
15676,183,1,897.8,61,897.8,0.2598351525952328,0.11940298507462688,0.11176208509690355,0.052461572733348186,0.31822232122967253,0.1383158832702161,2537.96,0
12691,45,4,556.3,16,139.075,0.04206363472946252,0.14236922523818082,0.0,0.3685062016897358,0.1822757504943376,0.26478518784828337,479.5,0
12361,187,1,189.9,10,189.9,0.08688783570300158,0.0,0.0,0.08688783570300158,0.7472353870458136,0.07898894154818326,0.0,0
18097,26,5,2011.4,56,402.28000000000003,0.3426170826290146,0.1791587948692453,0.07212886546683903,0.08194292532564382,0.2192999900566769,0.1048523416525803,686.4,1
13932,194,1,307.4,16,307.4,0.19908913467794404,0.0,0.614508783344177,0.05757970071567991,0.1288223812621991,0.0,0.0,0
13068,219,1,165.0,1,165.0,0.0,0.0,0.0,0.0,1.0,0.0,179.0,0
13901,7,4,2652.28,129,663.07,0.12396504139834406,0.026795813413365104,0.0630212496418176,0.25347625439244725,0.4095759120454853,0.12316572910854057,214.92000000000002,1
15400,13,4,611.2,9,152.8,0.0,0.0,0.25916230366492143,0.0,0.6017670157068062,0.13907068062827224,105.0,0
16201,9,1,303.8,19,303.8,0.20671494404213298,0.0,0.0,0.09052007899934167,0.7027649769585254,0.0,1559.67,0
14375,85,1,257.68,57,257.68,0.3099968953741074,0.0859593294008072,0.09081030735796336,0.07268705371002794,0.32439459795094694,0.11615181620614716,0.0,0
14520,190,1,165.0,1,165.0,0.0,0.0,0.0,1.0,0.0,0.0,105.60000000000001,0
15159,12,18,8969.97,205,498.33166666666665,0.1348789349351224,0.0439198793307001,0.2751313549543644,0.156847793247915,0.3273622988705648,0.06185973866133332,9671.04,1
13645,20,1,252.1,5,252.1,0.0,0.0,0.07893692978976596,0.0,0.921063070210234,0.0,0.0,0
17584,27,1,749.45,16,749.45,0.38928547601574487,0.0,0.0,0.0,0.5446660884648742,0.06604843551938087,492.85,0
16948,38,3,435.02,15,145.00666666666666,0.0,0.0,0.0,0.015631465219989885,0.29750356305457226,0.6868649717254379,0.0,0
15695,166,2,409.98,22,204.99,0.19620469291184933,0.0,0.07317430118542367,0.32672325479291675,0.40389775110981024,0.0,0.0,0
14194,6,12,5666.45,203,472.20416666666665,0.20279187145390856,0.08582092844726416,0.13965357498963196,0.22290322865286025,0.2887186863027116,0.06011171015362352,5683.07,1
15384,69,2,642.41,34,321.205,0.215672234242929,0.021014616833486405,0.0916859949253592,0.15737613050855376,0.3606108248626267,0.15364019862704503,0.0,0
17511,14,20,56175.47,339,2808.7735000000002,0.19741089838678696,0.03748468860162629,0.08020386834324661,0.2548185177622902,0.32448540261434394,0.10559662429170596,34886.91,1
13217,22,3,533.98,3,177.99333333333334,0.0,0.7042585864639125,0.2957414135360875,0.0,0.0,0.0,0.0,0
13481,8,4,1361.33,74,340.3325,0.23149420052448708,0.026003981400542116,0.0734575745778026,0.13527212358502347,0.4181205144968524,0.1156516054152924,443.23,0
13382,180,1,222.99,15,222.99,0.1171352975469752,0.14664334723530204,0.0,0.1560608099017893,0.5801605453159334,0.0,0.0,0
17703,9,2,490.96,32,245.48,0.20408994622779858,0.08799087502036826,0.02077562326869806,0.2501222095486394,0.21997718755092066,0.21704415838357505,307.78,0
14565,13,3,2560.32,99,853.44,0.2587918697662792,0.016451068616422947,0.12771841019872515,0.1966941632295963,0.33161089238845143,0.06873359580052493,538.8000000000001,1
18273,157,1,51.0,1,51.0,0.0,1.0,0.0,0.0,0.0,0.0,153.0,0
18188,190,1,426.6,16,426.6,0.3206751054852321,0.0,0.07032348804500703,0.15541490857946552,0.3354430379746835,0.11814345991561181,1574.44,0
17591,22,6,1863.17,81,310.52833333333336,0.5270479881062919,0.008507006875379058,0.18068667915434447,0.04328644192424739,0.2175861569260991,0.022885727013638047,362.8,1
13229,125,1,160.95,10,160.95,0.26654240447343897,0.10997204100652379,0.21994408201304755,0.228331780055918,0.17520969245107176,0.0,0.0,0
14156,14,35,85001.9,596,2428.625714285714,0.27992644870291133,0.025746483313902398,0.0744999817651135,0.26973749998529445,0.2945338868895872,0.055555699343191156,32377.73,1
13694,7,39,45911.64,309,1177.2215384615386,0.177420584409531,0.06409050079674784,0.08767297356400251,0.1681492972152596,0.3955338994642753,0.10713274455018379,19127.98,1
13327,12,7,2738.75,60,391.25,0.17924235508900047,0.11914194431766317,0.051884984025559105,0.20023733455043358,0.4083067092651757,0.04118667275216797,889.02,1
18146,40,2,160.35000000000002,10,80.17500000000001,0.08231992516370439,0.11038353601496727,0.0,0.19270346117867165,0.3582787652011225,0.25631431244153413,0.0,0
17733,161,1,216.95000000000002,12,216.95000000000002,0.3235768610278866,0.2378428209264807,0.0,0.06890988707075361,0.2064991933625259,0.16317123761235308,475.24,0
16057,111,3,1059.54,58,353.18,0.27880967212186425,0.01670536270456991,0.0,0.3600430375445949,0.29460898125601676,0.04983294637295431,1203.58,0
16270,253,1,1141.24,54,1141.24,0.10931092495881672,0.0,0.10672601731450003,0.17305737618730505,0.5130997861974693,0.09780589534190881,0.0,0
18202,99,3,1396.99,55,465.66333333333336,0.28311584191726497,0.0430926491957709,0.052112040887909,0.24051711179034924,0.3031374598243366,0.07802489638436926,0.0,0
16083,260,1,337.98,17,337.98,0.25208592224391974,0.0,0.5952423220308893,0.0,0.0585833481271081,0.09408840759808272,0.0,0
15408,164,1,267.18,34,267.18,0.3283554158245377,0.04416498240886294,0.17853132719514933,0.04416498240886294,0.32057040197619585,0.08421289018639119,0.0,0
12551,257,1,168.0,10,168.0,0.0744047619047619,0.0,0.0,0.19047619047619047,0.7351190476190477,0.0,0.0,0
17771,223,1,115.8,22,115.8,0.03367875647668394,0.0,0.2383419689119171,0.0,0.0613126079447323,0.6666666666666667,130.01,0
17507,161,2,605.58,79,302.79,0.5415964860134086,0.029228177945110477,0.026255820865946692,0.18197430562436012,0.11806862842233891,0.10287658112883516,0.0,0
12705,58,4,4162.52,177,1040.63,0.1370371794009398,0.027810076588220593,0.11149495978397701,0.1713457232637921,0.38848341869828856,0.16382864226478192,2705.77,1
13780,70,1,116.28000000000002,9,116.28000000000002,0.0,0.737874097007224,0.0,0.0,0.12280701754385964,0.13931888544891638,243.73000000000002,0
18108,154,1,271.0,17,271.0,0.34760147601476016,0.0929889298892989,0.2653136531365314,0.0,0.23579335793357933,0.05830258302583026,0.0,0
12955,43,5,1346.9199999999998,42,269.38399999999996,0.11786891574852257,0.08203902236212991,0.04410061473584177,0.14522020609984262,0.5180411605737535,0.09273008047990973,3410.24,0
12509,184,1,176.5,7,176.5,0.6090651558073654,0.0,0.0,0.0,0.28895184135977336,0.10198300283286119,0.0,0
17585,9,4,1133.07,176,283.2675,0.2495344506517691,0.013847335116100506,0.11975429585109482,0.19384504046528458,0.2635847741092784,0.1594341038064727,0.0,0
13291,55,1,361.11,41,361.11,0.52521392373515,0.0,0.0,0.03378471933759796,0.3880811940959818,0.05292016283127025,0.0,0
15834,65,3,1791.82,176,597.2733333333333,0.07668180955676351,0.07140784230558873,0.09917290799299036,0.24302106238349835,0.44294069716824236,0.0667756805929167,441.93,1
15646,57,3,447.64000000000004,35,149.21333333333334,0.1467473862925565,0.03954070235010276,0.06802341167009204,0.35218032347422035,0.0453712804932535,0.3481368957197748,0.0,0
12764,216,1,1693.88,45,1693.88,0.27418116985854957,0.0,0.058327626514274915,0.11517935154792547,0.48424327579285426,0.06806857628639573,0.0,1
17954,23,10,1890.21,269,189.02100000000002,0.19286216875373635,0.020024230111998137,0.01710921008776803,0.14005851201718328,0.37111220446405424,0.25883367456525996,442.51,1
16863,266,1,164.25,9,164.25,0.40091324200913236,0.30684931506849317,0.0,0.0,0.10593607305936072,0.18630136986301368,338.55,0
17553,29,1,1487.6,2,1487.6,0.0,0.1597203549341221,0.0,0.0,0.8402796450658779,0.0,0.0,0
17063,63,4,671.87,35,167.9675,0.12436929763198239,0.03720957923407802,0.10448449848929109,0.25213210889011267,0.40277136946135417,0.07903314629318173,789.27,0
15907,76,2,529.52,93,264.76,0.09752228433298081,0.03304879891222239,0.13761519867049404,0.27269980359570933,0.3950181296268319,0.0640957848617616,437.93,0
16654,41,4,601.27,29,150.3175,0.20107439253579923,0.0,0.03309661217090492,0.2302626108071249,0.26743393151163375,0.26813245297453725,0.0,0
14473,182,1,85.0,1,85.0,0.0,0.0,0.0,0.0,1.0,0.0,149.34000000000003,0
17091,85,5,1994.41,94,398.882,0.24801319688529438,0.01283587627418635,0.04738243390275821,0.231125997162068,0.42258612822839836,0.03805636754729469,1833.3500000000001,1
14730,7,5,904.21,142,180.842,0.2028511075966866,0.025491865827628538,0.1175611860076752,0.19353911148958758,0.33242277789451563,0.12813395118390639,1100.85,0
17256,7,2,240.0,12,120.0,0.165,0.08604166666666667,0.04958333333333333,0.006875,0.6287499999999999,0.06375,0.0,0
17844,6,1,51.559999999999995,5,51.559999999999995,0.0,0.0,0.0,0.709076803723817,0.2909231962761831,0.0,0.0,0
17719,6,12,4477.4,100,373.1166666666666,0.06410416759726627,0.0,0.40849600214410153,0.3402733729396525,0.12394246661008623,0.06318399070889355,918.64,1
16122,12,3,550.26,24,183.42,0.06869479882237489,0.0,0.15483589575836879,0.0,0.4818449460255152,0.29462435939374115,134.16000000000003,0
16931,3,14,2918.8,345,208.4857142857143,0.24481293682335203,0.0639577908729615,0.09435727011100453,0.1307112511991229,0.3505584486775387,0.11560230231602028,1685.42,1
13122,140,1,903.67,54,903.67,0.33937167328781526,0.0651343964057676,0.03762435402303939,0.08946850066949218,0.28395321300917375,0.1844478626047119,18.72,0
13134,83,3,885.74,42,295.24666666666667,0.2356221916137919,0.01998329080768623,0.05441777496782352,0.33682570506017573,0.3379095445616095,0.015241492988913224,907.84,0
16734,14,2,306.15999999999997,27,153.07999999999998,0.0,0.0,0.012248497517637838,0.16945388032401362,0.7420303109485237,0.07626731120982494,344.35,0
13982,63,3,1230.1399999999999,45,410.0466666666666,0.20326954655567658,0.19900173963939063,0.07763344009624921,0.2579381208642919,0.09701334807420295,0.16514380477018875,641.67,0
15891,126,1,524.52,60,524.52,0.2887211164493251,0.006482116983146496,0.13452299245024024,0.23106840539922216,0.2508769922977198,0.08832837642034622,0.0,0
15582,120,1,303.61,22,303.61,0.09090609663713317,0.09881097460557953,0.08260597477026448,0.21837225387833079,0.29033958038272784,0.21896511972596425,141.4,0
15081,108,2,248.05,16,124.025,0.07196129812537795,0.5745212658738157,0.060229792380568435,0.12054021366659946,0.17274742995363834,0.0,256.75,0
12999,96,3,455.88,25,151.96,0.10397473019215583,0.0,0.0,0.04474861805738352,0.6370097394051065,0.21426691234535405,0.0,0
17881,204,1,133.35000000000002,8,133.35000000000002,0.28721409823772026,0.0,0.0,0.0,0.7127859017622796,0.0,0.0,0
14748,23,4,1118.77,75,279.6925,0.2868417994762105,0.01582094621772125,0.1117298461703478,0.09688318421123199,0.2519463339202875,0.23677789000420102,296.98,0
15894,153,2,263.55,35,131.775,0.1333712767975716,0.13431986340352875,0.028609372035666856,0.2879908935685828,0.2357427433124644,0.17996585088218553,0.0,0
13985,7,7,2773.04,55,396.1485714285714,0.19409745261518047,0.03829731990883651,0.02206964198136341,0.37767215763205725,0.31975737818423106,0.04810604967833136,4287.09,1
14100,37,1,194.9,24,194.9,0.4435608004104669,0.04540790148794254,0.2832221652129297,0.05643919958953309,0.15623396613648025,0.015135967162647512,0.0,0
16414,180,1,50.8,3,50.8,0.0,0.0,0.0,1.0,0.0,0.0,75.45,0
14286,142,1,2050.08,141,2050.08,0.13340942792476393,0.009658159681573401,0.0706313899945368,0.05760750799968782,0.2815207211425896,0.44717279325684856,2578.67,1
17867,43,4,957.48,8,239.37,0.028825667376864268,0.9454296695492334,0.0,0.0,0.025744663073902326,0.0,239.62,0
13502,174,2,189.16,9,94.58,0.14590822584055826,0.07929794882639035,0.19877352505815185,0.3635017974201734,0.0,0.21251850285472615,102.84,0
12434,160,1,286.25,16,286.25,0.0,0.0,0.5954585152838427,0.11737991266375547,0.21589519650655023,0.07126637554585152,519.89,0
14715,198,2,247.45,21,123.725,0.19761567993534052,0.0876944837340877,0.3651242675287937,0.14083653263285514,0.14669630228328956,0.06203273388563346,619.9300000000001,0
17723,26,6,3276.4000000000005,4,546.0666666666667,0.9801916737883041,0.0,0.0,0.0,0.00900378464167989,0.01080454157001587,0.0,1
17267,27,2,317.62,37,158.81,0.20826774132611298,0.23613122599332537,0.23326616711793968,0.1564762924249103,0.15877463635791197,0.00708393677979976,0.0,0
18283,48,9,985.77,183,109.53,0.22142081824360652,0.0554388954827191,0.015561439280968177,0.19518751838664192,0.4315509703074754,0.08084035829858892,1109.11,0
15392,260,1,338.98,19,338.98,0.2718744468700218,0.0,0.0,0.20815387338486047,0.3059767537907841,0.21399492595433356,1196.55,0
16998,49,4,295.0,1,73.75,0.0,0.0,0.0,0.0,1.0,0.0,0.0,0
16850,233,1,332.41,19,332.41,0.17327998556000118,0.23880148009987667,0.030323997473000207,0.18988598417616798,0.31446105712824524,0.053247495562708705,0.0,0
15236,198,1,321.05,15,321.05,0.29169911228780565,0.0,0.0,0.31957638997040955,0.14950942220837876,0.23921507553340599,0.0,0
16612,19,3,870.3000000000001,42,290.1,0.20079283005860046,0.07824887969665632,0.054693783752728944,0.1663794093990578,0.43663104676548314,0.06325405032747328,317.36,0
13496,259,1,501.01,26,501.01,0.18865890900381233,0.17245164767170315,0.11654457994850402,0.22035488313606516,0.20318955709466877,0.0988004231452466,152.32,0
17730,6,8,3055.77,86,381.97125,0.24588237989115674,0.016513022904210722,0.025525481302584946,0.3364291160656725,0.14283797537118303,0.23281202446519206,2242.71,1
13826,76,1,189.5,10,189.5,0.18416886543535618,0.0,0.1050131926121372,0.5065963060686016,0.20422163588390502,0.0,0.0,0
13269,9,8,2981.45,133,372.68125,0.17895654798839494,0.03357426755437791,0.1595331130825605,0.19810159486156065,0.37208405306142983,0.057750423451676205,2364.78,1
17117,188,1,116.19999999999999,9,116.19999999999999,0.5434595524956971,0.0,0.28313253012048195,0.0,0.173407917383821,0.0,0.0,0
15863,92,1,9.2,2,9.2,0.0,0.0,0.8641304347826088,0.0,0.13586956521739132,0.0,59.64,0
18213,136,1,232.48000000000002,15,232.48000000000002,0.270474879559532,0.16474535443909155,0.05118719889883001,0.0,0.24690295939435647,0.26668960770818995,0.0,0
16110,162,2,693.93,173,346.965,0.336503681927572,0.014756531638637905,0.12638162350669377,0.16239390140215873,0.22428775236695345,0.13567650915798427,643.55,0
14240,125,1,226.85,10,226.85,0.27705532290059515,0.0,0.0,0.2763940930130042,0.3592682389243994,0.08728234516200131,663.49,0
14206,139,1,328.15999999999997,20,328.15999999999997,0.1334714773281326,0.0,0.0,0.10025597269624574,0.6638834714773282,0.10238907849829351,0.0,0
15820,219,1,206.98,17,206.98,0.33037008406609336,0.0,0.04638129287853899,0.0,0.5196154217798822,0.10363320127548557,0.0,0
17118,217,1,157.02,10,157.02,0.21016431027894533,0.0,0.0,0.39740160489109666,0.1937332823844096,0.19870080244554833,0.0,0
15554,177,1,217.2,14,217.2,0.0,0.04696132596685083,0.13812154696132597,0.3162983425414365,0.49861878453038677,0.0,0.0,0
15251,6,7,7452.12,67,1064.5885714285714,0.3150190818183282,0.019903061142332652,0.03264842756155296,0.2911278938073998,0.22390675405119617,0.11739478161919023,3032.87,1
16829,56,1,197.22,11,197.22,0.076057195010648,0.0,0.0,0.6495284453909339,0.23486461819288104,0.039549741405536964,0.0,0
17088,82,2,1399.1100000000001,72,699.5550000000001,0.3364638949046179,0.023372000771919293,0.11651692861890771,0.11064176512211334,0.3591140081909213,0.05389140239152032,591.9,0
18185,149,1,304.25,17,304.25,0.2810188989317995,0.0,0.0,0.23861955628594902,0.30682004930156126,0.17354149548069023,0.0,0
15367,145,2,1416.18,65,708.09,0.20330748916098237,0.12793571438658927,0.0,0.24735556214605486,0.32459150672937054,0.09680972757700293,461.40999999999997,0
16012,28,2,1132.12,49,566.06,0.1039200791435537,0.0,0.004451824894887468,0.5522294456418049,0.2334999823340282,0.1058986679857259,283.17,0
16553,63,12,5719.82,62,476.65166666666664,0.3290767891297279,0.06268728736218972,0.07703039606141453,0.13236430517044243,0.3154994387935285,0.08334178348269701,0.0,1
16500,230,1,165.0,1,165.0,0.0,0.0,0.0,0.0,1.0,0.0,235.86,0
15453,31,3,485.01,77,161.67,0.3776210799777324,0.02690666171831509,0.16655326694294964,0.10082266345023815,0.21467598606214305,0.11342034184862168,903.36,0
14299,7,5,2437.14,70,487.428,0.12110506577381684,0.03717472118959109,0.05549127255717768,0.21526871661045324,0.4425227931099568,0.12843743075900443,1528.48,1
12728,157,3,617.31,29,205.76999999999998,0.024298974583272587,0.09622393934975944,0.0,0.3407040222902594,0.35614197080883186,0.18263109296787677,219.01999999999998,0
17991,125,2,93.35,4,46.675,0.0,0.0,0.0,0.6952329941081951,0.2731655061596144,0.03160149973219068,0.0,0
14498,16,4,1281.79,104,320.4475,0.14989194797899813,0.08294650449761662,0.10241147145788312,0.1440797634557923,0.45102551900077237,0.0696447936089375,675.53,0
16188,41,3,755.03,51,251.67666666666665,0.20416407295074368,0.07207660622756712,0.05562692873130869,0.1554905103108486,0.3236957471888534,0.18894613459067852,226.83,0
16385,58,2,274.85,36,137.425,0.257813352737857,0.009168637438602873,0.10915044569765324,0.10263780243769328,0.3082044751682736,0.21302528651991995,281.04,0
12615,68,1,634.74,31,634.74,0.23146485175032294,0.039323187446828625,0.0,0.24413145539906103,0.30075306424677817,0.18432744115700916,1656.45,0
14566,10,1,1432.0,4,1432.0,0.0,0.0,0.0,0.25,0.75,0.0,0.0,0
12753,35,5,16620.91,114,3324.182,0.22076889893513654,0.011046326585006476,0.042351471730488886,0.2447014032324343,0.30232219535512794,0.17880970416180583,4808.48,1
14493,55,1,611.22,29,611.22,0.24046987991230656,0.3309446680409672,0.05006380681260429,0.056837145381368415,0.3216844998527535,0.0,1772.02,0
15723,264,1,203.1,37,203.1,0.019694731659281144,0.13195470211718366,0.10364352535696701,0.120384047267356,0.36706056129985226,0.2572624322993599,0.0,0
13988,62,3,1923.5,99,641.1666666666666,0.3502677410969587,0.056137249805042894,0.0893267481154146,0.11199896022874968,0.2993293475435404,0.09293995321029373,2224.46,1
14795,66,1,131.45000000000002,6,131.45000000000002,0.0,0.0,0.9676683149486496,0.0,0.03233168505135032,0.0,0.0,0
17064,82,2,461.3,36,230.65,0.33693908519401694,0.0314762627357468,0.10047691307175373,0.16052460437892913,0.31714719271623676,0.05343594190331671,398.05,0
17913,255,1,218.05,31,218.05,0.15111213024535658,0.15363448750286632,0.10158220591607428,0.2983260720018344,0.1868837422609493,0.10846136207291904,193.54999999999998,0
16849,86,1,124.57,8,124.57,0.10235209119370635,0.3467929678092639,0.44232158625672313,0.0,0.10853335474030666,0.0,0.0,0
17472,91,3,710.29,142,236.76333333333332,0.2707626462430838,0.10643539962550508,0.0889918202424362,0.18697996592940913,0.28180039138943247,0.06502977657013333,0.0,0
16592,36,10,2214.33,102,221.433,0.2589496597164831,0.07089277569287324,0.04105982396481103,0.30575388492230154,0.21197834107833974,0.11136551462519137,1899.3500000000001,1
15257,183,1,317.15,7,317.15,0.0,0.0,0.12549266908402965,0.0,0.8423458931105156,0.03216143780545483,0.0,0
17075,153,3,696.07,49,232.02333333333334,0.19416150674501126,0.09797865157239932,0.0586866263450515,0.3033028287384889,0.23524932837214646,0.11062105822690246,138.05,0
17531,89,1,296.7,14,296.7,0.3003033367037412,0.11931243680485341,0.10717896865520729,0.053589484327603645,0.3488372093023256,0.07077856420626896,0.0,0
13525,148,1,282.88,2,282.88,1.0,0.0,0.0,0.0,0.0,0.0,345.9,0
12410,208,2,693.3299999999999,26,346.66499999999996,0.19384708580329713,0.0,0.09807739460285868,0.2254337761239237,0.17571719094803342,0.30692455252188716,0.0,0
14320,106,2,477.79,29,238.895,0.23043596559157786,0.14818225580275854,0.04165009732309173,0.15295422675233888,0.1257665501580192,0.30101090437221373,0.0,0
14849,19,15,5025.25,115,335.01666666666665,0.2613999303517238,0.02387940898462763,0.03486393711755634,0.1490771603402816,0.4515098751305906,0.07926968807522014,2905.29,1
15244,148,1,297.94,15,297.94,0.19144794253876618,0.2376317379338122,0.053366449620729006,0.14600255084916428,0.11076055581660738,0.26079076324092093,333.63,0
12735,215,2,779.5699999999999,38,389.78499999999997,0.061059301922854914,0.0,0.030529650961427457,0.09955488282001616,0.6664699770386239,0.14238618725707763,0.0,0
15078,5,22,6702.59,83,304.66318181818184,0.24248536759670514,0.005072665939584549,0.036075606593868936,0.18081070153477985,0.502739985587661,0.03281567274740063,3040.52,1
17917,156,2,230.46,57,115.23,0.19439382105354505,0.055758049119153,0.11932656426277878,0.1078278226156383,0.3428360669964419,0.17985767595244295,110.82,0
17110,65,1,163.29999999999998,12,163.29999999999998,0.06123698714023271,0.0,0.12186160440906307,0.3701775872627067,0.44672382118799764,0.0,0.0,0
12769,138,1,1143.6,32,1143.6,0.1629590766002099,0.0,0.17591815320041976,0.18677859391395593,0.4310598111227702,0.043284365162644285,0.0,0
16852,76,1,113.06,7,113.06,0.4034141163983726,0.0,0.0,0.09287104192464178,0.5037148416769857,0.0,31.85,0
13807,267,1,112.6,7,112.6,0.5701598579040852,0.1758436944937833,0.0,0.1127886323268206,0.14120781527531084,0.0,0.0,0
16916,272,1,198.08,48,198.08,0.31704361873990305,0.12035541195476575,0.08860056542810983,0.16069264943457187,0.19800080775444262,0.11530694668820679,378.18,0
14972,28,1,114.77,18,114.77,0.15639975603380674,0.0,0.3029537335540647,0.16075629519909385,0.3798902152130348,0.0,0.0,0
15397,189,1,94.0,6,94.0,0.5159574468085106,0.0,0.0,0.3404255319148936,0.14361702127659576,0.0,0.0,0
15067,182,1,848.05,35,848.05,0.26578621543541064,0.0,0.0,0.2622486881669713,0.2509875596957727,0.22097753670184542,896.71,0
12921,30,22,8924.55,168,405.6613636363636,0.15207041251379624,0.12469872430542717,0.03931850905647904,0.3062361687704142,0.3375845280714434,0.04009165728244002,7662.54,1
14607,161,1,495.0,3,495.0,0.0,0.0,0.0,0.3333333333333333,0.6666666666666666,0.0,16074.5,0
13656,64,2,379.65,49,189.825,0.3348347161859608,0.05689450809956539,0.052416699591729225,0.08823916765441855,0.29345449756354536,0.17416041090478074,0.0,0
16659,89,1,39.12,2,39.12,0.0,0.0,0.0,0.0,0.0,1.0,0.0,0
13162,22,4,1688.29,74,422.0725,0.36326697427574645,0.0061600791333242515,0.13556912615723601,0.10713206854272667,0.351764211124866,0.03610754076610061,0.0,1
18178,28,4,1590.81,80,397.7025,0.29395088036912015,0.081782236722173,0.06562694476398816,0.2241311030229883,0.2873630414694401,0.047145793652290345,0.0,0
15240,91,3,1045.38,30,348.46000000000004,0.11520212745604469,0.09870095085040846,0.01434884922229237,0.3831142742352063,0.24112762823088252,0.14750617000516558,661.1899999999999,0
17226,208,1,393.49,21,393.49,0.1254161478055351,0.0,0.03735800147398917,0.060992655467737425,0.3853973417367659,0.39083585351597244,0.0,0
13719,105,2,338.74,19,169.37,0.11601818503867271,0.04428175001476058,0.17801263505933754,0.0,0.26008147842002716,0.40160595146720196,702.94,0
17997,32,4,1276.72,70,319.18,0.1483567266119431,0.044105207093176266,0.06926342502663073,0.4502161789585813,0.19635472147377656,0.09170374083589197,693.95,0
16206,24,3,409.86,48,136.62,0.5740252769238277,0.043185477968086666,0.058434587420094664,0.08280876396818425,0.16835016835016833,0.0731957253696384,127.19999999999999,0
17105,59,2,665.78,80,332.89,0.4204391841148728,0.007810387815795008,0.1568385953317913,0.08549370662981766,0.1626363062873622,0.1667818198203611,0.0,0
18013,55,2,187.29,31,93.645,0.1474718351220033,0.046718991937636824,0.0,0.05339313364301351,0.4836883976720594,0.268727641625287,0.0,0
16763,98,1,611.85,23,611.85,0.5398381956361853,0.0,0.0,0.10010623518836317,0.3345591239682929,0.02549644520715862,0.0,0
14307,34,4,2307.89,119,576.9725,0.24744680205729042,0.1016859555698062,0.07846994440809571,0.1876649233715645,0.20446381759962565,0.18026855699361757,687.83,1
16357,62,2,257.95,9,128.975,0.23027718550106613,0.0,0.11979065710408994,0.11436324869160691,0.5355689087032371,0.0,400.93,0
16529,90,1,455.25,30,455.25,0.5639758374519495,0.06479956068094453,0.14684239428885226,0.007358594179022515,0.2114222954420648,0.005601317957166392,0.0,0
14506,61,3,831.66,82,277.21999999999997,0.25919245845658084,0.0,0.4431498448885362,0.010220522809802082,0.17771685544573507,0.10972031839934589,1180.51,0
17097,10,5,501.13,100,100.226,0.21489433879432482,0.017660088200666498,0.10244846646578731,0.33214934248598166,0.2805260112146549,0.0523217528385848,314.89,0
13450,24,4,1421.46,21,355.365,0.08104343421552487,0.0,0.10552530496813135,0.2646574648600734,0.5487737959562703,0.0,622.26,0
12933,71,2,357.49,48,178.745,0.14280119723628631,0.05681277797980363,0.10839464040952194,0.20028532266636828,0.39995524350331474,0.09175081820470501,250.04,0
16377,167,1,676.2,5,676.2,0.0,0.5767524401064773,0.0,0.0,0.4232475598935226,0.0,0.0,0
14973,7,3,1314.45,29,438.15000000000003,0.15617178287496672,0.0,0.01442428392103161,0.24542584350869184,0.4630149492183042,0.12096314047700558,0.0,0
14064,12,4,1097.6799999999998,44,274.41999999999996,0.6534782450258728,0.2410174185554989,0.030063406457255307,0.003871802346767729,0.05848699074411487,0.01308213687049049,256.06,0
17464,58,1,289.96000000000004,9,289.96000000000004,0.0,0.0,0.0,0.12001655400744927,0.7782452752103738,0.10173817078217684,0.0,0
15663,6,1,138.14,9,138.14,0.603735340958448,0.0,0.11075720283770088,0.0,0.28550745620385115,0.0,0.0,0
13951,76,3,674.45,38,224.8166666666667,0.290933353102528,0.19458818296389652,0.14471050485580841,0.13255245014456224,0.18072503521387798,0.056490473719326854,0.0,0
16684,33,18,33883.5,88,1882.4166666666667,0.07822450455236324,0.08207888795431405,0.1119949237829622,0.38299172163442385,0.2949063703572535,0.049803591718683135,32770.06,1
13458,35,9,7355.44,199,817.271111111111,0.44693587331281337,0.1370822139804009,0.0830949610084509,0.06409133919928652,0.20795900721098942,0.06083660528805891,2291.13,1
16593,89,2,255.5,20,127.75,0.27671232876712326,0.0,0.35009784735812133,0.18923679060665363,0.1806262230919765,0.0033268101761252445,74.53,0
13107,75,2,935.22,36,467.61,0.178952545925023,0.17437608263296336,0.08821453775582215,0.19663822416115995,0.20822907978871283,0.1535895297363187,596.4,0
13420,49,2,159.85,8,79.925,0.45323741007194246,0.0,0.0,0.0,0.3065373787926181,0.2402252111354395,0.0,0
14988,111,1,334.54,40,334.54,0.18816882883960062,0.2673222932982603,0.33676092544987146,0.0416990494410235,0.15842649608417528,0.00762240688706881,0.0,0
14639,20,4,1989.23,93,497.3075,0.2688125556119705,0.005127612191652046,0.10049114481482785,0.3259854315488908,0.24810605108509323,0.05147720474756564,995.26,1
15123,106,1,1069.47,53,1069.47,0.12793252732661972,0.0,0.260876882942018,0.17086968311406586,0.41255014165895254,0.02777076495834385,1129.84,0
17676,9,4,730.84,31,182.71,0.48615291992775433,0.10987357013847081,0.0,0.24683925346177002,0.15713425647200482,0.0,656.84,0
17402,1,8,1732.45,29,216.55625,0.1587636006811163,0.13118993333140927,0.0058010332188519155,0.014112961413027793,0.6695546769026524,0.020577794452942364,901.4,1
17166,103,1,127.59,10,127.59,0.0,0.0,0.3526922172584058,0.6473077827415942,0.0,0.0,78.75,0
15051,50,1,377.74,34,377.74,0.15844231481971727,0.5109863927569228,0.03640069889341875,0.1324191242653677,0.1617514692645735,0.0,1013.87,0
12945,188,1,462.95,23,462.95,0.3524138675882925,0.03823307052597474,0.0429852035857004,0.0691219354141916,0.3907549411383519,0.10649098174748894,0.0,0
13411,7,1,213.55,17,213.55,0.3544837274642941,0.2088503863263873,0.1695153359868883,0.15616951533598689,0.0,0.11098103488644347,0.0,0
14738,33,5,757.6500000000001,28,151.53000000000003,0.629736685804791,0.1355771134428826,0.04487560219098528,0.05635847686926681,0.11009041113970829,0.02336171055236587,556.8000000000001,0
15602,100,5,542.95,12,108.59,0.05995027166405747,0.7322037019983424,0.03296804493968136,0.09908831384105349,0.07044847591859286,0.0053411916382724006,754.92,0
16078,183,1,79.2,1,79.2,0.0,0.0,1.0,0.0,0.0,0.0,0.0,0
12432,70,3,4016.66,75,1338.8866666666665,0.09904497766801273,0.07462916950899504,0.1562741182972918,0.14418696130615985,0.3070760283419558,0.21878874487758485,1042.66,1
14805,213,1,109.25,19,109.25,0.3803203661327231,0.0,0.5510297482837528,0.0,0.06864988558352403,0.0,445.4,0
16954,24,4,1245.3799999999999,34,311.34499999999997,0.2427371565305369,0.0,0.05998169233486968,0.27871011257608125,0.36942941110343835,0.04914162745507396,839.7,0
17351,68,2,427.3,17,213.65,0.06014509712146033,0.0,0.8597004446524689,0.0430610812075825,0.034870114673531474,0.002223262344956705,159.85,0
17320,136,2,910.1,36,455.05,0.2106032304142402,0.05867487089330843,0.37787056367432154,0.08043072189869245,0.2612130535106032,0.011207559608834194,0.0,0
16040,48,2,876.1800000000001,42,438.09000000000003,0.20195621904174943,0.05900614029080782,0.10659910064142071,0.11561551279417472,0.4219795019288274,0.09484352530301993,437.37,0
17926,33,2,397.29,17,198.645,0.33839260993229126,0.057892219789070956,0.2348410481008835,0.03737823755946538,0.06418485237483953,0.2673110322434494,0.0,0
17811,12,23,4681.26,239,203.53304347826088,0.16889897164438633,0.022801553427923248,0.06398918239961036,0.3005408800194819,0.35969162148652284,0.08407779102207526,3156.4700000000003,1
14645,56,2,597.09,28,298.545,0.13616037783248755,0.0,0.05359326064747358,0.19491198981728045,0.5322313219112697,0.08310304979148872,0.0,0
14873,110,1,519.68,28,519.68,0.08813115763546799,0.0,0.0635006157635468,0.5239378078817734,0.27593903940886705,0.048491379310344834,0.0,0
14551,103,1,125.43,7,125.43,0.11911026070318105,0.2391772303276728,0.0,0.21916606872359085,0.42254644024555527,0.0,60.8,0
13304,251,1,300.42,21,300.42,0.1297183942480527,0.04643499101258239,0.05292590373477132,0.3649890153784701,0.38915518274415817,0.016776512881965248,0.0,0
13579,269,1,164.70000000000002,9,164.70000000000002,0.36338797814207646,0.19307832422586518,0.0,0.3891924711596843,0.054341226472374,0.0,302.34,0
14497,209,1,475.37,29,475.37,0.22487746387024843,0.0,0.1914298336032985,0.2414119527946652,0.30904348191934705,0.03323726781244084,0.0,0
13070,92,1,228.8,9,228.8,0.0,0.0,0.0,0.18181818181818182,0.8181818181818182,0.0,0.0,0
14267,62,3,1516.24,25,505.41333333333336,0.2524270564026803,0.03502084102780563,0.07004168205561125,0.21586292407534427,0.4167546034928507,0.009892892945707804,0.0,0
13485,133,1,454.24,23,454.24,0.1036896794646002,0.0,0.036324410003522364,0.2439239168721381,0.2042972877773864,0.411764705882353,0.0,0
12457,133,3,1067.25,23,355.75,0.18721011946591706,0.0,0.015928788943546497,0.014617006324666199,0.6323260716795502,0.14991801358631998,1295.98,0
14898,34,5,1011.3,60,202.26,0.5081775931968753,0.09492732126965292,0.047018688816374964,0.13223573618115297,0.10699100168100466,0.1106496588549392,292.22,0
14625,96,2,899.63,51,449.815,0.21842312950879805,0.0,0.08142236252681657,0.36307148494381025,0.16101063770661272,0.1760723853139624,0.0,0
14442,104,2,1589.82,58,794.91,0.20197255035161216,0.01585085103974035,0.24193933904467171,0.09538815714986602,0.3280434262998327,0.11680567611427708,0.0,0
14112,30,4,1900.82,89,475.205,0.28003703664734164,0.009311770709483278,0.03509011900127314,0.19383739649204026,0.3979177407645122,0.08380593638534947,1014.33,1
13426,82,5,1558.68,62,311.736,0.35291400415736396,0.00646701054738625,0.12160289475710215,0.13447275900120614,0.17425000641568508,0.21029332512125645,2082.64,0
16434,92,3,724.22,36,241.40666666666667,0.20695368810582418,0.14498356852890004,0.08362099914390654,0.2137195879705062,0.336223799397973,0.014498356852890006,798.03,0
13294,89,2,873.74,48,436.87,0.1854556275322178,0.0,0.07130267585322865,0.24933046444022247,0.3991461990981299,0.09476503307620116,0.0,0
14577,63,3,646.64,70,215.54666666666665,0.30828590869726585,0.03958926141284176,0.06216751206235309,0.261737597426698,0.3282197204008413,0.0,213.07,0
17634,22,6,1920.66,146,320.11,0.19779138421167722,0.018248935261837077,0.21365051596846918,0.08592358876636157,0.4427592598377641,0.04162631595389085,441.31,1
15356,5,8,2279.64,201,284.955,0.4390430067905459,0.04757330104753382,0.13117860714849713,0.07695951992419856,0.2654366478917724,0.039808917197452234,486.86,1
14101,42,5,4944.389999999999,15,988.8779999999999,0.03554735771247818,0.0,0.2620849083506762,0.20090648189159838,0.456845030428425,0.0446162216168223,1032.4,1
15852,86,2,160.71,22,80.355,0.0793354489453052,0.032356418393379376,0.007840209072241927,0.22058366000871135,0.2638292576690934,0.39605500591126874,0.0,0
14850,211,1,325.75,21,325.75,0.143207981580967,0.0,0.0,0.5275518035303146,0.32924021488871835,0.0,0.0,0
17849,118,4,605.8000000000001,14,151.45000000000002,0.03284912512380323,0.13618355893034004,0.15747771541762956,0.019395840211290854,0.6540937603169362,0.0,0.0,0
18250,210,1,349.27,21,349.27,0.19540756434849832,0.105133564291236,0.0,0.42059151945486306,0.2336301428694134,0.04523720903598935,0.0,0
15530,49,3,1168.73,77,389.57666666666665,0.230155810152901,0.0720440135873983,0.12479357935536864,0.1573075047273536,0.30551111035055145,0.11018798182642697,333.62,0
13098,13,17,14468.08,110,851.0635294117646,0.09433870976660345,0.08151461700515894,0.21001266235741026,0.19113455275337154,0.3481422552266783,0.07485720289077749,14414.36,1
13216,167,1,333.74,5,333.74,0.0,0.0,0.0,0.031461616827470486,0.5543237250554324,0.4142146581170972,0.0,0
14280,96,1,134.04,8,134.04,0.13316920322291856,0.0,0.0,0.4095792300805729,0.41965085049239037,0.03760071620411817,0.0,0
13365,117,1,700.6,39,700.6,0.1966885526691407,0.0,0.028404224950042817,0.27433628318584075,0.4119326291749929,0.08863831001998286,1524.77,0
14720,26,1,155.8,9,155.8,0.11456996148908857,0.0,0.0,0.19736842105263155,0.5725288831835685,0.11553273427471115,508.01,0
13487,113,2,408.8,21,204.4,0.2942759295499021,0.24804305283757339,0.23336594911937378,0.050880626223091974,0.09637964774951076,0.07705479452054795,166.6,0
15541,14,1,85.13000000000001,29,85.13000000000001,0.12839187125572654,0.0,0.20133912839187124,0.09432632444496653,0.47198402443321974,0.10395865147421592,0.0,0
17880,264,1,458.92,26,458.92,0.1364072169441297,0.0,0.21376274731979428,0.10498561840843722,0.34110520352131096,0.2037392138063279,0.0,0
16131,15,4,2278.5,46,569.625,0.3569365810840466,0.10585911784068465,0.13342111037963572,0.20090410357691463,0.15073952161509765,0.0521395655036208,1228.04,1
14921,101,1,903.01,53,903.01,0.10498222611045284,0.0,0.06694278025714001,0.0,0.49266342565420096,0.3354115679782062,413.06,0
15925,94,1,207.15,12,207.15,0.14965001206854936,0.14771904417089066,0.07385952208544533,0.388124547429399,0.18464880521361332,0.05599806903210234,0.0,0
13455,266,1,692.94,30,692.94,0.29748607383034603,0.0,0.1293041244552198,0.1121309204260109,0.43553554420296126,0.025543337085461946,365.4,0
16660,110,2,384.36,5,192.18,0.0,0.31782703715266936,0.0,0.6369029035279424,0.045270059319388066,0.0,883.29,0
16182,30,3,4844.0,8,1614.6666666666667,0.0,0.0,0.0,0.25289017341040465,0.7471098265895953,0.0,1773.65,1
13166,183,1,417.2,39,417.2,0.5032358581016299,0.03044103547459252,0.11816874400767018,0.04889741131351869,0.23573825503355703,0.06351869606903164,0.0,0
15416,54,3,3144.33,135,1048.11,0.2166343863398562,0.017778032203998945,0.10011671802896006,0.1459897657052536,0.36215028320818743,0.1573308145137438,839.99,1
17419,43,8,2660.0,107,332.5,0.42536842105263156,0.018947368421052633,0.1269548872180451,0.09522556390977444,0.25286466165413535,0.0806390977443609,1566.57,1
14689,108,1,112.8,13,112.8,0.4348404255319149,0.07845744680851065,0.07047872340425532,0.0,0.27393617021276595,0.1422872340425532,0.0,0
16456,3,4,1700.77,77,425.1925,0.12540790347901246,0.08955943484421762,0.014023060143346838,0.17830159280796345,0.5927080087254597,0.0,457.6,1
16147,33,1,375.0,22,375.0,0.18432,0.09440000000000001,0.20933333333333334,0.1536,0.27546666666666664,0.08288,0.0,0
15700,72,2,696.68,85,348.34,0.23712464833208935,0.042487225124878,0.12681575472239767,0.2872911523224436,0.25855486019406326,0.047726359304128156,0.0,0
13849,70,1,593.5799999999999,38,593.5799999999999,0.3920448802183362,0.02122713029414738,0.13275379898244552,0.0866774487011018,0.27531251052933053,0.09198423127463863,944.37,0
15167,220,1,163.0,39,163.0,0.24785276073619636,0.02607361963190184,0.14355828220858896,0.23895705521472393,0.25398773006134967,0.08957055214723926,0.0,0
13248,24,2,465.68,25,232.84,0.16588644562789898,0.0,0.08976120941419,0.34014774093798317,0.38165693179866,0.022547672221267825,0.0,0
16539,119,3,1053.61,34,351.2033333333333,0.26779358586194135,0.0,0.5011341957650365,0.014094399255891652,0.2024563168534847,0.014521502263645942,335.2,0
12422,68,2,655.86,31,327.93,0.21086817308571953,0.0,0.0,0.13510505290763272,0.45550879760924584,0.19851797639740187,147.7,0
13851,28,2,1353.28,65,676.64,0.2420193899266966,0.12588673445258927,0.0996837313785765,0.10881709624024592,0.329820879640577,0.09377216836131473,1298.18,0
14233,111,3,959.1,15,319.7,0.3123761860077156,0.0,0.11510791366906475,0.2686893963090397,0.30382650401418,0.0,503.62,0
13601,111,1,373.2,41,373.2,0.20819935691318328,0.017684887459807074,0.047561629153269024,0.2808145766345123,0.252518756698821,0.1932207931404073,320.12,0
14871,78,3,354.75,44,118.25,0.16053558844256519,0.036645525017618044,0.06427061310782241,0.2187455954897815,0.3802677942212826,0.13953488372093023,167.63,0
15114,16,6,1354.01,66,225.66833333333332,0.16309333018219954,0.0,0.0,0.051624434088374534,0.5569235086890053,0.22835872704042068,1406.55,0
16778,174,1,93.18,5,93.18,0.6722472633612363,0.0,0.18609143593045716,0.0,0.14166130070830651,0.0,152.76,0
16426,176,1,328.37,11,328.37,0.07016475317477236,0.0,0.24776928464841488,0.12552912872674116,0.5565368334500715,0.0,1579.88,0
16050,73,1,137.9,10,137.9,0.10094271211022478,0.09064539521392313,0.0,0.1805656272661349,0.5573604060913705,0.07048585931834661,0.0,0
16550,8,5,2298.97,162,459.794,0.2467017838423294,0.022901560263944288,0.044428591934649,0.37417191176918363,0.23774124934209667,0.07405490284779706,0.0,1
17879,73,1,178.51999999999998,6,178.51999999999998,0.0,0.0,0.0,0.7311225632982299,0.2688774367017701,0.0,0.0,0
16750,21,3,416.12,44,138.70666666666668,0.2335143708545612,0.10802172450254735,0.20583004902431992,0.3280303758531193,0.12460347976545227,0.0,207.81,0
15121,188,1,295.15,18,295.15,0.3747247162459767,0.03862442825681856,0.0,0.21294257157377608,0.3737082839234288,0.0,162.57,0
16399,135,1,178.41,31,178.41,0.49531976907124037,0.0496048427778712,0.0,0.1854716663864133,0.21803710554341124,0.051566616221063837,230.16,0
18080,142,1,841.4999999999999,1,841.4999999999999,0.0,0.0,0.0,0.0,0.0,1.0,390.0,0
18087,190,1,3202.9199999999996,1,3202.9199999999996,1.0,0.0,0.0,0.0,0.0,0.0,852.8,1
14505,9,6,4255.64,388,709.2733333333334,0.23357003881907304,0.1401739808818415,0.13517355791373328,0.10127031421830794,0.3066448289798949,0.08316727918714928,1650.0,1
17555,234,1,195.45,48,195.45,0.2013302634944999,0.0,0.042670759785111284,0.1920184190330008,0.3578408800204656,0.20613967766692248,287.81,0
17929,12,3,707.0,4,235.66666666666666,0.0,0.0,0.0,0.0,1.0,0.0,136.0,0
17786,217,1,114.85,24,114.85,0.49351327818894214,0.10274270787984328,0.06922072268175881,0.1480191554201132,0.11771876360470179,0.06878537222464084,163.89,0
15545,270,1,135.32999999999998,31,135.32999999999998,0.15273775216138333,0.03657725559742851,0.05874528929283973,0.27783935564915396,0.32572230843124217,0.14837803886795242,157.39000000000001,0
12838,273,1,390.79,59,390.79,0.29401980603393124,0.22109061132577598,0.02264643414621664,0.11336011668671153,0.15235804396223035,0.1965249878451342,292.34000000000003,0
14905,57,2,616.15,14,308.075,0.39730585084800785,0.3973058508480078,0.0735210581838838,0.08220400876409967,0.0,0.049663231356000974,0.0,0
14916,49,2,701.28,42,350.64,0.173696668948209,0.0,0.15450319415925165,0.3285706137348848,0.2631473876340406,0.08008213552361396,567.7,0
14035,7,3,837.26,18,279.08666666666664,0.41654922007500655,0.13974153787353988,0.13630174617203736,0.04228077299763515,0.1627929197620811,0.10233380311969999,590.76,0
16202,260,1,365.27,18,365.27,0.36671503271552547,0.08213102636405947,0.21764721986475757,0.21455361787171137,0.11895310318394614,0.0,0.0,0
16816,3,4,417.06,28,104.265,0.35762240445019905,0.0,0.0,0.3331175370450295,0.09854697165875415,0.21071308684601736,0.0,0
16843,34,11,7371.6,170,670.1454545454545,0.2150482934505399,0.009441640892072277,0.07300179065603125,0.1810204026262955,0.40583455423517284,0.1156533181398882,2824.9700000000003,1
15785,57,4,1665.83,41,416.4575,0.35189665211936394,0.0827215262061555,0.0,0.14989524741420193,0.3681828277795453,0.04730374648073333,663.14,1
12937,97,2,428.23,27,214.115,0.24433131728276858,0.19055180627233026,0.0,0.08133479672138803,0.45926254582817644,0.024519533895336617,1076.04,0
17698,160,1,154.95,8,154.95,0.19361084220716362,0.0,0.0,0.1510164569215876,0.3998063891577929,0.25556631171345595,0.0,0
13479,100,2,300.95,14,150.475,0.7989699285595614,0.0,0.09918591128094367,0.049343744808107666,0.0,0.052500415351387275,0.0,0
17921,47,3,601.76,82,200.58666666666667,0.4310023929805903,0.14382810422759904,0.0568166710981122,0.06211778782238766,0.23602432863600106,0.07021071523530976,224.76,0
14819,92,1,84.72,3,84.72,0.0,0.0,0.0,0.5311614730878187,0.4688385269121813,0.0,187.35,0
13512,160,1,251.21,15,251.21,0.38899725329405677,0.0,0.0,0.19107519605111262,0.4199275506548306,0.0,0.0,0
16116,111,1,612.78,34,612.78,0.2981167792682529,0.04895721139723882,0.389634126440158,0.041613629687652996,0.18296941806194722,0.03870883514475015,0.0,0
17214,149,4,613.67,56,153.4175,0.3587432985154888,0.03845715123763587,0.22153600469307608,0.023302426385516647,0.32626656020336664,0.031694558964916,455.45,0
14847,48,1,309.4,13,309.4,0.12120232708468004,0.17162249515190695,0.10665804783451843,0.04848093083387201,0.5520361990950227,0.0,0.0,0
14421,111,1,455.18,15,455.18,0.17399710004833252,0.0,0.0,0.21749637506041566,0.3649105848235863,0.24359594006766552,357.93,0
16018,80,1,161.9,15,161.9,0.1170475602223595,0.0926497838171711,0.0,0.3511426806670784,0.43915997529339096,0.0,247.0,0
16409,50,3,1039.27,106,346.42333333333335,0.339651871024854,0.09973346676032216,0.08549270160785936,0.22278137538849385,0.16295091747091708,0.08938966774755358,989.61,0
17040,37,1,449.73,15,449.73,0.351922264469793,0.0,0.0,0.13430280390456498,0.46708024814888927,0.046694683476752714,0.0,0
15347,266,1,201.60000000000002,5,201.60000000000002,0.0,0.0,0.10416666666666666,0.7202380952380951,0.0,0.1755952380952381,0.0,0
15679,54,2,260.26,18,130.13,0.26527318835011143,0.03596403596403596,0.08476139245370014,0.0,0.28686697917467147,0.32713440405748107,521.02,0
13723,117,1,199.85000000000002,6,199.85000000000002,0.2361771328496372,0.0,0.6152114085564172,0.14861145859394545,0.0,0.0,0.0,0
17685,166,5,1512.72,39,302.544,0.1141784335501613,0.41210534666032056,0.18080014807763498,0.11224813580834524,0.10848008884658099,0.07218784705695701,1678.81,0
12578,230,1,1608.66,70,1608.66,0.1498265637238447,0.0,0.03953601133862967,0.37370233610582715,0.29942933870426314,0.13750575012743524,1185.85,0
13728,7,5,797.02,29,159.404,0.07339840907379991,0.013048606057564428,0.5735113297031442,0.16772477478607814,0.1723168803794133,0.0,219.12,0
15701,10,1,857.0,119,857.0,0.23511085180863478,0.10887981330221702,0.144340723453909,0.24530921820303386,0.22323220536756128,0.04312718786464411,685.14,0
16339,184,1,109.95,17,109.95,0.11368804001819008,0.0,0.7912687585266029,0.0,0.09504320145520691,0.0,0.0,0
13591,104,2,776.23,36,388.115,0.13005165994614998,0.09072053386238615,0.0637697589631939,0.28226170078456125,0.3444339950787782,0.0887623513649305,340.9,0
15182,54,2,622.85,24,311.425,0.39255037328409725,0.04912900377297904,0.0,0.0795536646062455,0.374729067993899,0.10403789034277915,0.0,0
15683,17,1,193.75,10,193.75,0.1424516129032258,0.0,0.0,0.07664516129032259,0.19716129032258067,0.583741935483871,0.0,0
15507,71,1,492.36,41,492.36,0.0971646762531481,0.0,0.256743033552685,0.1529368754569827,0.38337801608579086,0.10977739865139328,0.0,0
14866,5,4,1163.9,25,290.975,0.46060658132141935,0.004588023026033164,0.0051121230346249675,0.01323137726608815,0.025938654523584497,0.4905232408282498,13226.0,0
15442,148,1,594.0,2,594.0,0.0,0.0,0.0,0.0,1.0,0.0,0.0,0
14647,101,1,243.22,24,243.22,0.661828796973933,0.0,0.0,0.22592714414932985,0.1031987501027876,0.009045308773949512,0.0,0
13421,190,1,825.04,64,825.04,0.09987394550567244,0.11617618539707167,0.18052458062639387,0.08823814602928343,0.19253611946087465,0.32265102298070397,1026.04,0
13038,83,2,591.76,22,295.88,0.39644450452886304,0.0,0.09885764499121266,0.43727186697309717,0.06742598350682709,0.0,316.70000000000005,0
14842,91,2,1688.48,77,844.24,0.0860655737704918,0.10224580687956031,0.1683762911020563,0.3537856533687103,0.16639818061214823,0.12312849426703307,1136.21,1
14813,269,2,155.43,25,77.715,0.2650710930965708,0.013510905230650454,0.10036672457054623,0.0974715305925497,0.4936627420703854,0.029917004439297432,0.0,0
17928,145,1,78.25999999999999,17,78.25999999999999,0.47840531561461797,0.0,0.0,0.16036289292103248,0.22744697163301814,0.13378481983133145,134.28,0
17048,17,3,925.35,41,308.45,0.40478737774895984,0.09045226130653267,0.021073107472848112,0.06620197763008591,0.2986977900253958,0.11878748581617767,0.0,0
15808,206,4,3734.9700000000003,142,933.7425000000001,0.23004200836954514,0.014698913244283088,0.18909121090664716,0.30951788100038286,0.22204997630503057,0.03460001017411117,0.0,1
13194,35,1,60.7,3,60.7,0.4398682042833608,0.5601317957166392,0.0,0.0,0.0,0.0,0.0,0
12924,98,3,655.27,10,218.42333333333332,0.09064965586704718,0.34190486364399414,0.0,0.5553130770522074,0.012132403436751264,0.0,278.43,0
16866,40,3,207.73999999999998,10,69.24666666666666,0.05968999711177434,0.0,0.9121979397323579,0.0,0.01992875710022143,0.008183306055646482,0.0,0
17007,54,5,575.44,33,115.08800000000001,0.18846447935492835,0.09835951619630195,0.06777422494091477,0.24497775615181425,0.29135965522035306,0.10906436813568747,314.49,0
13718,146,2,306.55,9,153.275,0.0326211058554885,0.0,0.1497308758766922,0.0,0.8176480182678193,0.0,0.0,0
17829,198,1,889.24,30,889.24,0.5619855157212901,0.03913454185596689,0.01788043722729522,0.1241509603706536,0.2568485448247942,0.0,0.0,0
12844,30,1,174.88,27,174.88,0.24759835315645012,0.0,0.14484217749313816,0.05661024702653248,0.42103156450137236,0.12991765782250686,151.08,0
17191,91,5,1175.7,111,235.14000000000001,0.26339202177426213,0.07620991749595986,0.06507612486178448,0.08263162371353236,0.43473675257293526,0.07795355958152589,919.4300000000001,0
15944,176,1,325.1,6,325.1,0.0,0.0,0.0,0.16333435865887422,0.7880652107043986,0.04860043063672716,0.0,0
13506,216,2,458.52,26,229.26,0.18182412980895055,0.0,0.17654627933350783,0.17142109395446217,0.3997644595655587,0.07044403733752072,0.0,0
14418,8,1,150.44,17,150.44,0.0,0.17448816804041478,0.04154480191438447,0.3873969688912523,0.23039085349641056,0.16617920765753788,1786.81,0
14523,8,1,241.09,12,241.09,0.41262599029408104,0.3399560330167158,0.15201791861960262,0.0,0.05184785764652205,0.043552200423078516,0.0,0
15864,77,2,414.26,7,207.13,0.0,0.599044078597982,0.0,0.4009559214020181,0.0,0.0,1522.0600000000002,0
17768,66,1,411.33,22,411.33,0.20061750905598913,0.06675904991126347,0.36041621082828873,0.0,0.3211533318746505,0.05105389832980819,1861.8500000000001,0
17779,43,1,323.09,34,323.09,0.4143118016651707,0.023213346126466312,0.12637345631248256,0.15961496796558236,0.16162679129654275,0.11485963663375531,335.48,0
16241,14,8,1507.8700000000001,247,188.48375000000001,0.30068905144342684,0.05981948045919078,0.0855047185765351,0.17864935306094026,0.2351330021818857,0.1402043942780213,1100.0,0
12476,40,6,3191.67,91,531.945,0.10245106793622148,0.0,0.08875604307462863,0.1429126444776559,0.4294585593122096,0.23642168519928436,3624.75,1
18145,104,2,1023.78,60,511.89,0.16136279278751295,0.0,0.08812440172693352,0.2901111566938209,0.34070796460176994,0.11969368418996268,1837.77,0
14004,8,4,2962.26,66,740.565,0.14978428632192986,0.0,0.11744411361595537,0.1627473618115898,0.4792422002120002,0.09078203803852464,1620.3799999999999,1
14038,44,2,1086.42,49,543.21,0.3136356105373612,0.018224995857955485,0.01855635941900922,0.1485061026122494,0.4632462583531231,0.037830673220301536,473.96,0
13817,251,1,128.7,9,128.7,0.0,0.0,0.0,0.19580419580419584,0.37995337995338,0.42424242424242425,254.28,0
16746,19,11,4113.66,163,373.9690909090909,0.1790254906822635,0.0744300695730809,0.07447868807825635,0.17191746522561419,0.4569750538449945,0.04317323259579061,2276.58,1
17043,78,2,324.96999999999997,27,162.48499999999999,0.1224728436471059,0.15939932916884636,0.06123642182355295,0.30790534510877926,0.13336615687601935,0.21561990337569623,1410.21,0
15796,9,5,1575.72,59,315.144,0.15669027492194046,0.033698880511766054,0.13663595054959005,0.4636610565328866,0.14343918970375447,0.06587464778006244,1135.8400000000001,0
15089,8,2,1677.23,102,838.615,0.14828020009181805,0.09043482408494959,0.04251653023139343,0.24693095162857806,0.3487774485312092,0.12306004543205167,743.61,1
12829,236,2,293.0,9,146.5,0.22781569965870307,0.0,0.326962457337884,0.0,0.15341296928327647,0.29180887372013653,0.0,0
16109,118,2,611.88,18,305.94,0.3135909001765052,0.04942145518729162,0.01627770151010002,0.17493626201215923,0.24573445773681113,0.20003922337713276,0.0,0
17152,94,3,1689.5,9,563.1666666666666,0.09872743415211602,0.010062148564664102,0.014087007990529744,0.0,0.8632731577389761,0.013850251553714115,0.0,1
13395,85,1,307.72,21,307.72,0.39360457558819706,0.04874561289483946,0.12966333030027297,0.0,0.2825295723384895,0.14545690887820095,0.0,0
16351,232,1,153.9,8,153.9,0.10721247563352826,0.0,0.0,0.16569200779727095,0.7270955165692008,0.0,0.0,0
13959,180,2,337.44,31,168.72,0.11602062588904696,0.0024893314366998577,0.16151019440493125,0.4612671882408725,0.24611782835467044,0.012594831673779042,260.76,0
15041,70,1,180.35,66,180.35,0.20532298308843916,0.07862489603548656,0.05095647352370391,0.08882728028832824,0.24086498475187135,0.3354033823121708,0.0,0
15889,56,2,446.87,79,223.435,0.19929733479535436,0.07821066529415714,0.1657081477834717,0.1463289099738179,0.3236287958466668,0.0868261463065321,0.0,0
14277,112,1,1637.43,71,1637.43,0.12395644393958825,0.11802641944999175,0.06736165820828982,0.16491697355001436,0.5132799570057957,0.012458547846320146,2578.77,1
14258,51,7,9386.32,52,1340.902857142857,0.21772323977874186,0.07509652345115019,0.30457943049033065,0.11516760562179854,0.24169003400693775,0.04574316665104109,3283.66,1
16483,92,1,139.35,19,139.35,0.26264800861141013,0.0,0.0,0.07104413347685684,0.6663078579117331,0.0,0.0,0
15129,6,10,2796.73,48,279.673,0.098847582712668,0.012657639457509308,0.008045109824688118,0.39170745835314813,0.354986001508905,0.13375620814308137,650.67,1
13782,24,3,487.93,59,162.64333333333335,0.2786055376795852,0.08279876211751686,0.1266575123480827,0.1526858360830447,0.302707355563298,0.056544996208472524,424.07,0
17227,72,3,473.75,17,157.91666666666666,0.19873350923482852,0.0,0.0,0.4360949868073879,0.3563060686015831,0.008865435356200529,465.57000000000005,0
14105,138,1,1266.23,74,1266.23,0.21571120570512464,0.010614185416551495,0.14855121107539704,0.21109908942293265,0.3290160555349344,0.08500825284505974,0.0,0
17302,22,3,661.61,48,220.53666666666666,0.32948413718051417,0.04987832711113798,0.22857876997022417,0.05522891129215096,0.21954021251190278,0.1172896419340699,474.02,0
12372,112,2,914.9200000000001,32,457.46000000000004,0.014755388449263322,0.0,0.0,0.1409959340707384,0.657347090455996,0.18690158702400209,383.12,0
13186,28,1,988.34,51,988.34,0.48074549244187226,0.035817633607867744,0.19305097436104984,0.1861201610781715,0.07401299148066455,0.03025274703037416,587.5500000000001,0
14323,14,2,605.0600000000001,32,302.53000000000003,0.15023303474035632,0.0,0.0,0.40987670644233626,0.3581793541136416,0.08171090470366574,0.0,0
15070,272,1,106.2,1,106.2,0.0,0.0,0.0,0.0,0.0,1.0,0.0,0
15901,54,1,110.49,24,110.49,0.15340754819440675,0.0,0.0,0.23386731830934931,0.19549280477871303,0.41723232871753096,253.39,0
17752,259,1,80.64,1,80.64,0.0,0.0,0.0,0.0,1.0,0.0,0.0,0
17809,29,8,2856.71,33,357.08875,0.06589748346874551,0.15026026443006116,0.3466400159624183,0.34865282090236677,0.06016011425730998,0.028389300979098336,2555.2,1
17572,138,2,152.20000000000002,7,76.10000000000001,0.171484888304862,0.0,0.24704336399474375,0.5814717477003942,0.0,0.0,74.55,0
16771,175,3,1655.95,154,551.9833333333333,0.3463691536580211,0.06832935777046409,0.1447145143271234,0.08976720311603612,0.2285153537244482,0.12230441740390711,590.86,1
15860,24,5,654.28,62,130.856,0.27312465611053377,0.027052638014305807,0.04845020480528214,0.18424833404658558,0.38955798740600356,0.07756617961728923,322.93,0
15561,49,3,449.66999999999996,16,149.89,0.44699446260591097,0.0,0.0,0.0,0.5307670069161831,0.022238530477906023,350.92,0
15729,112,1,85.0,5,85.0,0.35294117647058826,0.0,0.0,0.0,0.6470588235294118,0.0,0.0,0
16316,57,7,2212.81,103,316.11571428571426,0.13758976143455606,0.04729280869121163,0.06003226666546157,0.4881349957746034,0.14336070426290554,0.12358946317126189,726.1,1
15270,17,5,1850.29,21,370.058,0.1788368309832513,0.15078717390246935,0.46327872928027497,0.03864259116138551,0.07687984045744181,0.09157483421517708,529.2,1
14117,43,1,90.0,3,90.0,0.0,0.6666666666666666,0.0,0.3333333333333333,0.0,0.0,0.0,0
17114,38,6,603.59,66,100.59833333333334,0.1914875991981312,0.009774847164465946,0.3079076856806773,0.058400569923292296,0.3859407876207359,0.04648851041269736,205.03,0
12957,86,4,1715.29,97,428.8225,0.34337050877694153,0.042849897101947775,0.037078278308624195,0.2524354482332434,0.21646485433949944,0.10780101323974371,2302.25,1
17409,84,2,771.85,13,385.925,0.0458638336464339,0.0,0.15274988663600442,0.4055839865258794,0.3728703763684653,0.02293191682321695,0.0,0
16121,115,1,287.89,60,287.89,0.25607002674632673,0.10385911285560458,0.0845809163222064,0.29160443224842825,0.1854527771023655,0.0784327347250686,579.22,0
14944,44,6,2507.73,63,417.955,0.49638517703261514,0.1484131066741635,0.1962731235021314,0.03050567644842148,0.0686078644830185,0.05981505185964996,3392.52,1
17155,77,1,143.3,9,143.3,0.4856943475226796,0.0,0.0,0.09211444521981857,0.4221912072575017,0.0,108.39999999999999,0
15053,56,2,478.6,28,239.3,0.06895110739657334,0.0,0.03071458420392812,0.050146259924780605,0.5031759297952361,0.3470121186794818,219.19,0
17975,14,11,3956.0,170,359.6363636363636,0.15024266936299294,0.009390798786653184,0.05612234580384227,0.01576845298281092,0.7249089989888777,0.04356673407482305,532.81,1
12929,211,1,117.85,8,117.85,0.15146372507424694,0.0,0.0,0.1731014000848536,0.6754348748408995,0.0,0.0,0
14078,1,6,1049.37,46,174.89499999999998,0.05392759465202932,0.0,0.0,0.7044321831193955,0.18417717297044897,0.057463049258126314,0.0,0
15831,24,2,451.11,22,225.555,0.4868657311963822,0.0,0.17722950056527229,0.04834740972268404,0.28755735851566133,0.0,350.65,0
13649,156,2,346.6,23,173.3,0.30135603000577027,0.24062319676860935,0.09521061742642815,0.13300634737449507,0.15478938257357186,0.07501442585112521,0.0,0
16638,6,8,1429.71,78,178.71375,0.3298431150373152,0.04196655265753194,0.05588545928894671,0.12625637367018488,0.38309867035972334,0.06294982898629792,251.01000000000002,0
14790,19,2,364.04,22,182.02,0.11399846170750466,0.33144709372596415,0.019118778156246564,0.04532468959455005,0.3500164817053071,0.14009449511042743,381.02,0
12528,14,4,1287.37,46,321.8425,0.2625896206995658,0.0,0.06455020701119336,0.19633050327411702,0.2532682911672635,0.2232613778478604,646.11,0
17754,42,2,575.06,38,287.53,0.034413800299099226,0.0,0.017998121935102425,0.39188954196083886,0.28890898341042676,0.2667895523945327,1197.2,0
14517,41,1,252.45,14,252.45,0.16874628639334524,0.12358882947118241,0.28678946326005156,0.10001980590215885,0.32085561497326204,0.0,78.0,0
14351,64,1,51.0,1,51.0,1.0,0.0,0.0,0.0,0.0,0.0,0.0,0
15777,141,4,1047.11,18,261.7775,0.06824497903754143,0.15585755078263028,0.12267097057615724,0.47086743513097956,0.1534222765516517,0.028936787921039823,0.0,0
14481,64,2,636.51,25,318.255,0.20337465240137628,0.11914973841730689,0.14233869067257388,0.024508648725078946,0.12867040580666447,0.38195786397699955,0.0,0
14453,90,1,119.93,22,119.93,0.3564579337947136,0.2994246643875594,0.10189277078295672,0.041274076544651046,0.11840240140081713,0.08254815308930209,0.0,0
12477,139,2,4576.97,97,2288.485,0.1684957515561605,0.004326006069517606,0.2233136769522195,0.41676480291546586,0.16252018256619555,0.024579579940440948,4385.71,1
16403,212,1,177.5,10,177.5,0.29577464788732394,0.0,0.0,0.10985915492957747,0.5357746478873239,0.05859154929577465,0.0,0
13510,83,1,585.3199999999999,38,585.3199999999999,0.0796145698079683,0.02135583954076403,0.13582313947925923,0.17084671632611223,0.3476730677236384,0.24468666712225792,1206.24,0
14132,13,5,1552.46,48,310.492,0.05835899153601381,0.0,0.05101580717055511,0.0,0.5222807672983523,0.36834443399507877,2033.57,0
12560,12,2,1436.31,77,718.155,0.07943967527901358,0.0,0.14269899951960233,0.3314326294462895,0.2506353085336731,0.1957933872214216,697.7,0
17035,145,2,433.53000000000003,27,216.76500000000001,0.1993864323114894,0.0715060088113856,0.21728600096879108,0.3670795562014163,0.10829700366756626,0.03644499803935137,0.0,0
15199,135,2,657.15,3,328.575,0.0,0.0,0.0,0.0,1.0,0.0,611.55,0
13917,91,1,65.38,5,65.38,0.42673600489446323,0.0,0.0,0.23401651881309268,0.30437442643010093,0.03487304986234323,206.66,0
16567,94,2,865.6,34,432.8,0.3187615526802218,0.01802218114602588,0.08664510166358595,0.15753234750462108,0.3486136783733826,0.07042513863216265,0.0,0
12853,34,6,1957.1000000000001,66,326.18333333333334,0.2129170711767411,0.007664401410249859,0.25951663175106027,0.15155076388534056,0.19436921976393642,0.1739819120126718,0.0,1
13001,58,11,8615.42,154,783.22,0.4306081421451305,0.17467401473172522,0.032209689138776754,0.08814660225502646,0.18665137625327613,0.08771017547606501,1203.3999999999999,1
12593,8,3,418.09999999999997,14,139.36666666666665,0.3169098301841665,0.09471418320975843,0.0,0.0,0.5022721836881129,0.08610380291796221,0.0,0
14651,111,1,416.32,59,416.32,0.3567928516525749,0.026181783243658725,0.03819177555726364,0.15730687932359722,0.32239623366641046,0.09913047655649501,238.28,0
17157,76,1,161.46,8,161.46,0.0,0.0,0.2787068004459309,0.04310665180230397,0.5555555555555556,0.12263099219620957,157.54000000000002,0
16191,162,8,2615.68,25,326.96,0.3573831661365305,0.038903841448495236,0.20644727183753367,0.27741160998287256,0.11985411059456814,0.0,2564.84,1
13075,29,1,919.61,22,919.61,0.2754754732984635,0.04306173269103206,0.0,0.1789889192157545,0.27020149846130426,0.2322723763334457,0.0,0
13187,236,1,236.02,37,236.02,0.4059825438522159,0.03177696805355478,0.07520549106007965,0.11100754173375137,0.3349292432844674,0.041098212015930856,0.0,0
14466,15,5,1580.45,28,316.09000000000003,0.13163972286374134,0.02505615489259388,0.0,0.5582270872219938,0.22148755101395173,0.06358948400771931,691.95,0
18041,3,16,3084.13,227,192.758125,0.16587822173514086,0.0077655611144796105,0.08035329250064037,0.20037741599738013,0.25397762091740617,0.2916478877349528,1099.26,1
15749,135,3,44534.3,5,14844.766666666668,0.15897858504568388,0.2145200441008391,0.33282211688518737,0.0,0.2936792539682896,0.0,0.0,1
14467,212,1,131.7,15,131.7,0.12186788154897496,0.0,0.6195899772209568,0.0,0.16856492027334852,0.08997722095671984,467.06,0
16861,58,1,70.80000000000001,2,70.80000000000001,0.0,0.0,0.0,0.0,0.0,1.0,102.96,0
17140,147,1,465.32,16,465.32,0.054199260723802975,0.0,0.0,0.0552308089056993,0.13334909309722343,0.7572208372732744,0.0,0
17873,84,4,1587.1200000000001,23,396.78000000000003,0.7760534805181712,0.0,0.07428549826100106,0.0,0.08274736629870455,0.06691365492212308,272.04,0
14727,174,1,268.58,10,268.58,0.7076103954129124,0.05584928140591258,0.0,0.12242162484176036,0.05529078859185346,0.058827909747561254,0.0,0
14514,101,2,403.11,36,201.555,0.5526035077274193,0.0,0.0,0.10530624395326338,0.26915730197712784,0.07293294634218947,652.24,0
15059,7,7,1008.6,127,144.0857142857143,0.4387368629783859,0.08224271267102914,0.1272952607574856,0.1285841760856633,0.17996232401348403,0.04317866349395201,329.12,0
17664,112,1,326.19,23,326.19,0.15451117446886783,0.03832122382660413,0.03090223489377357,0.08599282626689968,0.18737545602256356,0.5028970845212912,278.45,0
12798,70,1,1607.04,6,1607.04,0.0,0.3207885304659498,0.043010752688172046,0.0,0.37813620071684584,0.25806451612903225,5370.0,0
13178,33,8,4391.7300000000005,81,548.9662500000001,0.19186061073882044,0.002841704749608924,0.010838553371905832,0.19976182506665938,0.5347892516161057,0.05990805445689967,1333.74,1
14959,9,3,537.32,33,179.10666666666668,0.667646839871957,0.11910965532643489,0.0,0.027916325467133178,0.1853271793344748,0.0,158.1,0
14501,83,2,251.21,9,125.605,0.4379602722821544,0.0,0.0,0.23884399506389076,0.32319573265395485,0.0,0.0,0
13552,23,9,2762.91,61,306.99,0.2170103260692531,0.0,0.1619234792302319,0.1149005939389991,0.4222323564647419,0.08393324429677405,977.1600000000001,1
15940,211,1,35.8,1,35.8,0.0,0.0,0.0,0.0,0.0,1.0,0.0,0
15903,127,2,641.6400000000001,19,320.82000000000005,0.0,0.0,0.09425846268935852,0.0,0.37030110342247985,0.5354404338881615,4485.12,0
17930,61,2,694.14,19,347.07,0.09283429855648716,0.0,0.5113665831100355,0.0,0.15498314461059726,0.2408159737228801,1046.34,0
15753,204,1,79.2,1,79.2,0.0,1.0,0.0,0.0,0.0,0.0,0.0,0
16706,14,1,291.53,70,291.53,0.279490961479093,0.040819126676499846,0.005659794875313004,0.04836551984358385,0.5385380578328132,0.08712653929269715,239.82,0
17621,212,2,901.78,15,450.89,0.31670695735101684,0.0,0.03526358978908382,0.17398922131783806,0.030805739759143032,0.4432344917829183,478.12,0
14211,107,5,909.89,44,181.978,0.22865401312246533,0.12693842112782863,0.28201211135411974,0.1859565441976503,0.17089977909417622,0.005539131103759795,1331.21,0
12540,7,10,8786.869999999999,197,878.6869999999999,0.17098124815776267,0.023000226474273553,0.022692949821722642,0.16108921606897567,0.34177244001561424,0.28046391946165133,4613.37,1
14149,120,1,446.62,28,446.62,0.25731046527249113,0.0,0.043661278043974745,0.26492320093144056,0.4236263490215396,0.010478706730553938,0.0,0
15227,115,3,876.8199999999999,36,292.2733333333333,0.2887707853379257,0.11509773955886042,0.03626742090736982,0.12985561460733105,0.38012362856686666,0.0498848110216464,342.58,0
12815,47,2,1063.46,38,531.73,0.05674872585710794,0.02990239407217949,0.04569988528012337,0.43067910405657006,0.2489045192108777,0.18806537152314143,0.0,0
15945,265,1,181.0,2,181.0,0.0,0.0,0.9248618784530387,0.0,0.0,0.07513812154696133,0.0,0
14649,112,2,584.22,48,292.11,0.2754612988257848,0.2091677792612372,0.01360788743966314,0.038427304782444965,0.40335832391907156,0.05997740577179829,833.0699999999999,0
16950,24,2,778.41,26,389.205,0.3745840880769774,0.16495163217327627,0.16418083015377502,0.12134993127015326,0.1446409989594173,0.03029251936640074,400.15,0
14048,205,1,409.93,83,409.93,0.37774742029126923,0.08830775986143977,0.01792989046910448,0.0030493011001878367,0.3281535871978143,0.18481204108018442,0.0,0
14820,73,1,139.77,8,139.77,0.4689847606782572,0.22408242112041207,0.0,0.18244258424554624,0.12449023395578449,0.0,367.52,0
14890,153,1,125.65,7,125.65,0.639474731396737,0.0,0.0,0.20294468762435336,0.0,0.15758058097890965,0.0,0
15502,23,5,5955.53,148,1191.106,0.170261924631393,0.08663880460681082,0.1799587945993052,0.13369926773939517,0.397806744319985,0.031634464103110896,4429.4,1
15825,72,1,532.94,20,532.94,0.08691409914812172,0.02814575749615341,0.13960295718092092,0.4690959582692235,0.13994070627087477,0.13630052163470557,0.0,0
12599,26,6,857.04,25,142.84,0.14235041538317933,0.0,0.0,0.2461962102118921,0.11159339120694484,0.49985998319798375,175.54000000000002,0
12845,167,4,354.09,26,88.5225,0.003530175943969048,0.0,0.6136857860995792,0.3127453472281059,0.062272303651614,0.007766387076731905,0.0,0
16163,132,2,856.6,5,428.3,0.7033621293485874,0.0,0.0,0.0,0.29663787065141256,0.0,0.0,0
17400,26,5,2129.96,175,425.992,0.20008356964450036,0.027479389284305808,0.16248661946703225,0.15948656312794607,0.33613776784540556,0.11432609063080997,0.0,1
16545,64,1,339.3,3,339.3,0.07427055702917773,0.7002652519893899,0.0,0.22546419098143236,0.0,0.0,0.0,0
16497,103,5,1550.7,82,310.14,0.29961952666537695,0.052105500741600565,0.10421100148320113,0.22115818662539496,0.29040433352679434,0.03250145095763204,1414.99,0
16764,26,3,522.0600000000001,102,174.02,0.3270122208175305,0.0904110638623913,0.07932038463011915,0.21704401792897365,0.24071945753361682,0.0454928552273685,2277.19,0
14633,166,1,344.90000000000003,20,344.90000000000003,0.14569440417512322,0.062626848361844,0.2365903160336329,0.08654682516671498,0.46854160626268476,0.0,0.0,0
17058,99,2,819.66,42,409.83,0.3727277163702023,0.05331478905887808,0.05331478905887808,0.020740306956542956,0.3552692579850182,0.14463314057048046,360.23,0
13329,266,1,304.2,7,304.2,0.08678500986193295,0.0,0.0,0.5305719921104536,0.20808678500986194,0.17455621301775148,484.79999999999995,0
16187,13,10,4601.32,130,460.13199999999995,0.2549659662879348,0.09577686403032173,0.012909339059226484,0.14730772908643608,0.36667521493832206,0.1223648865977589,2310.12,1
17449,134,3,1322.69,118,440.8966666666667,0.45909472363138754,0.09665908111500049,0.11401008550756414,0.1088614868185289,0.18293024064595634,0.03844438228156257,1198.17,0
17551,259,1,306.84,39,306.84,0.3777212879676705,0.12498370486246906,0.13606439838352236,0.09646721418328771,0.16816581931951508,0.09659757528353541,0.0,0
14621,56,3,1002.91,45,334.30333333333334,0.23132683889880448,0.08754524334187515,0.0694479065918178,0.1523566421712816,0.2794468097835299,0.17987655921269108,785.45,0
15405,89,1,349.1,8,349.1,0.17530793468920078,0.32128329991406473,0.0,0.0,0.4588942996276138,0.04451446576912059,0.0,0
15197,152,2,773.25,15,386.625,0.0,0.17730358874878757,0.0504364694471387,0.03957322987390882,0.6896993210475267,0.04298739088263822,306.36,0
16709,99,4,1984.5900000000001,42,496.14750000000004,0.11667397296166966,0.09142442519613622,0.15242443023496036,0.15312986561456018,0.48634730599267356,0.0,1045.28,1
13821,44,2,385.64,51,192.82,0.07444767140338139,0.029820558033399027,0.12641323514158284,0.22157971164816928,0.5477388237734675,0.0,0.0,0
15069,79,1,1109.53,70,1109.53,0.19481221778590938,0.011266031562914027,0.06083657043973575,0.09144412498986058,0.455345957297234,0.18629509792434634,0.0,0
12787,92,1,158.1,8,158.1,0.0,0.0,0.0,0.19481340923466162,0.13156230234029095,0.6736242884250475,305.56,0
13453,65,2,356.97999999999996,16,178.48999999999998,0.46019384839486804,0.0,0.2876911871813547,0.0,0.2521149644237773,0.0,0.0,0
14162,73,2,289.36,25,144.68,0.3127591927011335,0.0,0.0891622891899364,0.1615634503732375,0.26389272878075754,0.172622338954935,0.0,0
12821,114,1,92.72,6,92.72,0.8166522864538395,0.0,0.0,0.0,0.18334771354616047,0.0,0.0,0
14667,13,17,5488.22,265,322.83647058823533,0.3348207615583923,0.0311485326754394,0.09160893695952421,0.1679761379828068,0.24552769386066883,0.12891793696316836,3752.98,1
16716,166,2,901.2,1,450.6,0.0,0.0,0.0,0.0,1.0,0.0,0.0,0
12841,6,17,2851.44,167,167.73176470588237,0.351138372190893,0.12678506298571948,0.040351541677187665,0.06837597845299218,0.21942948124456416,0.1939195634486435,1170.91,1
15258,68,2,623.16,32,311.58,0.07502086141600874,0.0,0.20749085307144235,0.466734065087618,0.1936260350471789,0.057128185377752105,0.0,0
16549,24,2,781.52,131,390.76,0.4963916470467806,0.09766864571604053,0.04372248950762617,0.12259443136452043,0.15852441396253455,0.0810983724024977,3373.12,0
16098,28,6,1712.49,31,285.415,0.008128514619063467,0.01503658415523594,0.29226448037652775,0.19281864419646244,0.45759099323207725,0.03416078342063311,293.14,1
15186,68,1,229.26,10,229.26,0.39413766029835123,0.1544098403559278,0.204571229172119,0.0,0.10293989357061852,0.1439413766029835,182.15,0
12447,143,1,476.49,26,476.49,0.06421960586790908,0.0,0.0,0.4283195869797897,0.41302021028772895,0.09444059686457218,0.0,0
16727,264,1,272.82,41,272.82,0.13983578916501724,0.26207756029616597,0.06432812843633165,0.09665713657356499,0.08503775383036435,0.3520636316985558,0.0,0
13911,44,8,2437.63,120,304.70375,0.2947124871288916,0.1965351591504863,0.07853119628491609,0.1510278426176245,0.23498644174874772,0.044206873069333734,143.28,1
15578,62,1,127.1,13,127.1,0.2710464201416208,0.0,0.07907159716758459,0.2840283241542093,0.33988985051140835,0.025963808025177025,0.0,0
17569,232,1,344.14,29,344.14,0.5257162782588483,0.03905387342360667,0.010896728075783112,0.0,0.4243331202417621,0.0,0.0,0
16053,22,1,1124.19,62,1124.19,0.20837225024239675,0.028731798005675192,0.0,0.39139291400919773,0.32480274686663285,0.04670029087609746,387.76,0
14995,180,1,119.31,37,119.31,0.41480177688374825,0.04567932277260917,0.4065040650406504,0.03184980303411281,0.07266784008046266,0.028497192188416728,113.92,0
12720,24,15,3314.5,159,220.96666666666667,0.13388746417257505,0.0059737516970885494,0.049980389198974205,0.307642178307437,0.2972756071805702,0.20524060944335495,2467.23,1
13207,50,1,197.52000000000004,5,197.52000000000004,0.0,0.10085054678007288,0.0,0.0,0.36148238153098416,0.5376670716889429,52.739999999999995,0
14963,83,1,294.2,37,294.2,0.19221617946974848,0.0,0.053976886471787895,0.10129163834126444,0.5216519374575119,0.13086335825968728,1193.6,0
15260,42,6,1615.6200000000001,58,269.27000000000004,0.3104938042361446,0.2637377601168592,0.012626731533405131,0.11856129535410555,0.21628229410381153,0.07829811465567399,0.0,0
15462,43,2,169.8,7,84.9,0.08833922261484098,0.11660777385159009,0.0,0.7067137809187278,0.08833922261484098,0.0,64.8,0
15021,56,5,1119.08,204,223.81599999999997,0.39187546913536125,0.04751224219894914,0.20372984951924797,0.08913571862601423,0.20525789040997963,0.062488830110447875,795.74,0
14111,6,2,247.2,3,123.6,0.6189320388349515,0.32038834951456313,0.0,0.06067961165048544,0.0,0.0,445.65,0
13811,83,3,814.5,7,271.5,0.0,0.0,0.638121546961326,0.0,0.27348066298342544,0.08839779005524862,0.0,0
17601,138,1,116.00999999999999,9,116.00999999999999,0.3749676752004138,0.0,0.0,0.018101887768295837,0.3483320403413499,0.25859839668994056,0.0,0
12988,192,1,535.32,75,535.32,0.2940671000523052,0.0023350519315549576,0.06444743331091683,0.09274826272136291,0.5250130762908167,0.02138907569304341,0.0,0
15058,24,7,1245.66,131,177.95142857142858,0.29032801888155674,0.015734630637573653,0.1151196955830644,0.09324374227317245,0.43009328388163703,0.055480628742995676,879.33,0
18074,273,1,489.6,13,489.6,0.6003880718954248,0.06372549019607844,0.0,0.0,0.30361519607843135,0.03227124183006536,0.0,0
16723,7,1,424.15,36,424.15,0.14061063303076743,0.0,0.197618766945656,0.1775315336555464,0.2866674525521632,0.19757161381586702,165.0,0
14001,132,2,1309.14,21,654.57,0.10373222115281788,0.13489771911331103,0.015200818858181704,0.2768993384970286,0.35420199520295764,0.11506790717570313,733.94,0
14657,54,3,638.94,83,212.98000000000002,0.3458697217266097,0.04659279431558519,0.030675806805020814,0.21340031927880548,0.29929257833286377,0.06416877954111497,209.28,0
16425,202,1,302.7,21,302.7,0.09613478691774033,0.0,0.3676907829534192,0.25371655104063434,0.17839444995044598,0.10406342913776016,0.0,0
13659,105,2,1573.2,92,786.6,0.3812484108822781,0.09311594202898552,0.0779303330790745,0.10040045766590389,0.28597762522247644,0.06132723112128147,0.0,0
12507,34,3,1304.81,19,434.93666666666667,0.2331373916508917,0.015450525363846078,0.0,0.5267816770257739,0.019543075237007688,0.2050873307224807,0.0,0
17324,231,2,702.23,17,351.115,0.007262577787904247,0.0,0.0,0.9416857724677099,0.0013528331173547127,0.049698816627031024,288.0,0
13869,23,4,3104.95,234,776.2375,0.27987568237813815,0.07167265173352227,0.11888758273080081,0.07286751799545887,0.34346446802686037,0.11323209713521958,0.0,1
13950,146,1,179.30999999999997,7,179.30999999999997,0.5671741676426301,0.0,0.0,0.0,0.43282583235737,0.0,565.75,0
15206,45,2,53.10000000000001,3,26.550000000000004,0.0,0.0,0.0,1.0,0.0,0.0,367.2,0
13246,76,5,1860.99,89,372.198,0.378443731562233,0.05163918129597687,0.02264923508455177,0.08246148555338825,0.38614393414258,0.07866243236127007,126.31,1
14544,261,1,1121.92,53,1121.92,0.47345621791215053,0.0,0.06938997432972047,0.11983920422133486,0.2819630633200228,0.05535154021677125,902.53,0
15909,73,1,191.94,7,191.94,0.026570803376055014,0.0,0.0,0.9471709909346671,0.0,0.0262582056892779,0.0,0
13468,7,27,4255.53,151,157.61222222222221,0.2632574555930754,0.15821766031493142,0.15582547884752312,0.18378204359973965,0.20065185770045096,0.038265503944279564,1449.44,1
14561,62,2,566.99,35,283.495,0.6170655567117586,0.20635284572920157,0.15039065944725655,0.026190938111783277,0.0,0.0,513.77,0
12649,7,3,623.51,28,207.83666666666667,0.0202081762922808,0.12355856361565973,0.0,0.14169780757325462,0.4056069670093503,0.30892848550945456,0.0,0
16043,111,3,676.49,22,225.49666666666667,0.2851483392215702,0.3064346849177372,0.0,0.18536859377078746,0.20797055388845362,0.015077828201451609,97.5,0
14911,5,106,74437.05,1190,702.236320754717,0.2070742996934994,0.035627285068390004,0.08039706033487357,0.2106215923387614,0.3725784404406139,0.09370132212386169,69388.01,1
15374,28,1,168.0,3,168.0,0.15000000000000002,0.0,0.0,0.5464285714285714,0.30357142857142855,0.0,0.0,0
13989,139,1,896.6700000000001,23,896.6700000000001,0.31778692272519427,0.3045936632205828,0.0436057858520972,0.18702532704339386,0.11174679648031048,0.03524150467842127,369.40999999999997,0
18077,3,7,1670.94,82,238.7057142857143,0.2478185931272218,0.03779908315080134,0.07336588985840306,0.2275425808227704,0.2777837624331215,0.1356900906076819,962.0699999999999,1
16872,5,2,464.68000000000006,3,232.34000000000003,0.0,0.4707755875010759,0.0,0.5292244124989239,0.0,0.0,215.34000000000003,0
16739,76,1,323.0,13,323.0,0.36826625386996903,0.36656346749226004,0.0,0.20386996904024765,0.0,0.06130030959752321,0.0,0
17076,173,2,334.2,11,167.1,0.23518850987432674,0.0,0.07719928186714542,0.3231597845601436,0.3644524236983842,0.0,506.88,0
14567,30,1,800.76,13,800.76,0.19106848493930767,0.04420800239772217,0.0,0.6755582196912934,0.0,0.08916529297167691,729.6,0
16419,12,6,972.23,36,162.03833333333333,0.40133507503368543,0.02860434259383068,0.03121689312199788,0.3929625705851496,0.09651008506217665,0.049371033603159746,0.0,0
13398,92,1,457.34,26,457.34,0.1747496392180872,0.05029081208728736,0.11789915598897976,0.2533126339266192,0.3279835570910045,0.07576420168802205,0.0,0
15249,7,10,5357.03,178,535.703,0.23585270196358804,0.02413650847577856,0.0954876116056845,0.3014244833424491,0.2282925426962328,0.11480615191626704,1331.43,1
12594,21,8,2529.9,46,316.2375,0.09367959207873829,0.095956361911538,0.08378987311751451,0.12475196648088857,0.48497964346416855,0.11684256294715206,808.32,1
18143,16,2,1000.16,59,500.08,0.34121540553511437,0.0,0.09538473844184932,0.1517857142857143,0.30639097744360905,0.10522316429371302,0.0,0
16581,82,1,105.84,9,105.84,0.09637188208616779,0.0,0.0,0.0,0.0,0.9036281179138321,0.0,0
15550,6,3,433.28,36,144.42666666666665,0.2886124446085672,0.23402880354505173,0.1027049483013294,0.03877400295420975,0.335879800590842,0.0,142.35,0
16115,17,5,931.68,125,186.33599999999998,0.23189292460930794,0.08726172076249356,0.08334406663232012,0.3348252618924953,0.16183668212261723,0.10083934398076594,736.29,0
13629,36,7,4897.36,27,699.6228571428571,0.09447130698988844,0.0,0.0025728147410033165,0.3507195713608965,0.5481933123152065,0.00404299459300521,2895.0,1
15237,103,2,1093.65,74,546.825,0.31193709139121284,0.050802359072829505,0.14295249851414984,0.20377634526585287,0.0861518767430165,0.20437982901293833,318.67,0
15815,40,4,1874.7,24,468.675,0.0,0.0,0.00880140822531605,0.016962714034245478,0.639408972102203,0.3348269056382355,225.9,1
17738,48,3,1571.49,72,523.83,0.22541027941635006,0.07165174452271411,0.06344297450190584,0.2926267427727825,0.30490171747831674,0.04196654130793069,307.56,0
12380,85,1,607.5500000000001,36,607.5500000000001,0.16591227059501273,0.0,0.05086001152168545,0.3118261871450909,0.39733355279400867,0.07406797794420211,2117.26,0
16519,265,1,103.7,5,103.7,0.14754098360655737,0.0,0.0,0.16393442622950818,0.6065573770491803,0.08196721311475409,111.38,0
12604,161,1,178.5,10,178.5,0.25546218487394956,0.0,0.0,0.39831932773109247,0.14789915966386555,0.19831932773109243,75.68,0
13859,226,1,201.16,27,201.16,0.3884967190296282,0.04399482998608074,0.0,0.024855836150328096,0.3649333863591171,0.1777192284748459,0.0,0
18221,15,3,706.86,40,235.62,0.43623914212149506,0.053475935828877,0.0,0.12668703845174434,0.2511529864471041,0.1324448971507795,334.75,0
13934,163,1,922.1,31,922.1,0.1744387810432708,0.0,0.04294545060188699,0.14640494523370567,0.4573798937208546,0.17883092940028197,0.0,0
15437,162,1,200.16,44,200.16,0.23171462829736214,0.10616506794564348,0.05695443645083933,0.19559352517985612,0.35536570743405277,0.05420663469224621,0.0,0
14502,49,7,1176.01,201,168.00142857142856,0.4100815469256214,0.05965085330907051,0.06086682936369588,0.18874839499664117,0.2257633863657622,0.05488898903920885,1294.66,0
16792,182,2,110.38000000000001,11,55.190000000000005,0.30712085522739624,0.08017756840007248,0.0901431418735278,0.23781482152563868,0.03424533429969197,0.25049827867367275,0.0,0
13106,33,1,76.5,1,76.5,0.0,0.0,0.0,0.0,1.0,0.0,0.0,0
18165,77,1,302.46000000000004,10,302.46000000000004,0.4076572108708589,0.09918666931164451,0.016663360444356276,0.4126165443364412,0.0,0.06387621503669906,0.0,0
13666,187,2,64.05,8,32.025,0.07728337236533958,0.3185011709601873,0.03278688524590164,0.03278688524590164,0.40046838407494145,0.13817330210772835,20.6,0
13973,187,1,264.7,11,264.7,0.2839063090290896,0.0,0.0,0.13279183981866266,0.5436343029845108,0.039667548167737064,0.0,0
18227,117,1,93.75,5,93.75,0.432,0.0,0.16,0.0,0.408,0.0,0.0,0
16495,176,2,246.51,32,123.255,0.030830392276175407,0.030424729219909945,0.14340189038984222,0.1935418441442538,0.16814733682203564,0.433653807147783,437.9,0
12864,38,1,147.12,3,147.12,0.0,0.8817292006525285,0.11827079934747144,0.0,0.0,0.0,0.0,0
14745,12,5,1220.26,46,244.052,0.215003359939685,0.1381017160277318,0.0,0.14365790897021946,0.34683592021372495,0.15640109484863882,0.0,0
13283,85,1,25.5,2,25.5,0.3333333333333333,0.0,0.0,0.6666666666666666,0.0,0.0,68.16,0
16265,10,7,4062.02,132,580.2885714285715,0.11673994711990586,0.0550095765161176,0.1001102899542592,0.26580863708204294,0.38298678982378226,0.07934475950389215,1384.98,1
15494,21,1,1127.38,87,1127.38,0.06239244975074952,0.18460501339388669,0.06916035409533608,0.13467508737071796,0.3719952456137238,0.17717184977558587,171.85,0
12852,194,1,311.55,17,311.55,0.3071738083774675,0.0,0.0,0.3452094366875301,0.23591718825228694,0.11169956668271544,0.0,0
12823,26,4,1224.0,1,306.0,0.0,0.0,1.0,0.0,0.0,0.0,535.5,0
13562,41,2,1209.73,44,604.865,0.23831764112653236,0.10018764517702297,0.19715143048448827,0.04986236598249196,0.34400238069651906,0.07047853653294538,589.6,0
12854,141,2,810.37,71,405.185,0.5649888322618063,0.04004343694855437,0.030850105507360837,0.06712982958401717,0.2212816367831978,0.07570615891506349,514.13,0
16919,56,11,2596.45,141,236.04090909090908,0.3166746904427199,0.016037281673053592,0.48684164917483486,0.09670126518900808,0.06803520191030062,0.015709911610082998,0.0,1
16112,43,4,195.73999999999998,15,48.934999999999995,0.0,0.0,0.0,0.8199652600388271,0.08684990293246143,0.09318483702871158,0.0,0
13657,101,1,152.34,9,152.34,0.2126821583300512,0.4151240645923592,0.08270972823946436,0.08270972823946436,0.16541945647892872,0.041354864119732174,229.8,0
15443,9,2,684.8,72,342.4,0.3780519859813084,0.05476051401869159,0.1766209112149533,0.20327102803738323,0.06856016355140188,0.1187353971962617,2552.11,0
16641,5,1,231.10000000000002,12,231.10000000000002,0.6939852877542189,0.0,0.0,0.13085244482907832,0.17516226741670268,0.0,0.0,0
15632,21,6,2351.84,76,391.97333333333336,0.11853697530444246,0.02311381726648071,0.38956731750459217,0.044943533573712495,0.3673294101639567,0.05650894618681543,933.47,1
15144,13,9,2968.94,78,329.88222222222225,0.15679670185318667,0.022230156217370508,0.24342021058020707,0.14312852398499126,0.37487453434559137,0.059549873018653124,3611.5,1
13946,101,2,485.96999999999997,9,242.98499999999999,0.0,0.33273658867831346,0.01574171245138589,0.008025186739922219,0.10494474967590593,0.5385517624544724,75.6,0
12480,43,3,2144.95,97,714.9833333333332,0.16056318329098582,0.006993170003962797,0.015245110608638899,0.2679596260985105,0.3529173174199865,0.1963215925779156,1136.6799999999998,1
17046,57,1,642.02,22,642.02,0.29724930687517526,0.0,0.0742967508800349,0.4125728170461979,0.06168032148531199,0.15420080371327993,0.0,0
15120,33,1,358.82,21,358.82,0.3002062315367036,0.07023019898556379,0.11091912379466026,0.0,0.3430689482191628,0.1755754974639095,0.0,0
17278,141,1,246.04,15,246.04,0.141440416192489,0.0,0.020484474069257033,0.10364168427897903,0.3949764265973013,0.33945699886197367,0.0,0
14050,6,1,485.98,37,485.98,0.5239927569035763,0.0,0.0,0.13056092843326886,0.09432486933618668,0.2511214453269682,260.38,0
12362,20,4,1747.35,89,436.8375,0.15519500958594445,0.0,0.008584427847883939,0.1774973531347469,0.49582510658997914,0.16289810284144562,3478.88,1
13881,7,9,6969.14,46,774.348888888889,0.2662796270415001,0.004304691827112097,0.10880108593025825,0.18323638210740492,0.3559506624920722,0.08142755060165242,10190.38,1
13758,101,5,2351.52,87,470.304,0.25217731509831937,0.1537431108389467,0.0456555759678846,0.15870585833843642,0.2880817513778322,0.10163638837858066,839.03,1
17446,76,2,120.9,6,60.45,0.0,0.0,0.0,0.2357320099255583,0.5459057071960297,0.21836228287841192,0.0,0
13224,51,1,1212.26,42,1212.26,0.2453599062907297,0.0,0.5168445712965865,0.058320822265850565,0.1516588850576609,0.02781581508917229,943.69,0
17101,78,1,230.57999999999998,17,230.57999999999998,0.11579495186052563,0.0,0.0,0.29143897996357016,0.39292219620088475,0.19984387197501952,1391.15,0
13046,166,1,197.72,14,197.72,0.2962269876593162,0.0,0.0,0.0,0.7037730123406838,0.0,431.59,0
17146,5,3,749.78,33,249.92666666666665,0.18982901651151002,0.06361866147403239,0.21793059297393905,0.07268798847661981,0.4559337405638988,0.0,0.0,0
14688,29,15,3852.54,110,256.836,0.11827521583163315,0.05427588032830288,0.06641073162121613,0.2207193176449823,0.4250961703188027,0.1152226842550629,1778.33,1
14821,266,1,48.800000000000004,2,48.800000000000004,1.0,0.0,0.0,0.0,0.0,0.0,0.0,0
16806,3,4,801.49,68,200.3725,0.21841819610974555,0.12164842979949843,0.11432457048746708,0.15104368114386954,0.3615640868881708,0.03300103557124855,0.0,0
15174,222,1,135.75,11,135.75,0.5368692449355432,0.11491712707182321,0.11049723756906077,0.22629834254143646,0.0,0.01141804788213628,0.0,0
15012,273,1,191.06,46,191.06,0.2654140060713912,0.09421124254160997,0.03925468439233749,0.3446561289647231,0.17873966293311,0.07772427509682822,231.98,0
16402,164,2,299.6,55,149.8,0.5637516688918558,0.019692923898531375,0.026702269692923896,0.107977303070761,0.24799732977303068,0.03387850467289719,0.0,0
15406,201,1,252.29,42,252.29,0.2390502992587895,0.0998850529152959,0.16112410321455467,0.14340639739981767,0.3565341472115423,0.0,258.42,0
13000,6,3,534.85,30,178.28333333333333,0.3169112835374404,0.3216228849210059,0.08918388333177527,0.17692811068523884,0.028045246330746936,0.06730859119379265,0.0,0
15764,7,5,3276.62,150,655.324,0.20087162991131105,0.01878460120490017,0.11241462238526286,0.17830874498721244,0.35962058462684104,0.1299998168844724,3.35,1
16670,6,8,3239.9700000000003,150,404.99625000000003,0.16753241542359962,0.07420439078139612,0.10642691136029037,0.37887387846183757,0.19939999444439296,0.07356240952848328,855.93,1
15014,75,1,117.72999999999999,2,117.72999999999999,0.9823324556187889,0.0,0.0,0.0,0.017667544381211247,0.0,142.44,0
18272,13,4,2106.45,76,526.6125,0.19779724180493247,0.028056683044933417,0.018514562415438297,0.5759927840679817,0.17963872866671415,0.0,972.13,1
15942,33,1,337.44,14,337.44,0.2933854907539118,0.0,0.0,0.1333570412517781,0.4836415362731152,0.08961593172119489,0.0,0
17884,211,3,602.84,86,200.9466666666667,0.252985866896689,0.014099927012142525,0.053911485634662595,0.11331364872934775,0.35520204366000924,0.2104870280671488,114.61,0
15265,51,2,1506.1200000000001,76,753.0600000000001,0.20983055799006717,0.08595596632406446,0.1537726077603378,0.20552811196982976,0.32499402438052744,0.01991873157517329,0.0,0
14778,27,2,730.86,34,365.43,0.18520646909120764,0.04693101277946529,0.33604247051418873,0.2049640149960321,0.08510521850970089,0.14175081410940538,0.0,0
13292,184,1,249.57,14,249.57,0.0,0.12020675561966583,0.0,0.0,0.5408101935328765,0.3389830508474576,329.37,0
16341,101,1,797.65,29,797.65,0.031291920015044196,0.0,0.024822917319626398,0.33865730583589293,0.4764244969598195,0.128803359869617,1174.22,0
12708,1,7,2031.77,71,290.2528571428571,0.09828868425067798,0.0,0.06737967388040969,0.29196710257558683,0.40504584672477695,0.13731869256854862,681.14,1
15717,134,1,150.3,7,150.3,0.13173652694610777,0.8682634730538922,0.0,0.0,0.0,0.0,0.0,0
14272,154,1,132.09,8,132.09,0.38042243924596864,0.0,0.0,0.0,0.3933681580740404,0.22620940267999087,305.87,0
17499,189,1,622.88,40,622.88,0.16950295402003596,0.0,0.052176984330850246,0.06005972257898794,0.3605349344978166,0.3577254045723093,0.0,0
12356,145,2,2753.08,53,1376.54,0.4389374809304488,0.0,0.0,0.22683685181687419,0.1529922850044314,0.18123338224824562,58.349999999999994,1
15543,188,1,127.86,26,127.86,0.15626466447677148,0.0,0.0,0.43758798686062883,0.22978257469106836,0.17636477397153136,0.0,0
12871,107,1,132.0,4,132.0,0.11363636363636363,0.7727272727272727,0.0,0.0,0.11363636363636363,0.0,248.64,0
14670,180,2,411.53,107,205.765,0.2397881077928705,0.051029086579350236,0.0368624401623211,0.20955944888586497,0.31815420503972985,0.14460671153986343,0.0,0
13077,190,3,577.44,61,192.48000000000002,0.4067781934053754,0.07680451648656136,0.008832086450540315,0.21006511499030203,0.18296273205874203,0.11455735660847881,151.83,0
16330,12,2,48.96,17,24.48,0.1511437908496732,0.0,0.13276143790849673,0.4693627450980392,0.24183006535947713,0.004901960784313725,202.95,0
12516,80,1,583.2,13,583.2,0.1361454046639232,0.0,0.0,0.2155349794238683,0.5300068587105624,0.11831275720164608,728.86,0
16834,127,1,413.46,24,413.46,0.3679678808107193,0.0,0.05756300488559958,0.06820490494848354,0.39017075412373625,0.11609345523146133,0.0,0
12582,138,2,511.36,21,255.68,0.03089799749687109,0.0,0.09257665832290364,0.4305772841051314,0.1330569461827284,0.31289111389236546,0.0,0
12547,97,2,207.79999999999998,7,103.89999999999999,0.6323387872954765,0.0,0.0,0.0,0.0,0.3676612127045236,0.0,0
17031,54,1,225.95,13,225.95,0.07302500553219739,0.0,0.0,0.2856826731577783,0.6412923213100244,0.0,154.4,0
17999,266,1,190.34,37,190.34,0.3591467899548177,0.01549858148576232,0.1507828097089419,0.13964484606493643,0.2994641168435431,0.03546285594199853,191.72,0
14441,155,1,356.84000000000003,13,356.84000000000003,0.2680192803497366,0.0,0.18579755632776593,0.05842954825692187,0.4059242237417329,0.0818293913238426,1356.05,0
16221,175,2,315.37,29,157.685,0.3270761327963979,0.14031138028347656,0.0,0.05453911278815359,0.42099755842343917,0.05707581570853283,549.49,0
17504,106,9,2997.0299999999997,112,333.00333333333333,0.4100626286690491,0.1052942412988859,0.08515096612312857,0.0738998274958876,0.2931802484459615,0.032412087967087416,0.0,1
15296,9,5,2599.49,118,519.8979999999999,0.2300528180527719,0.07511473404398555,0.10698252349499326,0.2898953256215643,0.28745253876721977,0.010502060019465357,1073.37,1
12534,30,1,1089.18,63,1089.18,0.1773995115591546,0.07978479222901633,0.11426026919333811,0.11371857727831947,0.2937530986613783,0.22108375107879322,0.0,0
15379,69,7,3703.29,145,529.0414285714286,0.3113339760051198,0.11731730434289511,0.024907582176929167,0.07379924337548505,0.41530368942210844,0.05733820467746247,0.0,1
15090,208,1,381.32,23,381.32,0.1269275149480751,0.01762299381097241,0.08339452428406588,0.1793769012902549,0.5129549984265184,0.07972306724011329,0.0,0
16582,13,1,313.62,6,313.62,0.0,0.0,0.8402525349148651,0.0,0.03730629424143868,0.12244117084369618,0.0,0
17883,145,1,119.35,19,119.35,0.20209467951403437,0.06325932132383745,0.1709258483452032,0.05387515710096355,0.3972350230414746,0.11260997067448682,552.42,0
18183,127,2,632.07,36,316.035,0.2109734681285301,0.16551964181182463,0.08337684117265493,0.29474583511319946,0.22038698245447497,0.0249972313193159,0.0,0
15812,7,5,1801.14,36,360.228,0.16418490511564898,0.04530464039441686,0.016989240147906325,0.1471012803002543,0.4520636929944368,0.17435624104733669,0.0,1
16701,29,10,4050.42,80,405.04200000000003,0.09026718216876274,0.09008448506574626,0.22691967746554678,0.3503710726295051,0.14954745433806865,0.09281012833237047,1347.8799999999999,1
13516,138,1,146.0,7,146.0,0.10821917808219178,0.0,0.09246575342465753,0.17465753424657535,0.3821917808219178,0.24246575342465757,1243.41,0
16658,268,1,123.24,8,123.24,0.0,0.8203505355404089,0.006897111327491074,0.06085686465433301,0.07099967543005518,0.04089581304771178,0.0,0
16448,98,1,188.89000000000001,19,188.89000000000001,0.4687913600508233,0.21493991211816404,0.015617555190851819,0.1852930276880724,0.1153581449520885,0.0,0.0,0
15639,34,1,425.32,25,425.32,0.039852346468541335,0.0,0.6428101194394809,0.0,0.039852346468541335,0.2774851876234365,0.0,0
13369,265,1,308.28000000000003,14,308.28000000000003,0.09731413001167769,0.2623588945114831,0.19657454262358892,0.0,0.4437524328532503,0.0,0.0,0
15521,48,5,2116.98,112,423.396,0.05590038639949362,0.07651465767272246,0.038238433995597496,0.34590312615140434,0.32771211820612384,0.15573127757465824,883.22,1
17962,42,1,102.83,33,102.83,0.29359136438782457,0.17660215890304387,0.20208110473597202,0.0,0.2177380141981912,0.10998735777496839,0.0,0
13904,194,1,201.12,17,201.12,0.05071599045346062,0.0,0.025059665871121718,0.06563245823389022,0.36545346062052503,0.49313842482100234,131.52,0
17735,8,15,10219.99,267,681.3326666666667,0.3014817039938395,0.001972604669867583,0.028375761620119004,0.15566453587527973,0.4640885167206622,0.048416877120232016,2890.03,1
15858,189,2,816.22,91,408.11,0.1349513611526304,0.10021807845923893,0.10517997598686628,0.2959986278209306,0.0379922079831418,0.32565974859719193,622.63,0
16672,12,16,6303.74,22,393.98375,0.0,0.0,0.3212378683130967,0.0958097891093224,0.5639160244553233,0.019036318122257583,1831.2,1
12693,26,4,855.91,35,213.9775,0.06028671238798472,0.023133273358180183,0.04182682758701265,0.42628313724573846,0.18839597621245224,0.2600740732086318,0.0,0
13712,146,1,228.84,10,228.84,0.1662296801258521,0.15731515469323545,0.0,0.1324069218668065,0.13109596224436287,0.412952281069743,0.0,0
16598,185,1,145.04999999999998,10,145.04999999999998,0.08996897621509825,0.0,0.13650465356773525,0.33298862461220274,0.359875904860393,0.08066184074457085,0.0,0
14886,152,1,364.8,18,364.8,0.4599780701754385,0.0,0.0,0.0,0.4915021929824562,0.04851973684210527,0.0,0
15980,154,1,760.18,20,760.18,0.806230103396564,0.0,0.0,0.0,0.19376989660343602,0.0,1638.68,0
13747,273,1,79.6,1,79.6,0.0,0.0,1.0,0.0,0.0,0.0,0.0,0
17346,3,8,1266.21,170,158.27625,0.19412261789118707,0.08775005725748493,0.11144280964452975,0.2003143238483348,0.36503423602719925,0.04133595533126416,1410.35,0
15465,38,15,5992.129999999999,38,399.47533333333325,0.06482836654077934,0.0,0.10410321538417892,0.01557042320510403,0.738980963363612,0.07651703150632581,1362.49,1
15658,90,5,1024.1000000000001,40,204.82000000000002,0.05619568401523288,0.016599941411971485,0.14983888292158964,0.4544478078312664,0.3229176838199394,0.0,0.0,0
16841,37,5,1561.06,89,312.212,0.2347251226730555,0.004304767273519275,0.07341165618233764,0.0943973966407441,0.39301500262642053,0.20014605460392298,308.76,0
17631,37,2,416.5,29,208.25,0.21104441776710686,0.0,0.11080432172869148,0.18448979591836737,0.4560864345738295,0.0375750300120048,111.83,0
15031,10,2,261.79,42,130.895,0.23259100805989533,0.014324458535467358,0.1383169716184728,0.1749493869131747,0.3833607089652011,0.05645746590778868,406.34999999999997,0
16405,202,2,167.25,3,83.625,0.4361733931240658,0.5638266068759343,0.0,0.0,0.0,0.0,0.0,0
17709,69,1,137.45,7,137.45,0.0,0.13641324117861042,0.20662058930520188,0.12877409967260825,0.45616587850127327,0.0720261913423063,0.0,0
14696,19,5,1458.54,83,291.70799999999997,0.21444732403636516,0.0635292827073649,0.16710546162600956,0.25041479836000385,0.2045812936223895,0.09992183964786705,620.41,0
12793,234,2,545.48,21,272.74,0.2557380655569407,0.0,0.0,0.2362689741145413,0.35400014665982255,0.15399281366869547,0.0,0
12456,31,2,2265.4,77,1132.7,0.047801712721815125,0.013242694446896795,0.11078838174273858,0.1934316235543392,0.3530193343338925,0.28171625320031785,915.64,1
13606,143,2,250.42,37,125.21,0.2881558980912068,0.0,0.04492452679498443,0.3149109496046642,0.2705454835875729,0.08146314192157175,30.119999999999997,0
14257,23,4,2725.84,84,681.46,0.3452513720541191,0.01199630205734746,0.056386288263434385,0.14967863117424351,0.260176679482288,0.17651072696856748,373.88,1
13016,23,1,425.25,28,425.25,0.2903703703703704,0.0,0.0,0.2587654320987654,0.2965079365079365,0.15435626102292768,364.64,0
13344,177,1,1656.15,68,1656.15,0.33073695015548105,0.0,0.2473205929414606,0.1478126981251698,0.20909941732331008,0.0650303414545784,887.57,1
15660,35,6,884.34,35,147.39000000000001,0.14243390551145488,0.1601194110862338,0.0715788045321935,0.27343555646018497,0.2346948006422869,0.11773752176764593,716.52,0
16306,113,6,632.27,36,105.37833333333333,0.08445758932101792,0.02372404194410616,0.0,0.1709712622771917,0.49448811425498596,0.22635899220269823,0.0,0
16319,117,1,404.40000000000003,3,404.40000000000003,0.0,1.0,0.0,0.0,0.0,0.0,0.0,0
13199,3,21,4553.84,29,216.84952380952382,0.05626021116244751,0.32495652021151383,0.1034687209036769,0.1885353899126891,0.117702861760624,0.2090762960490487,5263.28,1
16340,7,1,549.07,124,549.07,0.23230189229060044,0.03028757717595206,0.07102919482033256,0.19609521554628734,0.30282113391735116,0.16746498624947637,0.0,0
16730,134,2,480.94,35,240.47,0.22087994344408865,0.02120846675260947,0.025990768079178276,0.041917910758098725,0.37846716846176237,0.3115357425042625,262.17,0
18239,118,5,1561.6100000000001,80,312.322,0.4955846850365968,0.12256581348736241,0.06653389770813455,0.04498562381132293,0.18117839921619353,0.08915158074038972,0.0,0
17760,273,1,172.54,9,172.54,0.2266141184652834,0.049263938796800744,0.06838993856497044,0.3094934507940188,0.3462385533789266,0.0,115.05,0
17356,211,1,178.22,19,178.22,0.31438671305128496,0.0,0.3526540231174952,0.019526428010324316,0.31343283582089554,0.0,0.0,0
14543,8,13,3265.1,37,251.16153846153844,0.11005788490398458,0.0,0.10612232397170071,0.4848549814707053,0.2831000581911733,0.015864751462436065,365.23,1
15832,154,1,836.79,54,836.79,0.36623286607153527,0.013623489764457031,0.07994837414405048,0.25209431279054484,0.26694869680565014,0.02115226042376224,0.0,0
16059,63,4,951.3000000000001,99,237.82500000000002,0.4338799537475034,0.08525176074844948,0.10443603489961106,0.15279091769157996,0.1824345632292652,0.041206769683590876,508.56,0
12682,6,19,7969.12,149,419.4273684210526,0.09912512297468226,0.07393539060774591,0.04448420904692112,0.21175110928182786,0.42720024293773967,0.14350392515108318,4068.3,1
13631,43,10,3017.92,6,301.79200000000003,0.0,0.0,0.0,0.2551426147810412,0.7448573852189587,0.0,52.5,1
15651,160,1,227.32,16,227.32,0.0,0.0,0.1763153264121063,0.22171388351222943,0.44307584022523316,0.15889494985043112,418.98,0
13240,73,3,553.61,47,184.53666666666666,0.37484872021820415,0.1630028359314319,0.020321164718845396,0.15696970791712578,0.24746662813171727,0.037390943082675536,110.04,0
17001,13,7,2471.09,59,353.0128571428572,0.051596663820419324,0.06223974035749405,0.1395335661590634,0.22722766066796432,0.46816991691925425,0.051232452075804596,1518.48,1
16429,6,1,284.55,2,284.55,0.0,0.0,0.0,0.0,0.9826041117554033,0.01739588824459673,0.0,0
13930,36,1,210.0,10,210.0,0.6799999999999999,0.0,0.0,0.13142857142857142,0.18857142857142858,0.0,127.33999999999999,0
12991,12,1,303.56,22,303.56,0.3682962182105679,0.0,0.0,0.04348398998550534,0.23501120042166293,0.3532085913822638,200.2,0
15093,16,5,4027.1,51,805.42,0.4541133818380472,0.0,0.18185791264185147,0.029425641280325796,0.18643192371681855,0.14817114052295696,569.9200000000001,1
16045,19,4,1340.7,71,335.175,0.28447825762661294,0.026851644663235624,0.08137540090997239,0.35150294622212275,0.14037443126724844,0.11541731931080779,0.0,0
17663,54,4,1016.53,33,254.1325,0.30134870589161167,0.0850934059988392,0.041218655622559094,0.09325843801953705,0.27692247154535526,0.20215832292209773,786.38,0
17194,173,2,262.62,26,131.31,0.1129388470032747,0.0,0.0032366156423730102,0.15135937856979667,0.29000076155662174,0.4424643972279339,0.0,0
13004,14,12,3785.09,193,315.4241666666667,0.16524309857889774,0.056701425857773526,0.0641200077144797,0.17863511831951154,0.4267745284788473,0.1085258210504902,1870.82,1
12673,226,1,220.9,23,220.9,0.2618832050701675,0.0,0.14780443639655952,0.11407876867360797,0.2965142598460842,0.1797193300135808,389.62,0
18156,269,1,206.23000000000002,50,206.23000000000002,0.1942006497599767,0.048004654996848174,0.052853610047034864,0.5808078359113611,0.10473742908403239,0.019395820200746736,528.71,0
14196,6,1,335.52,6,335.52,0.33261802575107297,0.4864091559370529,0.0,0.0,0.18097281831187412,0.0,0.0,0
13368,156,2,623.4,29,311.7,0.2003849855630414,0.0,0.15303176130895094,0.1519088867500802,0.3811036252807186,0.11357074109720888,0.0,0
13230,38,12,2234.18,302,186.18166666666664,0.23195982418605485,0.07581752589316886,0.1479871809791512,0.16096285885649322,0.2698976805807948,0.11337492950433717,572.79,1
16321,205,3,223.65,5,74.55,0.13279678068410464,0.07914151576123409,0.0,0.11401743796109994,0.12005365526492286,0.5539906103286385,150.0,0
16356,97,3,211.77,20,70.59,0.9001274968125796,0.029749256268593288,0.0,0.0,0.0,0.07012324691882703,0.0,0
13079,40,1,23.8,1,23.8,0.0,0.0,0.0,0.0,1.0,0.0,196.3,0
14246,10,3,1474.06,57,491.3533333333333,0.20520195921468598,0.042671261685413076,0.11519205459750621,0.1575919569081313,0.3214116114676472,0.1579311561266163,0.0,0
15643,91,3,664.0,31,221.33333333333334,0.32793674698795183,0.0,0.1,0.12545180722891566,0.41498493975903616,0.03162650602409638,0.0,0
17597,113,1,2044.3700000000001,55,2044.3700000000001,0.2860147624940691,0.005087141760053219,0.12935036221427626,0.08530745413012321,0.41244490967877634,0.08179536972270185,0.0,1
12684,70,4,1379.48,37,344.87,0.06828660074810798,0.006161742105720997,0.09003392582712326,0.03421579145765071,0.502493693275727,0.29880824658566996,904.15,0
13184,30,9,1504.44,122,167.16,0.5189705139453883,0.03476376591954481,0.11520565791922575,0.03889819467708915,0.16448645343117704,0.1276754141075749,196.85,0
17394,119,1,203.86999999999998,4,203.86999999999998,0.042674253200568994,0.9085201353803894,0.04880561141904155,0.0,0.0,0.0,0.0,0
15376,17,2,989.02,94,494.51,0.1674688075064205,0.0,0.10692402580332046,0.36121615336393603,0.2588420861054377,0.10554892722088532,244.34,0
18114,190,1,220.1,28,220.1,0.13630168105406634,0.0,0.2214902317128578,0.1340299863698319,0.508178100863244,0.0,0.0,0
13736,160,1,357.53,73,357.53,0.39926719436131236,0.005873632981847678,0.005454087768858557,0.20082230861745867,0.3301261432607054,0.058456633009817356,374.37,0
17277,127,2,1065.3500000000001,67,532.6750000000001,0.2423241188341859,0.0,0.030975735673722245,0.08755807950438822,0.41916740977143657,0.21997465621626694,0.0,0
14438,206,1,131.9,9,131.9,0.22289613343442,0.056861258529188774,0.0,0.21228203184230476,0.5079605761940864,0.0,0.0,0
14437,265,1,63.0,5,63.0,0.0,0.0,0.0,0.7238095238095237,0.27619047619047615,0.0,0.0,0
15805,6,11,3568.0,150,324.3636363636364,0.23898822869955158,0.041799327354260084,0.1533464125560538,0.14823150224215245,0.2753195067264574,0.14231502242152466,1960.48,1
16126,1,3,3706.7000000000003,41,1235.5666666666668,0.23121644589527068,0.0,0.1335419645506785,0.04006258936520355,0.5357730595947878,0.059405940594059396,2581.07,1
15246,138,2,514.15,32,257.075,0.2042205582028591,0.03442575123991054,0.179908586988233,0.17562968005445884,0.38597685500340373,0.019838568511134882,0.0,0
16748,117,3,910.2,27,303.40000000000003,0.2098439903317952,0.0,0.02175346077785102,0.07525818501428257,0.6931443638760711,0.0,605.7,0
15047,169,1,343.62,22,343.62,0.24742448053081892,0.0,0.03666841278156103,0.09429020429544263,0.3460217682323497,0.2755951341598277,0.0,0
14818,69,2,409.63,23,204.815,0.154407636159461,0.0072016209750262435,0.0,0.6303249273734833,0.2080658154920294,0.0,248.17000000000002,0
14937,30,1,759.56,13,759.56,0.17299489177945124,0.04660592974880195,0.0,0.6863973879614514,0.0,0.09400179051029545,862.3199999999999,0
12474,37,12,3896.38,144,324.6983333333333,0.13238698484234082,0.014690558929057226,0.010999953803273808,0.14890744742555911,0.4555792812815998,0.23743577371816915,3479.41,1
18204,9,2,1367.32,113,683.66,0.2338662493052102,0.04380832577597051,0.13420413655910834,0.09069566743703011,0.26006348184770206,0.2373621390749788,626.38,0
16738,197,1,3.75,1,3.75,0.0,0.0,0.0,0.0,0.0,1.0,0.0,0
12377,215,2,1628.12,72,814.06,0.14501388104070953,0.024322531508733997,0.13819620175417047,0.30974375353168077,0.24348328133061448,0.13924035083409086,0.0,0
17865,7,12,7017.34,145,584.7783333333333,0.38465429920739197,0.006498188772383838,0.04085308678217102,0.17315535516306746,0.36530081198858827,0.029538258086397408,3508.98,1
15205,27,1,476.29999999999995,24,476.29999999999995,0.12093218559731261,0.0,0.03338232206592484,0.14497165651900062,0.6262649590594164,0.07444887675834558,176.94,0
15665,68,2,2242.01,92,1121.005,0.43426657329806734,0.04790344378481808,0.04056627758127751,0.11618592245351268,0.28855357469413606,0.07252420818818826,0.0,1
17522,38,4,912.25,54,228.0625,0.17118114551932037,0.2826418196766237,0.10534392984379283,0.12502055357632227,0.19375171279802686,0.12206083858591395,158.45999999999998,0
14808,44,6,1846.31,146,307.7183333333333,0.20187292491510092,0.040838212434531576,0.04806885084303286,0.1266905340923247,0.4790798944922575,0.10344958322275241,894.86,1
17651,55,4,1148.01,52,287.0025,0.20650516981559394,0.0,0.009146261792144669,0.07745577129119084,0.6758826142629419,0.031010182838128585,2796.9900000000002,0
15100,233,3,876.0,1,292.0,0.0,0.0,0.0,0.0,1.0,0.0,0.0,0
18263,55,2,811.4,45,405.7,0.05161449346807986,0.0,0.0890806014296278,0.07231944786788268,0.6109933448360858,0.1759921123983239,401.76,0
17682,15,5,1899.3500000000001,39,379.87,0.4048490272988127,0.10535183088951484,0.014215389475346828,0.10377234317003185,0.34559191302287623,0.02621949614341748,574.98,1
16418,126,1,145.91,18,145.91,0.19470906723322598,0.05140154890000685,0.20492084161469398,0.0606538277020081,0.34439037763004593,0.14392433692001919,529.36,0
14055,6,1,725.6400000000001,10,725.6400000000001,0.6842511438178711,0.09591532991566064,0.0,0.0981891847196957,0.07616724546607131,0.04547709608070117,0.0,0
17870,23,6,603.22,59,100.53666666666668,0.5943602665694108,0.0,0.052368953284042306,0.06316103577467591,0.16823049633632836,0.12187924803554258,1291.13,0
13895,43,2,937.3000000000001,39,468.65000000000003,0.2949429211565134,0.13050250720153633,0.08044382801664356,0.26512322628827484,0.17233543155873252,0.056652085778299374,1655.77,0
14276,80,2,720.4,37,360.2,0.10306774014436425,0.15791227096057744,0.0,0.12250138811771238,0.4932537479178234,0.12326485285952249,399.34,0
12600,12,8,1936.5600000000002,26,242.07000000000002,0.024249184120295777,0.03860453587805179,0.022555459164704424,0.3446575370760524,0.45133122650473007,0.11860205725616557,662.48,1
17548,133,1,103.3,5,103.3,0.29041626331074544,0.0,0.0,0.0,0.2303969022265247,0.4791868344627299,0.0,0
13900,82,3,740.95,42,246.98333333333335,0.3776773061610095,0.07557864903164857,0.04291787570011472,0.10215264187866926,0.2640124164923409,0.137661110736217,0.0,0
18282,26,1,100.21000000000001,7,100.21000000000001,0.0,0.0,0.13471709410238497,0.3324019558926254,0.3562518710707514,0.17662907893423813,77.84,0
16384,163,1,409.1,24,409.1,0.2778049376680518,0.036665851869958445,0.036665851869958445,0.19200684429234904,0.32705939868002937,0.1297971156196529,175.4,0
15023,16,8,5110.32,271,638.79,0.279499131169868,0.07096424490051503,0.14302431158909815,0.1726878160271764,0.2404487390222139,0.09337575729112854,1692.44,1
17243,13,15,4012.67,118,267.5113333333333,0.27646180722561287,0.05562879578933728,0.12268639085696059,0.19524406442593087,0.28218119107726275,0.06779775062489564,4664.18,1
15596,114,4,1389.69,51,347.4225,0.2074419474846908,0.0,0.1401031884808842,0.5291899632292093,0.12326490080521556,0.0,0.0,0
17370,69,1,110.69999999999999,8,110.69999999999999,0.0,0.0,0.0,0.0,1.0,0.0,335.48,0
18095,212,2,580.0500000000001,20,290.02500000000003,0.07033876389966381,0.0,0.0517196793379881,0.061029221618825964,0.6338246702870441,0.18308766485647787,0.0,0
15529,42,8,2399.08,280,299.885,0.1627248778698501,0.07615002417593411,0.08482835086783266,0.07790903179552162,0.37577321306500827,0.22261450222585327,1596.15,1
14895,10,10,6081.71,183,608.171,0.1588993884943544,0.04662504460094283,0.11907506277017482,0.3508684235190432,0.25661697121368826,0.06791510940179654,5057.0,1
15007,59,1,156.91,12,156.91,0.17876489707475623,0.0,0.0,0.35083806003441464,0.2811165636352049,0.18928047925562427,0.0,0
16185,132,1,335.0,19,335.0,0.15686567164179105,0.0,0.17791044776119402,0.38388059701492533,0.19985074626865673,0.08149253731343283,194.41,0
17604,117,2,309.36,57,154.68,0.43227954486682185,0.08598396689940523,0.04250711145590897,0.17245280579260405,0.22491595552107577,0.04186061546418412,0.0,0
13126,153,5,1077.42,61,215.484,0.3900150359191401,0.0,0.24447290750125295,0.19266395648864879,0.1430547047576618,0.029793395333296207,1022.22,0
16212,183,1,498.15000000000003,30,498.15000000000003,0.2533373481882967,0.03553146642577537,0.06383619391749473,0.17605139014353105,0.43571213489912675,0.03553146642577537,192.19,0
12465,69,1,440.94,26,440.94,0.05715063273914818,0.028348528144418742,0.04513085680591463,0.3916632648432894,0.3057105275094117,0.1719961899578174,301.25,0
18118,47,18,4080.26,355,226.68111111111114,0.25166043340375366,0.05974864346879856,0.07416194066064416,0.2050629126575267,0.3598079534147333,0.04955811639454349,1573.56,1
14209,21,5,1876.33,54,375.26599999999996,0.18516998608986693,0.2764439091204639,0.22416099513411822,0.03207857892801373,0.27308629079106556,0.00906023993647173,197.10000000000002,1
13940,16,2,391.06,25,195.53,0.46036413849537156,0.0,0.1626348897867335,0.0,0.19672173068071397,0.180279241037181,448.08000000000004,0
15746,34,1,196.88,28,196.88,0.29662738724095894,0.0,0.05180820804550995,0.09447379114181229,0.544392523364486,0.012698090207232832,0.0,0
17816,169,2,21.31,11,10.655,0.030502111684655095,0.0,0.09854528390427031,0.2393242609103707,0.5523228531206007,0.07930549038010325,15.25,0
17690,1,11,3526.68,144,320.6072727272727,0.13981705173137343,0.04531173795184139,0.15918937924620322,0.40146256535892116,0.19728186282849594,0.05693740288316491,1231.27,1
12997,136,2,608.47,30,304.235,0.3721136621361776,0.265995036731474,0.025145035909740824,0.05061876509934754,0.17716567784771642,0.10896182227554359,618.42,0
14016,61,4,4341.21,154,1085.3025,0.30254698574821304,0.0301436696220639,0.16218980422508933,0.07815793292653431,0.2711939758730861,0.15576763160501336,0.0,1
16705,44,9,8194.43,81,910.4922222222223,0.13052768770982243,0.09001724342022568,0.27250705662260827,0.2672229795116927,0.16650944605054896,0.07321558668510196,5840.56,1
16293,107,4,1129.74,58,282.435,0.25720077185901186,0.16301095827358505,0.13374758794058808,0.16136456175757255,0.18730858427602812,0.09736753589321437,1119.25,0
13592,105,3,205.51,12,68.50333333333333,0.061310885115079566,0.09692958980098292,0.07298914894652328,0.3120042820300715,0.45676609410734276,0.0,42.45,0
16271,25,3,893.03,51,297.6766666666667,0.2546498997794027,0.05285376751060995,0.007278590864808573,0.22699125449313015,0.42312128371947194,0.03510520363257673,536.21,0
13546,100,1,188.16,26,188.16,0.2942176870748299,0.0,0.0,0.3829187925170068,0.17033375850340135,0.1525297619047619,438.83,0
17422,42,4,1296.18,77,324.045,0.369030535882362,0.04644416670524155,0.08347606042370659,0.039762995880201824,0.34519125430110015,0.11609498680738785,683.19,0
14608,262,1,204.0,1,204.0,0.0,0.0,0.0,1.0,0.0,0.0,1581.15,0
12849,168,1,704.5,33,704.5,0.7687863733144074,0.0,0.0319375443577005,0.0,0.1433498935415188,0.05592618878637332,346.39,0
12688,13,1,4873.8099999999995,171,4873.8099999999995,0.10522773764262457,0.002564728620935162,0.08830873587603949,0.3280616191439552,0.3588978642991828,0.11693931441726291,0.0,1
16976,167,1,251.51999999999998,2,251.51999999999998,0.0,0.0,0.0,0.3034351145038168,0.6965648854961832,0.0,0.0,0
16728,66,3,550.0,113,183.33333333333334,0.21774545454545455,0.06365454545454545,0.021454545454545455,0.2740909090909091,0.4125272727272727,0.010527272727272727,504.67,0
18233,225,1,440.0,1,440.0,0.0,0.0,0.0,0.0,1.0,0.0,0.0,0
17289,80,1,167.35999999999999,30,167.35999999999999,0.2275932122370937,0.17955305927342258,0.17124760994263863,0.15421845124282985,0.21032504780114727,0.057062619502868075,777.05,0
13899,174,1,298.5,15,298.5,0.0,0.0,0.0,0.2633165829145729,0.464321608040201,0.2723618090452261,90.02,0
16153,15,4,1023.54,50,255.885,0.23533032416906033,0.0,0.06096488657013894,0.5020321628856713,0.19170721222424136,0.009965414150888094,800.69,0
13962,145,1,117.6,7,117.6,0.421343537414966,0.0,0.0,0.12712585034013604,0.45153061224489793,0.0,51.95,0
15974,33,5,2547.13,100,509.42600000000004,0.3548425090199558,0.12143471279439996,0.08024718015963064,0.1444174423763216,0.24378025463953545,0.05527790101015652,895.02,1
15955,6,8,2463.65,68,307.95625,0.23202159397641708,0.060560550402857544,0.11137945730927687,0.2584336249061352,0.3117488279585168,0.025855945446796418,1952.6100000000001,1
12662,7,7,2653.66,96,379.0942857142857,0.10760609874663674,0.027396124597725408,0.022987119676220767,0.26800343676281063,0.4336727387834161,0.14033448143319038,1196.1200000000001,1
16072,188,1,584.3199999999999,23,584.3199999999999,0.10328244797371305,0.0,0.11637458926615554,0.19022111171960573,0.5570577765607887,0.03306407447973714,0.0,0
16349,190,1,53.5,9,53.5,0.07813084112149532,0.0,0.0,0.047663551401869154,0.8742056074766354,0.0,0.0,0
14552,51,1,165.07,57,165.07,0.30702126370630645,0.07723995880535532,0.06954625310474345,0.2804870660931726,0.19422063367056402,0.07148482461985825,0.0,0
13167,30,2,417.55,33,208.775,0.10094599449167764,0.07845766974015088,0.032331457310501736,0.21647706861453717,0.35337085378996524,0.21841695605316724,373.78000000000003,0
13956,38,3,680.27,95,226.75666666666666,0.44617578314492773,0.007350022785070634,0.06886971349611183,0.10745733311773266,0.23145221750187425,0.13869492995428284,346.15,0
17501,120,2,288.6,18,144.3,0.12785862785862784,0.0,0.05717255717255717,0.5228690228690228,0.1975051975051975,0.09459459459459457,0.0,0
12808,84,2,281.35,16,140.675,0.0,0.0,0.0,0.10662875422072152,0.7938510751732717,0.09952017060600675,202.3,0
14081,202,2,934.52,126,467.26,0.24435004066258614,0.05097804220348414,0.01910071480546163,0.36727945897359077,0.17297650130548303,0.14531524204939436,0.0,0
15491,79,4,2409.95,99,602.4875,0.3987261146496816,0.1124089711404801,0.10813502354820641,0.15013589493557958,0.18860972219340652,0.04198427353264591,299.16,1
14524,78,5,1052.72,113,210.544,0.2566114446386503,0.011209058439091117,0.12410707500569952,0.25410365529295537,0.28091990272817086,0.07304886389543279,814.96,0
15865,113,1,313.93,16,313.93,0.0,0.0,0.38715637243971585,0.1576784633517026,0.3387697894435065,0.11639537476507501,581.2,0
13320,6,3,981.15,59,327.05,0.36320644142078173,0.0,0.01804005503745605,0.12424196096417468,0.4208225042042501,0.07368903837333741,567.55,0
14865,271,1,37.2,3,37.2,0.24516129032258066,0.48387096774193544,0.0,0.0,0.0,0.27096774193548384,15.0,0
14090,224,1,76.32000000000001,1,76.32000000000001,0.0,0.0,0.0,1.0,0.0,0.0,0.0,0
17736,13,1,307.49,23,307.49,0.21308010016585904,0.0,0.0,0.0,0.605060327165111,0.18185957266902988,69.95,0
16804,170,1,118.05,19,118.05,0.2359169843286743,0.0,0.14993646759847526,0.28843710292249053,0.32570944515036,0.0,418.94,0
13355,22,1,674.7,32,674.7,0.30361642211353196,0.0,0.048910626945309024,0.13050244553134724,0.42715280865569877,0.08981769675411293,0.0,0
18170,12,2,655.51,27,327.755,0.32210034934631054,0.17848697960366738,0.09793900932098672,0.0,0.3859132583789721,0.015560403350063309,324.8,0
18048,103,2,172.29000000000002,6,86.14500000000001,0.33965987579081774,0.13059376632422076,0.059202507400313416,0.44297405537175694,0.027569795112891052,0.0,0.0,0
18269,266,1,168.6,7,168.6,0.17615658362989325,0.23487544483985762,0.0,0.1103202846975089,0.35765124555160144,0.12099644128113879,0.0,0
14704,42,2,221.16,56,110.58,0.2676795080484717,0.10964912280701755,0.2818321577138723,0.16689274733224815,0.1321215409658166,0.0418249231325737,1325.75,0
14114,173,2,386.53,15,193.265,0.5872247949706362,0.0,0.0,0.0,0.4127752050293639,0.0,0.0,0
13520,37,5,2947.98,40,589.596,0.005766660560790779,0.02686585390674292,0.0,0.15044199757121826,0.6097056289391379,0.20721985902211004,676.37,1
16572,27,3,1009.6,40,336.53333333333336,0.33836172741679876,0.07834786053882727,0.12935816164817748,0.2580229793977813,0.1290511093502377,0.0668581616481775,0.0,0
13848,197,2,935.0,3,467.5,0.0,0.0,0.0,0.0,1.0,0.0,320.0,0
13109,57,1,369.85,24,369.85,0.12085980803028255,0.14438285791537106,0.08273624442341489,0.2513181019332162,0.25875354873597406,0.14194943896174123,416.69,0
15407,83,3,740.73,62,246.91,0.26818138863013513,0.0,0.14019953289322695,0.03570801776625761,0.5283031603958258,0.02760790031455456,315.71,0
15976,65,2,430.94,83,215.47,0.31108739035596605,0.1176961990068223,0.10488699122847729,0.11976145171021488,0.24690212094491115,0.09966584675360839,0.0,0
17941,30,1,304.56,2,304.56,0.0,0.0,0.0,0.0,0.0,1.0,0.0,0
16805,73,2,460.59,94,230.295,0.2616209644152066,0.05918495842289238,0.10358453288173865,0.05959747280661761,0.36205736121062115,0.15395471026292365,0.0,0
17653,20,1,163.24,4,163.24,0.7145307522666012,0.0,0.1935800049007596,0.0,0.09188924283263905,0.0,1044.32,0
17051,94,1,247.14000000000001,40,247.14000000000001,0.23954034150683823,0.03580966253945133,0.007890264627336732,0.48264141781985914,0.21408918022173665,0.020029133284777855,0.0,0
16036,163,1,188.73,11,188.73,0.4429078577862555,0.41773962804005726,0.08398240873205108,0.045037884808986385,0.010332220632649818,0.0,570.19,0
15410,29,6,2702.67,43,450.445,0.21134655729334326,0.0,0.11675861277921462,0.2655707134056322,0.3308432032027588,0.07548091331905116,748.1700000000001,1
17648,92,3,1107.39,62,369.13000000000005,0.12696520647648976,0.0,0.26002582649292477,0.29009653328998813,0.28541886778822273,0.0374935659523745,690.11,0
18224,163,1,158.95000000000002,10,158.95000000000002,0.09436929852154764,0.20572507077697388,0.07360805284680716,0.09436929852154764,0.42057250707769733,0.11135577225542624,0.0,0
14527,7,39,5136.4,257,131.70256410256408,0.11933065960594971,0.033885600809905776,0.17493575266723776,0.21979207226851494,0.4286348415232459,0.02342107312514602,3372.42,1
12834,182,1,312.38,18,312.38,0.5108521672322173,0.0,0.30539727255266025,0.0,0.12708880210000642,0.056661758115116215,0.0,0
15071,175,1,588.6700000000001,12,588.6700000000001,0.1909388961557409,0.04416736032072298,0.68153634464131,0.03451849083527273,0.015203764418095025,0.03363514362885826,393.40000000000003,0
13362,145,2,1581.53,92,790.765,0.3245275144954569,0.009863866003174142,0.1956965723065639,0.1974417178302024,0.1580747756918933,0.11439555367270933,1509.21,0
14586,176,1,237.36,19,237.36,0.28361981799797775,0.0,0.0,0.055611729019211326,0.4241658240647118,0.23660262891809905,0.0,0
15412,71,1,190.53,10,190.53,0.8971815462131948,0.03096625203380045,0.0,0.06424185167690127,0.0,0.0076103500761035,0.0,0
17406,233,3,2200.42,99,733.4733333333334,0.34003962879813854,0.0511038801683315,0.025013406531480355,0.3508421119604439,0.19878023286463492,0.03422073967697076,0.0,1
16905,136,3,853.93,44,284.6433333333333,0.2864520511048915,0.14919255676694812,0.17105617556474184,0.13742344220252248,0.23169346433548418,0.024182310025411925,2248.5,0
15703,164,1,211.5,5,211.5,0.0,0.0,0.14468085106382977,0.07092198581560284,0.5063829787234043,0.27801418439716313,0.0,0
16647,69,2,214.06,12,107.03,0.0,0.0,0.16537419415117255,0.4304400635335887,0.3411193123423339,0.06306642997290479,0.0,0
15422,223,2,97.7,6,48.85,0.0,0.0,0.0,1.0,0.0,0.0,0.0,0
16791,22,5,800.27,111,160.054,0.2588501380783986,0.07609931648068778,0.0869706474065003,0.20496832319092306,0.3151311432391568,0.057980431604333534,921.51,0
14829,84,3,531.63,33,177.21,0.3445253277655512,0.0,0.20352500799428175,0.13063596862479546,0.16703346312284859,0.154280232492523,165.92,0
13072,166,1,177.15,7,177.15,0.26756985605419137,0.0,0.0,0.33615580016934804,0.1964436917866215,0.19983065198983915,0.0,0
13258,105,1,224.62,12,224.62,0.37307452586590684,0.27575460778203187,0.0,0.0,0.3511708663520613,0.0,473.96,0
14205,164,1,222.9,14,222.9,0.2449528936742934,0.0,0.3566621803499327,0.2611036339165545,0.059219380888290714,0.07806191117092866,243.8,0
16810,92,1,309.54,15,309.54,0.4113846352652323,0.0,0.0,0.25198681915099824,0.3036764230794081,0.0329521225043613,0.0,0
17303,261,1,250.04,53,250.04,0.39585666293393057,0.16369380899056152,0.13597824348104304,0.033794592865141575,0.2026875699888018,0.06798912174052152,0.0,0
16768,3,2,286.49,40,143.245,0.14705574365597404,0.05148521763412336,0.0,0.39976962546685746,0.37847743376732174,0.02321197947572341,191.6,0
12565,188,1,145.92,9,145.92,0.11924342105263158,0.0752467105263158,0.0,0.3984375000000001,0.4070723684210526,0.0,0.0,0
12354,132,1,1079.4,58,1079.4,0.13164721141374836,0.018343524180100053,0.049008708541782464,0.45448397257735773,0.2952103020196405,0.05130628126737076,0.0,0
17630,69,2,503.59999999999997,24,251.79999999999998,0.11199364575059571,0.029785544082605243,0.06314535345512312,0.10484511517077046,0.5818109610802225,0.10841938046068308,0.0,0
13065,273,1,205.86,14,205.86,0.47167978237637226,0.14913047702321966,0.024482658117167006,0.14888759351015254,0.2058194889730885,0.0,0.0,0
15306,48,1,344.62,17,344.62,0.32035285241715517,0.08670419592594741,0.0,0.0,0.5929429516568975,0.0,829.73,0
17624,117,1,400.3,25,400.3,0.3522358231326505,0.11916062952785411,0.0,0.11768673494878841,0.2755683237571821,0.13534848863352486,443.18,0
18161,40,3,771.26,24,257.08666666666664,0.4603635609262765,0.04589891865259446,0.017503824909887715,0.020615616004978868,0.33386925291082126,0.12174882659544121,847.4300000000001,0
15775,145,1,104.9,7,104.9,0.38322211630123926,0.16873212583412775,0.0,0.3050524308865586,0.14299332697807435,0.0,0.0,0
15361,261,1,418.92,7,418.92,0.16757376109997135,0.8324262389000286,0.0,0.0,0.0,0.0,0.0,0
14735,10,22,3496.31,66,158.9231818181818,0.09538055836009965,0.05198051660178875,0.2274111849349743,0.2553034484928396,0.2630401766433755,0.10688411496692227,2569.38,1
13299,168,1,142.5,5,142.5,0.1242105263157895,0.0,0.4189473684210526,0.1242105263157895,0.33263157894736844,0.0,0.0,0
16358,84,1,462.15000000000003,22,462.15000000000003,0.48776371308016875,0.03245699448231094,0.02181110029211295,0.2801038623823434,0.1421616358325219,0.035702693930542026,1565.3500000000001,0
15569,3,5,1375.71,27,275.142,0.09241046441473856,0.2965741326296967,0.016813136489521777,0.51289879407724,0.07665132913186645,0.004652143256936418,0.0,0
17706,9,11,7751.8,239,704.709090909091,0.1527180783817952,0.03567171495652622,0.14121881369488376,0.29532882685311795,0.33521633685079594,0.03984622926288088,2476.9900000000002,1
17658,111,1,317.59999999999997,9,317.59999999999997,0.15869017632241814,0.1416876574307305,0.0,0.0,0.506926952141058,0.19269521410579346,277.82,0
16392,169,1,221.19,41,221.19,0.277137302771373,0.0,0.06600660066006601,0.08372892083728921,0.24268728242687282,0.33043989330439894,0.0,0
13319,13,18,6897.070000000001,158,383.1705555555556,0.22352825185187333,0.07611348007197259,0.0635414748581644,0.3236794754874171,0.2533075639365701,0.05982975379400238,3948.48,1
12944,254,1,286.95,14,286.95,0.13329848405645583,0.0,0.15682174594877157,0.2550967067433351,0.3293256664924203,0.12545739675901726,317.56,0
12490,38,4,2092.71,70,523.1775,0.159639892770618,0.039451237868601004,0.054522604660942026,0.23636815421152477,0.29488080049314047,0.21513730999517372,2901.16,1
16532,35,2,4516.8,2,2258.4,0.08289054197662062,0.9171094580233793,0.0,0.0,0.0,0.0,2232.0,1
17678,163,1,298.11,16,298.11,0.3559424373553386,0.0,0.15095099124484251,0.20126798832645668,0.1026466740464929,0.18919190902686928,0.0,0
14408,30,5,1996.51,59,399.302,0.6971465206785842,0.08972156412940581,0.006676650755568467,0.03729507991445071,0.10999694466844644,0.05916323985354443,610.02,1
15577,51,3,258.88,39,86.29333333333334,0.1678770086526576,0.008111866501854142,0.032331582200247226,0.4986866501854142,0.2732926452410383,0.019700247218788627,0.0,0
14593,98,2,339.59,54,169.795,0.05521363997762008,0.0,0.037986984304602615,0.2327218115963368,0.6509320062428223,0.023145557878618335,278.4,0
16022,160,1,628.28,68,628.28,0.05928885210415739,0.023874705545298275,0.10075125740115871,0.31530527790157253,0.4819984720188451,0.018781435028967976,0.0,0
16963,87,1,110.55000000000001,7,110.55000000000001,0.11397557666214382,0.16010854816824968,0.0,0.13432835820895522,0.5915875169606513,0.0,0.0,0
15467,45,2,402.56,36,201.28,0.45719892686804453,0.10545011923688395,0.07126887917329093,0.09576212241653417,0.08632253577106518,0.18399741653418122,122.32,0
15140,15,5,1728.11,53,345.62199999999996,0.19521326767393282,0.19572828118580415,0.04039094733552841,0.13817407456701253,0.14332420968572604,0.28716921955199615,626.14,1
15544,19,7,2772.37,95,396.05285714285714,0.1325652780833727,0.0,0.0,0.4394399016004357,0.20769954948293337,0.2202952708332582,774.34,1
13565,234,1,110.17999999999999,13,110.17999999999999,0.6112724632419677,0.0,0.0,0.11889635142494101,0.20176075512797242,0.0680704302051189,130.04,0
17311,216,1,556.46,24,556.46,0.1635697085145383,0.0,0.1570642993207059,0.06393990583330338,0.4610214570678935,0.15440462926355894,828.39,0
12935,9,4,1535.34,58,383.835,0.13887477692237551,0.03497596623549181,0.03224041580366564,0.28285591465082655,0.2699336954681048,0.24111923091953574,625.36,0
17697,136,1,338.95,19,338.95,0.31007523233515266,0.0,0.0,0.37557161823277774,0.31435314943206966,0.0,0.0,0
16967,89,1,319.02,21,319.02,0.07560654504419785,0.12601090840699644,0.0,0.06394583411698326,0.5567049087831484,0.17773180364867408,0.0,0
17139,22,7,6851.82,208,978.8314285714285,0.21941761458999218,0.013558441406808704,0.20925972953171565,0.1807548943200493,0.356620576722681,0.020388743428753235,3816.65,1
16628,6,4,1619.8400000000001,64,404.96000000000004,0.26677326155669695,0.0,0.07685944290794151,0.2481417917819044,0.3158089687870407,0.09241653496641643,568.21,0
14342,37,2,419.74,11,209.87,0.2032210415971792,0.0,0.0,0.0,0.6990041454233574,0.09777481297946347,248.82,0
16113,83,1,161.38,30,161.38,0.09914487544925021,0.0,0.05143140413929856,0.23206097409840132,0.5789441070764655,0.03841863923658446,0.0,0
15483,61,4,233.81,74,58.4525,0.24263290706128907,0.05235019887943202,0.11496514263718403,0.14678585175997605,0.31525597707540315,0.1280099225867157,0.0,0
17950,265,2,263.17,36,131.585,0.3330546794847437,0.1291940570733746,0.030208610403921417,0.030208610403921417,0.2738914009955542,0.2034426416384846,219.03,0
17924,201,2,502.20000000000005,2,251.10000000000002,0.0,0.0,0.0,0.0,1.0,0.0,2460.3,0
15350,273,1,115.65,5,115.65,0.8715953307392996,0.0,0.0,0.1284046692607004,0.0,0.0,0.0,0
14690,51,1,216.71,28,216.71,0.5394767200406072,0.0,0.06621752572562412,0.1271284204697522,0.23925984033962439,0.027917493424392047,154.99,0
17266,47,1,113.06,17,113.06,0.42145763311516005,0.0,0.2640191049000531,0.10569609057137802,0.14912435874756766,0.05970281266584115,197.58,0
13118,108,3,799.7,40,266.56666666666666,0.1362135800925347,0.0,0.08909591096661247,0.23067400275103161,0.5432037013880205,0.0008128048018006752,398.11,0
13953,15,5,2604.36,8,520.8720000000001,0.02488135280836751,0.003824356079804635,0.0,0.0,0.9682993134589688,0.0029949776528590518,911.32,1
16309,6,2,706.57,39,353.285,0.20985889579234895,0.014435936991380894,0.07351005562081604,0.1350892339046379,0.38992598044072063,0.1771798972500955,0.0,0
14456,31,3,636.65,220,212.21666666666667,0.16060629859420406,0.021754496190999766,0.05943611089295531,0.1304170266237336,0.4393151653184639,0.18847090237964345,2425.75,0
14570,180,2,218.06,29,109.03,0.02733192699257085,0.03439420343024856,0.05571860955700266,0.095386590846556,0.6780702558928736,0.10909841328074842,0.0,0
16216,167,1,914.9300000000001,37,914.9300000000001,0.41522302252631343,0.0,0.27497185577038674,0.08170023936257419,0.13935492332746766,0.08874995901325784,0.0,0
12406,83,1,1621.25,48,1621.25,0.2267201233616037,0.027904394757131842,0.06939090208172706,0.2689282960678489,0.40705628373168856,0.0,1794.05,0
14056,7,17,5382.51,274,316.61823529411765,0.05806213086459662,0.01791729137521342,0.3680383315590682,0.20599683047500142,0.2619948685650375,0.08799054716108284,2832.14,1
17838,192,3,1687.7,64,562.5666666666667,0.35835160277300465,0.014931563666528412,0.042394975410321736,0.2539254606861409,0.29176393908870063,0.03863245837530367,1091.6,1
14075,161,1,307.92,18,307.92,0.0,0.14185502727981292,0.0,0.14516757599376462,0.5465705378020265,0.16640685892439594,634.34,0
14530,28,4,2021.27,99,505.3175,0.3736413245137958,0.14233130655478982,0.2133312224492522,0.0047247522597179,0.1944816872560321,0.0714897069664122,904.64,1
16965,126,1,201.19,26,201.19,0.3018042646254784,0.0,0.14339678910482628,0.013569262885829316,0.5245290521397684,0.01670063124409762,0.0,0
14834,20,2,429.3,18,214.65,0.42890752387607733,0.06988120195667365,0.07803400885161892,0.037037037037037035,0.23095737246680645,0.15518285581178665,1291.0,0
14591,113,1,250.22,33,250.22,0.496083446567021,0.01698505315322516,0.08220765726160978,0.10191031891935097,0.2896251298857006,0.013188394213092479,1196.92,0
15916,91,5,848.53,64,169.706,0.1664997112653648,0.10948345963018398,0.05839510683181502,0.22600261628934748,0.3376191766938117,0.1019999292894771,679.5600000000001,0
12408,75,3,1491.77,58,497.25666666666666,0.14605468671443989,0.024051965115265757,0.1685648591941117,0.11941519134987297,0.39993430622683124,0.14197899139947848,1396.78,0
14962,170,1,126.7,5,126.7,0.1254932912391476,0.0,0.0,0.0,0.32044198895027626,0.5540647198105761,0.0,0
16107,3,3,1494.1200000000001,16,498.04,0.317377452948893,0.1429068615639975,0.0,0.32888924584370727,0.2108264396434021,0.0,1710.04,0
12623,176,1,305.1,18,305.1,0.15142576204523103,0.12979351032448375,0.0,0.2913798754506719,0.2749918059652573,0.15240904621435594,0.0,0
14713,26,8,1821.8799999999999,121,227.73499999999999,0.13273651393066502,0.03323490021296683,0.08765670625946824,0.10523195819702726,0.4686916811206007,0.17244824027927197,844.48,1
13637,87,2,684.85,75,342.425,0.34378331021391545,0.08060159158939914,0.08870555596115938,0.2971599620354822,0.1897495802000438,0.0,125.65,0
16509,196,1,363.7,13,363.7,0.20126477866373385,0.0,0.2302722023645862,0.31152048391531484,0.25694253505636516,0.0,0.0,0
17694,41,1,283.12,15,283.12,0.3032636337948573,0.12009042102288782,0.06251766035603279,0.3214184797965527,0.1927098050296694,0.0,0.0,0
15266,238,1,119.3,6,119.3,0.25020955574182735,0.0,0.6001676445934618,0.0,0.14962279966471081,0.0,0.0,0
15104,96,2,1027.44,66,513.72,0.1656544421085416,0.010122245581250487,0.16876897921046485,0.1955831970723351,0.2856127851748034,0.17425835085260452,0.0,0
16218,14,6,2635.48,51,439.24666666666667,0.3498869276184983,0.0,0.0,0.10453503726076464,0.5228117838116776,0.02276625130905945,449.2,1
13462,152,1,151.5,9,151.5,0.2831683168316832,0.0,0.10891089108910891,0.11089108910891089,0.1306930693069307,0.36633663366336633,0.0,0
17602,24,2,909.5500000000001,108,454.77500000000003,0.31281402891539767,0.15687977571326478,0.0760376010114892,0.03732615029410148,0.2945192677697762,0.12242317629597053,4193.42,0
16968,7,1,253.31,15,253.31,0.5582487860724014,0.0,0.12553787848880818,0.05862382061505666,0.21613832853025935,0.0414511862934744,186.12,0
15223,125,2,755.75,14,377.875,0.10744293747932518,0.05345683096261991,0.0,0.128217002977175,0.7108832285808799,0.0,0.0,0
14603,174,1,660.0,2,660.0,0.0,0.22727272727272727,0.7727272727272726,0.0,0.0,0.0,0.0,0
16952,9,2,167.61,16,83.805,0.1091223674005131,0.02237336674422767,0.2422289839508382,0.2979535827217946,0.18572877513274863,0.14259292404987767,0.0,0
14758,44,4,1484.06,54,371.015,0.29796638949907683,0.016845680093796746,0.30070886621834697,0.18625931566109188,0.17295122838699245,0.02526852014069512,0.0,0
13339,100,1,860.12,54,860.12,0.2204343579965586,0.0,0.04092452215969864,0.3306050318560201,0.339906059619588,0.06813002836813468,0.0,0
12897,104,2,216.5,3,108.25,0.8628175519630485,0.0,0.0,0.1371824480369515,0.0,0.0,0.0,0
15932,7,6,1885.95,65,314.325,0.23955035923539858,0.04326731885787004,0.05790185317744373,0.3415360958668045,0.20088549537368436,0.11685887748879875,609.92,1
13918,152,1,198.2,8,198.2,0.3299697275479314,0.0,0.15438950554994954,0.2406659939455096,0.17507568113017158,0.09989909182643793,1014.64,0
14352,57,4,1078.96,44,269.74,0.16595610587973603,0.1316267516868095,0.07368206420997998,0.055377400459701936,0.2388689108029955,0.33448876696077706,0.0,0
13716,169,1,138.28,21,138.28,0.1580850448365635,0.3897888342493491,0.0,0.18853051778999133,0.07954874168354065,0.18404686144055538,0.0,0
15752,15,5,1623.63,178,324.726,0.26373619605451976,0.024389793241070934,0.024537610169804696,0.14842051452609276,0.4545185787402302,0.08439730726828157,1013.75,0
12609,86,2,800.73,42,400.365,0.1252606996116044,0.0,0.10365541443432867,0.14585440785283427,0.396163500805515,0.22906597729571768,326.12,0
15708,38,6,2700.43,103,450.07166666666666,0.3886973556063294,0.1343934114196628,0.14266246486670642,0.07272915794891925,0.23222597882559445,0.02929163133278774,663.8100000000001,1
15939,7,14,5860.25,28,418.5892857142857,0.3939831918433514,0.2693332195725438,0.018301267010793053,0.0,0.1337314960965829,0.18465082547672879,254.76,1
17376,211,1,105.85,13,105.85,0.04676428908833255,0.0,0.11147850732168164,0.3769485120453472,0.4648086915446387,0.0,97.35,0
12437,77,9,2476.73,58,275.1922222222222,0.24642169311955686,0.024128588905532693,0.0,0.151211476422541,0.27260944874895526,0.3056287928034142,2474.68,1
13835,55,2,537.34,28,268.67,0.2837123608888227,0.0,0.1371198868500391,0.17670376298060814,0.2506792719693304,0.1517847173111996,297.23,0
16552,142,2,379.73,17,189.865,0.13717641482105708,0.046612066468280096,0.0,0.41824454217470314,0.2233692360361309,0.17459774049982885,0.0,0
18075,6,8,1957.75,74,244.71875,0.3497790831311454,0.2669595198569787,0.08844336610905375,0.07351806921210574,0.20086834376197166,0.020431617928744733,654.0,1
17456,265,1,249.86,17,249.86,0.6601296726166653,0.0,0.0,0.23301048587208836,0.0,0.10685984151124629,0.0,0
15147,140,1,623.5,28,623.5,0.18668805132317562,0.0,0.08917401764234162,0.2078588612670409,0.33344025661587806,0.18283881315156375,0.0,0
15464,238,1,1048.85,155,1048.85,0.27839061829622924,0.02745864518281928,0.08466415598035945,0.21174619821709492,0.38348667588311014,0.014253706440387091,0.0,0
14185,231,1,197.65,3,197.65,0.0,0.0,0.06450796863141918,0.0,0.9354920313685808,0.0,0.0,0
17284,20,5,1494.1399999999999,219,298.828,0.28862087890023697,0.046461509630958284,0.11241918427992023,0.15059499109855837,0.28188790876356973,0.12001552732675654,158.44,0
15068,156,1,239.95999999999998,39,239.95999999999998,0.16961160193365563,0.042507084514085684,0.08418069678279713,0.05313385564260711,0.4819969994999167,0.16856976162693785,313.4,0
16261,12,2,418.38,66,209.19,0.32114345810029155,0.01410201252449926,0.08248482241024906,0.1523973421291649,0.3608681103303217,0.0690042545054735,328.45,0
16891,41,2,437.92,93,218.96,0.2362075264888564,0.02614632809645597,0.027630617464377054,0.20654457435147972,0.3543569601753745,0.14911399342345633,371.78000000000003,0
14231,83,3,925.71,47,308.57,0.3526806451264435,0.059716325847187564,0.021497013103455722,0.24510915945598513,0.23003964524527118,0.09095721122165687,0.0,0
12427,271,1,303.5,10,303.5,0.20757825370675453,0.0,0.0,0.0,0.49093904448105435,0.3014827018121911,522.3,0
18072,85,1,247.44,18,247.44,0.09505334626576141,0.037827352085354024,0.15906886517943744,0.4922405431619786,0.15276430649854508,0.06304558680892339,0.0,0
17164,51,3,1270.42,53,423.47333333333336,0.3006092473355268,0.02078052927378347,0.023614237811117583,0.266510287936273,0.22276097668487585,0.1657247209584232,1196.93,0
15510,230,1,250.0,1,250.0,0.0,0.0,0.0,1.0,0.0,0.0,0.0,0
12763,38,2,494.08,16,247.04,0.10986075129533679,0.0,0.010200777202072539,0.0,0.27384229274611405,0.6060961787564767,0.0,0
13209,28,5,4156.08,200,831.216,0.12957642778772305,0.06588901079863717,0.10781794383168757,0.1953306962329888,0.4001607283786645,0.10122519297029893,1735.53,1
13662,112,2,532.94,33,266.47,0.13172214508199798,0.09370660862386009,0.17281495102638192,0.06079483619169136,0.3506961384020715,0.19026532067399707,364.82,0
16317,19,3,1341.65,64,447.2166666666667,0.2659188312898297,0.09196139082473073,0.09458502590094287,0.2464875340066336,0.21205232363134943,0.08899489434651361,0.0,0
12700,56,2,2149.05,110,1074.525,0.11541844070635861,0.0,0.01982271236127591,0.1637002396407715,0.45779763151159814,0.24326097577999578,2790.94,1
13787,264,1,106.4,7,106.4,0.0,0.21428571428571427,0.22180451127819548,0.42293233082706766,0.14097744360902256,0.0,202.64000000000001,0
16617,135,1,151.85,5,151.85,0.0,0.9160355614092854,0.0,0.0,0.08396443859071452,0.0,0.0,0
18281,80,1,80.82,7,80.82,0.4194506310319228,0.0,0.0,0.0,0.39346696362286565,0.18708240534521162,0.0,0
16828,12,1,113.5,7,113.5,0.6634361233480176,0.0,0.0,0.11101321585903084,0.22555066079295155,0.0,15.0,0
14770,132,2,876.42,49,438.21,0.15923872116108717,0.12790671139408047,0.11665639761758063,0.12699390703087562,0.305447160037425,0.16375710275895117,0.0,0
17299,73,1,151.63,18,151.63,0.0,0.13137241970586294,0.0,0.01648750247312537,0.37571720635758094,0.4764228714634308,400.91999999999996,0
14553,118,2,312.32,35,156.16,0.33340804303278687,0.09605532786885246,0.0,0.19483222336065575,0.3179431352459016,0.057761270491803275,546.95,0
17220,26,8,2172.4,226,271.55,0.19342662493095192,0.006624010311176579,0.09329313201988583,0.25999355551463815,0.3228825262382618,0.12378015098508563,1025.85,1
16076,20,3,887.8000000000001,49,295.93333333333334,0.21883307051137643,0.0,0.0,0.22460013516557784,0.35658932191935117,0.1999774724036945,1346.93,0
15150,9,5,3569.62,225,713.924,0.26692196928524603,0.02831113675965509,0.08399213361646338,0.19311579383799957,0.2424011519433441,0.18525781455729182,1744.85,1
17398,14,3,653.38,30,217.79333333333332,0.09573295784994951,0.030303957880559552,0.0,0.4741191955676635,0.38469190976154766,0.015151978940279776,0.0,0
15171,231,1,1289.5,5,1289.5,0.14540519581233036,0.0,0.0,0.0,0.7754943776657619,0.07910042652190771,0.0,0
15906,44,4,797.71,56,199.4275,0.10057539707412468,0.031339709919644985,0.1536272580260997,0.3497887703551416,0.3296937483546652,0.0349751162703238,769.98,0
13703,218,1,99.5,1,99.5,1.0,0.0,0.0,0.0,0.0,0.0,0.0,0
17890,222,2,602.09,88,301.045,0.2170771811523194,0.11377036655649488,0.054045076317494056,0.4806590376853958,0.08583434370276868,0.04861399458552708,0.0,0
17799,63,8,2144.2599999999998,222,268.03249999999997,0.266115116636975,0.04698590655983883,0.12339921464747745,0.17275890050646844,0.32356150839916803,0.0671793532500723,911.67,1
14415,23,8,3339.33,173,417.41625,0.26141172031515303,0.10097833996640045,0.04584153108557705,0.25859977899758335,0.27767845645683414,0.05549017317845197,2560.95,1
17670,127,1,205.7,11,205.7,0.15459406903257172,0.0,0.0,0.0,0.772484200291687,0.07292173067574137,0.0,0
15649,236,2,816.0,1,408.0,0.0,1.0,0.0,0.0,0.0,0.0,0.0,0
14248,218,1,302.58,8,302.58,0.049573666468372,0.0,0.049573666468372,0.0,0.8671425738647631,0.03371009319849296,0.0,0
17262,127,4,955.3600000000001,7,238.84000000000003,0.8984152570758667,0.0,0.09765952101825488,0.002198124267291911,0.0,0.001727097638586501,298.0,0
16987,70,3,629.45,29,209.8166666666667,0.051711811899277135,0.01874652474382397,0.46643895464294227,0.0026213360870601314,0.39240606879021367,0.06807530383668281,995.6,0
14665,196,3,731.66,41,243.88666666666666,0.3608370007927179,0.03772243938441353,0.1889538856846076,0.12082114643413609,0.1325069021130033,0.1591586255911216,1104.04,0
16526,71,1,290.36,15,290.36,0.10538641686182669,0.1299765807962529,0.09539881526381043,0.27283372365339575,0.349910455985673,0.04649400743904119,0.0,0
15750,70,4,1109.83,125,277.4575,0.21935791968139265,0.04472757088923529,0.06292855662578954,0.1106926286007767,0.28116017768487067,0.2811331465179352,1355.65,0
13754,51,2,282.59999999999997,11,141.29999999999998,0.386411889596603,0.036093418259023353,0.0,0.3004246284501062,0.07112526539278133,0.2059447983014862,0.0,0
15918,90,2,334.23,33,167.115,0.21865182658648236,0.0,0.029620321335607217,0.36905723603506563,0.32740926906621187,0.055261346976632854,0.0,0
14803,62,3,845.55,35,281.84999999999997,0.04640766365087813,0.0,0.0,0.6798296966471526,0.2644787416474484,0.009283898054520727,0.0,0
17747,12,1,71.4,1,71.4,0.0,0.0,1.0,0.0,0.0,0.0,0.0,0
16006,111,1,101.4,8,101.4,0.4256410256410256,0.10059171597633135,0.0,0.35808678500986185,0.11568047337278106,0.0,0.0,0
16656,20,10,6257.0,13,625.7,0.4412977465238933,0.0,0.22438868467316606,0.019018699057056096,0.19976346491929037,0.11553140482659421,2368.8,1
16096,164,1,320.62,12,320.62,0.12413448942673569,0.0,0.12575634707753727,0.049591416630278835,0.7005177468654482,0.0,0.0,0
14397,9,9,856.0,13,95.11111111111111,0.017523364485981307,0.6238317757009346,0.0,0.04373831775700934,0.2966822429906542,0.01822429906542056,1756.96,0
14041,166,1,141.41,21,141.41,0.25182094618485257,0.0,0.0,0.6028569408104094,0.026023619263135563,0.11929849374160242,0.0,0
18094,36,5,2402.3,35,480.46000000000004,0.33173209008033966,0.24601423635682468,0.10085334887399575,0.1209674062356908,0.12163343462515089,0.07879948382799817,615.0,1
16551,30,2,617.17,19,308.585,0.20804640536643065,0.0,0.007582999821767098,0.15588897710517363,0.5356060728810539,0.09287554482557481,304.95,0
13026,120,2,243.71999999999997,5,121.85999999999999,0.0,0.7892663712456918,0.0,0.08370260955194486,0.1270310192023634,0.0,731.64,0
13345,187,1,389.5,20,389.5,0.2202824133504493,0.0,0.0,0.1086007702182285,0.534788189987163,0.1363286264441592,0.0,0
14019,38,1,384.29,25,384.29,0.051523588956256985,0.13442972754950686,0.0,0.4860912331832731,0.23037289546956724,0.09758255484139582,1037.32,0
13575,33,2,218.75,13,109.375,0.37165714285714285,0.06857142857142857,0.06994285714285714,0.06788571428571429,0.3314285714285714,0.0905142857142857,513.32,0
13081,43,8,18870.12,424,2358.765,0.2165015378810522,0.05663980939177917,0.04146131556132129,0.19234641857073512,0.3335060932309917,0.15954482536412065,9467.26,1
15303,190,1,574.02,31,574.02,0.31974495662172053,0.096163896728337,0.034667781610396846,0.26528692380056446,0.28413644123898124,0.0,0.0,0
12831,162,1,215.05,9,215.05,0.3554987212276215,0.30132527319228086,0.0,0.0,0.07114624505928853,0.2720297605208091,0.0,0
12585,134,2,2040.1,77,1020.05,0.11189157394245382,0.07776089407381992,0.03686093818930445,0.1657418753982648,0.4105288956423705,0.19721582275378657,0.0,1
12881,175,1,298.0,7,298.0,0.0,0.0,0.0,0.27919463087248325,0.7208053691275168,0.0,0.0,0
17470,27,4,816.47,54,204.1175,0.16906928607297267,0.036547576763383834,0.030717601381557193,0.3171457616323931,0.34932085685940695,0.09719891729028622,308.6,0
16503,6,4,1431.93,71,357.9825,0.13691311726131863,0.028283505478619762,0.03813035553413923,0.2340617208941778,0.4671527239460029,0.09545857688574162,0.0,0
14401,7,9,2766.2999999999997,76,307.3666666666666,0.5148465459277736,0.010844810758052274,0.12626974659292198,0.004518671149188447,0.281531287279037,0.0619889382930268,1285.18,1
14891,47,2,554.38,30,277.19,0.1652296258883798,0.0,0.0,0.15732890796926297,0.5638010029221834,0.11364046322017389,0.0,0
12348,148,3,1487.24,22,495.74666666666667,0.13552620962319464,0.0,0.0,0.028078857480971463,0.38239961270541406,0.4539953201904199,310.0,0
15351,269,1,274.67,49,274.67,0.21371099865292895,0.11075108311792331,0.013652746932682855,0.23337095423599225,0.4123129573670222,0.01620125969345032,1685.44,0
13330,85,2,728.22,22,364.11,0.23841696190711598,0.0,0.10875834225920739,0.0,0.6256351102688748,0.02718958556480184,412.71,0
17637,15,1,338.95,24,338.95,0.10626936126272311,0.030092934061070952,0.15311992919309633,0.34308895117273935,0.23690809853960762,0.13052072577076265,208.11,0
12919,16,3,441.65,12,147.21666666666667,0.03396354579418091,0.0,0.0,0.06792709158836183,0.6963659006000227,0.20174346201743462,893.54,0
14760,197,1,89.2,5,89.2,0.3363228699551569,0.0,0.26681614349775784,0.39686098654708524,0.0,0.0,0.0,0
15797,13,4,2207.4,8,551.85,0.0,0.2772492525142702,0.0,0.12068496874150586,0.15629247078010328,0.4457733079641207,0.0,1
13976,106,1,357.98,10,357.98,0.0,0.27755740544164476,0.4064472875579641,0.0964299681546455,0.17766355662327504,0.04190178222247053,0.0,0
12779,89,7,2999.41,68,428.4871428571428,0.26778933190194076,0.04887627900153697,0.15499714943938975,0.18350942351995891,0.3403269309630894,0.004500885174084237,981.95,1
12990,85,2,263.9,5,131.95,0.0,0.0,0.0,0.37931034482758624,0.6206896551724139,0.0,145.6,0
16966,70,4,1486.56,8,371.64,0.0,0.0,0.0,0.10090410074265418,0.7824507587988375,0.11664514045850823,668.41,0
15454,262,1,179.1,23,179.1,0.3453378001116695,0.0,0.0,0.47068676716917923,0.15103294249022894,0.03294249022892239,0.0,0
14913,83,3,917.15,57,305.71666666666664,0.22635337731014557,0.032710025622853404,0.203718039579131,0.06967235457667775,0.26033909393229027,0.20720710897890204,310.28000000000003,0
12791,273,1,192.60000000000002,2,192.60000000000002,0.9221183800623053,0.0,0.0,0.0,0.0,0.0778816199376947,0.0,0
13564,44,3,1749.02,68,583.0066666666667,0.27398771883683437,0.01349327051720392,0.11982138569027226,0.06349269876845319,0.479777246686716,0.049427679500520294,0.0,1
18231,92,5,2083.27,106,416.654,0.3400759383085246,0.031128946319968133,0.1363481449836075,0.0012000364811090257,0.43088509890700677,0.060361834999783995,0.0,1
12736,232,1,234.0,4,234.0,0.0,0.0,0.0,0.6153846153846154,0.0,0.38461538461538464,0.0,0
17908,273,1,243.28,51,243.28,0.23553107530417627,0.09597994080894443,0.1000904307793489,0.3028609010194015,0.18587635646169023,0.07966129562643867,0.0,0
13157,41,3,873.1999999999999,32,291.06666666666666,0.385066422354558,0.02572148419606047,0.0,0.10959688502061385,0.3896014658726523,0.09001374255611544,868.02,0
17404,23,10,21004.3,93,2100.43,0.186566084087544,0.025109144318068204,0.0,0.14582156986902683,0.48610427388677563,0.15639892783858544,10902.52,1
16085,136,2,325.04,48,162.52,0.35709451144474524,0.10429485601772089,0.05445483632783658,0.08337435392567069,0.2197268028550332,0.18105463942899333,656.47,0
13767,8,28,9676.37,50,345.5846428571429,0.26938614377085623,0.02012118180681392,0.3175302308613664,0.15281557030167303,0.21157727536255846,0.028569597896731937,7543.990000000001,1
15996,16,5,907.86,91,181.572,0.3495913466834093,0.008756856784085653,0.32068821183882973,0.07209261339854163,0.20096710946621724,0.04790386182891635,152.82,0
15730,106,1,467.43,29,467.43,0.17007894230152107,0.02669918490469161,0.09819652140427443,0.2642106839526774,0.22901824872173374,0.21179641871510171,653.45,0
16016,96,4,817.57,99,204.3925,0.24951991878371269,0.0420147510304928,0.07583448512054013,0.26590995266460365,0.3097227148745673,0.05699817752608339,691.19,0
17373,34,2,287.3,26,143.65,0.26749042812391227,0.0,0.06787330316742081,0.18308388444135051,0.3318830490776192,0.14966933518969716,359.62,0
17863,45,4,1785.28,60,446.32,0.13359248969349347,0.07897920774332318,0.0,0.150900699050009,0.42153611758379633,0.21499148592937803,1374.72,1
18191,161,1,207.79999999999998,7,207.79999999999998,0.0,0.4417709335899903,0.47641963426371514,0.0,0.0,0.08180943214629452,0.0,0
14400,49,1,574.7,25,574.7,0.3527057595267095,0.0,0.01753958587088916,0.27943274752044545,0.21146685227074993,0.13885505481120583,0.0,0
15525,273,1,313.93,44,313.93,0.19813334182779602,0.010511897556780173,0.08106902812728951,0.04809989488102443,0.40977287930430345,0.25241295830280636,511.99,0
16634,122,2,217.9,9,108.95,0.23634694814134924,0.1408903166590179,0.20651675080312068,0.08122992198256082,0.09132629646626893,0.24368976594768244,0.0,0
12749,30,3,2755.23,113,918.41,0.12616732541384929,0.012282096231530579,0.16655596810429618,0.33837828420857785,0.2892172341329036,0.06739909190884245,1335.65,1
13050,6,13,4509.74,211,346.9030769230769,0.3205195864950086,0.06090151538669635,0.12678114481100908,0.17285697179881768,0.21951154612017545,0.09942923538829289,1327.12,1
13277,16,2,125.9,4,62.95,0.0,0.0,0.0,0.0,0.790309769658459,0.20969023034154088,132.5,0
14447,96,2,601.03,34,300.515,0.2572250969169592,0.0,0.11380463537593799,0.21138711877942867,0.38384107282498375,0.03374207610269039,562.2,0
13642,115,1,354.8,57,354.8,0.16392333709131904,0.042277339346110485,0.12795941375422773,0.08275084554678692,0.5184611048478015,0.06462795941375422,0.0,0
12857,110,2,1106.4,37,553.2,0.1869125090383225,0.0,0.0,0.33441793203181486,0.4626717281272596,0.015997830802603037,0.0,0
17830,161,2,287.65000000000003,15,143.82500000000002,0.5409351642621241,0.061533113158352165,0.27637754215192073,0.0,0.12115418042760298,0.0,111.05,0
13919,21,1,213.15,16,213.15,0.0,0.0,0.0,0.16326530612244897,0.1611541168191414,0.6755805770584096,171.66,0
14334,22,6,2013.51,87,335.585,0.2927872223132738,0.06809005170076135,0.20732452284816066,0.09871319238543637,0.13581755243331298,0.1972674583190548,538.7,1
14888,107,1,369.2,20,369.2,0.2082881906825569,0.0,0.0,0.0942578548212351,0.6974539544962081,0.0,0.0,0
18106,229,1,430.7,33,430.7,0.15997213837938243,0.224286045971674,0.2578360807986998,0.06512653819363827,0.24297654980264688,0.049802646853958674,0.0,0
12364,12,1,623.92,34,623.92,0.32536222592640085,0.0,0.0,0.08005834081292475,0.1853923579946147,0.4091870752660598,689.18,0
16272,16,1,411.7,25,411.7,0.051858149137721646,0.0,0.0,0.16589749817828517,0.7750789409764393,0.007165411707554045,0.0,0
13610,10,5,776.21,140,155.24200000000002,0.2389430695301529,0.049020239368212204,0.0911093647337705,0.10480411228920007,0.4566290050372966,0.059494209041367666,355.67,0
14840,167,1,62.85,4,62.85,0.0,0.0,0.0,0.0,1.0,0.0,0.0,0
17574,142,1,185.65,8,185.65,0.46377592243468896,0.08079719903043361,0.0,0.09372475087530298,0.2728252087260975,0.08887691893347698,0.0,0
14068,220,1,265.85,22,265.85,0.23866842204250516,0.16644724468685348,0.0,0.28192589806281737,0.060184314463043065,0.2527741207447809,0.0,0
16496,107,2,1185.04,71,592.52,0.29761864578410857,0.0,0.10223283602241276,0.042783365962330386,0.5125565381759265,0.04480861405522177,414.48,0
15061,27,37,36575.0,59,988.5135135135135,0.03125085440874915,0.10470102529049898,0.1772112098427888,0.07627122351332877,0.531965003417635,0.07860068352699932,17959.14,1
17364,37,6,2633.81,153,438.9683333333333,0.1586750752711851,0.0972735314999943,0.1974326166276231,0.10306362266070827,0.2920825723951234,0.15147258154536583,1847.37,1
15724,101,2,218.25,11,109.125,0.0,0.0,0.0,0.21718213058419247,0.7828178694158077,0.0,0.0,0
15076,72,1,880.85,49,880.85,0.36663450076630527,0.05699040699324516,0.0,0.23779304081285121,0.24128966339331326,0.09729238803428507,0.0,0
17120,133,1,307.46,18,307.46,0.2546672737917128,0.13874975606582973,0.053665517465686596,0.19417159955766605,0.35874585311910495,0.0,0.0,0
12967,257,2,1660.9,19,830.45,0.06303811186706003,0.0,0.035944367511590095,0.43855740863387316,0.39936179179962666,0.06309832018784996,0.0,1
14071,160,2,356.81,22,178.405,0.4650654409910036,0.07707183094644209,0.0,0.016143045318236595,0.2274599927132087,0.214259690031109,1082.01,0
12645,9,3,1310.8600000000001,52,436.9533333333334,0.10458782783821306,0.015104587827838209,0.021054880002441146,0.06385121218131608,0.7134705460537356,0.08193094609645576,464.32,0
14077,82,3,310.4,30,103.46666666666665,0.126965206185567,0.15016108247422683,0.2638208762886598,0.11952319587628868,0.2924613402061856,0.047068298969072164,189.01999999999998,0
16324,28,3,428.68,100,142.89333333333335,0.37706447699916024,0.09132686386115517,0.020621442567882804,0.07189511990295791,0.28853690398432397,0.1505551926845199,0.0,0
14448,263,1,102.35000000000001,18,102.35000000000001,0.4274548119198827,0.0,0.016121152906692717,0.0,0.5031753786028333,0.05324865657059111,273.0,0
17252,16,2,353.86,86,176.93,0.16743910020912225,0.05016108065336573,0.15441134912112134,0.16348273328434973,0.3260611541287515,0.13844458260328943,0.0,0
16477,31,6,1999.26,96,333.21,0.2886367956143773,0.06397367025799545,0.05356982083370847,0.19024539079459402,0.3515050568710423,0.05206926562828248,495.2,1
14314,6,1,120.0,8,120.0,0.038000000000000006,0.0,0.0,0.0,0.7409999999999999,0.22100000000000003,0.0,0
16767,13,6,4234.36,126,705.7266666666666,0.13705258882097887,0.02771611294268792,0.11308438583398674,0.16303054062479339,0.3577282044984366,0.20138816727911657,1346.24,1
12652,231,1,919.98,48,919.98,0.2047870605882737,0.021522207004500093,0.16174264657927348,0.18652579403900083,0.2607447987999739,0.16467749298897802,0.0,0
13425,8,3,1624.21,66,541.4033333333333,0.29664883235542205,0.05959820466565285,0.007326638796707322,0.1624420487498538,0.4163562593506997,0.05762801608166431,0.0,0
15840,72,1,241.74,17,241.74,0.48014395631670387,0.0,0.0,0.11355174981384959,0.16505336311739885,0.24125093075204762,113.82,0
14414,9,5,1137.08,68,227.416,0.20146339747423225,0.06152601400077391,0.21827839729834314,0.1914377176627854,0.22404756041791254,0.10324691314595279,359.9,0
14426,40,6,2885.58,151,480.93,0.2822760069032915,0.025263551868255258,0.1415625281572509,0.13000505964138925,0.3470290201623244,0.07386383326748869,1596.09,1
17050,87,5,2660.59,164,532.118,0.2374924358882804,0.0037209791813094086,0.08378592718156498,0.2763635133560601,0.2178201075701254,0.18081703682265962,568.25,1
18190,92,2,284.46000000000004,14,142.23000000000002,0.2111368909512761,0.21690220066090135,0.22287843633551288,0.15397595443999154,0.19510651761231806,0.0,0.0,0
13414,33,3,1390.5,23,463.5,0.07551240560949299,0.5911542610571737,0.0,0.05747572815533981,0.16194174757281554,0.11391585760517797,0.0,0
15024,12,5,845.62,62,169.124,0.29600766301648496,0.18110971831319028,0.14805704690049903,0.06864785601097419,0.12183959698209598,0.18433811877675552,815.71,0
14918,15,2,1610.15,39,805.075,0.43771077228829613,0.07266403751203304,0.20960780051547992,0.03389125236779182,0.21681209825171568,0.029314039064683415,0.0,0
13030,268,1,427.74,50,427.74,0.2868565016131294,0.023144901108149808,0.04617290877635947,0.073759760602235,0.4698648711834292,0.10020105671669706,371.74,0
14092,31,9,2437.8,87,270.8666666666667,0.1312043645910247,0.07767659365001231,0.15363852654032323,0.2925547624907704,0.2677085897120354,0.07721716301583394,1639.1100000000001,1
13993,45,5,2028.41,58,405.682,0.09926987147568786,0.0038453764278424977,0.24230801465187018,0.2417903678250452,0.34918975946677444,0.06359661015277976,1218.95,1
12981,33,1,187.18,11,187.18,0.25611710652847525,0.0,0.0,0.13334757986964418,0.5175766641735228,0.09295864942835771,185.04,0
16235,86,3,665.29,34,221.76333333333332,0.22605179696072392,0.022546558643599033,0.1671451547445475,0.1859489846533091,0.34599948894467075,0.052308016053149754,202.01999999999998,0
16624,97,1,426.43,21,426.43,0.3387894847923457,0.1383579954506015,0.037286307248551934,0.019510822409305163,0.4182163543840724,0.047839035715123226,384.14,0
13373,58,2,2055.58,95,1027.79,0.19539010887438096,0.0,0.14054427460862626,0.14470368460483174,0.49717841193239865,0.02218351997976241,1256.67,1
16227,125,1,314.22,6,314.22,0.056329959900706515,0.03628031315638724,0.0,0.047737254153141104,0.8596524727897651,0.0,0.0,0
13618,73,1,177.34,13,177.34,0.5450546971918349,0.0,0.0,0.0,0.45494530280816514,0.0,0.0,0
13792,187,1,74.60000000000001,4,74.60000000000001,0.0,0.0,0.0,0.23726541554959787,0.0,0.7627345844504021,120.95,0
15034,132,5,2664.83,158,532.966,0.3694944893295257,0.02026395680024617,0.14312357636322015,0.12212411298281692,0.2858606365133986,0.05913322801079244,1643.78,1
16348,28,4,775.14,116,193.785,0.3352942694222979,0.034574399463322754,0.0797275330907965,0.1551461671439998,0.2630750574089842,0.13218257347059886,694.31,0
13548,143,1,281.01,59,281.01,0.27532828013237964,0.13326927867335683,0.11796733212341198,0.25120102487455964,0.15650688587594747,0.06572719832034447,401.4,0
16721,162,1,292.47,37,292.47,0.37508120490990526,0.14428830307381954,0.04615858036721714,0.24105036413991177,0.05727083119636202,0.1361507163127842,0.0,0
12573,127,1,160.54000000000002,26,160.54000000000002,0.4177152111623271,0.16537934471159835,0.06721066400896972,0.15603587890868317,0.13610315186246416,0.05755574934595739,0.0,0
17176,101,1,306.13,15,306.13,0.22637441609773626,0.3488713945056022,0.12903015058961878,0.05389867049946102,0.20752621435337928,0.034299153954202466,0.0,0
13452,159,2,590.0,1,295.0,0.0,0.0,0.0,1.0,0.0,0.0,0.0,0
12910,34,4,1486.9,26,371.725,0.21151388795480527,0.029981841415024545,0.2752841482278566,0.1016880758625328,0.32846862600040355,0.05306342053937723,1588.14,0
15527,44,5,1330.79,68,266.158,0.12586508765470134,0.02388055215323229,0.04214789711374447,0.2530902696894326,0.5249964306915441,0.03001976269734519,1098.99,0
13012,48,4,1012.3100000000001,42,253.07750000000001,0.6106824984441525,0.03378411751340993,0.08248461439677568,0.0992778891841432,0.15166302812379606,0.022107852337722635,649.53,0
16902,16,1,1706.88,43,1706.88,0.1803231627296588,0.0,0.03075787401574803,0.4585793963254593,0.3158394263217098,0.014500140607424071,0.0,1
14292,45,4,2590.21,50,647.5525,0.07032248350519842,0.0,0.0,0.26656525918747903,0.6570123657927349,0.00609989151458762,2281.7200000000003,1
17619,212,1,218.52,71,218.52,0.4093904448105436,0.03844041735310269,0.05079626578802856,0.19563426688632618,0.206891817682592,0.09884678747940692,0.0,0
15549,57,2,1631.68,94,815.84,0.2246089919592077,0.014212345557952541,0.1901108060404001,0.1686298784075309,0.21241910178466364,0.19001887625024513,61.58,0
17519,33,5,1488.0,50,297.6,0.20651881720430107,0.04788306451612903,0.08756720430107527,0.10951612903225807,0.06379032258064517,0.4847244623655914,356.02,0
18055,28,7,3672.86,122,524.6942857142857,0.3387877566800803,0.0705553710187701,0.08655380275861317,0.20290727117287344,0.2337878383602969,0.067407960009366,3111.33,1
13584,206,1,142.4,24,142.4,0.12324438202247191,0.023174157303370784,0.06987359550561797,0.19241573033707862,0.5853230337078651,0.0059691011235955055,0.0,0
14176,197,4,576.9000000000001,28,144.22500000000002,0.24960998439937593,0.3021320852834113,0.12307158953024785,0.14950598023920955,0.1756803605477552,0.0,0.0,0
16205,79,1,112.35,27,112.35,0.15380507343124167,0.037027147307521144,0.17062750333778373,0.1443702714730752,0.4638184245660881,0.03035157988429017,649.03,0
16172,30,3,800.35,41,266.78333333333336,0.42000374836009247,0.07606672080964577,0.0,0.04423064909102267,0.40332354594864744,0.056375335790591605,339.86,0
17744,150,4,1288.96,50,322.24,0.24410377358490565,0.0782025819265144,0.04538542701092353,0.09908763654419066,0.2448951092353525,0.2883254716981132,1033.44,0
15098,82,3,39916.5,1,13305.5,0.0,0.0,1.0,0.0,0.0,0.0,0.0,1
16394,71,3,933.1,49,311.03333333333336,0.2521166005787161,0.0,0.4108241346050799,0.07701211017039974,0.1532847497588683,0.10676240488693602,622.24,0
17796,213,3,622.0,60,207.33333333333334,0.2541800643086817,0.012540192926045015,0.07090032154340836,0.42837620578778135,0.15771704180064308,0.07628617363344052,75.9,0
15793,168,1,306.64,3,306.64,0.48499869553874253,0.26611009653013307,0.0,0.2488912079311245,0.0,0.0,658.97,0
15145,127,2,724.03,35,362.015,0.0559369086916288,0.0,0.14709335248539426,0.27968454345814403,0.2528624504509482,0.2644227449138848,470.7,0
17968,273,1,277.35,74,277.35,0.40620155038759687,0.14836848747070486,0.0461510726518839,0.14321254732287722,0.12824950423652423,0.12781683793041285,0.0,0
17343,255,1,193.64,17,193.64,0.2636335467878538,0.10225160090890312,0.18048956827101842,0.22567651311712458,0.2127143152241273,0.015234455690972941,0.0,0
14298,23,36,35591.84,665,988.6622222222221,0.265948599454257,0.08404735467455463,0.17192199110807424,0.12576281529698943,0.29898763312040066,0.053331606345724196,15935.46,1
13137,3,4,1457.75,211,364.4375,0.2833201852169439,0.005453610015434746,0.05470759732464414,0.2153524266849597,0.3580929514663008,0.08307322929171669,2192.66,0
15095,3,4,1370.6,30,342.65,0.07406975047424486,0.10944112067707575,0.07500364803735589,0.34962790018969797,0.25089741718955205,0.14096016343207354,0.0,0
14495,21,1,40.599999999999994,2,40.599999999999994,0.0,0.0,0.0,0.4876847290640394,0.5123152709359606,0.0,83.2,0
16275,96,1,559.87,33,559.87,0.09923732294997054,0.06769428617357601,0.11359779948916712,0.08430528515548252,0.41375676496329505,0.22140854126850876,0.0,0
18223,43,10,3604.61,83,360.461,0.41953498436724085,0.014148548664071841,0.1546769276010442,0.11585719398215064,0.26132646805063514,0.034455877334857304,2879.9300000000003,1
16969,34,2,478.96000000000004,32,239.48000000000002,0.37228578586938366,0.021713713044930683,0.0,0.058564389510606316,0.2248622014364456,0.3225739101386337,171.45,0
15016,72,1,170.04,20,170.04,0.2747000705716302,0.030581039755351685,0.2575864502470007,0.04087273582686427,0.30392848741472595,0.0923312161844272,0.0,0
15414,142,1,36.2,5,36.2,0.4226519337016574,0.0,0.22790055248618782,0.0,0.1643646408839779,0.1850828729281768,738.7,0
14287,98,2,83.28,4,41.64,0.1873198847262248,0.0,0.0,0.24495677233429392,0.0,0.5677233429394812,93.35,0
13500,22,1,326.4,20,326.4,0.1833639705882353,0.0,0.1953125,0.46875000000000006,0.15257352941176472,0.0,840.37,0
15910,107,4,550.61,117,137.6525,0.21098418118087212,0.00755525689689617,0.10844336281578612,0.177784638855088,0.25824086013693903,0.23699170011441856,681.57,0
17672,209,1,1177.8400000000001,41,1177.8400000000001,0.30589893364124154,0.037899884534401955,0.0931365890103919,0.17243428649052503,0.25105277457040004,0.13957753175303944,2000.33,0
12917,28,1,594.0,2,594.0,0.0,0.0,0.0,0.0,1.0,0.0,0.0,0
12695,7,2,333.90000000000003,17,166.95000000000002,0.12803234501347707,0.0,0.48697214734950584,0.038185085354896675,0.3018867924528302,0.0449236298292902,248.2,0
15184,90,1,235.23000000000002,20,235.23000000000002,0.06206691323385623,0.0,0.407260978616673,0.0,0.4413977808952939,0.08927432725417675,171.53,0
14692,37,4,591.55,53,147.8875,0.2988758346716254,0.013185698588454062,0.019947595300481787,0.1053165412898318,0.43529710083678474,0.12737722931282228,0.0,0
17334,202,2,307.02,11,153.51,0.0,0.0,0.2110611686535079,0.08207934336525309,0.4397107680281415,0.2671487199530976,0.0,0
16990,118,1,179.0,1,179.0,0.0,0.0,0.0,0.0,1.0,0.0,0.0,0
17892,55,1,142.1,26,142.1,0.08332160450387052,0.2673469387755102,0.14672765657987336,0.09078114004222378,0.306826178747361,0.10499648135116116,102.0,0
15608,20,1,285.68,18,285.68,0.16486978437412486,0.07140856902828338,0.03486418370204424,0.13126575189022682,0.33295995519462335,0.26463175581069726,808.0,0
15143,125,1,259.45,14,259.45,0.22142994796685295,0.0,0.07670071304682984,0.0867219117363654,0.16766236269030643,0.44748506455964543,0.0,0
16150,28,3,1408.7,66,469.56666666666666,0.3806204301838574,0.03918506424362888,0.17015688223184494,0.09203520976787109,0.26376801306168807,0.054234400511109525,644.32,0
16536,10,1,548.97,49,548.97,0.3128950580177423,0.0,0.2309780133704938,0.01803377233728619,0.18908137056669763,0.24901178570778004,0.0,0
17348,197,1,160.15,36,160.15,0.08267249453637215,0.007805182641273806,0.03808929128941617,0.25632219793943173,0.22341554792382143,0.39169528566968465,999.37,0
13772,139,1,228.42,36,228.42,0.4857280448296997,0.012914806059014098,0.10025391822082129,0.19875667629804747,0.10944750897469574,0.09289904561772173,903.71,0
15841,118,2,613.26,19,306.63,0.779767146071813,0.1330593875354662,0.016632423441933275,0.054397808433617065,0.0,0.01614323451717053,610.8000000000001,0
14226,110,2,1709.4,40,854.7,0.2947232947232947,0.0,0.0,0.5104598104598105,0.18867438867438865,0.006142506142506142,522.7900000000001,1
16407,10,8,1529.62,76,191.2025,0.20546279468103187,0.042167335678142286,0.09832507420143566,0.11430289875916895,0.5122840967037565,0.027457799976464744,597.31,0
12797,265,1,254.03,13,254.03,0.0,0.0,0.0,0.19958272644963193,0.631145927646341,0.1692713459040271,0.0,0
17673,62,4,1209.77,110,302.4425,0.28187176074791076,0.1106325995850451,0.14465559569174305,0.05138166758970713,0.2618018300999364,0.14965654628565758,419.35,0
13867,117,1,138.85,8,138.85,0.3122074180770616,0.12747569319409438,0.2578321930140439,0.11451206337774578,0.11451206337774578,0.07346056895930861,876.44,0
12510,42,2,982.5699999999999,29,491.28499999999997,0.017301566300619804,0.06371047355404703,0.2169005770581231,0.2089927435195457,0.25280641582787994,0.24028822373978448,0.0,0
14998,69,2,429.87,70,214.935,0.18712634052155303,0.02372810384534859,0.0408030334752367,0.4179635703817433,0.21094749575453045,0.11943145602158792,0.0,0
16596,266,1,120.65,6,120.65,0.27103191048487363,0.0,0.6058847907169498,0.12308329879817655,0.0,0.0,129.5,0
12625,111,2,2683.82,73,1341.91,0.17393118763553442,0.015090430803854207,0.018585449098672786,0.15951144264518485,0.3134561930382812,0.3194252967784725,0.0,1
12518,10,1,324.83,18,324.83,0.14176646245728536,0.0,0.0,0.18625126989502203,0.5297540251824031,0.14222824246528956,1732.06,0
17639,176,1,108.5,7,108.5,0.0,0.0,0.36682027649769583,0.4838709677419355,0.14930875576036864,0.0,0.0,0
18257,14,5,1562.8700000000001,66,312.574,0.18826901789656209,0.04308739690441303,0.071112760498314,0.2290401632893331,0.4126318887687395,0.055858772642638214,774.76,0
16700,21,10,4095.95,142,409.59499999999997,0.2069141469012073,0.018911363664107228,0.08660506109693723,0.21706807944432918,0.3341862083277384,0.13631514056568075,980.6,1
16282,239,1,168.3,11,168.3,0.2929292929292929,0.44979203802733214,0.0,0.21687462863933452,0.0,0.0404040404040404,0.0,0
17742,13,2,355.11,13,177.555,0.31964743318971583,0.19937484159837798,0.0,0.04209963110022246,0.43887809411168366,0.0,0.0,0
16302,26,1,233.22,11,233.22,0.0720349884229483,0.40185232827373296,0.0,0.34473887316696683,0.09647543092359145,0.08489837921276047,0.0,0
17133,90,3,2478.79,9,826.2633333333333,0.3823639759721478,0.36211215956172166,0.0,0.06865849870299622,0.07188991403063592,0.11497545173249851,2413.4500000000003,1
16957,139,2,416.64,15,208.32,0.31682027649769584,0.0,0.15264976958525345,0.0,0.37355990783410137,0.15697004608294932,0.0,0
17442,21,4,1590.45,77,397.6125,0.23651796661322266,0.012449306799962272,0.11133955798673333,0.23734163287119997,0.2711056619195825,0.13124587380929925,658.11,0
14177,79,1,118.08,19,118.08,0.22764227642276422,0.049966124661246614,0.2282350948509485,0.15582655826558264,0.33832994579945797,0.0,441.33,0
15039,14,36,17631.71,360,489.7697222222222,0.24137250442526564,0.005989209214534495,0.06616317986173774,0.12180270660077781,0.5069411872132652,0.05773121268441915,2282.73,1
17416,9,5,5294.49,153,1058.898,0.20998056470028276,0.0057795935019236975,0.1222591788821964,0.1447353758341219,0.45765503381817707,0.05959025326329826,1598.93,1
13165,251,1,354.64,13,354.64,0.4914279269117979,0.05752312203925107,0.0,0.0944055944055944,0.34378524701105345,0.012858109632303183,666.84,0
16555,9,1,151.98,9,151.98,0.11448874851954205,0.0,0.26371891038294515,0.10067114093959731,0.3908409001184367,0.13028030003947888,133.91,0
18043,106,2,451.81,87,225.905,0.07558486974613222,0.0,0.13954981076116066,0.13541090281312942,0.42971603107500944,0.2197383856045683,107.7,0
15440,36,2,237.66,25,118.83,0.0,0.0,0.008836152486745772,0.008836152486745772,0.6339308255491037,0.34839686947740467,146.02,0
17183,5,1,329.67,9,329.67,0.15779415779415779,0.0,0.0928200928200928,0.6012376012376013,0.08808808808808809,0.060060060060060046,3017.64,0
17377,26,9,2045.38,91,227.26444444444445,0.14258964104469582,0.059133266190145604,0.2758216077208147,0.11210630787433142,0.2782563631207893,0.13209281404922313,2055.54,1
17418,223,1,167.39000000000001,12,167.39000000000001,0.42392018639106277,0.13979329709062666,0.14098811159567476,0.0,0.29529840492263576,0.0,296.07,0
13037,38,3,881.07,44,293.69,0.262884901313176,0.012938813034151654,0.1520878023312563,0.06526155697050177,0.453028703735231,0.053798222615683206,0.0,0
13669,49,1,48.150000000000006,3,48.150000000000006,0.0,0.0,0.0,0.7352024922118381,0.26479750778816197,0.0,170.39999999999998,0
16200,64,1,550.57,58,550.57,0.18642497775033146,0.09691773979693771,0.18328277966471113,0.1334798481573642,0.38082351018035854,0.019071144450296968,530.05,0
12502,27,4,2631.52,81,657.88,0.04695005168115766,0.01710038304858029,0.17278987049309905,0.17404389858332828,0.3734989663768468,0.2156168298169879,1092.35,1
14681,111,1,393.95,5,393.95,0.0,0.0,0.0,0.0,1.0,0.0,105.0,0
17059,10,4,2250.1,232,562.525,0.2902670992400338,0.03637616105950847,0.07664103817608106,0.15037109461801698,0.3810408426292165,0.06530376427714324,844.94,1
17837,47,3,376.51,23,125.50333333333333,0.06971926376457464,0.06268093808929379,0.04063637087992351,0.1633422751055749,0.6569812222782927,0.006639929882340443,1216.8700000000001,0
18064,33,2,814.0,7,407.0,0.0386977886977887,0.0,0.0,0.0,0.46007371007371006,0.5012285012285013,0.0,0
16007,80,2,733.45,128,366.725,0.23296748244597448,0.05930874633581021,0.16103347194764467,0.03737132728884041,0.3415093053377871,0.167809666643943,968.49,0
17667,61,4,1751.01,81,437.7525,0.317216920520157,0.03853775820811988,0.042089993775021275,0.12806894306714411,0.4213739498917768,0.05271243453778106,304.5,1
12591,217,1,452.84999999999997,26,452.84999999999997,0.2101137241912333,0.022524014574362372,0.03511096389532958,0.2169592580324611,0.21651761068786574,0.298774428618748,0.0,0
12388,48,4,1668.3400000000001,50,417.08500000000004,0.26451442751477516,0.10666890441996235,0.006113861682870397,0.3013534411450903,0.21507606363211337,0.10627330160518839,1112.3200000000002,1
16383,168,1,309.46,48,309.46,0.21317779357590644,0.08459897886641246,0.008240160279196019,0.06592128223356815,0.24400568732631037,0.3840560977186066,358.90000000000003,0
16222,218,1,846.72,120,846.72,0.2983394746787604,0.07009400982615269,0.1234764739229025,0.21155753968253968,0.2648809523809524,0.03165154950869237,0.0,0
13557,180,1,240.68,16,240.68,0.18896460029915238,0.07354163204254613,0.17625062323416985,0.0,0.4321090244307794,0.12913411999335217,343.38,0
14766,68,4,1531.32,85,382.83,0.25156074497818876,0.023117310555599097,0.09783716009717107,0.2573857848131024,0.23543087009899955,0.13466812945693912,942.0500000000001,0
15607,236,1,104.76,13,104.76,0.0,0.0,0.0,0.09545628102329133,0.16227567773959525,0.7422680412371134,0.0,0
16386,153,1,61.10000000000001,4,61.10000000000001,0.0,0.0,0.0,0.5433715220949263,0.4566284779050736,0.0,256.1,0
15152,13,6,2383.21,110,397.20166666666665,0.21129065420168597,0.029749791247938705,0.10057863134176175,0.25099340805048653,0.33362985217416846,0.07375766298395861,2362.48,1
13571,27,6,801.15,89,133.525,0.3696436372714223,0.05591961555264308,0.10629719777819384,0.2032952630593522,0.15611308743680957,0.10873119890157898,1291.17,0
15346,232,1,252.42000000000002,17,252.42000000000002,0.5758260042785833,0.0,0.0,0.05942476824340385,0.32434038507249824,0.040408842405514615,0.0,0
13120,138,1,30.599999999999998,1,30.599999999999998,0.0,0.0,1.0,0.0,0.0,0.0,0.0,0
15969,85,1,308.7,10,308.7,0.05733722060252674,0.0,0.43343051506316815,0.30612244897959184,0.11564625850340138,0.08746355685131196,357.4,0
16471,174,1,223.95000000000002,13,223.95000000000002,0.5445411922304085,0.11252511721366378,0.0,0.13485152935923198,0.06697923643670461,0.14110292475999106,0.0,0
13404,112,1,217.81,9,217.81,0.36155364767457876,0.0,0.2178963316652128,0.0,0.06886736146182453,0.3516826591983839,34.68,0
12621,8,14,9015.4,176,643.9571428571428,0.1127692614859019,0.05666193402400337,0.061823102690951044,0.1438483040131331,0.39350222951837965,0.23139516826763093,3494.63,1
13627,76,3,1027.0,62,342.3333333333333,0.39351509250243427,0.024732229795520932,0.09010710808179162,0.313524829600779,0.1226192794547225,0.055501460564751706,611.47,0
16616,57,1,210.10000000000002,11,210.10000000000002,0.33412660637791525,0.04740599714421703,0.0,0.0,0.4745359352689195,0.14393146120894812,290.32,0
17671,57,3,1098.55,38,366.18333333333334,0.13206499476582767,0.004260161121478312,0.20754631104637933,0.15880023667561785,0.3826862682627099,0.1146420281279869,474.16,0
16904,8,13,3034.07,334,233.39000000000001,0.20910526124974047,0.06793514981526465,0.13717218126147385,0.06846908607909508,0.4587863826477306,0.05853193894669536,720.2,1
15198,24,1,107.64,5,107.64,0.9531772575250835,0.0,0.0,0.0,0.0,0.04682274247491639,86.0,0
13358,168,1,439.03,29,439.03,0.24463020750290415,0.03416623009817097,0.1086486117121837,0.2362253148987541,0.37632963578798717,0.0,0.0,0
14798,44,2,97.4,7,48.7,0.33655030800821356,0.5587268993839836,0.0,0.0,0.0,0.10472279260780286,76.34,0
15325,3,1,162.29,47,162.29,0.21929878612360587,0.0708608047322694,0.038264834555425474,0.17949349929139197,0.11756731776449568,0.37451475753281166,0.0,0
16667,184,1,203.35,20,203.35,0.22916154413572656,0.0,0.0,0.6051143348905829,0.12220309810671258,0.04352102286697813,366.78,0
17213,41,5,1780.01,67,356.002,0.24044808737029566,0.13848236807658384,0.24029078488323102,0.10112302739872248,0.2501615159465396,0.02949421632462739,1001.22,1
14755,12,7,2867.6800000000003,103,409.66857142857145,0.2658560229872231,0.06990319700942922,0.15369567036768397,0.19434176756123417,0.2578286280198627,0.058374714054566755,2142.6,1
16055,120,1,134.8,8,134.8,0.3727744807121661,0.0,0.3030415430267062,0.0,0.2507418397626112,0.07344213649851632,0.0,0
16619,163,1,226.21,14,226.21,0.3434861411962336,0.16179656071791695,0.19274125812298304,0.2574156756995712,0.04456036426329517,0.0,0.0,0
16128,43,2,694.7,34,347.35,0.09536490571469698,0.0,0.0,0.4401468259680437,0.32647185835612497,0.13801640996113432,1185.52,0
17951,258,2,409.50000000000006,9,204.75000000000003,0.49963369963369964,0.19120879120879122,0.0,0.0,0.3091575091575091,0.0,599.0400000000001,0
13101,134,1,101.19,8,101.19,0.4032018974206938,0.09783575452119773,0.09832987449352702,0.3714793951971539,0.0,0.029153078367427615,0.0,0
15987,20,6,1206.42,64,201.07000000000002,0.032451385089769726,0.030685830805192223,0.020879958886623234,0.798527875864127,0.036015649607930904,0.08143929974635698,244.86,0
14623,16,3,608.71,88,202.90333333333334,0.14170951684710287,0.0,0.02094593484582149,0.36762990586650457,0.43311264805901,0.036601994381561004,280.54,0
17375,99,3,400.1,63,133.36666666666667,0.16725818545363658,0.0,0.09422644338915272,0.2970007498125468,0.1359160209947513,0.3055986003499125,0.0,0
14628,142,1,331.58000000000004,12,331.58000000000004,0.10449966825502141,0.15380903552687133,0.36606550455395376,0.04523795162555039,0.04448398576512455,0.2859038542734785,340.38,0
12727,87,5,2800.4,90,560.08,0.2335237823168119,0.01242679617197543,0.08027424653620911,0.02721039851449793,0.23023139551492644,0.4163333809455792,1180.3,1
13232,80,4,878.45,105,219.6125,0.18606636689623768,0.0,0.2066025385622403,0.3401787238886675,0.17272468552564174,0.0944276851272127,479.15,0
13634,6,3,783.77,73,261.25666666666666,0.2524592673871161,0.025071130561261597,0.21083991477091493,0.055883741403728135,0.28248082983528333,0.17326511604169592,791.39,0
17615,30,3,329.6,13,109.86666666666667,0.5508191747572816,0.04550970873786407,0.2069174757281553,0.0,0.14305218446601942,0.053701456310679616,0.0,0
16091,54,2,315.06,16,157.53,0.26775852218625024,0.12886434329968896,0.0,0.1418777375737955,0.40531962165936647,0.05617977528089888,0.0,0
13370,271,1,754.87,39,754.87,0.13024759230066105,0.11114496535827362,0.11021765337077907,0.16744605031329898,0.42133082517519577,0.05961291348179157,0.0,0
14626,22,2,1571.29,64,785.645,0.4590368423397336,0.12158799457770368,0.010119074136537495,0.09664034010271816,0.3013511191441427,0.011264629699164383,1219.98,0
14768,27,1,133.20000000000002,4,133.20000000000002,0.0,0.0,0.0,0.6216216216216216,0.3783783783783784,0.0,59.400000000000006,0
16168,3,16,2361.2,39,147.575,0.11395476876164665,0.2305522615619177,0.06911739793325428,0.08004404540064375,0.23519820430289687,0.27113332203964086,1426.4,1
16744,45,2,241.69,47,120.845,0.3164384128428979,0.0,0.2757664777193926,0.09942488311473376,0.23443253754809878,0.0739376887748769,1063.07,0
17869,7,5,428.18,37,85.636,0.24802653089822038,0.011677331963193049,0.2902984726049792,0.11698351160726798,0.3166425335139428,0.016371619412396655,0.0,0
13937,69,1,158.85,9,158.85,0.28706326723323894,0.19263456090651557,0.0,0.0934844192634561,0.10953729933899906,0.3172804532577903,0.0,0
17386,13,3,1541.4,6,513.8000000000001,0.1409108602569093,0.8590891397430906,0.0,0.0,0.0,0.0,1145.02,0
14583,44,4,787.64,172,196.91,0.30522827687776144,0.027766492306129705,0.13695343050124423,0.1732263470621096,0.24149357574526434,0.11533187750749074,264.91,0
17080,169,1,76.32000000000001,1,76.32000000000001,0.0,1.0,0.0,0.0,0.0,0.0,211.29999999999998,0
18287,101,1,765.28,27,765.28,0.48296048505122313,0.056057913443445545,0.0,0.025872883127744092,0.2971200083629521,0.13798871001463517,1072.0,0
17187,126,1,203.95,10,203.95,0.09757293454278008,0.34420201029664127,0.2515322382936994,0.1051728364795293,0.20151998038734983,0.0,0.0,0
17218,114,5,948.58,85,189.716,0.15372451453751923,0.03157350987792279,0.27014063125935606,0.10457736827679268,0.37267283729363887,0.06731113875477028,1012.14,0
17047,105,2,749.4300000000001,40,374.71500000000003,0.3241663664384932,0.10087666626636244,0.2797325967735479,0.08780006137998211,0.20742430914161425,0.0,351.47,0
13577,48,2,822.1,43,411.05,0.18769006203624863,0.0,0.21274784089526821,0.1369054859506143,0.36266877508818873,0.09998783602968009,865.5,0
17588,72,2,702.24,12,351.12,0.0,0.37593984962406013,0.4750512645249488,0.0,0.1490088858509911,0.0,0.0,0
13652,156,2,638.24,33,319.12,0.3157432940586613,0.07987590874905992,0.2397217347706192,0.07716532965655552,0.22914577588368013,0.058347956881423906,456.84000000000003,0
15780,83,3,475.28000000000003,26,158.42666666666668,0.5225972058575997,0.0,0.11698367278235987,0.20387981821242215,0.15653930314761824,0.0,0.0,0
16209,19,4,2116.9,35,529.225,0.1397326278992867,0.1006613444187255,0.661845150928244,0.014029949454390855,0.06502432802683168,0.018706599272521135,145.72,1
13223,100,2,163.20000000000002,5,81.60000000000001,0.6176470588235294,0.0,0.0,0.09191176470588235,0.2904411764705882,0.0,0.0,0
12472,38,5,4927.6,180,985.5200000000001,0.13070866141732285,0.022233947560678625,0.04412695835700949,0.19318938225505317,0.3945977757934897,0.2151432746164461,1644.51,1
14636,168,1,300.19,16,300.19,0.1619640894100403,0.19254472167627168,0.0,0.10843132682634334,0.43305906259369065,0.10400079949365403,309.66,0
17282,30,3,1703.41,79,567.8033333333334,0.04927175489165849,0.0034636405797782094,0.054244133825679074,0.1146817266541819,0.3947728380131618,0.38356590603554047,0.0,1
13955,54,2,322.96,33,161.48,0.24625340599455042,0.1822207084468665,0.0945318305672529,0.14490958632648007,0.22046073817190986,0.11162373049294032,0.0,0
17802,80,2,632.4200000000001,66,316.21000000000004,0.1346099111350052,0.034154517567439355,0.11345308497517471,0.14047626577274594,0.4689288763796211,0.1083773441700136,652.62,0
13707,166,2,806.41,48,403.205,0.4426532409072308,0.025297305340955593,0.0,0.13479495541969966,0.36600488585210994,0.031249612480003974,0.0,0
12901,8,19,11639.470000000001,29,612.6036842105264,0.052486925951095706,0.0,0.11959307425509923,0.4688649912753759,0.3330486697418353,0.026006338776593776,6015.07,1
15998,71,3,2112.06,280,704.02,0.3017149134020814,0.09762033275569823,0.1526235050140621,0.11273353976686268,0.1763207484635853,0.1589869605977103,977.91,1
15885,209,1,15.0,1,15.0,0.0,0.0,0.0,0.0,1.0,0.0,364.35,0
14006,15,3,962.19,22,320.73,0.4877622922707573,0.0,0.0,0.0826240139681352,0.411218158575749,0.018395535185358403,0.0,0
13784,12,8,1968.63,9,246.07875,0.40340744578717175,0.22060011276877825,0.0,0.05806068179393792,0.26611907773426186,0.0518126819158501,494.15999999999997,1
13948,260,1,102.0,3,102.0,0.22941176470588234,0.0,0.31176470588235294,0.4588235294117647,0.0,0.0,0.0,0
12644,29,1,477.91,31,477.91,0.17670691134313993,0.02134293067732418,0.07637421271787574,0.44261471825239057,0.26664016237366867,0.016321064635600846,0.0,0
12616,197,1,255.6,11,255.6,0.0,0.0,0.0,0.3262910798122066,0.45305164319248825,0.22065727699530516,457.7,0
15038,87,4,517.45,90,129.3625,0.28306116532998354,0.06269204754082519,0.17750507295390858,0.2149966180307276,0.25855638225915545,0.003188713885399555,188.04,0
13116,38,1,501.14,30,501.14,0.3640699205810751,0.10476114459033405,0.20381530111346133,0.06050205531388435,0.141976294049567,0.12487528435167818,0.0,0
14643,70,2,693.8100000000001,30,346.90500000000003,0.33212262723223934,0.02698145025295109,0.0687508107406927,0.20247618224009453,0.3409578991366512,0.028711030397371037,0.0,0
14297,174,1,232.6,11,232.6,0.20894239036973347,0.0,0.19346517626827173,0.054170249355116086,0.5434221840068787,0.0,1072.73,0
17272,99,2,1409.44,59,704.72,0.1623623566806675,0.0,0.029075377454875696,0.11940912702917471,0.5535673742763083,0.13558576455897375,739.1899999999999,0
14595,213,1,163.8,5,163.8,0.6398046398046399,0.3601953601953602,0.0,0.0,0.0,0.0,1576.8,0
12891,85,3,331.0,2,110.33333333333333,0.0,0.0,0.0,0.0,0.0,1.0,0.0,0
15498,20,19,9126.37,288,480.33526315789476,0.21992972014064738,0.025449329799252053,0.30009412285497955,0.11939796436041931,0.2504281548961964,0.08470070794850526,4190.03,1
17854,85,2,311.26,15,155.63,0.5921416179399859,0.047388035725759815,0.006264858960354688,0.0,0.3277003148493221,0.026505172524577524,0.0,0
15898,126,4,1002.99,67,250.7475,0.16276333762051465,0.008474660764314699,0.49821035105035943,0.11924346204847505,0.1496525389086631,0.06165564960767306,385.89,0
15630,104,1,396.86,21,396.86,0.2468880713601774,0.10179912311646423,0.08012901275008819,0.0,0.5457844075996573,0.02539938517361286,789.49,0
12865,23,1,981.38,58,981.38,0.15013552344657524,0.0,0.025861541910371114,0.3252562717805539,0.3513419878130795,0.1474046750494202,586.85,0
13804,41,3,1355.11,74,451.7033333333333,0.22603331094892667,0.021474271461357382,0.029296514674085502,0.29216816347012425,0.3542812022640229,0.07674653718148343,1280.68,0
14459,55,1,1837.92,37,1837.92,0.1629015408722904,0.0,0.05794593888743797,0.3224623487420562,0.45669017149821534,0.0,0.0,1
18226,20,9,4251.03,107,472.33666666666664,0.300600089860575,0.07739300828269854,0.03253329193160246,0.14990014184797568,0.3656008073337521,0.07397266074339631,977.02,1
16208,189,1,497.59,40,497.59,0.4587109869571334,0.07837778090395708,0.1276151048051609,0.0075363250869189494,0.21180088024277016,0.11595892200405958,166.67,0
16134,259,1,283.53000000000003,16,283.53000000000003,0.2540471907734631,0.0,0.0,0.6729446619405354,0.0,0.07300814728600147,334.56,0
16927,15,3,543.05,5,181.01666666666665,0.8153945308903415,0.0,0.12429794678206428,0.029923579780867324,0.030383942546726824,0.0,0.0,0
14957,152,1,58.49,12,58.49,0.2511540434262267,0.0,0.22226021542143956,0.3333903231321593,0.1931954180201744,0.0,0.0,0
13711,118,2,252.06,11,126.03,0.3100055542331191,0.0702213758628898,0.141632944537015,0.17424422756486552,0.2205824010156312,0.08331349678647941,0.0,0
13745,62,1,300.04,25,300.04,0.11838421543794159,0.015197973603519531,0.08832155712571657,0.08318890814558058,0.3085588588188241,0.38634848686841755,0.0,0
12428,20,8,7548.12,252,943.515,0.11673502805996726,0.0023449547701944328,0.15405822906896022,0.2323585210621983,0.2717087168725457,0.2227945501661341,408.34000000000003,1
15743,13,2,434.05,31,217.025,0.3026149061168068,0.11507890795991245,0.07326344891141573,0.16691625388780096,0.32392581499827205,0.01820066812579196,350.41,0
18245,49,6,1672.81,103,278.8016666666667,0.23275207584842272,0.08260352341270079,0.12477209007597995,0.23920827828623692,0.1346417106545274,0.18602232172213223,894.25,1
17787,52,4,1865.19,94,466.2975,0.5985931728134936,0.025734643655606133,0.08503155174539859,0.09390464242248779,0.14617813734793775,0.05055785201507622,0.0,1
15326,233,1,311.71,29,311.71,0.24718488338519778,0.044753135927625046,0.016168874915787113,0.10856244586314204,0.04234705335087101,0.5409836065573771,0.0,0
16180,27,7,8529.38,90,1218.482857142857,0.13972645139506037,0.0,0.00175862723902558,0.14830386264886783,0.6933634097671812,0.016847648949865054,0.0,1
18065,83,8,1412.15,71,176.51875,0.17898240271925786,0.037602237722621536,0.2129802074850405,0.09591757249583967,0.3891158871224728,0.08540169245476756,980.6800000000001,0
14079,24,1,375.1,12,375.1,0.0,0.0,0.6030391895494535,0.09104238869634763,0.11157024793388427,0.19434817382031458,0.0,0
16607,28,10,2267.58,94,226.75799999999998,0.15597685638433925,0.01854840843542455,0.04897732384303972,0.3726527840252604,0.1925091948244384,0.21133543248749767,1080.1299999999999,1
14779,180,3,386.15,40,128.71666666666667,0.10319823902628514,0.010876602356597178,0.06461219733264276,0.25236307134533215,0.38249384954033405,0.18645604039880875,0.0,0
13695,19,11,1385.53,30,125.95727272727272,0.2980375740691288,0.5336008603205994,0.0,0.054130910193211264,0.08495665918457197,0.029273996232488653,1118.6,0
17613,17,9,2991.29,173,332.36555555555555,0.2578653356912904,0.13965212333140553,0.07241023103744539,0.08813588786109003,0.40033229810549964,0.041604123973269055,1567.8600000000001,1
12820,226,1,170.46,11,170.46,0.48609644491376275,0.20767335445265753,0.0,0.0,0.30623020063357975,0.0,771.88,0
17582,136,1,175.27,28,175.27,0.6200718890854111,0.0,0.02150967079363268,0.08073258401323671,0.25115536030124946,0.026530495806470017,0.0,0
13078,6,15,6917.150000000001,81,461.1433333333334,0.2243207101190519,0.07290574875490628,0.4232610251331835,0.10512422023521248,0.1537439552416819,0.020644340515963946,5710.79,1
16038,77,2,393.33,23,196.665,0.2795362672565022,0.24007830574835382,0.0709328045152925,0.05186484631225688,0.3575877761675946,0.0,78.45,0
13611,70,2,636.72,31,318.36,0.1706244503078276,0.09941575574820959,0.08528081417263475,0.1680487498429451,0.15294006784771957,0.3236901620806634,535.08,0
14023,150,1,273.14,16,273.14,0.2324082887896317,0.0,0.0,0.10873544702350445,0.6588562641868639,0.0,310.93,0
14082,264,1,182.25,28,182.25,0.1692729766803841,0.0,0.06474622770919068,0.2255144032921811,0.5130315500685871,0.027434842249657063,0.0,0
17874,85,6,683.46,37,113.91000000000001,0.1180025166066778,0.0,0.24741755186843412,0.2788019781699002,0.3383665466889065,0.01741140666608141,0.0,0
16333,23,17,14369.2,8,845.2470588235294,0.4570442334994293,0.0,0.0,0.15140717646076332,0.39154859003980735,0.0,12257.6,1
12888,114,2,354.12,4,177.06,0.07116231785835311,0.0,0.7602507624534057,0.0,0.16858691968824127,0.0,0.0,0
14761,234,1,97.5,7,97.5,0.2553846153846154,0.0,0.48615384615384616,0.0,0.25846153846153846,0.0,158.4,0
15373,15,9,1686.9,65,187.43333333333334,0.03301914754875808,0.04001422728081095,0.14600746932242575,0.5131898749184896,0.20877941786709348,0.0589898630624222,729.01,1
14256,160,2,969.0600000000001,51,484.53000000000003,0.30060058200730605,0.016407652776917837,0.11413121994510142,0.37418735682001114,0.19467318845066353,0.0,0.0,0
12922,61,1,405.38,28,405.38,0.2937984113671123,0.06926834081602448,0.0,0.0,0.24322857565740788,0.3937046721594553,0.0,0
12590,111,2,9864.26,68,4932.13,0.1357527072481869,0.14767047908307365,0.15487223572776873,0.21019316198072638,0.27920999649238765,0.07230141946785669,0.0,1
16955,84,4,518.67,18,129.6675,0.18065436597451173,0.0,0.0,0.5191547612161875,0.12609173462895484,0.1740991381803459,0.0,0
14290,261,1,777.5600000000001,23,777.5600000000001,0.3060342610216575,0.3271773239364165,0.11349606461237717,0.14043932301044293,0.041861721281958954,0.07099130613714696,1537.0900000000001,0
13833,59,1,384.8,28,384.8,0.42632536382536385,0.0,0.1652806652806653,0.12707900207900208,0.2813149688149688,0.0,0.0,0
14046,184,1,154.99,14,154.99,0.48157945673914443,0.0,0.0,0.03387315310665204,0.48454739015420345,0.0,0.0,0
17217,134,1,113.5,9,113.5,0.0,0.0,0.20792951541850221,0.0,0.6511013215859032,0.14096916299559473,0.0,0
16253,155,1,1700.4,53,1700.4,0.13852034815337566,0.061397318278052226,0.1480592801693719,0.0,0.2934721242060691,0.358550929193131,1983.46,1
13501,187,1,1340.32,52,1340.32,0.2616315506744658,0.15520174286737498,0.14011579324340456,0.14614420436910588,0.22863942938999643,0.06826727945565239,0.0,0
14108,1,1,291.33,16,291.33,0.07723200494284832,0.01606425702811245,0.06919987642879209,0.35835650293481625,0.26495726495726496,0.214190093708166,306.58,0
16960,152,1,201.53,45,201.53,0.17640053590036223,0.02768818538182901,0.1560561702972262,0.3106237284771498,0.22676524586910138,0.10246613407433137,305.52,0
17338,14,7,5207.02,320,743.86,0.3056162641971799,0.07694036128150074,0.10148991169613329,0.2374678799005957,0.23055221604679835,0.0479333668777919,1436.91,1
17616,73,3,571.1999999999999,1,190.39999999999998,0.0,1.0,0.0,0.0,0.0,0.0,0.0,0
15669,3,3,565.54,29,188.51333333333332,0.0952717756480532,0.23588075114050291,0.058351310252148396,0.2579481557449518,0.20295646638610887,0.14959154082823495,118.8,0
17920,5,9,2406.82,229,267.4244444444445,0.12506128418411014,0.02794974281416973,0.05380128135880538,0.2803242452696919,0.42827880772139165,0.08458463865183104,1797.28,1
14461,48,3,2103.06,173,701.02,0.20848192633591053,0.014859300257719704,0.07619373674550417,0.32287238595189865,0.3388158207564216,0.03877682995254534,0.0,1
15862,12,3,659.73,98,219.91,0.17773937823048824,0.16347596744122597,0.3043517802737483,0.05647764994770588,0.24311460749094324,0.054840616615888314,173.15,0
12381,19,1,1268.74,62,1268.74,0.14518341031259357,0.09596922931412266,0.042010183331494234,0.1935699985812696,0.2391270078975992,0.2841401705629207,576.57,0
17900,90,2,112.19999999999999,4,56.099999999999994,0.0,0.0,0.4010695187165776,0.0,0.13368983957219252,0.46524064171123,0.0,0
16327,99,4,2469.64,119,617.41,0.29964286292739023,0.09638246869989149,0.03326395749987853,0.23450786349427447,0.28429244748222415,0.05191039989634118,1374.58,1
16440,114,1,272.46,35,272.46,0.3080085150113778,0.0030830213609337152,0.023856712911987082,0.19250532188211117,0.4292373192395214,0.04330910959406886,3368.21,0
16882,139,2,215.70000000000002,15,107.85000000000001,0.35326842837274,0.12563745943439963,0.1842837273991655,0.12471024571163651,0.0,0.2121001390820584,489.41999999999996,0
13884,177,3,196.25,10,65.41666666666667,0.46777070063694276,0.18038216560509557,0.07796178343949044,0.07643312101910828,0.19745222929936307,0.0,591.35,0
17686,20,5,4589.35,174,917.8700000000001,0.18855175569525096,0.05704947323695076,0.18460566311133383,0.12706810332617907,0.4070467495396951,0.03567825509059017,1150.1100000000001,1
14000,111,1,635.66,15,635.66,0.0,0.27939464493597205,0.0,0.28883365321083604,0.18541358587924364,0.24635811597394838,0.0,0
18120,114,1,111.15,17,111.15,0.17363922627080522,0.0,0.4327485380116958,0.09671614934772829,0.2591093117408907,0.037786774628879895,0.0,0
18229,10,13,4864.06,58,374.15846153846155,0.061405492530930944,0.0209701360591769,0.33763152592690054,0.22501367170635228,0.3472819003055061,0.007697273471133167,2412.84,1
13003,5,3,149.05,4,49.68333333333334,0.0,0.0,0.0,0.2955384099295538,0.7044615900704461,0.0,0.0,0
17589,51,3,1843.07,124,614.3566666666667,0.18448024220458256,0.003580981731567439,0.01673295100023331,0.23788027584410795,0.4155512270288161,0.14177432219069272,561.1,1
17314,48,5,1506.92,57,301.384,0.2695630823135933,0.07955299551402861,0.023690706872295804,0.038820906219308254,0.5527367079871526,0.035635601093621426,1021.0,0
16690,101,1,86.5,5,86.5,0.0,0.17341040462427745,0.0,0.7121387283236994,0.0,0.11445086705202312,139.07999999999998,0
16458,6,11,2151.5,43,195.5909090909091,0.15997211247966536,0.05621659307459913,0.050383453404601444,0.2121031838252382,0.5130978387171741,0.008226818498721823,1331.24,1
13995,15,3,871.9,39,290.6333333333333,0.23706847115494895,0.0,0.16905608441335016,0.0647436632641358,0.4137515770157128,0.1153802041518523,521.79,0
17451,5,1,346.01,23,346.01,0.41741568162769865,0.0,0.0,0.04566342013236612,0.20548539059564752,0.33143550764428775,1375.39,0
18138,195,1,152.65,8,152.65,0.06485424172944644,0.0982640026203734,0.5935145758270554,0.0,0.24336717982312478,0.0,0.0,0
14680,21,13,24196.4,70,1861.2615384615385,0.1958522755451224,0.10315584136483112,0.0013431750177712385,0.3269345853102114,0.3727141227620638,0.0,4557.71,1
15768,15,3,621.8299999999999,23,207.27666666666664,0.023881125066336464,0.0,0.11530482607786696,0.4634707235096409,0.2501969991798402,0.14714632616631557,0.0,0
13994,5,2,419.56,18,209.78,0.4384593383544666,0.07793879302126037,0.05624940413766804,0.13633330155400897,0.22809610067689962,0.06292306225569644,1893.5800000000002,0
13311,50,1,490.11,24,490.11,0.42400685560384405,0.02652465772989737,0.010283405766052519,0.0,0.41184632021382955,0.1273387606863765,108.46000000000001,0
15624,16,4,588.13,26,147.0325,0.38722731368915037,0.12038154829714522,0.0846751568530767,0.03611446448914356,0.331814394776665,0.03978712189481917,0.0,0
17128,234,1,157.09,14,157.09,0.11267426316124517,0.11267426316124517,0.34247883378954735,0.16232732828314977,0.06454898465847604,0.20529632694633648,0.0,0
15228,29,3,2224.03,83,741.3433333333334,0.20412044801553933,0.018165222591421875,0.03898328709594744,0.2626043713439117,0.3757683124777993,0.10035835847538026,1162.68,1
16525,17,20,9998.55,67,499.92749999999995,0.19342304634171956,0.1787299158377965,0.3787549194633222,0.1029089217936601,0.08636652314585615,0.059816673417645565,3028.9,1
15503,262,1,147.09,66,147.09,0.17030389557413828,0.04691005506832552,0.08770140730165205,0.37086137738799374,0.2032089197090217,0.12101434495886872,0.0,0
14854,33,6,2301.63,95,383.605,0.18572924405747232,0.022809921664211884,0.017361608946702984,0.10270981869370836,0.300782488931757,0.37060691770614734,458.2,1
17646,119,3,1008.39,46,336.13,0.07645851307529826,0.029750394192723056,0.0963912771844227,0.507779728081397,0.16228840032130426,0.12733168714485468,0.0,0
14130,219,1,483.86,66,483.86,0.11964204521969164,0.0,0.11718265614020584,0.45467697267804735,0.09537882858678129,0.21311949737527383,0.0,0
15754,146,1,91.8,6,91.8,0.1895424836601307,0.0,0.16339869281045752,0.0,0.6470588235294118,0.0,366.77,0
17374,118,2,495.77,24,247.885,0.08748008148940034,0.0,0.7660810456461666,0.04013958085402505,0.10629929201040807,0.0,0.0,0
12557,58,4,9000.960000000001,15,2250.2400000000002,0.04616174274744027,0.0,0.0,0.8047985992605232,0.1490396579920364,0.0,2990.0,1
16466,3,5,1002.1800000000001,68,200.436,0.38310483146740104,0.22508930531441457,0.029535612365044202,0.28504859406493843,0.06689417070785686,0.010327486080344847,601.28,0
14701,72,7,1958.28,188,279.7542857142857,0.24149253426476297,0.04309904610168107,0.09727413852973017,0.1401638172273628,0.39182343689360055,0.08614702698286252,591.09,1
12948,5,4,1423.96,64,355.99,0.13892244164161913,0.0,0.05267001882075339,0.06650467709767129,0.6114076238096575,0.1304952386302986,640.99,0
13798,7,41,28066.24,95,684.5424390243903,0.291823201112796,0.0928987994116775,0.132083955670585,0.2562281231828702,0.20905971017136604,0.017906210450705187,9087.61,1
15222,218,1,585.0,5,585.0,0.4700854700854701,0.0,0.0,0.0,0.5299145299145299,0.0,0.0,0
14076,29,1,122.47,43,122.47,0.2158896056177023,0.0542990120029395,0.0,0.22185024904058137,0.3021148036253776,0.2058463297133992,0.0,0
16226,103,3,255.12,6,85.04,0.5296331138287864,0.11759172154280338,0.0,0.35277516462841013,0.0,0.0,0.0,0
12963,265,1,365.8,16,365.8,0.2689994532531438,0.0,0.33460907599781303,0.1273920174958994,0.2689994532531438,0.0,1490.83,0
12930,71,1,221.56,14,221.56,0.38608051994944936,0.1278209063007763,0.0,0.30736595053258714,0.17873262321718722,0.0,194.24,0
17675,1,23,14074.19,179,611.9213043478261,0.32317099598626986,0.09701446406507229,0.18006720102542315,0.11753784764878121,0.2484526640609513,0.033756827213502164,6300.09,1
17580,152,3,215.72,43,71.90666666666667,0.5850176154274059,0.03893936584461339,0.019701464861857965,0.02735026886704988,0.3134618950491378,0.015529389949935099,0.0,0
13588,20,3,1075.62,80,358.53999999999996,0.1559100797679478,0.0,0.03480783176214648,0.04462542533608524,0.28260909986798316,0.4820475632658374,1403.33,0
16775,22,8,1174.55,65,146.81875,0.32399642416244523,0.04154782682729557,0.20280107275126644,0.23970882465625135,0.17470520624920183,0.017240645353539655,521.11,0
12359,89,3,3495.73,135,1165.2433333333333,0.10102896962866126,0.0,0.1033832704470883,0.3254398938133094,0.4156099012223484,0.05453796488859266,2876.85,1
17109,132,2,464.59000000000003,52,232.29500000000002,0.37738651283927765,0.019264297552680856,0.03422372414386879,0.0454163886437504,0.2550851288232635,0.2686239479971588,420.45,0
16105,148,1,336.96,13,336.96,0.09081196581196582,0.0,0.0,0.6652421652421654,0.1193019943019943,0.12464387464387465,0.0,0
15584,62,1,154.65,35,154.65,0.19786614936954414,0.03297769156159069,0.21694148076301323,0.06550274814096346,0.4867119301648884,0.0,570.46,0
13737,100,1,339.59999999999997,29,339.59999999999997,0.43751472320376916,0.0,0.12853356890459366,0.14281507656065962,0.2402826855123675,0.050853945818610136,0.0,0
17817,176,2,269.7,12,134.85,0.02335928809788654,0.04671857619577309,0.03151649981460883,0.014645902855024102,0.8698553948832036,0.013904338153503894,117.97999999999999,0
12494,61,5,868.86,42,173.772,0.34906659300692866,0.10402136132403378,0.020601707985175976,0.24756577584420963,0.12267799185139149,0.15606656998826046,377.24,0
12561,202,1,238.85,16,238.85,0.042704626334519574,0.0,0.29642034749843,0.0,0.44232782080803856,0.21854720535901195,0.0,0
16765,194,1,34.0,1,34.0,0.0,0.0,0.0,0.0,1.0,0.0,0.0,0
18099,27,1,168.31,19,168.31,0.06957400035648505,0.0,0.10712375972907136,0.2101479412987939,0.6131542986156496,0.0,0.0,0
16369,96,1,354.45,15,354.45,0.2251375370292002,0.0,0.2556072788827761,0.21695584708703627,0.19988714910424604,0.10241218789674142,1199.21,0
15705,101,1,143.1,6,143.1,0.0,0.41928721174004197,0.4444444444444445,0.0,0.13626834381551364,0.0,0.0,0
16671,64,1,1382.88,3,1382.88,0.0,0.0,0.0,0.0,0.18917042693509198,0.8108295730649079,309.39,0
17068,10,15,3281.4900000000002,89,218.76600000000002,0.18302661291059855,0.0,0.0253238620260918,0.22546160433217835,0.5511673050961605,0.0150206156349707,1270.65,1
15759,118,3,253.04,5,84.34666666666666,0.0,0.0,0.0,0.0,0.9800822004426178,0.019917799557382234,0.0,0
16586,148,1,463.95,8,463.95,0.5496281926931782,0.0,0.17070805043646944,0.0,0.20206918849013902,0.07759456838021339,0.0,0
15644,66,4,813.0,166,203.25,0.1653751537515375,0.02145141451414514,0.10858548585485855,0.2336039360393604,0.3852767527675277,0.08570725707257074,0.0,0
15247,22,1,356.0,6,356.0,0.2292134831460674,0.6730337078651685,0.0,0.0,0.0,0.09775280898876404,0.0,0
13226,173,1,108.21000000000001,16,108.21000000000001,0.385916273911838,0.3091211533130025,0.09195083633675259,0.0,0.17789483411884296,0.03511690231956381,0.0,0
15628,28,4,1313.55,53,328.3875,0.22035704769517722,0.14205778234555216,0.1112253054699098,0.2530699250123711,0.1650336873358456,0.10825625214114422,1556.69,0
16332,30,3,659.27,43,219.75666666666666,0.21743746871539732,0.08186327301409134,0.1581294462056517,0.11468745733917818,0.3919790070835925,0.035903347642088974,933.93,0
14576,271,1,35.400000000000006,1,35.400000000000006,0.0,0.0,1.0,0.0,0.0,0.0,0.0,0
14022,125,1,440.0,28,440.0,0.3317727272727273,0.08045454545454547,0.0,0.03409090909090909,0.3046363636363636,0.24904545454545454,0.0,0
14312,86,4,854.59,42,213.6475,0.40483740741174135,0.2602651563907839,0.17879919025497606,0.07898524438619689,0.05862460361108836,0.018488397945213494,757.0,0
16255,31,6,1797.75,122,299.625,0.29492421081907944,0.04717007370324016,0.10836879432624115,0.19655124461131973,0.2749993046864136,0.07798637185370602,822.16,1
13062,91,1,346.98,11,346.98,0.2939650700328549,0.0,0.04582396679923915,0.048994178338809154,0.46077583722404747,0.15044094760504925,0.0,0
13972,101,1,145.9,9,145.9,0.49965729952021937,0.0,0.10897875257025359,0.0,0.18163125428375598,0.20973269362577104,44.349999999999994,0
17095,199,2,543.96,33,271.98,0.2459004338554305,0.10975071696448269,0.18468269725715122,0.11765570997867489,0.33274505478343996,0.009265387160820648,780.1999999999999,0
13158,19,3,868.17,47,289.39,0.16828501330384601,0.011472407477798126,0.1071218770517295,0.21137565223400948,0.41017312277549334,0.0915719271571236,332.89,0
15952,59,2,327.8,25,163.9,0.4740695546064674,0.18898718730933498,0.016778523489932886,0.08251982916412447,0.18364856619890177,0.05399633923123857,478.77,0
16714,118,3,1161.53,77,387.1766666666667,0.34479522698509724,0.060179246338880624,0.06413954008936489,0.25763432713748247,0.14389641249042212,0.1293552469587527,0.0,0
15311,12,63,45131.27,466,716.369365079365,0.11594200650679673,0.05409087756670708,0.10714943319786925,0.24059083646438492,0.42916252966069873,0.0530643166035434,15636.63,1
16877,52,2,188.98,46,94.49,0.28209334321092183,0.0,0.23801460472007624,0.07910890041274209,0.3126785903270188,0.08810456132924119,664.74,0
14931,106,2,586.0,10,293.0,0.16757679180887372,0.06757679180887373,0.06791808873720136,0.07679180887372014,0.620136518771331,0.0,671.6800000000001,0
14460,10,3,434.34,14,144.78,0.06216328222130129,0.0,0.04696781323387208,0.0,0.3359580052493438,0.5549108992954828,0.0,0
15262,223,1,178.95000000000002,10,178.95000000000002,0.49147806649902204,0.18273260687342832,0.09891031014249792,0.0,0.22687901648505168,0.0,0.0,0
18069,80,3,993.87,199,331.29,0.273164498375039,0.21566200810971253,0.07797800517170253,0.1023876362099671,0.24249650356686486,0.08831134856671395,1042.8,0
15829,40,1,325.44,26,325.44,0.2278761061946903,0.0,0.014380530973451327,0.07190265486725664,0.41002949852507375,0.27581120943952797,310.7,0
16159,181,1,348.2,14,348.2,0.7616312464101092,0.0,0.0,0.09534750143595636,0.14302125215393452,0.0,0.0,0
13781,150,1,127.84,17,127.84,0.5549123904881101,0.0,0.0,0.10090738423028786,0.34418022528160197,0.0,0.0,0
15874,77,6,2207.75,79,367.9583333333333,0.04105990261578531,0.04924923564715207,0.05625636960706602,0.31412071113124224,0.44617370626203146,0.09314007473672291,2198.13,1
18009,135,1,257.34,31,257.34,0.48010414237973115,0.0458537343592135,0.1608766612263931,0.07558094349887311,0.1397373125048574,0.09784720603093185,0.0,0
14529,10,1,135.24,49,135.24,0.37104406980183374,0.08089322685595976,0.04466134279798876,0.30479148181011534,0.044365572315882874,0.15424430641821946,484.8,0
16686,3,5,2065.52,281,413.104,0.09611623223207716,0.04050311785894109,0.13432452844804213,0.19578120763778614,0.3563509431039157,0.17692397071923777,997.31,1
17629,20,5,798.38,66,159.676,0.45523434955785463,0.01878804579273028,0.04625616874170194,0.12365039204388888,0.26481124276660234,0.09125980109722187,1015.74,0
16229,112,1,358.2,12,358.2,0.16582914572864324,0.06979341150195421,0.09212730318257957,0.16582914572864324,0.2763819095477387,0.23003908431044112,652.4,0
17526,190,3,872.8,9,290.93333333333334,0.3565536205316224,0.0,0.0,0.0866177818515124,0.5568285976168652,0.0,323.1,0
14191,8,7,2258.26,71,322.60857142857145,0.19090361605838121,0.026462851930247173,0.1018306129497932,0.12252796400768734,0.4628652148114034,0.09540974024248758,2426.5,1
15681,83,3,703.22,22,234.40666666666667,0.0,0.2702425983333807,0.0,0.17291885896305564,0.3287733568442308,0.22806518585933278,722.94,0
13417,105,1,236.0,10,236.0,0.0,0.09745762711864407,0.6483050847457628,0.0,0.0,0.2542372881355932,404.83,0
14653,238,1,344.81,29,344.81,0.3020794060497085,0.10150517676401496,0.13964212174820914,0.03320669354137061,0.1650184159392129,0.25854818595748386,1602.74,0
18061,7,8,1793.51,18,224.18875,0.0626927087108519,0.12819554950906323,0.2925548226661686,0.31188005642566813,0.20186673060088878,0.002810132087359424,325.9,1
16136,177,1,159.3,8,159.3,0.4664155681104834,0.0,0.1249215317011927,0.40866290018832385,0.0,0.0,550.08,0
17204,75,4,1564.56,44,391.14,0.25419926369075013,0.0,0.03815769289768369,0.1974037429053536,0.24140972541800892,0.2688295750882037,0.0,0
15456,183,3,447.22,48,149.07333333333335,0.4317338222798623,0.1078887348508564,0.011403783372836634,0.06652206967488036,0.3132239166405795,0.06922767318098474,0.0,0
18189,167,1,633.1,40,633.1,0.2333754541146738,0.05591533722950561,0.126994155741589,0.15479387142631496,0.33241194124151,0.09650924024640657,457.14,0
12564,161,1,456.9,21,456.9,0.1474064346684176,0.0,0.0,0.12147078135259357,0.612934996717006,0.11818778726198294,0.0,0
12464,6,6,780.55,6,130.09166666666667,0.0,0.0,0.0,0.11978732944718469,0.6688232656460188,0.2113894049067965,431.5,0
15990,187,1,401.37,23,401.37,0.11435832274459974,0.028402720681665293,0.11859381617958492,0.16543339063706805,0.39402546278994444,0.17918628696713756,390.74,0
13615,218,1,417.69,23,417.69,0.5683401565754508,0.0,0.0761330173094879,0.07218271924154276,0.17489046900811608,0.10845363786540256,0.0,0
14646,5,40,176355.94,492,4408.8985,0.20141572776057332,0.04165014232012826,0.04087302077831912,0.21315221931282838,0.4294013005742818,0.07350758925386919,103850.08,1
15620,120,2,875.01,59,437.505,0.10493594358921611,0.0782276773979726,0.15474108867327227,0.2893681215071828,0.27741397241174387,0.09531319642061234,678.17,0
18133,112,1,931.4999999999999,1,931.4999999999999,0.0,0.0,0.0,1.0,0.0,0.0,0.0,0
17490,76,1,305.2,18,305.2,0.05406290956749672,0.033420707732634336,0.0982961992136304,0.6341743119266056,0.1466251638269987,0.033420707732634336,1787.12,0
18179,152,4,1103.16,54,275.79,0.1674281155951992,0.04133579897748287,0.027466550636353743,0.285452699517749,0.3099822328583342,0.16833460241488085,690.01,0
14740,96,3,1448.21,85,482.7366666666667,0.08797066723748628,0.04250764737158285,0.10191892059853197,0.21274538913555355,0.2604249383721974,0.2944324372846479,0.0,0
15625,3,4,1534.26,44,383.565,0.11213875092878653,0.08486175745962223,0.012905244221970199,0.26328653552852843,0.44781197450236593,0.07899573735872667,0.0,0
14655,122,1,810.56,14,810.56,0.08019147256217923,0.02635215159889459,0.0,0.1283063560994868,0.73998223450454,0.025167785234899327,1121.67,0
18018,7,2,122.14,29,61.07,0.2636318978221712,0.04830522351400033,0.0,0.12649418699852627,0.5271819223841493,0.03438676928115278,0.0,0
16637,23,2,530.55,29,265.275,0.37732541702007355,0.0,0.0695504664970314,0.11365564037319764,0.32072377721232687,0.11874469889737066,623.92,0
12989,57,8,4469.14,14,558.6425,0.47445369802691345,0.0,0.2971175662431698,0.056695471611987985,0.17173326411792872,0.0,2454.9700000000003,1
15719,26,10,3553.5,252,355.35,0.2023244688335444,0.061629379485014776,0.09607147882369495,0.1850766849584916,0.3894273251723653,0.06547066272688898,1492.1100000000001,1
12909,101,3,1528.37,55,509.45666666666665,0.14911965034644753,0.0074589268305449595,0.05015801147627865,0.2963483973121692,0.44383886100878717,0.05307615302577255,650.3,0
16788,23,2,597.48,138,298.74,0.2890975430139921,0.11640557006092253,0.0364531030327375,0.22792394724509607,0.27125594162147687,0.05886389502577492,0.0,0
16885,257,1,190.65,27,190.65,0.07684238132703908,0.0,0.16417519013899817,0.19538421190663519,0.5635982166273276,0.0,280.86,0
15164,108,2,368.18,52,184.09,0.5336520180346569,0.06342006627193221,0.04413602042479222,0.1238524634689554,0.22597642457493616,0.008963007224727036,474.87,0
14309,68,6,1310.02,57,218.33666666666667,0.11988366589823057,0.24988931466695166,0.009618173768339415,0.2877818659257111,0.22856902948046595,0.10425795026030138,1042.51,0
17935,38,2,145.79,28,72.895,0.005693120241443171,0.0,0.0,0.07421633856917485,0.8158309897798203,0.1042595514095617,0.0,0
15789,258,1,351.3,25,351.3,0.10162254483347564,0.0,0.10646171363506973,0.3503558212354113,0.38861372046683745,0.05294619982920581,0.0,0
16808,173,1,166.5,19,166.5,0.23903903903903903,0.0,0.0,0.22792792792792793,0.30060060060060056,0.23243243243243245,121.92,0
17345,96,2,128.33,19,64.165,0.0,0.2992285513909452,0.05844307644354398,0.009818436842515389,0.3379568300475337,0.2945531052754617,409.40999999999997,0
14693,164,1,172.9,8,172.9,0.09687680740312318,0.10989010989010989,0.055812608444187395,0.0,0.7374204742625795,0.0,0.0,0
12876,96,1,726.43,34,726.43,0.10131740153903337,0.027256583566207342,0.0,0.23587957545806204,0.37388323720110683,0.2616632022355905,1491.59,0
15192,19,3,1044.32,36,348.1066666666666,0.1788915275011491,0.05412134211735866,0.03811092385475716,0.15083499310556153,0.3352420713957408,0.24279914202543282,0.0,0
17173,16,2,961.26,13,480.63,0.13669558704200735,0.07365333000436927,0.0,0.7525123275700644,0.0,0.03713875538355908,2805.34,0
16009,59,1,462.19,55,462.19,0.29760488110950045,0.013500941171379736,0.04392133105432831,0.10471883857288129,0.25627988489582204,0.28397412319608817,530.52,0
16283,20,3,586.35,59,195.45000000000002,0.15473693186663254,0.02307495523151701,0.3005031124754839,0.11332821693527756,0.16483329069668284,0.24352349279440605,984.46,0
15267,55,2,1407.76,7,703.88,0.19037335909530034,0.17900778541796897,0.0,0.3912598738421322,0.10638176961982156,0.13297721202477694,309.6,0
15786,14,1,3160.84,165,3160.84,0.2535401981751686,0.0427734399716531,0.07999139469255007,0.1855804153326331,0.2896729983169031,0.14844155351109198,1771.36,1
12766,49,5,4952.1900000000005,161,990.4380000000001,0.19298330637556313,0.015144814718336735,0.06950864163127828,0.3153069652012544,0.22588390186967783,0.18117237020388957,2037.44,1
16985,57,7,3578.54,50,511.21999999999997,0.2634146886719165,0.20522335924706722,0.34505692265560817,0.06606046041122916,0.07354954813974414,0.04669502087443483,1885.58,1
15967,218,1,173.8,32,173.8,0.22266973532796316,0.0,0.07278481012658228,0.23906789413118523,0.3630609896432681,0.10241657077100115,245.03,0
13551,219,1,91.80000000000001,4,91.80000000000001,0.0,0.0,0.0,0.0,1.0,0.0,0.0,0
13933,9,2,608.7900000000001,23,304.39500000000004,0.30823436653033065,0.0,0.11087567141378799,0.4099935938500961,0.14231508401911988,0.02858128418666535,0.0,0
16450,49,1,311.92,11,311.92,0.40253911259297254,0.2269812772505771,0.0,0.0,0.37047961015645037,0.0,0.0,0
15935,139,2,416.86,12,208.43,0.07388571702729933,0.0,0.012090390059012617,0.07196660749412273,0.7816053351245021,0.06045195029506309,0.0,0
12576,49,3,660.85,42,220.28333333333333,0.38178103957025045,0.03450102141181811,0.06083074827873194,0.31119013391843836,0.1310433532571688,0.08065370356359233,654.98,0
15734,14,2,1339.45,25,669.725,0.5294710515510097,0.0,0.18858486692299076,0.23714957631863826,0.03695546679607301,0.007839038411288215,0.0,0
15574,77,4,702.25,131,175.5625,0.12692061231755072,0.05582057671769313,0.07955856176575293,0.11413314346742613,0.46627269490922035,0.15729441082235673,0.0,0
15116,34,2,790.97,20,395.485,0.09155846618708674,0.0,0.024653273828337357,0.8268960896114896,0.03792811358205747,0.018964056791028736,561.7800000000001,0
12875,43,2,343.2300000000001,1,171.61500000000004,1.0,0.0,0.0,0.0,0.0,0.0,0.0,0
13492,36,3,1269.84,38,423.28,0.15167265167265168,0.0,0.5320355320355321,0.17091917091917094,0.14537264537264538,0.0,0.0,0
16139,12,2,306.37,13,153.185,0.048470803277083266,0.0,0.06658615399680125,0.3081894441361752,0.5767535985899402,0.0,329.04,0
16926,271,1,230.25,14,230.25,0.10228013029315962,0.0,0.34527687296416937,0.4859934853420196,0.06644951140065147,0.0,0.0,0
13301,3,4,618.09,75,154.5225,0.5492080441359672,0.09126502612888089,0.07102525522173146,0.04303580384733615,0.13654969341034476,0.10891617725573943,0.0,0
16225,49,4,953.64,108,238.41,0.4181556981670232,0.08215888595277043,0.08204353844217945,0.15222725556813893,0.20886288326831928,0.05655173860156872,142.68,0
12527,194,2,284.92,15,142.46,0.17050400112312225,0.44222939772567743,0.0,0.029832935560859187,0.15232345921662221,0.20511020637371893,63.790000000000006,0
13249,161,1,291.84000000000003,2,291.84000000000003,0.0,0.0,0.0,0.0,1.0,0.0,419.57000000000005,0
12710,61,2,790.36,47,395.18,0.20503314945088316,0.0,0.0,0.18972367022622605,0.35624272483425273,0.2490004554886381,358.66,0
13614,64,2,794.98,82,397.49,0.1983949281742937,0.0,0.14314825530202016,0.21327580568064605,0.39114191551988725,0.054039095323152785,815.48,0
17134,6,2,425.0,21,212.5,0.3016470588235294,0.07694117647058824,0.4815294117647059,0.0,0.112,0.027882352941176473,0.0,0
17430,265,1,112.6,5,112.6,0.15452930728241562,0.3463587921847247,0.21136767317939611,0.14920071047957373,0.0,0.13854351687388988,153.16,0
14859,104,1,296.86,11,296.86,0.0,0.06791079970356395,0.0,0.14013339621370344,0.6545172808731389,0.13743852320959374,1056.88,0
16583,273,1,233.45,14,233.45,0.21460698222317415,0.0,0.0,0.1934032983508246,0.527736131934033,0.0642535874919683,0.0,0
16942,36,7,1449.14,115,207.02,0.27817878189822925,0.04923609865161405,0.12842099452088823,0.14403715307009674,0.3674938239231544,0.03263314793601722,471.45,0
17070,14,1,312.14,62,312.14,0.25325174601140515,0.053341449349650794,0.17130133914269238,0.25648747356955215,0.13961683859806498,0.1260011533286346,0.0,0
14903,24,4,2411.82,195,602.955,0.3498727102354239,0.1415528522029007,0.14329842193861897,0.119921884717765,0.2146304450580889,0.030723685847202524,398.81,1
17696,8,7,1915.5900000000001,71,273.6557142857143,0.32737694391806177,0.0369598922525175,0.06619370533360479,0.1504079683021941,0.3110843134491201,0.10797717674450169,370.12,1
13827,33,2,300.76,59,150.38,0.25265992818193905,0.1113844926186993,0.24102274238595556,0.19334352972469743,0.2015893070887086,0.0,111.29,0
12665,224,1,63.0,3,63.0,0.23809523809523808,0.0,0.0,0.0,0.47619047619047616,0.2857142857142857,0.0,0
14915,177,1,142.28,8,142.28,0.820775934776497,0.0,0.0,0.0,0.17922406522350295,0.0,165.20000000000002,0
14013,10,3,473.02,30,157.67333333333332,0.16172677688047019,0.0,0.021563570250729355,0.08337913830282018,0.711766944315251,0.021563570250729355,0.0,0
15921,72,1,336.03000000000003,24,336.03000000000003,0.17828765288813497,0.02231943576466387,0.19462547986786893,0.2633991012707198,0.09996131297800792,0.2414070172306044,0.0,0
15208,63,2,323.52,16,161.76,0.05471068249258161,0.0,0.12302176063303659,0.2266320474777448,0.25037091988130566,0.3452645895153314,546.6,0
12539,162,3,4517.69,125,1505.8966666666665,0.24448335321812698,0.00876554168170016,0.07936356854941354,0.24240264382903656,0.3667471650334574,0.058237727688265475,1050.66,1
13482,132,1,184.64,11,184.64,0.17547660311958407,0.10983535528596189,0.08123916811091855,0.17710138648180246,0.25216637781629114,0.20418110918544197,0.0,0
15653,15,1,48.0,4,48.0,1.0,0.0,0.0,0.0,0.0,0.0,829.4399999999999,0
12350,210,1,334.4,17,334.4,0.20275119617224885,0.05921052631578947,0.0,0.11692583732057416,0.5014952153110048,0.11961722488038279,0.0,0
12461,54,1,626.88,34,626.88,0.10938297600816742,0.0,0.4798047473200613,0.03627488514548239,0.30036051556916793,0.07417687595712098,200.0,0
15424,154,2,383.34,17,191.67,0.11754578181249023,0.0,0.030521208326811707,0.17843167944905308,0.4903740804507748,0.18312724996087026,0.0,0
13139,9,3,1710.94,39,570.3133333333334,0.07241633254234514,0.0,0.3261365097548716,0.11458028919775096,0.4868668685050323,0.0,3354.0,1
12353,103,1,89.0,4,89.0,0.0,0.0,0.0,0.19887640449438204,0.801123595505618,0.0,0.0,0
14525,19,6,2701.5,158,450.25,0.36938367573570235,0.2594299463261151,0.11240792152507867,0.07254488247270034,0.1589524338330557,0.027281140107347772,1406.06,1
13967,45,1,80.7,2,80.7,0.0,0.5576208178438662,0.0,0.0,0.44237918215613387,0.0,0.0,0
12716,33,1,677.9,45,677.9,0.30771500221271575,0.0,0.058120666765009585,0.20277327039386342,0.2314500663814722,0.19994099424693912,375.59000000000003,0
14221,12,7,2617.0099999999998,91,373.8585714285714,0.5246177890034811,0.06763443777440668,0.043316609413032434,0.05173461316540633,0.27752664300098207,0.03516990764269147,815.79,1
12734,252,1,110.39999999999999,4,110.39999999999999,0.15217391304347827,0.0,0.0,0.8478260869565217,0.0,0.0,0.0,0
18008,103,7,2065.41,22,295.0585714285714,0.018228826237889816,0.0,0.009634890893333527,0.3870417979965237,0.5808096213342631,0.004284863537990037,50.78,1
14393,117,1,67.95,5,67.95,0.0,0.0,0.0,0.0,0.0,1.0,0.0,0
17331,23,1,175.2,1,175.2,0.0,0.0,0.0,0.0,1.0,0.0,0.0,0
16756,114,1,239.4,13,239.4,0.3433583959899749,0.15225563909774437,0.06390977443609022,0.3339598997493735,0.10651629072681704,0.0,0.0,0
15042,99,1,135.93,5,135.93,1.0,0.0,0.0,0.0,0.0,0.0,0.0,0
15165,273,1,487.75,27,487.75,0.171604305484367,0.03628908252178371,0.17293695540748333,0.2194771911840082,0.33869810353664787,0.06099436186570989,0.0,0
17864,175,1,208.41,29,208.41,0.06189722182236937,0.0,0.24183100618972217,0.12739311933208577,0.25421045055419605,0.3146682021016266,389.09000000000003,0
18237,19,2,566.59,31,283.295,0.2627296634250516,0.0,0.11503909352441802,0.15831553680792107,0.4360295804726521,0.027886125769957113,420.51,0
17965,34,10,1893.98,192,189.398,0.19530829259020685,0.05480522497597652,0.2843641432327691,0.1496161522296962,0.17391947116653816,0.14198671580481315,728.59,1
17388,31,3,953.0300000000001,12,317.6766666666667,0.07518126396860539,0.04688204988300473,0.0,0.8272562248827424,0.05068046126564745,0.0,306.53000000000003,0
15861,34,3,1130.0,174,376.6666666666667,0.2705929203539823,0.015663716814159293,0.05469026548672566,0.13765486725663717,0.2743539823008849,0.24704424778761064,2035.36,0
16983,80,4,885.22,54,221.305,0.17333544203700774,0.008811368925238924,0.280608210388378,0.10691127629289895,0.31195634983393955,0.11837735252253677,1046.03,0
16558,21,13,4362.4,158,335.5692307692307,0.3386117733357785,0.039514945901338715,0.0884421419402164,0.27506189253621866,0.15383962956170916,0.10452961672473869,3976.09,1
15838,8,12,14153.5,51,1179.4583333333333,0.16011728547709045,0.0,0.013184018087398879,0.4636012293778924,0.28793584625710955,0.0751616208005087,19489.58,1
15438,31,1,156.57999999999998,25,156.57999999999998,0.3119810959254055,0.01628560480265679,0.12664452675948398,0.2765359560607996,0.12070507089027974,0.1478477455613744,0.0,0
14631,135,2,630.08,24,315.04,0.016188420518029455,0.0,0.21616302691721684,0.20140299644489587,0.3705561198577958,0.19568943626206195,376.90000000000003,0
15063,113,1,370.79999999999995,5,370.79999999999995,0.7707659115426106,0.0,0.0,0.053667745415318234,0.06877022653721683,0.10679611650485436,0.0,0
13435,10,3,1088.1200000000001,31,362.7066666666667,0.08439326544866374,0.23106826452964746,0.2636198213432342,0.33078153144873723,0.0763243024666397,0.013812814763077599,2721.77,0
17722,89,3,2100.88,93,700.2933333333334,0.1451391797722859,0.03769848825254179,0.04855108335554625,0.19396633791554013,0.43485586992117586,0.13978904078291002,323.16,1
14978,135,4,1537.28,120,384.32,0.286623126561199,0.0395503746877602,0.38470545378850957,0.13505021856786012,0.10173813488759367,0.052332691507077436,394.14,0
12523,7,7,1017.75,49,145.39285714285714,0.17659543109801032,0.0,0.03546057479734709,0.311078359125522,0.19270940800786046,0.28415622697126014,772.02,0
16393,42,8,1506.63,94,188.32875,0.20571739577733084,0.016580049514479334,0.03328620829267969,0.18257302721968896,0.5234596417169444,0.03838367747887669,1539.58,0
16812,260,1,479.35,15,479.35,0.31177636382601437,0.0,0.0,0.2678627307812663,0.4203609053927193,0.0,0.0,0
14407,7,6,2157.73,67,359.62166666666667,0.2633647397959893,0.03540758111533881,0.014153763445843548,0.2540911050038698,0.32399327070578804,0.1089895399331705,0.0,1
17211,80,6,1464.89,106,244.14833333333334,0.3100301046494958,0.06604591471031954,0.20721692413764856,0.1734123381277775,0.10464949586658384,0.13864522250817468,852.33,0
12722,14,3,929.65,48,309.8833333333333,0.45726886462647237,0.14689399236271716,0.07153229710105954,0.027429677835744636,0.17651804442532135,0.12035712364868499,67.98,0
12449,29,2,1636.88,71,818.44,0.05196471335711842,0.0,0.1333634719710669,0.22931430526367236,0.30139045012462734,0.28396705928351496,2430.41,1
17704,68,2,885.19,27,442.595,0.3162033009862289,0.05998712140896305,0.02248104926625922,0.21046329036703984,0.2085992837695862,0.18226595420192274,0.0,0
16029,7,46,52387.24,43,1138.8530434782608,0.27418031566465423,0.18485417441346405,0.05472324940195361,0.08903694869208609,0.2417714695410562,0.15543384228678586,28637.6,1
16232,43,3,725.04,23,241.67999999999998,0.5223573871786384,0.1013737173121483,0.0,0.22008440913604768,0.15618448637316565,0.0,265.84,0
13262,163,1,200.29,11,200.29,0.06750212192321134,0.0,0.25463078536122624,0.11383493933795996,0.5640321533776025,0.0,0.0,0
12556,51,1,312.9,60,312.9,0.3070629594119527,0.0864493448386066,0.0,0.12821987855544906,0.41722595078299785,0.061041866410993934,290.81,0
16133,1,23,10619.27,139,461.7073913043478,0.2610188835955767,0.04256036431882794,0.0999560233424708,0.27025680672965274,0.27228896148228643,0.05391896053118528,3969.77,1
14536,159,1,171.8,18,171.8,0.09458672875436554,0.043655413271245634,0.24068684516880087,0.19644935972060534,0.4246216530849825,0.0,0.0,0
17255,199,1,112.46,36,112.46,0.3651075938111329,0.0,0.0,0.07469322425751379,0.47616930464165036,0.084029877289703,185.95,0
15839,48,1,299.18,20,299.18,0.0,0.0,0.0,0.055150745370679856,0.32187980479978606,0.6229694498295341,749.31,0
17212,152,1,226.85,4,226.85,0.46550584086400704,0.0,0.0,0.5170817720960987,0.017412387039894204,0.0,0.0,0
16933,139,1,224.73,19,224.73,0.2078049214613091,0.17754638900013353,0.052507453388510664,0.061006541182752644,0.355092778000267,0.14604191696702712,338.5,0
16033,8,16,5878.3,367,367.39375,0.22549716754844087,0.02285524726536584,0.20704285252538998,0.19916642566728476,0.30064984774509634,0.044788459248422154,2938.1,1
13168,99,3,972.66,94,324.21999999999997,0.35285711348261467,0.15267411017210536,0.12162523389468058,0.09530565665289002,0.1622355190919746,0.1153023667057348,346.53000000000003,0
15241,27,6,1344.86,73,224.14333333333332,0.12335856520381305,0.0,0.008565947384857903,0.2971833499397707,0.4386999390271107,0.13219219844444777,411.58000000000004,0
17654,177,1,117.55,22,117.55,0.24797958315610377,0.0,0.0,0.44236495108464485,0.3096554657592514,0.0,0.0,0
16813,13,6,1062.18,187,177.03,0.2677606432054831,0.012144834208891148,0.0643111337061515,0.21164962624037356,0.3179028036679282,0.12623095897117248,630.8,0
17085,23,5,1566.65,115,313.33000000000004,0.407219225736444,0.1368206044745157,0.057255928254555895,0.10624581112565028,0.27503271311396926,0.017425717294864838,0.0,0
15460,254,1,216.76,53,216.76,0.1333733161099834,0.07404502675770439,0.2136002952574276,0.24012732976563944,0.2791105369994464,0.05974349510979886,0.0,0
16652,9,5,4525.87,53,905.174,0.30236838442111685,0.09115595454575585,0.16389114137171418,0.09790382843519589,0.3368589906471021,0.007821700579115175,2248.1,1
13963,208,4,664.54,35,166.135,0.1883408071748879,0.0,0.3249616275920185,0.25491317302194,0.10714178228549072,0.12464260992566287,0.0,0
15230,139,2,429.6,23,214.8,0.4127094972067039,0.08240223463687152,0.0,0.0,0.0,0.5048882681564245,0.0,0
14152,134,1,314.51,29,314.51,0.16120314139455028,0.02702616768942164,0.047693237098979366,0.07424247241741122,0.40787256367047153,0.28196241772916597,306.78000000000003,0
14157,185,1,277.17,36,277.17,0.32857091315798964,0.12555471371360535,0.06800880326153624,0.02272973265504925,0.136558790633907,0.31857704657791247,155.71,0
13894,210,1,160.85,10,160.85,0.4236866645943426,0.48305875038856083,0.0,0.09325458501709667,0.0,0.0,403.77000000000004,0
14684,115,2,519.26,140,259.63,0.19662596772329857,0.06260832723491122,0.08955051419327505,0.12748911913107114,0.44711705118822936,0.07660902052921466,717.02,0
16729,14,16,5016.45,135,313.528125,0.2449820091897657,0.030320246389378944,0.30852495290494275,0.12742875938163442,0.23416958207497335,0.054574450059304884,2223.47,1
12968,12,1,135.95,5,135.95,0.0,0.0,0.2206693637366679,0.45016550202280253,0.07318867230599485,0.25597646193453477,0.0,0
16117,89,1,232.21,30,232.21,0.334438654666035,0.28134016622884456,0.021532233753929632,0.03229835063089445,0.2608414796951036,0.0695491150251927,0.0,0
12386,237,2,401.9,10,200.95,0.0,0.0,0.0,0.18213485941776558,0.7432197063946255,0.07464543418760886,0.0,0
13149,6,3,1132.62,58,377.53999999999996,0.29794635447016654,0.09832070773957725,0.028076495205806008,0.09936253995161662,0.39704402182550197,0.07924988080733167,543.4399999999999,0
13239,161,1,329.56,21,329.56,0.05279766962009952,0.0,0.0,0.7736375773758951,0.17356475300400534,0.0,0.0,0
13617,13,2,365.7,23,182.85,0.23218485097074104,0.1165709598031173,0.11454744325950234,0.44495488105004105,0.0917418649165983,0.0,178.48000000000002,0
12429,72,3,2844.88,62,948.2933333333334,0.14576361744607857,0.06327156154213885,0.28345659570878207,0.06051573352830347,0.3088847332752172,0.13810775849947976,905.52,1
13473,232,1,241.26,12,241.26,0.1591643869684158,0.0,0.39293708032827657,0.29731410096990796,0.1157672220840587,0.034817209649340965,181.38,0
12843,59,7,1692.31,68,241.75857142857143,0.2910577849212024,0.03486358882237888,0.07282944614166435,0.264738729901732,0.283033250409204,0.05347719980381845,9.95,1
17517,208,1,153.94,11,153.94,0.1526568793036248,0.0,0.0,0.0,0.6996232298298038,0.14771989086657142,0.0,0
14573,79,9,1653.42,127,183.71333333333334,0.2759371484559277,0.012646514497223935,0.0989948107558878,0.23169551596085686,0.3410325265207872,0.03969348380931644,0.0,1
17578,117,1,143.45999999999998,5,143.45999999999998,0.0,0.0,0.0,0.6549560853199499,0.34504391468005025,0.0,0.0,0
13439,155,1,283.71,54,283.71,0.33509569630961195,0.07719149836100243,0.0447640195974763,0.04670261887138275,0.45148214726305036,0.0447640195974763,0.0,0
16003,34,3,1793.9,56,597.9666666666667,0.11319471542449411,0.006968058420201794,0.06929037293048665,0.38606388315959633,0.33618373376442384,0.08829923630079714,941.47,1
14584,68,4,1042.26,68,260.565,0.40032237637441714,0.030846429873544027,0.0,0.19942240899583596,0.3409130159461171,0.02849576881008577,0.0,0
14195,101,2,1012.0,7,506.0,0.09960474308300396,0.0,0.24189723320158102,0.1814229249011858,0.47707509881422927,0.0,0.0,0
12915,48,2,363.65,19,181.825,0.22562903891104089,0.0,0.0809844630826344,0.1962051423071635,0.40423484119345526,0.09294651450570604,0.0,0
12418,12,1,668.58,34,668.58,0.14444045589159113,0.0,0.09512698555146729,0.14170331149600646,0.5174100332047025,0.1013192138562326,0.0,0
12517,26,2,1538.7,173,769.35,0.2514200298953662,0.08137388704750763,0.05906284525898485,0.19027100799376095,0.2983882498212777,0.11948397998310262,964.14,0
16625,174,1,333.08,23,333.08,0.30968536087426446,0.05314038669388736,0.10159721388255076,0.18130779392338178,0.3542692446259157,0.0,0.0,0
14241,83,1,213.70000000000002,10,213.70000000000002,0.22461394478240523,0.14038371548900327,0.0,0.11792232101076276,0.4342536265793168,0.08282639213851194,0.0,0
16411,269,1,131.5,19,131.5,0.13307984790874525,0.0,0.0,0.42319391634980985,0.42129277566539924,0.02243346007604563,83.15,0
16365,23,7,862.56,34,123.22285714285714,0.1361644407345576,0.016984325728065297,0.06335791133370433,0.3038165460953441,0.4093628269337785,0.07031394917455018,677.8599999999999,0
14353,115,1,90.6,6,90.6,0.5231788079470199,0.0,0.0,0.0,0.2582781456953642,0.21854304635761587,0.0,0
17053,30,1,498.48,13,498.48,0.13180067404910925,0.07101588830043333,0.0,0.725565719788156,0.0,0.0716177178623014,0.0,0
16431,113,3,642.81,51,214.26999999999998,0.2454068853938178,0.024268446352732537,0.0,0.20121031097836065,0.3044756615485136,0.2246386957265755,0.0,0
15587,42,2,456.84,3,228.42,0.0,0.0,1.0,0.0,0.0,0.0,456.84000000000003,0
15421,115,3,739.36,35,246.45333333333335,0.18681021423934213,0.05058428911491019,0.14653213590132005,0.24413005842891147,0.26198333694005627,0.10995996537545986,211.0,0
14282,9,9,2495.44,58,277.2711111111111,0.08299137627031705,0.011589138588785944,0.008078735613759496,0.1375669220658481,0.7513424486262944,0.008431378834995031,1233.9,1
15826,110,1,720.0,28,720.0,0.3576388888888889,0.08888888888888889,0.0,0.2675,0.20097222222222222,0.08499999999999999,934.3100000000001,0
17764,111,1,261.97,17,261.97,0.06756498835744551,0.0,0.22491124937969995,0.181127610031683,0.30766881704011906,0.21872733519105236,556.85,0
13236,6,1,439.23,21,439.23,0.4043667326913007,0.11474626050133187,0.11638549279420805,0.2445188170206953,0.11998269699246408,0.0,305.62,0
16401,31,7,2455.42,52,350.7742857142857,0.4023099917733015,0.0,0.03156282835523047,0.14504239600557134,0.41805067972078097,0.003034104145115703,1642.8999999999999,1
14852,40,4,1634.21,54,408.5525,0.29308350823945517,0.1201192013266349,0.1625250120853501,0.13474400474847176,0.1586393425569541,0.13088893104313398,1202.48,0
17516,19,4,608.85,95,152.2125,0.24533136240453313,0.030220908269688755,0.1426623963209329,0.12474336864580766,0.3047384413238072,0.15230352303523034,159.23,0
13394,15,5,1543.45,76,308.69,0.36105477987625123,0.06048786808772555,0.011467815607891412,0.15913699828306715,0.23043182480805988,0.17742071333700477,976.57,0
14970,37,3,1119.75,10,373.25,0.0,0.0,1.0,0.0,0.0,0.0,472.31,0
16980,155,2,1078.96,71,539.48,0.2103599762734485,0.2161340550159413,0.07882590642841256,0.09841884777934308,0.30195744049825757,0.09430377400459701,0.0,0
12435,167,1,3978.9900000000002,19,3978.9900000000002,0.3088824048313768,0.17944252184599607,0.0,0.3011693922327023,0.21050568108992482,0.0,3850.9,1
17775,154,1,56.4,3,56.4,1.0,0.0,0.0,0.0,0.0,0.0,0.0,0
13515,17,3,523.96,30,174.65333333333334,0.2766623406366898,0.10134361401633714,0.12710893961371095,0.049049545766852436,0.17673104817161614,0.2691045117947935,367.16,0
12492,5,1,126.39000000000001,9,126.39000000000001,0.2278661286494184,0.0,0.0,0.36672205079515785,0.0,0.40541182055542363,136.82,0
13508,143,1,110.97,12,110.97,0.0,0.09894566098945662,0.421735604217356,0.0,0.3810939893664955,0.0982247454266919,0.0,0
15680,266,1,478.89,30,478.89,0.44003842218463535,0.1108814132681827,0.09396729937981582,0.06201841759067845,0.21366075716761676,0.07943369040907097,854.79,0
12814,1,1,125.92,2,125.92,0.0,0.6823379923761118,0.0,0.0,0.0,0.3176620076238882,0.0,0
15365,215,1,208.61,12,208.61,0.20296246584535735,0.08484732275538086,0.21571353242893437,0.14380902161928957,0.30377259000047935,0.04889506735055845,2105.71,0
12956,206,1,108.07,19,108.07,0.40131396317201823,0.06199685389099658,0.0235958175256778,0.023133154436939023,0.4626630887387804,0.02729712223558805,0.0,0
13931,180,1,378.21000000000004,20,378.21000000000004,0.2986700510298511,0.0,0.0,0.11369345072843129,0.3929034134475555,0.19473308479416196,859.32,0
15769,1,19,41863.72,19,2203.3536842105264,0.09038852734539596,0.0,0.00584754532086494,0.32760394919515035,0.5761599781385888,0.0,14389.0,1
15866,1,1,230.53,43,230.53,0.30560013881056697,0.012796599141109618,0.17459766624734308,0.10779508090053355,0.22973148830954757,0.16947902659089922,0.0,0
18168,75,6,1169.94,97,194.99,0.19339453305297705,0.0,0.10285997572525087,0.35765081970015555,0.18215464040890983,0.16394003111270664,0.0,0
13678,51,1,232.6,16,232.6,0.04024075666380052,0.0,0.43508168529664665,0.2006878761822872,0.21513327601031815,0.10885640584694756,0.0,0
16174,26,3,1009.5500000000001,19,336.5166666666667,0.06894160764697141,0.0,0.05051755732752216,0.063295527710366,0.5402902283195483,0.2769550789955921,0.0,0
17550,97,3,267.16,42,89.05333333333334,0.2678918999850277,0.06322054199730498,0.295515795777811,0.10181164845036682,0.16095223835903577,0.11060787543045367,0.0,0
12412,37,2,890.74,34,445.37,0.11127826301726655,0.011181714080427509,0.022363428160855018,0.44805442665648787,0.29651750230145724,0.11060466578350585,336.14,0
16203,47,3,378.3,19,126.10000000000001,0.0,0.0,0.43616177636796194,0.1070578905630452,0.40919904837430615,0.047581284694686754,214.6,0
12681,51,15,9866.58,219,657.772,0.10885636157614897,0.053039655078051355,0.1336896878148254,0.21212922816213928,0.32010787932596707,0.17217718804286794,3920.96,1
14934,182,1,828.84,39,828.84,0.313703489213841,0.0,0.09917475025336615,0.146228463877226,0.2378384247864485,0.2030548718691183,1062.1,0
16080,174,1,130.26,5,130.26,0.42146476278212813,0.31137724550898205,0.0,0.0,0.26715799170888993,0.0,86.9,0
12451,117,2,5307.82,162,2653.91,0.12987441171705147,0.017069154568165462,0.04734523778123599,0.16632628838204763,0.43565154809319084,0.20373335945830873,3727.7,1
15661,217,2,309.8,4,154.9,1.0,0.0,0.0,0.0,0.0,0.0,0.0,0
17045,13,3,339.44,20,113.14666666666666,0.2589264671223191,0.13433891114777283,0.0,0.19841503653075657,0.387108178175819,0.02121140702333255,0.0,0
16315,230,1,226.37,14,226.37,0.48151256791977737,0.0,0.0,0.2363387374652118,0.22251181693687325,0.05963687767813756,0.0,0
12574,215,1,218.45,11,218.45,0.17166399633783475,0.0,0.26916914625772487,0.3263904783703365,0.0,0.23277637903410392,0.0,0
13742,62,10,2648.7200000000003,163,264.872,0.13439321634600865,0.06104080461505935,0.19065812920958045,0.20620526140928444,0.3227521217795765,0.0849504666404905,482.3,1
16214,70,3,1062.75,36,354.25,0.15880498706186777,0.018630910374029638,0.014961185603387439,0.47998118089861214,0.27285815102328864,0.05476358503881439,0.0,0
16124,217,1,249.0,11,249.0,0.0,0.12289156626506025,0.0,0.10240963855421686,0.6401606425702812,0.13453815261044177,0.0,0
13672,201,2,186.39000000000001,4,93.19500000000001,0.0,0.7609850313858039,0.0,0.0,0.23901496861419605,0.0,0.0,0
13268,69,6,2150.25,206,358.375,0.3389419834902918,0.08516684106499244,0.024020462736891058,0.09907685152889198,0.2111986978258342,0.24159516335309847,1064.44,1
14143,33,1,115.8,7,115.8,0.0,0.0,0.44041450777202074,0.1709844559585492,0.38860103626943004,0.0,0.0,0
16858,268,1,375.69000000000005,9,375.69000000000005,0.0,0.15651201788708774,0.0634831909286912,0.780004791184221,0.0,0.0,0.0,0
12619,16,5,2087.46,28,417.492,0.1446255257585774,0.05449685263430197,0.019066233604476252,0.3202312858689508,0.3026309486169795,0.1589491535167141,1553.78,1
12747,9,8,2769.4,34,346.175,0.07910377699140607,0.08915288510146602,0.17505596880190655,0.006138513757492597,0.6112984762042318,0.039250379143496786,1426.6100000000001,1
14676,47,4,1690.92,19,422.73,0.14548293236817827,0.0,0.10134128166915053,0.19005038677169825,0.5212547015825704,0.04187069760840253,857.32,1
15917,147,1,123.1,12,123.1,0.04021121039805037,0.0,0.4528838342810723,0.3204711616571893,0.18643379366368806,0.0,0.0,0
13108,272,1,350.06,10,350.06,0.0,0.0,0.0,0.0,0.6386333771353482,0.36136662286465177,0.0,0
16769,160,1,380.39,33,380.39,0.25418649281001077,0.07755198611950893,0.244617366387129,0.08175819553616026,0.3418859591471911,0.0,0.0,0
14719,79,2,488.12,70,244.06,0.13060313037777596,0.041793001720888304,0.07864869294435795,0.12783741702859955,0.20558469228878143,0.41553306563959685,1114.01,0
16148,196,1,76.32000000000001,1,76.32000000000001,0.0,0.0,0.0,1.0,0.0,0.0,0.0,0
14672,134,2,765.55,58,382.775,0.21122069100646598,0.3208151002547189,0.15563973613741755,0.037815949317484165,0.24006270001959376,0.034445823264319775,0.0,0
18112,66,1,196.64,12,196.64,0.0,0.0,0.045514646053702194,0.8739320585842149,0.080553295362083,0.0,156.05,0
16156,51,5,1445.17,62,289.034,0.3335178560307784,0.04991800272632285,0.0,0.16729519710483887,0.30001314724219297,0.14925579689586693,1676.8700000000001,0
13089,12,68,38328.46,495,563.6538235294117,0.2481701586758247,0.11982166776332782,0.08028968552349873,0.14318420306999027,0.32123362117862286,0.08730066378873559,19815.18,1
16114,70,1,135.75000000000003,8,135.75000000000003,0.23977900552486187,0.0,0.0,0.6298342541436464,0.0,0.1303867403314917,0.0,0
13334,90,2,2731.84,176,1365.92,0.2342157666627621,0.06256222912029986,0.11726528640037484,0.3192536898207801,0.19349961930420523,0.07320340869157783,804.98,1
17061,10,10,4658.83,48,465.883,0.3497551960470763,0.019215124827478145,0.07933322314830119,0.1998141164197878,0.3376620310249569,0.014220308532399766,573.4,1
17763,163,1,15.0,1,15.0,0.0,0.0,1.0,0.0,0.0,0.0,0.0,0
16717,62,3,1136.16,61,378.72,0.21000563300943528,0.10669271933530487,0.19064216307562312,0.12190184481059005,0.31615265455569636,0.05460498521335023,2722.2200000000003,0
15611,3,8,947.1400000000001,17,118.39250000000001,0.013303207551154,0.27214561733217896,0.0,0.2173913043478261,0.42494245834829064,0.07221741242055028,644.3100000000001,0
13681,55,1,203.46,13,203.46,0.73699990170058,0.08699498672957831,0.11599331563943772,0.0,0.060011795930404004,0.0,624.37,0
13008,223,1,229.46999999999997,14,229.46999999999997,0.5562818669107074,0.0,0.0,0.06667538240292849,0.3770427506863643,0.0,0.0,0
12726,84,5,1467.32,40,293.464,0.15429490499686505,0.06746994520622632,0.0,0.05356704740615545,0.48422975220129216,0.24043835018946108,1141.78,0
17514,28,1,208.65,40,208.65,0.40594296669063024,0.14761562425113828,0.04073807812125569,0.16640306733764676,0.2026359932901989,0.036664270309130116,0.0,0
15854,40,9,2393.69,70,265.96555555555557,0.048431501155120335,0.14479736306706384,0.014830658940798516,0.07576586776065405,0.7126737380362537,0.003500871040109622,580.96,1
12782,49,4,2078.67,73,519.6675,0.1449725064584566,0.03045216412417556,0.029336065849798188,0.24590723876324766,0.24721576777458662,0.3021162570297353,252.25,1
13700,76,6,1245.8,86,207.63333333333333,0.42787766896773155,0.010788248515010436,0.03980574731096485,0.10703965323486916,0.24690961631080433,0.1675790656606197,1019.32,0
16186,3,9,2696.53,67,299.6144444444445,0.1870107137691774,0.11895287647458028,0.09449922678405209,0.03821578102227678,0.323486109926461,0.23783529202345235,1310.41,1
13093,175,8,7832.47,97,979.05875,0.1448278767745041,0.09728731804909561,0.20744158611523567,0.16853687278725613,0.2846420094810449,0.09726433679286356,0.0,1
13517,6,2,1612.18,99,806.09,0.18647421503802303,0.021957845898100712,0.16539096130705006,0.34590430348968476,0.14845736828393852,0.13181530598320285,516.24,0
12748,1,127,13568.55,1139,106.83897637795275,0.2838460999885766,0.06764318958179025,0.0878900103548279,0.12990923864377552,0.33580154106370985,0.09490992036732002,20151.18,1
16249,12,4,1440.77,48,360.1925,0.30805749703283664,0.01762946202377895,0.18935707989477849,0.05438064368358587,0.2753805256911235,0.1551947916738966,359.3,0
15117,20,2,675.73,31,337.865,0.14007073831263966,0.015390762582688351,0.0,0.12203098870850784,0.6603525076583843,0.06215500273777988,876.0500000000001,0
16145,23,7,2282.3,93,326.04285714285714,0.25409893528458133,0.04771502431757438,0.06699382202164483,0.13746659071988782,0.35190816281820964,0.1418174648381019,1517.19,1
16041,41,2,2739.8,5,1369.9,0.0,0.0,0.2463683480546025,0.0,0.2963719979560552,0.45725965398934226,426.6,1
18196,190,1,450.78,78,450.78,0.4399707174231332,0.10748036736323707,0.08318913882603488,0.15062780070100718,0.21218776343227297,0.006544212254314744,238.35,0
17428,10,20,10661.09,205,533.0545,0.2135044352875738,0.0682200412903371,0.03297786624069396,0.196550258932248,0.41770306788517875,0.07104433036396841,6595.76,1
17759,69,2,167.15,18,83.575,0.15644630571343104,0.17947950942267424,0.2632366138199222,0.18845348489380795,0.21238408615016452,0.0,667.84,0
13110,37,5,1042.24,79,208.448,0.18071653361989562,0.1839787381025484,0.209136091495241,0.08452947497697268,0.27469680687749465,0.06694235492784772,446.43,0
14924,145,1,310.05,10,310.05,0.26157071440090307,0.0,0.08305112078696984,0.0,0.6044186421544913,0.05095952265763586,0.0,0
13593,8,5,2037.0800000000002,77,407.41600000000005,0.25605278143224613,0.10194984978498635,0.26876705873112494,0.07380662516936005,0.28003318475464883,0.01939050012763367,0.0,1
17071,34,6,1402.42,65,233.73666666666668,0.38116969238887066,0.047917171745981944,0.19862095520600107,0.04911510103963149,0.2816773862323697,0.04149969338714507,1026.6100000000001,0
17527,9,2,606.62,25,303.31,0.1796182123899641,0.04114602222148957,0.19682832745376017,0.09050146714582441,0.31337575417889285,0.1785302166100689,332.75,0
15983,260,3,1148.27,57,382.75666666666666,0.5643968752993634,0.1993433600111472,0.03736055108990046,0.03392059358861591,0.1335835648410217,0.031395055169951315,326.75,0
15706,16,1,450.05,29,450.05,0.3110765470503277,0.03932896344850573,0.0366625930452172,0.05643817353627374,0.4705032774136207,0.08599044550605489,610.51,0
17288,107,5,663.7,13,132.74,0.13560343528702726,0.0,0.04520114509567576,0.15820400783486513,0.6383908392345938,0.02260057254783788,756.03,0
14406,19,1,156.75,8,156.75,0.19521531100478468,0.0,0.21052631578947367,0.12599681020733652,0.46826156299840516,0.0,0.0,0
12473,14,2,1186.25,60,593.125,0.1425584826132771,0.021412012644889355,0.036821917808219175,0.09508956796628029,0.29781243414120123,0.40630558482613277,2752.2999999999997,0
17123,61,1,345.29999999999995,9,345.29999999999995,0.6099044309296264,0.1537793223284101,0.23631624674196353,0.0,0.0,0.0,0.0,0
14907,47,4,1931.82,86,482.955,0.4141120808356886,0.011056930769947512,0.06910581731217194,0.18883746932944065,0.2318642523630566,0.0850234493896947,1569.28,1
15694,76,9,3305.78,23,367.30888888888893,0.09271639371041024,0.009256514347597238,0.33344021683233604,0.024611438147729127,0.5354379299287914,0.004537507033135901,3173.62,1
15261,35,1,254.82,19,254.82,0.1916647044972922,0.0,0.0,0.40616906051330354,0.15634565575700493,0.24582057923239936,0.0,0
15882,98,4,516.36,23,129.09,0.44968626539623513,0.15020528313579673,0.04880316058563793,0.09760632117127586,0.22310016267720198,0.030598807033852347,0.0,0
13155,226,2,569.2,55,284.6,0.15653548840477863,0.014933239634574842,0.17788123682361207,0.002617709065354884,0.5192726633872101,0.12875966268446942,402.56,0
13227,101,1,257.7,9,257.7,0.0,0.0,0.2619324796274738,0.27823050058207216,0.45983701979045405,0.0,0.0,0
13035,160,1,333.0,12,333.0,0.05945945945945945,0.0,0.0,0.0,0.21711711711711715,0.7234234234234235,588.88,0
13002,218,1,120.94999999999999,7,120.94999999999999,0.7494832575444399,0.0,0.12649855312112443,0.12401818933443573,0.0,0.0,0.0,0
17142,138,1,579.0,15,579.0,0.13212435233160622,0.0,0.11398963730569948,0.08238341968911918,0.46476683937823837,0.2067357512953368,0.0,0
16161,40,12,3063.7,172,255.3083333333333,0.19973887782746352,0.015944772660508536,0.012142181022946112,0.1643927277474949,0.5835623592388288,0.024219081502758106,2511.86,1
15213,218,2,328.35,22,164.175,0.41297396071265413,0.0,0.0,0.26770214709913204,0.1315669255367748,0.18775696665143898,0.0,0
17987,85,1,198.57,13,198.57,0.04230246260764466,0.0,0.0,0.041547061489651003,0.5315002266203355,0.3846502492823689,0.0,0
13549,42,5,762.05,34,152.41,0.2883669050587232,0.09041401482842334,0.07112394199855653,0.19696870284102097,0.3263565382848895,0.02676989698838659,156.15,0
14515,91,2,765.65,25,382.825,0.07513877097890681,0.2576895448311892,0.3761248612290211,0.05098935544961798,0.1884673153529681,0.051590152158296876,1336.44,0
12438,40,1,890.0699999999999,49,890.0699999999999,0.0458727965216219,0.0,0.02235779208376869,0.1706045591919737,0.5243520172570697,0.2368128349455661,2016.78,0
13841,152,1,85.0,1,85.0,0.0,0.0,0.0,0.0,1.0,0.0,0.0,0
17781,59,2,188.02,12,94.01,0.08531007339644718,0.0,0.0,0.0,0.9146899266035527,0.0,0.0,0
18218,111,2,662.08,17,331.04,0.42657986950217497,0.0,0.07189463508941517,0.022429313678105366,0.46006524891251815,0.019030932817786367,0.0,0
14548,50,2,652.8,2,326.4,0.0,1.0,0.0,0.0,0.0,0.0,0.0,0
12709,35,10,6469.11,75,646.911,0.08189689153531166,0.0,0.09703807788088316,0.3596136099092457,0.30782905221892964,0.1536223684556299,3267.41,1
16233,229,2,326.5,9,163.25,0.2548238897396631,0.0,0.0,0.0,0.2683001531393568,0.47687595712098013,210.18,0
12987,97,1,304.3,14,304.3,0.416036805783766,0.16562602694709166,0.0782122905027933,0.13818600065724612,0.20193887610910286,0.0,254.4,0
15563,100,2,735.62,55,367.81,0.16564258720535058,0.06242353388978005,0.029362986324461,0.19183817731981187,0.32181017373100246,0.2289225415295941,664.8199999999999,0
17372,66,6,1061.13,177,176.85500000000002,0.23169639912169102,0.09569986712278421,0.09946943352840838,0.24320300057485886,0.23504188930668246,0.09488941034557499,281.55,0
18010,156,1,174.8,14,174.8,0.05692219679633866,0.0,0.09982837528604117,0.37814645308924477,0.24513729977116705,0.21996567505720824,0.0,0
17496,258,1,271.05,10,271.05,0.2036524626452684,0.22910902047592696,0.0,0.4936358605423354,0.07360265633646929,0.0,0.0,0
17715,100,1,326.4,1,326.4,0.0,0.0,1.0,0.0,0.0,0.0,0.0,0
12358,50,1,484.86,12,484.86,0.14119539660933053,0.0,0.03279297116693478,0.0,0.6610155508806665,0.1649960813430681,683.2,0
16795,265,1,414.88,64,414.88,0.3843038951021982,0.07091207096027767,0.11581662167373698,0.19342942537601235,0.04459120709602777,0.190946779791747,0.0,0
15791,104,1,1223.24,54,1223.24,0.2237255158431706,0.1173931526110984,0.08338510840064092,0.2017183872339034,0.3031457440894673,0.07063209182171937,389.45000000000005,0
15594,134,1,267.91,15,267.91,0.36004628419991785,0.05598895151356798,0.0,0.22843492217535738,0.05542906199843231,0.30010078011272434,1503.87,0
13581,209,1,118.0,10,118.0,0.2817796610169492,0.15000000000000002,0.2478813559322034,0.0,0.12033898305084745,0.2,0.0,0
12757,42,7,5281.08,89,754.4399999999999,0.042188340263733935,0.0,0.006741045392230378,0.06416869276738849,0.8779359524945655,0.008965969082081696,2576.02,1
15187,29,4,1552.04,29,388.01,0.19020128347207546,0.12332156387721965,0.0,0.0,0.3874900131439911,0.29898713950671374,3225.14,0
13011,272,1,50.550000000000004,3,50.550000000000004,0.29673590504451036,0.0,0.3501483679525223,0.0,0.35311572700296734,0.0,0.0,0
15124,91,1,90.75,9,90.75,0.0,0.0,0.0,0.1829201101928375,0.8170798898071626,0.0,93.44,0
13975,28,4,1497.71,166,374.4275,0.2528860727377129,0.017386543456343353,0.0813241548764447,0.20063964318860125,0.3701784724679677,0.07758511327293001,1028.57,0
16814,8,16,5206.69,110,325.418125,0.2189529240265889,0.03145952610967813,0.23863529420802854,0.11303150370004744,0.3760162406442481,0.02190451131140898,1302.41,1
15953,111,4,826.14,29,206.535,0.2500302612148062,0.508751543321955,0.11220858450141623,0.023603747548841602,0.10540586341298085,0.0,833.24,0
17082,218,1,636.94,24,636.94,0.1199485037837159,0.03202813451816497,0.12481552422520173,0.4595409300719062,0.2350299871259459,0.028636920275065154,1366.91,0
14496,211,2,538.8100000000001,16,269.40500000000003,0.4005307993541322,0.018930606336185294,0.04797609546964607,0.36246543308401846,0.17009706575601788,0.0,0.0,0
16893,266,1,145.93,44,145.93,0.3095319673816213,0.020215171657644075,0.2381278695264853,0.1391077914068389,0.22997327485780855,0.06304392516960186,0.0,0
15795,49,1,610.01,42,610.01,0.26833986328092985,0.0,0.0,0.08163800593432895,0.44976311863739943,0.20025901214734185,0.0,0
13643,85,1,87.9,6,87.9,0.09670079635949942,0.0,0.0,0.3333333333333333,0.5699658703071672,0.0,431.54,0
12409,82,1,6207.08,64,6207.08,0.2862634282142328,0.030893753584616275,0.12208639166886845,0.32747443242233065,0.1950997892728948,0.03818220483705704,4865.59,1
13871,12,8,4074.2400000000002,116,509.28000000000003,0.14223757068803014,0.07553801445177505,0.18506028118127552,0.2586862825950361,0.2613837181903864,0.0770941328934967,2329.01,1
13266,12,8,2535.58,54,316.9475,0.08332610290347771,0.011878938940991804,0.04614328871500801,0.3189605534039549,0.36653941110120764,0.17315170493535997,1298.68,1
17323,24,4,537.25,98,134.3125,0.3292135877152164,0.03774778966961378,0.03060027919962773,0.09161470451372732,0.29351326198231736,0.21731037691949745,383.82,0
14739,119,3,1307.6200000000001,23,435.8733333333334,0.12333858460408986,0.07782077361924718,0.38046221379299794,0.0,0.04735320658907021,0.3710252213945947,2594.66,0
14355,265,1,174.4,11,174.4,0.0860091743119266,0.36009174311926606,0.0860091743119266,0.14621559633027523,0.2356651376146789,0.0860091743119266,0.0,0
14159,44,6,2184.21,343,364.035,0.33782008140242925,0.05931664079919055,0.02654964495172167,0.2099431831188393,0.3155053772302114,0.05086507249760783,2508.8,1
12982,142,1,390.54,28,390.54,0.2417678086751677,0.09115583550980694,0.044400061453372254,0.2721616223690275,0.24158856967276077,0.1089261023198648,0.0,0
13509,49,4,665.02,24,166.255,0.3121710625244353,0.09148597034675648,0.0,0.2979760007217828,0.11747015127364592,0.18089681513337946,314.7,0
12951,73,5,751.78,39,150.356,0.21449094149884276,0.07089840112798958,0.05898002075075156,0.12749740615605631,0.31245843198808165,0.21567479847827825,312.29,0
14047,99,3,635.92,15,211.97333333333333,0.09689898100389986,0.1283180274248333,0.0,0.08979116870046548,0.6849918228708014,0.0,672.69,0
14711,9,8,2064.42,146,258.0525,0.23096075411011324,0.019206363046279342,0.13917710543397177,0.08070063262320651,0.4418674494531152,0.08808769533331395,804.38,1
14165,175,1,122.53999999999999,23,122.53999999999999,0.2737881508078995,0.048147543659213324,0.15219520156683533,0.31606006202056475,0.1547249877590991,0.05508405418638812,0.0,0
13144,232,1,110.95,3,110.95,0.0,0.0,0.0,0.42541685443893645,0.5745831455610635,0.0,0.0,0
14784,223,1,114.68,4,114.68,0.882106731775375,0.0,0.0,0.0,0.11789326822462504,0.0,175.31,0
17542,169,1,170.75,24,170.75,0.2046852122986823,0.0,0.01932650073206442,0.13323572474377746,0.43221083455344067,0.21054172767203516,0.0,0
15074,5,1,748.87,41,748.87,0.4489831345894481,0.0,0.04006035760545889,0.1370064230106694,0.3503144738072029,0.02363561098722075,0.0,0
14540,209,1,195.9,11,195.9,0.61791730474732,0.0,0.15007656967840735,0.1669218989280245,0.06508422664624808,0.0,800.36,0
16065,265,1,372.09,71,372.09,0.3289526727404661,0.18275148485581447,0.02015641377086189,0.07189120911607408,0.23607191808433445,0.16017630143244913,0.0,0
15087,181,1,306.94,15,306.94,0.28168371668730047,0.11077083469081905,0.0,0.0,0.37785886492474097,0.2296865836971395,0.0,0
17469,8,3,1050.27,44,350.09,0.24175688156378836,0.0486541555980843,0.17157492835175717,0.11525607700876918,0.4133318099155455,0.009426147562055473,820.7,0
14532,136,4,932.85,45,233.2125,0.03575065659001983,0.05692233478051134,0.7776169802219006,0.05310607278769362,0.033767486734201636,0.04283646888567294,0.0,0
15321,191,1,1159.47,38,1159.47,0.22546508318455846,0.021734068151827993,0.12186602499417838,0.13747660569053102,0.4230812353920326,0.07037698258687158,1588.8400000000001,0
14534,19,13,2904.05,257,223.38846153846154,0.18086121106730255,0.023105662781288196,0.2039048914447065,0.1265026428608323,0.34825846662419724,0.11736712522167318,1543.0,1
17860,268,1,252.8,49,252.8,0.4471518987341772,0.0,0.10739715189873417,0.12452531645569621,0.2975870253164557,0.02333860759493671,0.0,0
12468,87,2,729.5400000000001,36,364.77000000000004,0.07223730021657482,0.01850481125092524,0.0,0.18874907475943742,0.4117663185020698,0.3087424952709927,0.0,0
14410,41,7,979.98,123,139.99714285714285,0.4056409314475805,0.013173738239555909,0.1137676279107737,0.08745076430131227,0.30904712341068186,0.07091981469009571,125.09,0
13769,22,6,1730.24,55,288.37333333333333,0.40648696134640283,0.3214409561679305,0.05184251895690772,0.07244659700388385,0.10385842426484186,0.04392454226003329,1066.27,1
15622,97,5,2602.0,127,520.4,0.32650653343581865,0.036879323597232894,0.09690622598001537,0.12450038431975403,0.3004112221368178,0.11479631053036125,1107.56,1
16287,69,1,142.5,8,142.5,0.3536842105263158,0.0,0.0,0.0,0.3507368421052632,0.29557894736842105,0.0,0
17560,55,3,705.83,20,235.27666666666667,0.6640409163679639,0.05893770454642053,0.07119278013119305,0.116883668872108,0.03612767946956066,0.052817250612753774,149.12,0
16086,100,3,587.0600000000001,16,195.6866666666667,0.0,0.13818008380744728,0.042925765679828295,0.27467379824890126,0.5306953292678772,0.013525022995945898,534.33,0
12567,8,8,6958.16,236,869.77,0.15172689331662395,0.01370764684916702,0.1427561309311657,0.1917173505639422,0.34058716672223693,0.15950481161686422,2443.12,1
14348,160,1,409.57,18,409.57,0.24537930024171692,0.10943184315257465,0.0,0.04101862929413776,0.5558268427863369,0.048343384525233776,0.0,0
13991,43,1,126.35,7,126.35,0.4594380688563514,0.0,0.0,0.1567075583696082,0.3838543727740404,0.0,729.62,0
13984,26,4,819.33,10,204.8325,0.06657878998694054,0.31757655645466415,0.5278459228882135,0.0366152832192157,0.041009117205521584,0.010374330245444449,101.18,0
13786,267,1,230.39999999999998,7,230.39999999999998,0.0,0.4921875,0.17187500000000003,0.0,0.2604166666666667,0.07552083333333333,0.0,0
15048,16,3,324.53,74,108.17666666666666,0.23390749699565527,0.09968261793978986,0.06501710165470065,0.19520537392536902,0.30151295719964255,0.1046744522848427,59.52,0
14477,84,2,523.0,3,261.5,0.0,0.0,0.0,0.0,1.0,0.0,786.6,0
13208,55,4,835.0699999999999,97,208.76749999999998,0.40875615217885924,0.12849222220891662,0.11771468260145856,0.030680062749230602,0.23669871986779553,0.07765816039373945,388.83,0
18220,126,1,305.28000000000003,2,305.28000000000003,0.5,0.0,0.0,0.0,0.5,0.0,0.0,0
16623,145,1,129.45,5,129.45,0.6581691772885284,0.13673232908458868,0.0,0.205098493626883,0.0,0.0,0.0,0
15869,177,2,149.64,13,74.82,0.3518444266238974,0.20816626570435715,0.07885592087677093,0.05012028869286288,0.03875968992248062,0.2722534081796311,0.0,0
16696,35,4,657.9000000000001,7,164.47500000000002,0.3310533515731874,0.0,0.0,0.6689466484268125,0.0,0.0,0.0,0
15810,70,3,1361.19,64,453.73,0.2608967153740477,0.0,0.0,0.2704692217838803,0.345212644818137,0.12342141802393493,30.79,0
14762,163,1,300.52,21,300.52,0.05490483162518302,0.0,0.0,0.0,0.7899640622920272,0.15513110608278982,0.0,0
13922,251,1,172.25,7,172.25,0.36574746008708275,0.10275761973875183,0.23105950653120463,0.2220609579100145,0.0783744557329463,0.0,0.0,0
13799,16,2,688.86,32,344.43,0.22916122288999213,0.05138925180733386,0.07229335423743576,0.1158435676334814,0.5313126034317568,0.0,0.0,0
18127,33,1,139.6,8,139.6,0.5479942693409743,0.12679083094555876,0.23388252148997135,0.0,0.0913323782234957,0.0,209.13,0
16838,97,2,588.85,24,294.425,0.19945656788655855,0.14054513033879593,0.07828818884265942,0.08126008321304237,0.5004500297189437,0.0,0.0,0
15292,101,1,180.94,24,180.94,0.3166795622858406,0.06521498839394275,0.03260749419697138,0.11799491544158286,0.44429092516856417,0.023212114513098264,0.0,0
17440,56,3,186.42000000000002,3,62.14000000000001,0.0,1.0,0.0,0.0,0.0,0.0,0.0,0
17410,115,1,302.4,15,302.4,0.03373015873015873,0.0,0.47916666666666674,0.17559523809523814,0.26190476190476186,0.04960317460317461,912.3199999999999,0
18024,52,2,389.78,21,194.89,0.34162861101133973,0.0,0.0,0.022576838216429786,0.2136333316229668,0.4221612191492637,0.0,0
13491,47,9,1088.45,66,120.9388888888889,0.26014975423767744,0.11611006477100465,0.08764757223574808,0.28741788782213235,0.20011024851853554,0.04856447241490192,127.37,0
12626,12,6,4774.0,170,795.6666666666666,0.1987075827398408,0.004147465437788018,0.04022832006702975,0.15717427733556766,0.40436321742773357,0.1953791369920402,1846.48,1
12407,34,4,1407.3600000000001,50,351.84000000000003,0.15113403819918145,0.004774897680763983,0.05755457025920872,0.20905098908594813,0.33072561391541605,0.24675989085948158,300.76,0
17990,136,3,630.84,27,210.28,0.10652463382157124,0.059634772684040334,0.1471688542261112,0.2978568258195422,0.22807684991439983,0.16073806353433517,0.0,0
13590,50,4,1116.38,46,279.095,0.10325337250756911,0.18445332234543793,0.12253892043927694,0.20423153406546157,0.35435066912699975,0.031172181515254655,865.54,0
12489,236,1,334.93,15,334.93,0.040306929806228166,0.0,0.029558415191233985,0.35380527274355833,0.38590153166333263,0.19042785059564685,0.0,0
18193,65,1,243.76,16,243.76,0.3140794223826715,0.0,0.0,0.0,0.4875697407285855,0.19835083688874308,0.0,0
14463,70,2,309.42,4,154.71,0.12798138452588712,0.24665503199534614,0.0,0.0,0.6253635834787666,0.0,220.2,0
18036,5,2,254.54,54,127.27,0.18028600612870277,0.21214740315863911,0.024750530368507898,0.08564469238626543,0.3463895654906891,0.15078180246719575,151.07999999999998,0
17460,125,5,462.58000000000004,14,92.516,0.2552639543430325,0.19131825846340095,0.11846599507112282,0.0,0.37398936400190236,0.06096242812054131,159.85000000000002,0
15572,9,4,1555.29,109,388.8225,0.15400343344328069,0.0,0.21626834866809408,0.05697972725343827,0.47183483466106,0.100913655974127,997.57,0
14386,196,1,142.4,7,142.4,0.12429775280898878,0.0,0.4382022471910112,0.0,0.3132022471910112,0.12429775280898878,0.0,0
14662,134,3,524.86,82,174.95333333333335,0.09478718134359639,0.038295926532789695,0.2551918606866593,0.07039972564112335,0.3472164005639599,0.19410890523187135,246.31,0
12697,31,2,733.91,27,366.955,0.29526781212955266,0.0,0.0,0.35223665027046913,0.07562235151449088,0.27687318608548733,223.68,0
13218,27,1,62.63999999999999,5,62.63999999999999,0.5555555555555556,0.0,0.23946360153256707,0.0,0.1111111111111111,0.0938697318007663,0.0,0
15289,37,2,697.98,41,348.99,0.3598383907848362,0.11622109516031978,0.0,0.20115189546978424,0.19195392418120866,0.13083469440385112,241.8,0
13198,20,5,3009.18,182,601.836,0.1838906280116178,0.06783243275576736,0.04789344605507149,0.12926777394506145,0.39071441389348593,0.180401305338996,392.06,1
17353,29,2,1740.0,5,870.0,0.75,0.0,0.0,0.125,0.125,0.0,0.0,1
15626,229,1,281.88,20,281.88,0.31509862352774226,0.0,0.32772811125301543,0.14190435646374344,0.21526890875549878,0.0,393.92,0
14769,8,6,6487.94,478,1081.3233333333333,0.2651010952629032,0.06692571139683783,0.10972820340508697,0.1615243050952999,0.30051295172273484,0.09620773311713733,4186.81,1
15032,156,3,4959.1,29,1653.0333333333335,0.04594583694622008,0.0,0.0,0.08187977657236192,0.8721743864814179,0.0,0.0,1
16611,86,1,129.49,9,129.49,0.0,0.09614642057301723,0.08687929569850954,0.0965325507761217,0.4636651478878677,0.25677658506448375,0.0,0
18171,62,3,684.4200000000001,33,228.14000000000001,0.3192191928932527,0.08065223108617516,0.27877619005873583,0.02608047690014903,0.245828584787119,0.04944332427456825,546.89,0
16034,96,3,437.7,18,145.9,0.3517249257482294,0.20139364861777476,0.30363262508567507,0.06854009595613433,0.07470870459218644,0.0,0.0,0
15062,117,3,814.04,38,271.34666666666664,0.15367795194339345,0.020883494668566656,0.09323866149083584,0.1578546508771068,0.48584836125988895,0.08849687976020834,173.82,0
14482,139,1,238.1,15,238.1,0.0873582528349433,0.0,0.03338933221335574,0.18773624527509453,0.6637967240655187,0.027719445611087776,1830.05,0
17138,175,1,380.5,24,380.5,0.3090670170827858,0.0,0.07266754270696453,0.2457293035479632,0.37253613666228647,0.0,0.0,0
14828,96,3,2139.76,17,713.2533333333334,0.13062212584588925,0.20189180094963918,0.0,0.18623583953340558,0.37009758103712564,0.11115265263394025,0.0,1
16279,76,1,359.08000000000004,16,359.08000000000004,0.17210649437451261,0.09858527347666259,0.0,0.4363930043444358,0.292915227804389,0.0,1150.5,0
17340,20,7,7593.65,157,1084.8071428571427,0.26530983124057606,0.11234123247713551,0.10824175462392921,0.1421108426119192,0.31596004556438606,0.056036293482054085,4759.64,1
15279,254,1,290.51,19,290.51,0.4134453202987849,0.0,0.0,0.23407111631269148,0.32356889607930883,0.028914667309214832,0.0,0
14451,94,1,360.0,52,360.0,0.3148611111111111,0.02458333333333334,0.010833333333333334,0.2262222222222222,0.36294444444444446,0.06055555555555556,302.59,0
15065,64,3,2858.75,132,952.9166666666666,0.2034630520332313,0.015111499781372975,0.07933537385220812,0.3440839527765632,0.27689024923480543,0.08111587232181897,299.38,1
16873,27,4,3871.4700000000003,97,967.8675000000001,0.09291044486977813,0.022007144572991653,0.10660033527316498,0.3892655761248311,0.3651429560347878,0.02407354312444627,3252.15,1
14029,44,1,165.20000000000002,6,165.20000000000002,0.0,0.0,0.0,0.0,0.7857142857142857,0.2142857142857143,302.46,0
17054,37,4,1207.32,58,301.83,0.35556439055097244,0.02826094158963655,0.1568432561375609,0.10518338137362092,0.23490872345359973,0.11923930689460956,149.01,0
13658,104,1,933.3,32,933.3,0.11978999249973216,0.0,0.11336119147112397,0.12632594021215043,0.6032358298510662,0.03728704596592736,1705.87,0
17181,273,1,155.52,2,155.52,0.0,0.5092592592592592,0.0,0.49074074074074076,0.0,0.0,84.39999999999999,0
12725,271,1,427.8,24,427.8,0.6127863487611033,0.182328190743338,0.0,0.07398316970546985,0.0,0.13090229079008883,0.0,0
13630,5,5,1361.46,49,272.29200000000003,0.18972279758494556,0.4217384278642046,0.17804415847692917,0.10474049917000866,0.03200975423442481,0.07374436266948717,670.3199999999999,0
18268,33,1,25.5,1,25.5,0.0,0.0,0.0,1.0,0.0,0.0,0.0,0
14387,9,1,440.76,40,440.76,0.10878936382611853,0.06788274798076051,0.2490017242944006,0.10456938016153917,0.3129821217896361,0.15677466194754514,1329.8,0
17438,153,1,388.45000000000005,17,388.45000000000005,0.0,0.0,0.2249967820826361,0.3791993821598661,0.21354099626721584,0.1822628394902819,0.0,0
16713,15,11,3970.77,237,360.9790909090909,0.15997401007864975,0.017626304218073572,0.1532649838696273,0.1737219733200362,0.3885568793961876,0.10685584911742559,2952.36,1
14470,187,1,297.64,35,297.64,0.24324687541997048,0.0,0.07206692648837522,0.05190834565246607,0.41879451686601266,0.21398333557317564,163.55,0
14223,57,2,656.59,35,328.295,0.35760520263787143,0.032897241809957505,0.14529615132731233,0.1787264502962275,0.23430146666869736,0.0511734872599339,334.54,0
16170,12,5,1560.6599999999999,91,312.13199999999995,0.18974023810439175,0.08427844629836095,0.043609754847308196,0.24562685017877053,0.28720541309446007,0.14953929747670858,324.39,0
14220,147,2,632.4,21,316.2,0.6675363693864642,0.03984819734345352,0.0,0.13725490196078433,0.10815939278937382,0.0472011385199241,0.0,0
17026,85,2,154.82999999999998,4,77.41499999999999,0.13175741135438868,0.0,0.0,0.7858942065491185,0.08234838209649294,0.0,0.0,0
14404,8,5,1347.52,64,269.504,0.1678639278081216,0.0,0.21037906672999288,0.10842139634291142,0.47523598907622894,0.0380996200427452,126.79999999999998,0
14976,1,4,559.96,38,139.99,0.26044717479819984,0.015001071505107507,0.04905707550539324,0.17536966926209013,0.4028859204228873,0.09723908850632187,230.9,0
17236,79,5,697.73,62,139.546,0.30574864202485197,0.010462499820847607,0.08842962177346539,0.0756023103492755,0.4768320123830135,0.042924913648546,218.4,0
13898,225,1,155.93,12,155.93,0.3520810620150067,0.0,0.0,0.3023792727505932,0.2578079907650869,0.08773167446931315,0.0,0
12583,6,9,4232.21,84,470.24555555555554,0.10038490528589081,0.02892106015533255,0.19364351012827813,0.09053425987840867,0.2906661058879403,0.29585015866414943,3049.17,1
18172,27,10,5329.32,94,532.932,0.16980027470671682,0.25511697552408186,0.11080212860177284,0.06189532623299033,0.331625798413306,0.07075949652113216,2232.36,1
13837,111,2,271.24,17,135.62,0.3297817431057366,0.2411148798112373,0.007742220911370005,0.3454505235216045,0.018618197905913583,0.057292434744138025,0.0,0
13599,56,8,2313.84,71,289.23,0.23335234934135465,0.07079141167928638,0.08781073885834803,0.18440341596653181,0.3301351865297514,0.09350689762472772,2839.83,1
17961,23,31,1179.62,195,38.052258064516124,0.16965633000457775,0.01609840457096353,0.13261897899323513,0.19689391498957293,0.4038419151930283,0.08089045624862244,116.82,0
16807,42,3,1121.59,57,373.8633333333333,0.11207303916761027,0.0,0.13240132312163982,0.18143885020372866,0.5165969739387833,0.05748981356823796,0.0,0
12778,83,4,492.06,25,123.015,0.27415355850912493,0.0,0.03231313254481161,0.17589318375807828,0.2642563914969719,0.2533837336910133,330.17,0
12462,203,1,762.11,40,762.11,0.26539475928671713,0.10884255553660233,0.12281691619320045,0.07236488170998938,0.1967563737518206,0.23382451352167008,427.48,0
16782,38,9,1642.3500000000001,89,182.48333333333335,0.19673029500410996,0.09340274606508966,0.0436569549730569,0.24750509940024962,0.3675891253386915,0.051115779218802324,637.5500000000001,1
13018,22,17,4788.85,227,281.69705882352946,0.24576255259613478,0.043881098802426466,0.05629326456247324,0.17882163776271964,0.2847113607651106,0.1905300855111352,2488.85,1
17389,21,24,8912.78,37,371.36583333333334,0.252816741802221,0.04436326264083709,0.18013459324700037,0.07772883432554152,0.41466298954983744,0.030293578434562502,22920.899999999998,1
16298,86,1,114.3,7,114.3,0.47506561679790027,0.0,0.3937007874015748,0.0,0.13123359580052493,0.0,483.90000000000003,0
17886,110,2,396.26,44,198.13,0.1848533790945339,0.01892696714278504,0.0459294402664917,0.43418462625548887,0.2555897642961692,0.060515822944531374,503.35,0
13021,66,4,1152.47,48,288.1175,0.18104592744279677,0.03609638428766042,0.15722752002221316,0.26219337596640263,0.3280345692295678,0.035402223051359254,1463.91,0
14731,105,2,251.01999999999998,23,125.50999999999999,0.24141502669110032,0.0,0.22779061429368178,0.11349693251533743,0.4172974264998805,0.0,129.0,0
17293,19,5,867.03,45,173.406,0.3692144447135624,0.17607233890407484,0.17012098773975526,0.07525691152555275,0.10639770250164353,0.10293761461541123,1008.08,0
15709,183,1,133.25,6,133.25,0.14859287054409007,0.28637898686679175,0.0,0.19091932457786118,0.1227016885553471,0.25140712945590993,0.0,0
13379,36,1,136.29,13,136.29,0.2586396654193264,0.0,0.0,0.47325555800132074,0.0,0.26810477657935283,436.27,0
16094,119,1,252.1,16,252.1,0.18802062673542247,0.08092026973423244,0.0654502181673939,0.22491074970249902,0.4406981356604522,0.0,826.13,0
14618,237,1,211.8,5,211.8,0.09631728045325778,0.21246458923512745,0.0,0.35410764872521244,0.3371104815864023,0.0,341.64,0
15555,3,10,2819.94,260,281.994,0.2643105881685426,0.02759633183684759,0.14326191337404343,0.08439541266835465,0.3473407235614942,0.13309503039071752,1985.23,1
13880,45,8,1680.76,69,210.095,0.4081486946381399,0.0768104904923963,0.017730074490111613,0.14591613317784813,0.27500059496894264,0.07639401223256147,1539.01,1
18113,268,1,76.32000000000001,1,76.32000000000001,0.0,0.0,0.0,1.0,0.0,0.0,0.0,0
16493,73,3,782.29,25,260.7633333333333,0.19097777039205407,0.10676347646013627,0.0,0.07209602577049433,0.14527860512086313,0.4848841222564522,569.34,0
15073,85,2,861.96,22,430.98,0.7276439741983387,0.2034433152350457,0.0,0.0,0.0,0.06891271056661562,181.45,0
12405,48,1,1710.39,54,1710.39,0.18322137056460805,0.020276077385859365,0.0,0.1280468197311724,0.42231303971608813,0.24614269260227198,0.0,1
17190,107,1,195.0,1,195.0,0.0,0.0,0.0,0.0,1.0,0.0,249.74,0
17980,65,3,811.45,23,270.48333333333335,0.02686548770719083,0.5894386591903382,0.0046213568303653954,0.2881261938505145,0.007086080473226939,0.08386222194836405,0.0,0
16146,57,3,734.13,26,244.71,0.45723509460177353,0.15283396673613667,0.020840995464018634,0.04086469698827183,0.26158854698759076,0.0666366992222086,0.0,0
17408,63,1,32.65,2,32.65,0.0,0.0,0.0,0.0,1.0,0.0,0.0,0
14060,8,14,4102.78,67,293.05571428571426,0.16179761040075266,0.1386084557300172,0.08132534525370604,0.0527934717435495,0.3953221961694266,0.17015292070254803,2037.64,1
15111,272,1,288.5,16,288.5,0.2620450606585789,0.0,0.20658578856152512,0.35771230502599655,0.11230502599653379,0.06135181975736569,1278.98,0
14315,29,5,1550.15,49,310.03000000000003,0.41612102054639866,0.014708254039931618,0.19140083217753118,0.11140857336386802,0.2663613198722704,0.0,930.98,0
16325,55,2,416.02000000000004,11,208.01000000000002,0.07504446901591269,0.0,0.0,0.37426085284361327,0.42305658381808564,0.12763809432238835,178.22,0
16809,36,3,470.69,61,156.89666666666668,0.29977267415921305,0.0,0.05067029254923623,0.07977649833223564,0.4929146572053793,0.0768658777539357,444.0,0
15691,152,1,136.8,2,136.8,1.0,0.0,0.0,0.0,0.0,0.0,0.0,0
13523,99,3,2369.24,92,789.7466666666666,0.11628201448565786,0.02241225034188179,0.22737249075652952,0.27437490503283757,0.33056169911026323,0.02899664027283011,1595.64,1
13623,110,4,551.92,61,137.98,0.1620705899405711,0.06133135236990869,0.471517611248007,0.08515726916944485,0.19537251775619657,0.024550659515871865,195.86,0
13049,218,1,153.78,7,153.78,0.3921186110027312,0.0,0.0,0.4350370659383535,0.06554818571985954,0.1072961373390558,502.90000000000003,0
15028,268,1,185.97,14,185.97,0.0,0.0,0.4027531322256278,0.0319944077001667,0.5652524600742056,0.0,441.16,0
15235,117,12,2247.51,132,187.29250000000002,0.3112422191669892,0.0583757135674591,0.10046673874643494,0.30540019844183114,0.1544731725331589,0.07004195754412659,0.0,1
13791,27,2,1516.0,7,758.0,0.09564643799472296,0.0,0.0,0.09498680738786279,0.8093667546174143,0.0,0.0,0
13418,24,14,4342.13,173,310.15214285714285,0.13154373544781017,0.02006388569665118,0.2439332769861796,0.253845462940999,0.2241964197294876,0.12641721919887244,1785.3,1
12530,23,3,1221.65,39,407.2166666666667,0.13539066017271723,0.01620758809806409,0.013015184381778741,0.2590349117996153,0.40234109605860924,0.17401055948921537,440.63,0
13059,149,1,183.4,8,183.4,0.0321701199563795,0.02699018538713195,0.04634678298800436,0.3056161395856053,0.5888767720828789,0.0,0.0,0
15203,5,4,1328.32,73,332.08,0.3484250782943869,0.0,0.012752951096121415,0.0694862683690677,0.42084738617200673,0.14848831606841725,499.48,0
17083,9,3,1405.78,24,468.5933333333333,0.046095406109064006,0.0,0.03393134060806101,0.8285649248104255,0.0,0.09140832847244947,0.0,0
18167,5,1,498.48,13,498.48,0.13180067404910925,0.07101588830043333,0.0,0.725565719788156,0.0,0.0716177178623014,886.3800000000001,0
12484,3,3,3523.15,222,1174.3833333333334,0.2317641882974043,0.021531867788768574,0.05012559783148603,0.11598427543533485,0.33653406752480025,0.24406000312220597,878.57,1
16042,7,2,460.28,26,230.14,0.17304684105327195,0.05420613539584601,0.12514121838880682,0.027374641522551497,0.5420179021465196,0.07821326149300427,736.99,0
13663,79,1,189.47,13,189.47,0.06887633926215231,0.0,0.5894336834327335,0.23402121707922097,0.10766876022589328,0.0,0.0,0
16889,94,3,1578.67,112,526.2233333333334,0.14528052094484598,0.01644422203500415,0.14899884079636655,0.2091000652447947,0.28537313054659935,0.1948032204323893,0.0,0
15210,125,1,331.18,20,331.18,0.2903858928679268,0.3190410048915997,0.035932121504921796,0.12470559816414034,0.19913642128147835,0.030798961289932963,0.0,0
12360,12,2,1618.28,63,809.14,0.2683095632399832,0.0,0.0,0.2729811899053316,0.23324764564846626,0.22546160120621897,1043.78,0
16712,8,7,2017.06,147,288.15142857142854,0.1514035279069537,0.005056864942044361,0.1934697034297443,0.21547698134909224,0.30899923651254796,0.12559368585961747,1628.3700000000001,1
12818,161,1,1542.08,14,1542.08,0.3921975513592032,0.0,0.0,0.14435048765304007,0.23000103755965967,0.23345092342809712,0.0,0
14224,10,4,1050.12,105,262.53,0.18798803946215673,0.035900658972307924,0.04389022206985869,0.40296347084142764,0.2833580924084867,0.0458995162457624,0.0,0
14443,38,3,991.52,58,330.50666666666666,0.31748224947555265,0.11219138292722286,0.03893012748103922,0.1147732773922866,0.2620723737292239,0.15455058899467486,428.68,0
14870,161,1,327.25,13,327.25,0.4258212375859434,0.031168831168831165,0.0,0.1964858670741024,0.346524064171123,0.0,0.0,0
17889,112,2,203.87,20,101.935,0.1422475106685633,0.1427380193260411,0.26708196399666456,0.3440918232206799,0.10384068278805121,0.0,0.0,0
17888,61,4,307.05,32,76.7625,0.13424523693209575,0.09802963686695977,0.22794333170493403,0.033545025240188896,0.21582804103566192,0.29040872822015956,419.0,0
17248,20,1,318.65,68,318.65,0.1432292483916523,0.0,0.046289031853130394,0.23323395575082378,0.47158324180134953,0.1056645222030441,0.0,0
17707,85,2,152.4,3,76.2,0.0,0.0,0.0,1.0,0.0,0.0,0.0,0
15108,41,4,1300.25,50,325.0625,0.2791770813305134,0.0,0.05945010574889445,0.12612959046337244,0.32378388771390115,0.21145933474331863,0.0,0
16681,44,4,1332.68,15,333.17,0.0,0.0,0.21353963442086624,0.3540985082690518,0.3749137077167812,0.05744814959330072,437.65999999999997,0
17245,104,1,171.45,9,171.45,0.38495188101487315,0.0,0.2204724409448819,0.0,0.1041119860017498,0.2904636920384952,0.0,0
17444,47,3,2940.04,132,980.0133333333333,0.12461735214486877,0.00673460225030952,0.053716956231888005,0.2159562454932586,0.2624896259914831,0.33648521788819197,0.0,1
15301,13,9,3747.8,130,416.4222222222222,0.2865921340519772,0.021612679438603982,0.08276588932173541,0.36805859437536687,0.1475505629969582,0.09342013981535834,1322.55,1
13838,17,3,479.59,106,159.86333333333332,0.2056548301674347,0.0,0.16718447006818327,0.1738568360474572,0.3175629183260702,0.13574094539085468,212.14,0
16258,27,4,3741.06,72,935.265,0.35713407429979743,0.0,0.16075657701293217,0.21989756913815872,0.16157185396652288,0.1006399255825889,1462.45,1
13925,21,2,496.05,25,248.025,0.25086180828545507,0.0,0.0,0.26279608910392094,0.4194133655881463,0.06692873702247758,182.2,0
13192,105,1,464.32,33,464.32,0.20905840799448658,0.24181598897312198,0.034243625086147485,0.10822277739490008,0.32886802205375604,0.07779117849758788,447.62,0
16449,97,2,707.69,40,353.845,0.5855529963684664,0.08647854286481368,0.14144611341123936,0.08478288516158206,0.054402351312015144,0.047337110881883304,0.0,0
15482,65,4,2103.5,17,525.875,0.05562158307582601,0.15516995483717613,0.166009032564773,0.26481578321844546,0.31749940575231755,0.04088424055146185,8951.46,1
12913,182,3,866.39,12,288.7966666666667,0.03291820081025866,0.0176594836043814,0.0,0.18158104317916873,0.41465160031856324,0.35318967208762797,1617.24,0
13225,43,5,4299.56,15,859.912,0.31794881336694913,0.11320228116365394,0.15699280856645795,0.1216403538966778,0.2902157430062611,0.0,2164.28,1
14702,16,9,1687.7,106,187.52222222222224,0.1691355098654974,0.07021390057474669,0.06502932985720211,0.23674231202227883,0.2647686200154056,0.19411032766486935,1604.44,1
14133,29,3,605.64,25,201.88,0.44609008652004484,0.10818307905686549,0.03285780331550096,0.18426788191004556,0.16544481870418068,0.06315633049336239,0.0,0
17898,107,1,99.84,20,99.84,0.1521434294871795,0.08333333333333333,0.11268028846153846,0.1532451923076923,0.10376602564102563,0.3948317307692308,52.22,0
17891,61,1,203.85999999999999,34,203.85999999999999,0.3257137251054646,0.014470715196703622,0.024722849014029238,0.01030118708917885,0.0061316589816540765,0.6186598646129697,0.0,0
15480,16,1,905.5,45,905.5,0.12037548315847597,0.0,0.035118718939812256,0.5309221424627277,0.2457758144671452,0.06780784097183877,0.0,0
16929,27,2,428.88,23,214.44,0.2915500839395635,0.0,0.0,0.26753404215631416,0.44091587390412235,0.0,866.51,0
15489,111,1,348.26,23,348.26,0.23947625337391606,0.13955091023947627,0.13825877218170332,0.12619881697582266,0.10526618043990121,0.2512490667891805,786.02,0
16023,92,2,500.69,59,250.345,0.25772434041023384,0.0,0.03115700333539715,0.28290958477301326,0.31276837963610216,0.11544069184525355,219.12,0
12949,14,7,3449.42,144,492.7742857142857,0.294490088188739,0.1112071014837277,0.030628337517611657,0.19086687037241043,0.2365933983104406,0.13621420412707064,717.8,1
17974,119,1,172.77,18,172.77,0.24552873762806043,0.04341031429067546,0.09145106210568964,0.26046188574405277,0.16409098801875324,0.19505701221276842,568.02,0
14644,198,1,187.50000000000003,8,187.50000000000003,0.3519999999999999,0.0,0.0,0.648,0.0,0.0,643.26,0
15218,16,8,3865.35,68,483.16875,0.06874409820585459,0.09786435898430931,0.3759193863427633,0.16054691037034163,0.2392202517236473,0.05770499437308394,1891.54,1
13285,61,3,1970.1,122,656.6999999999999,0.22793259225420032,0.02040505558093498,0.07138723922643522,0.152895792091772,0.4091213643977463,0.11825795644891123,739.02,1
16614,82,1,506.19,26,506.19,0.35310851656492626,0.0,0.47887156996384755,0.0,0.16801991347122625,0.0,0.0,0
16766,173,2,1145.6,17,572.8,0.3175628491620112,0.0,0.15136173184357543,0.4095670391061453,0.06075418994413408,0.06075418994413408,0.0,0
16836,16,1,91.32000000000001,2,91.32000000000001,0.0,0.164257555847569,0.0,0.835742444152431,0.0,0.0,160.55,0
16374,162,1,156.3,26,156.3,0.3366602687140115,0.08477287268074216,0.11164427383237363,0.07856685860524633,0.3534868841970569,0.034868841970569414,316.73,0
14499,33,2,370.96000000000004,71,185.48000000000002,0.338311408238085,0.17514017683847313,0.03728164761699374,0.13052620228596074,0.2959887858529221,0.022751779167565232,444.36,0
17659,9,8,1550.55,68,193.81875,0.13539711715197833,0.09921640708135823,0.1819031956402567,0.026764696398052304,0.39214472284028246,0.164573860888072,1346.43,0
14034,57,2,473.90999999999997,23,236.95499999999998,0.6272498997699986,0.0,0.28813487793040876,0.0,0.0,0.08461522229959276,177.91,0
15457,162,1,237.07,56,237.07,0.7426920318893154,0.042181634116505676,0.0,0.028135149955709284,0.17454760197410046,0.012443582064369175,0.0,0
16144,146,1,175.2,1,175.2,0.0,0.0,0.0,0.0,1.0,0.0,0.0,0
14116,21,1,319.97,17,319.97,0.08450792261774541,0.0,0.14563865362377723,0.09375878988655185,0.5120167515704597,0.16407788230146575,1062.77,0
14265,9,2,530.18,31,265.09,0.06394054849296466,0.03825115998340187,0.03847749820815572,0.19814025425327247,0.3071598325097137,0.35403070655249164,0.0,0
17652,44,6,2713.57,101,452.2616666666667,0.257472628308833,0.06771522385639582,0.03108819746680572,0.26264293900654856,0.3380749344958855,0.04300607686553138,2154.15,1
17259,48,2,603.37,104,301.685,0.1494936771798399,0.17001176724066494,0.06480269154913237,0.08742562606692411,0.3441172083464541,0.1841490296169846,0.0,0
14099,20,8,2309.92,143,288.74,0.43556053889312185,0.09325864099189582,0.04874194777308305,0.10697340167624853,0.26443340029091916,0.05103207037473159,794.25,1
15288,55,4,2006.3600000000001,74,501.59000000000003,0.23131442014394227,0.0,0.31649355050938016,0.17835782212564047,0.25828365796766284,0.015550549253374266,300.15999999999997,1
12597,83,2,1428.81,72,714.405,0.14953002848524297,0.01924678578677361,0.09332241515666884,0.15189563342921736,0.29611354903731074,0.2898915881047865,2382.41,0
17862,223,1,330.9,11,330.9,0.0,0.0,0.02568751888788154,0.7503777576307042,0.22393472348141433,0.0,0.0,0
13340,5,5,9229.54,111,1845.9080000000001,0.2741642595405621,0.044335904064557924,0.13164253039696452,0.27401148919664464,0.18057346303282718,0.09527235376844348,1506.94,1
14930,8,3,2372.86,116,790.9533333333334,0.25753731783586054,0.04690542214879934,0.25403942921200573,0.13898839375268662,0.22340972497323902,0.0791197120774087,0.0,1
13573,153,1,31.770000000000003,3,31.770000000000003,0.0,0.0,0.0,0.013220018885741263,0.7082152974504249,0.2785646836638338,262.63,0
14475,86,2,622.17,23,311.085,0.18588167221177493,0.07361332111802242,0.38221064982239583,0.13141102913994568,0.2129000112509443,0.01398331645691692,303.68,0
13928,6,2,225.45000000000002,13,112.72500000000001,0.26879574184963406,0.25282767797737854,0.0,0.0658682634730539,0.35253936571301836,0.05996895098691505,239.12,0
13173,267,1,165.94,23,165.94,0.1869350367602748,0.06653007111003977,0.1807882367120646,0.32662408099313006,0.23158973122815477,0.007532843196336026,187.71,0
13302,54,1,63.75,1,63.75,0.0,0.0,0.0,1.0,0.0,0.0,0.0,0
14350,174,1,282.93,18,282.93,0.3819319266249602,0.12511928745626127,0.06998197433994273,0.0,0.42296681157883576,0.0,0.0,0
14311,142,1,310.26,20,310.26,0.2630696834912654,0.057048926706633155,0.18951846838135758,0.27280345516663446,0.21755946625410946,0.0,0.0,0
13221,140,2,847.41,62,423.705,0.2090251472132734,0.04006325155473738,0.04094830129453276,0.3127765780436861,0.2905913312328153,0.10659539066095515,0.0,0
13461,38,2,884.2,12,442.1,0.12949558923320514,0.0,0.0,0.21929427731282514,0.5840307622709794,0.06717937118299026,560.8,0
17457,26,5,1737.7,14,347.54,0.14740173792944697,0.6042469931518674,0.04505956148932497,0.046693905737469066,0.034384531276975314,0.12221327041491627,0.0,1
15256,48,1,98.45,6,98.45,0.5119349923819198,0.0,0.0,0.4880650076180802,0.0,0.0,0.0,0
14129,160,1,358.90000000000003,16,358.90000000000003,0.36779047088325434,0.0,0.0,0.3477291724714405,0.23516299804959598,0.04931735859570911,764.96,0
15757,117,1,261.36,16,261.36,0.24808692990511172,0.0573921028466483,0.09595959595959595,0.0,0.4989286807468626,0.09963269054178145,453.06,0
14373,258,1,76.55,4,76.55,0.13324624428478118,0.2077073807968648,0.0,0.32593076420640105,0.333115610711953,0.0,0.0,0
17436,126,1,122.39999999999999,4,122.39999999999999,1.0,0.0,0.0,0.0,0.0,0.0,93.89999999999999,0
17893,125,1,112.25,15,112.25,0.014699331848552337,0.0,0.028953229398663696,0.028953229398663696,0.37737193763919824,0.550022271714922,0.0,0
12535,86,1,371.45,18,371.45,0.1627406111185893,0.0,0.0936869026786916,0.41634136492125456,0.19989231390496703,0.1273388073764975,344.9,0
13644,5,1,851.09,48,851.09,0.6289816588139915,0.017624458047915025,0.0,0.2055011808386892,0.03524891609583005,0.11264378620357424,1773.17,0
17812,268,1,217.54999999999998,27,217.54999999999998,0.3976097448862331,0.2785566536428407,0.0,0.17513215352792463,0.08871523787635026,0.05998621006665134,514.61,0
15835,37,3,675.51,32,225.17,0.2618021938979438,0.0,0.04441088955011769,0.08420304658702313,0.5946618110760759,0.014922058888839544,278.58,0
14243,40,7,1990.78,86,284.39714285714285,0.28617426335406226,0.06550196405429028,0.17812113844824642,0.2723656054410834,0.16158992957534232,0.03624709912697535,597.99,1
15535,73,4,536.4,55,134.1,0.41806487695749445,0.04697986577181209,0.3173937360178971,0.015846383296047727,0.18698732289336317,0.014727815063385535,0.0,0
13802,38,3,4599.42,55,1533.14,0.10480451883063517,0.025385809515112774,0.13479525679324786,0.4020072096046893,0.2475355588313309,0.08547164642498402,0.0,1
12541,73,2,536.14,27,268.07,0.30859477002275526,0.0,0.0,0.20477860260379754,0.19024881560786364,0.29637781176558364,445.03999999999996,0
13495,132,3,1072.43,20,357.4766666666667,0.2781533526663745,0.33778428428895124,0.027973853771341716,0.24616991318780712,0.009399214867170817,0.10051938121835459,972.44,0
17746,140,1,110.25,6,110.25,0.654421768707483,0.0,0.0,0.1142857142857143,0.23129251700680273,0.0,0.0,0
17677,26,18,10083.73,121,560.2072222222222,0.1560315478498532,0.04948367320426073,0.07899259500204785,0.23910398235573543,0.43934833637949455,0.03703986520860832,4678.88,1
18149,115,2,549.68,9,274.84,0.6054977441420463,0.05366758841507787,0.0,0.1610027652452336,0.17983190219764228,0.0,62.400000000000006,0
13466,84,1,307.9,17,307.9,0.24397531666125363,0.14576161091263395,0.0,0.0,0.27898668398830795,0.33127638843780455,0.0,0
12977,56,1,39.239999999999995,9,39.239999999999995,0.05963302752293578,0.0,0.0,0.21661569826707444,0.7237512742099899,0.0,0.0,0
12785,264,1,311.95,14,311.95,0.09296361596409682,0.0,0.0,0.1154031094726719,0.49190575412726395,0.2997275204359673,0.0,0
17179,78,3,711.79,56,237.26333333333332,0.030683207125697186,0.0,0.018544795515531266,0.6250158052234508,0.2530521642619312,0.07270402787338963,0.0,0
12417,6,7,2816.52,132,402.36,0.1540376066919461,0.004438100918864415,0.07139306662122051,0.2938981438086717,0.26473804553136493,0.21149503642793233,832.58,1
14085,41,12,3248.19,228,270.6825,0.2734045730083523,0.05695171772587195,0.1480455268934391,0.12851157105957473,0.24757788183573007,0.1455087294770318,1200.35,1
13885,89,2,506.8,28,253.4,0.4127861089187056,0.1195737963693765,0.069258089976322,0.1535122336227309,0.244869771112865,0.0,0.0,0
13706,202,1,330.79,20,330.79,0.3995586323649445,0.10701653617098462,0.12062033314187248,0.0,0.2730433205356873,0.09976117778651107,0.0,0
14487,268,1,125.10000000000001,13,125.10000000000001,0.22621902478017586,0.0,0.0,0.33253397282174263,0.4412470023980815,0.0,1071.23,0
14326,142,1,183.85,8,183.85,0.41909165080228455,0.16317650258362795,0.0,0.09137884144683166,0.3263530051672559,0.0,0.0,0
12352,162,5,1561.81,26,312.36199999999997,0.1362265576478573,0.021769613461304512,0.0,0.07910693362188743,0.711674275359999,0.05122261990895179,944.23,0
15146,64,2,1327.16,90,663.58,0.18743783718617196,0.07477621387021911,0.03567015280749872,0.15790108200970493,0.33213779800476206,0.21207691612164317,0.0,0
16461,77,1,151.42,31,151.42,0.12732796196011098,0.03625676925108969,0.1509047681944261,0.09906221106855106,0.4771496499801876,0.10929863954563467,0.0,0
18016,86,3,488.76,49,162.92,0.21216957197806696,0.04623946313118914,0.3097839430395286,0.2137040674359604,0.21810295441525493,0.0,994.8,0
16781,272,1,311.25,17,311.25,0.16,0.0,0.21012048192771085,0.2321285140562249,0.3977510040160642,0.0,0.0,0
14239,30,7,1415.54,63,202.22,0.2056317730336126,0.09830877262387498,0.14093561467708438,0.17639911270610512,0.2955056021023779,0.08321912485694506,965.3100000000001,0
13812,5,1,278.74,20,278.74,0.11602209944751382,0.0,0.0,0.2609600344406974,0.24417019444643753,0.3788476716653512,260.26,0
13533,82,3,270.79,61,90.26333333333334,0.346726245430038,0.030687987000997074,0.08807563056242845,0.2004874626094021,0.21991210901436534,0.11411056538276892,0.0,0
15358,20,15,5639.81,240,375.98733333333337,0.1461379018087489,0.0035107565680404127,0.08286094744326493,0.1548314570880934,0.29594614002953995,0.31671279706231237,2707.39,1
16546,190,2,787.15,25,393.575,0.4753223654957759,0.0,0.0,0.06402845709204091,0.2891443816299308,0.17150479578225244,0.0,0
17027,79,4,655.88,95,163.97,0.2470116484722815,0.0,0.1173995243032262,0.14019332804781362,0.19848142952979206,0.29691406964688666,234.41,0
16557,37,1,101.15,6,101.15,0.0,0.0,0.18388531883341572,0.24715768660405338,0.5689569945625308,0.0,180.7,0
16242,65,3,846.59,60,282.19666666666666,0.2504872488453679,0.0,0.19436799395220827,0.11640817869334624,0.42846005740677306,0.010276521102304538,2756.62,0
14368,219,1,155.0,8,155.0,0.14516129032258066,0.0,0.20451612903225805,0.0,0.6503225806451612,0.0,0.0,0
13328,216,1,1308.48,17,1308.48,0.32877842993396916,0.0,0.045854732208363905,0.3452861335289802,0.2649486426999266,0.015132061628760086,0.0,0
12423,91,6,1451.69,79,241.94833333333335,0.24635424918543214,0.06834792552128897,0.04203376753990177,0.2284578663488761,0.2171469115306987,0.19765927987380225,208.64000000000001,0
13842,55,7,2165.27,96,309.32428571428574,0.4149967440550139,0.0666891426935209,0.14600950458834236,0.07324721628249595,0.23793337551437005,0.06112401686625686,1220.35,1
15850,68,1,118.88,41,118.88,0.08100605652759084,0.0,0.0035329744279946162,0.03532974427994617,0.5586305518169583,0.3215006729475101,119.97,0
17329,215,1,243.36,16,243.36,0.5636094674556212,0.0,0.19312952005259695,0.1039612097304405,0.13929980276134124,0.0,279.75,0
15562,251,1,134.55,1,134.55,0.0,0.0,0.0,0.0,1.0,0.0,0.0,0
13805,29,1,500.24,6,500.24,0.6756756756756757,0.0,0.0,0.0,0.0,0.32432432432432434,424.36,0
14304,122,1,383.45,17,383.45,0.1169644021384796,0.0,0.38336158560438127,0.1709479723562394,0.2364063111227018,0.09231972877819795,0.0,0
14403,30,4,1475.81,17,368.9525,0.24881251651635372,0.0,0.07927849790962252,0.010062270888529012,0.6311110508805335,0.030735663804961344,0.0,0
16833,159,3,671.29,32,223.76333333333332,0.13675162746354036,0.052734287714698576,0.2022374830550135,0.12379150590653816,0.3776311281264431,0.10685396773376632,435.24,0
15716,45,4,1118.81,101,279.7025,0.4609719255280164,0.14283032865276502,0.06784887514412635,0.1043966357111574,0.14476095136797135,0.07919128359596359,0.0,0
14051,12,15,8687.44,42,579.1626666666667,0.05262770160139236,0.0,0.2501887782822097,0.268329910767729,0.4079268461134696,0.02092676323519932,6922.95,1
17175,40,3,1132.6299999999999,42,377.5433333333333,0.46797277133750653,0.015309500896144374,0.01986526932890706,0.051870425469923986,0.2993033912221997,0.14567864174531847,311.06,0
13027,13,6,6912.0,6,1152.0,0.18055555555555555,0.0,0.0,0.2361111111111111,0.5833333333333334,0.0,0.0,1
16913,190,1,113.44,8,113.44,0.35252115655853317,0.0,0.5289139633286319,0.0,0.10754583921015515,0.011019040902679831,0.0,0
16571,76,2,896.79,54,448.395,0.26273709564112,0.028100224132740107,0.06835491029114954,0.11150882592357185,0.22988659552403573,0.2994123484873828,524.9,0
12373,211,1,364.6,14,364.6,0.0,0.0,0.0,0.17196928140427867,0.7183214481623696,0.10970927043335162,0.0,0
13539,140,2,315.65,21,157.825,0.13914145414224618,0.0560747663551402,0.20148899097101222,0.3578330429272929,0.09656264850308886,0.1488990971012197,315.69,0
12402,223,1,225.6,11,225.6,0.13031914893617022,0.0,0.0,0.0,0.6582446808510638,0.21143617021276598,0.0,0
17937,14,5,3614.52,19,722.904,0.0,0.0,0.0,0.35974901231698814,0.5957637528634507,0.04448723481956111,686.7,1
17515,106,3,571.37,47,190.45666666666668,0.5139751824562018,0.0,0.09862260881740377,0.10667343402698777,0.26340199870486725,0.01732677599453944,67.65,0
13238,63,2,318.85,14,159.425,0.07997490983220949,0.0,0.062411792378861526,0.1263917202446291,0.7312215775442998,0.0,381.88,0
16726,96,4,795.19,71,198.7975,0.19353865113997912,0.026283026698021853,0.27559451200342056,0.1297174260239691,0.26230209132408605,0.11256429281052326,586.83,0
13969,7,11,3911.35,221,355.5772727272727,0.22572257660398584,0.011093356513735667,0.10061743387832846,0.133639280555307,0.43622534419062475,0.09270200825801833,5142.59,1
15601,22,11,5585.46,200,507.7690909090909,0.08804109240778736,0.08985831068524348,0.18189012185209455,0.17952147182147934,0.3718726837180823,0.08881631951531296,1191.1,1
15687,86,5,1679.45,69,335.89,0.28116347613802134,0.0,0.03786954062341838,0.33549674000416807,0.29545386882610375,0.050016374408288426,1313.65,1
13263,7,23,4870.68,358,211.76869565217393,0.3178857982868922,0.04952491233256958,0.048110325457636306,0.22109849138108026,0.28413075792291836,0.07924971461890332,2583.39,1
17381,19,23,16875.65,40,733.7239130434783,0.04494049118108043,0.06506416049159587,0.015402073401617122,0.08861525333838992,0.6649349802822409,0.12104304130507565,3399.96,1
15334,56,3,351.67,67,117.22333333333334,0.36178803992379216,0.09725026303068218,0.044786305343077315,0.09582847555947338,0.30508715557198507,0.09525976057098984,0.0,0
18147,8,1,98.88,4,98.88,0.3033980582524272,0.0,0.0,0.0,0.6966019417475728,0.0,80.46,0
12738,271,1,155.35,11,155.35,0.14901834567106534,0.0,0.0,0.21628580624396526,0.39137431606050854,0.24332153202446088,0.0,0
13720,16,4,799.9,42,199.975,0.3587948493561695,0.22002750343792976,0.024753094136767097,0.06225778222277784,0.2827853481685211,0.051381422677834736,0.0,0
14817,100,2,1110.34,52,555.17,0.31421006178287736,0.06655618999585713,0.10582344146837906,0.09109822216618334,0.4044797089179891,0.017832375668714085,0.0,0
16871,110,4,2037.82,104,509.455,0.3012434856856837,0.03224033526022907,0.18338224180742166,0.11934321971518583,0.2550176168650813,0.1087731006663984,774.52,1
12598,61,4,1584.3799999999999,45,396.09499999999997,0.09214961057322107,0.0,0.1261061109077368,0.22753379870990548,0.3839104255292291,0.1703000542799076,1438.7,0
15299,64,5,3035.01,5,607.0020000000001,0.19769292358180038,0.4306938033153103,0.0,0.0,0.3716132731028892,0.0,1472.0,1
17562,9,4,661.1,35,165.275,0.37649372258357283,0.015731356829526547,0.0,0.10875813038874603,0.40471940704885795,0.09429738314929663,461.28000000000003,0
13448,118,4,1423.26,65,355.815,0.35410255329314394,0.026137178027907763,0.10504054073043576,0.3078566108792491,0.15248092407571348,0.05438219299355002,2116.11,0
17238,36,11,1959.92,212,178.17454545454547,0.16943548716274132,0.0215978203191967,0.05382362545410016,0.3211355565533287,0.37686742316012894,0.0571400873505041,1784.73,1
18260,72,6,2643.2000000000003,86,440.53333333333336,0.25146035108958836,0.1481537530266344,0.03176074455205811,0.18473062953995156,0.23732975181598062,0.14656476997578693,0.0,1
14700,89,2,1557.6,56,778.8,0.026296866974833077,0.022149460708782744,0.0,0.36684643040575243,0.4630521314843349,0.12165511042629688,677.6999999999999,0
13317,98,5,1313.98,56,262.796,0.2205360812188922,0.07876832219668488,0.1128251571561211,0.3371436399336367,0.24128982176288832,0.009436977731776739,959.7,0
18150,40,2,413.28,22,206.64,0.10307781649245065,0.0,0.2177700348432056,0.03629500580720093,0.6181765389082462,0.02468060394889663,153.3,0
15434,7,3,587.28,32,195.76,0.17853494074376788,0.016959542296689823,0.05619125459746629,0.22757458111973847,0.2454025337147528,0.2753371475275848,454.20000000000005,0
15547,10,8,2770.71,236,346.33875,0.34106781294325283,0.13746656994055675,0.14081589195549155,0.15300771282451067,0.16392910120510626,0.06371291113108192,2184.13,1
16014,52,2,529.9300000000001,115,264.96500000000003,0.2171796274979714,0.030192666956013053,0.08633215707734983,0.16332345781518312,0.3690864831204121,0.13388560753307038,132.45000000000002,0
12559,210,2,561.71,21,280.855,0.24959498673692826,0.0,0.22057645404212137,0.16983852877819516,0.15160848124477042,0.20838154919798474,0.0,0
18236,29,4,641.19,31,160.2975,0.05333832405371263,0.0,0.08983296682730547,0.29874140270434657,0.36859589201328774,0.18949141440134748,241.05,0
15897,94,2,222.05,17,111.025,0.1043008331456879,0.49763566764242284,0.1114613825714929,0.11258725512272011,0.05408691736095474,0.11992794415672145,0.0,0
14066,166,1,152.55,7,152.55,0.3510324483775811,0.0,0.23402163225172073,0.2989183874139626,0.11602753195673551,0.0,0.0,0
18232,57,3,500.62,29,166.87333333333333,0.3695417682074228,0.0353561583636291,0.10934441292796931,0.2642723023450921,0.13878790300027966,0.08269745515560704,92.35000000000001,0
12656,16,3,2820.67,51,940.2233333333334,0.23079622926467824,0.014039217632690105,0.018612599134248245,0.2566588789188384,0.35864528640358495,0.12124778864596,1230.5,1
14346,20,2,1021.58,55,510.79,0.17716674171381586,0.056148319270150154,0.08081599091603203,0.15559231778225888,0.4766342332465397,0.053642397071203426,0.0,0
14088,28,7,25507.89,232,3643.9842857142858,0.13694939095315214,0.03489782965192338,0.1909413126683548,0.2718747022979949,0.33125005635511207,0.034086708073462764,24983.920000000002,1
13569,267,1,118.32,23,118.32,0.2421399594320487,0.0,0.10649087221095335,0.41328600405679516,0.1911764705882353,0.04690669371196755,255.43,0
13397,10,4,1228.19,22,307.0475,0.35731442203567854,0.0,0.4519170486651088,0.14492871624097248,0.04583981305824017,0.0,315.94,0
12643,28,6,3344.64,11,557.4399999999999,0.3960964408725603,0.0,0.0,0.07893226176808267,0.19040614236509762,0.3345651549942595,0.0,1
12842,208,1,310.73,14,310.73,0.1959900878576256,0.0,0.42062240530363976,0.0,0.20323110095581373,0.18015640588292087,808.26,0
16883,87,2,276.73,33,138.365,0.03920789216926246,0.07498283525458027,0.20977125718209083,0.13327069706934558,0.3411267300256568,0.20164058829906403,0.0,0
17855,272,1,208.97,17,208.97,0.1808872086902426,0.0,0.0,0.0,0.43838828539981817,0.3807245059099392,0.0,0
14215,86,4,1098.27,58,274.5675,0.10573902592258734,0.030957779052509855,0.08058127782785655,0.3541387819024466,0.3023846595099566,0.1261984757846431,691.45,0
18102,26,26,130537.23,54,5020.662692307692,0.04141776258007007,0.0,0.4718866793787489,0.006368757786571693,0.33291008243395387,0.14741671782065546,129120.07,1
18037,54,6,70.02,19,11.67,0.05784061696658098,0.0,0.0,0.15424164524421596,0.7400742644958583,0.04784347329334476,0.0,0
16923,52,13,4398.54,202,338.34923076923076,0.3141837973509392,0.045515102738636,0.04779767832053364,0.3565433075520514,0.2110450285776644,0.024915085460175422,2849.07,1
14229,191,2,762.13,23,381.065,0.42923123351659165,0.0,0.02086258249904872,0.01968168160287615,0.5302245023814834,0.0,785.0699999999999,0
16839,9,22,10869.28,97,494.0581818181818,0.21678160834940305,0.21780835529124284,0.01809687486199638,0.2028441626308274,0.3348639468299648,0.009605052036565438,5725.07,1
16256,166,1,752.4300000000001,13,752.4300000000001,0.27961405047645627,0.0,0.0,0.017543160161078108,0.1124357083050915,0.590407081057374,0.0,0
14522,98,1,278.63,7,278.63,0.004522126117072821,0.23256648602088792,0.4845135125435165,0.27391163909126803,0.0,0.004486236227254782,695.91,0
12365,191,2,641.38,22,320.69,0.1821852879728086,0.0154354672736911,0.0,0.16572078954753816,0.6095294521188687,0.027129003087093453,0.0,0
18241,6,10,1205.78,44,120.578,0.11370233375906053,0.08807576838229197,0.13538954038050058,0.2845875698717843,0.25210237356731746,0.12614241403904528,867.3100000000001,0
13280,22,3,814.86,67,271.62,0.1784355594826105,0.006258743833296517,0.047308740151682495,0.42160616547627816,0.26469577596151483,0.08169501509461748,0.0,0
13497,182,2,348.05,19,174.025,0.3917540583249533,0.09998563424795287,0.0,0.14480678063496624,0.16980318919695445,0.1936503375951731,0.0,0
17700,113,2,1125.57,57,562.785,0.26956120010305895,0.15831978464244784,0.06059152251748004,0.07183027266185132,0.2585800971951989,0.18111712287996307,1409.07,0
17750,12,4,1079.72,87,269.93,0.12586596525025007,0.02000518652984107,0.4466528359204238,0.0682399140517912,0.2826751379987404,0.056560960248953435,717.85,0
15005,8,19,4327.08,273,227.74105263157895,0.30071087199682006,0.028728380339628577,0.10612468454477383,0.14851123621472218,0.35551457333814024,0.06041025356591512,1989.49,1
14036,184,1,626.65,38,626.65,0.3219181361206416,0.047873613659937767,0.12367350195483923,0.21365993776430228,0.25218223888933217,0.0406925716109471,0.0,0
17611,23,9,2724.25,389,302.69444444444446,0.1719262182251996,0.13226392585115168,0.13694778379370467,0.15238689547581902,0.27091125997981097,0.13556391667431403,1259.97,1
16498,61,2,100.97,15,50.485,0.36842626522729527,0.0,0.17529959393879369,0.3449539467168466,0.03406952560166387,0.07725066851540062,0.0,0
13743,7,5,912.1199999999999,8,182.42399999999998,0.16787264833574533,0.0,0.13024602026049203,0.0,0.603210103933693,0.09867122747006973,429.47999999999996,0
12712,6,11,3913.08,54,355.73454545454547,0.027914072801987183,0.03940629887454383,0.22769787481983503,0.04962842569024912,0.4914287466650311,0.16392458114835373,483.05,1
16031,147,1,305.63,39,305.63,0.35094722376730036,0.04613421457317671,0.16290940025521056,0.0660929882537709,0.2625723914537186,0.11134378169682296,243.31,0
15513,6,15,8928.87,145,595.258,0.16366348709299158,0.07819802505804206,0.1731831687548368,0.13188678970575224,0.30023508013892014,0.1528334492494571,5829.35,1
16774,16,3,542.2,20,180.73333333333335,0.2850424197713021,0.13168572482478788,0.0,0.2921431206196975,0.09784212467724086,0.1932866101069716,119.32,0
18212,226,1,248.42,30,248.42,0.37162869334192095,0.1425006038161179,0.03200225424684003,0.061589244022220435,0.3170034618790758,0.07527574269382498,0.0,0
16395,68,3,967.25,87,322.4166666666667,0.09207547169811321,0.006461617989144482,0.0781080382527785,0.08503489273714138,0.3820522098733523,0.3562677694494702,519.65,0
16048,273,2,256.44,8,128.22,0.7159569489939168,0.0,0.0,0.21619092185306507,0.06785212915301825,0.0,0.0,0
15312,3,3,794.8,33,264.93333333333334,0.24974836436839457,0.19174635128334175,0.0192501258178158,0.14204831404126825,0.12413185707096125,0.27307498741821845,130.05,0
17368,73,5,1614.87,53,322.974,0.09040975434555104,0.0020435081461665644,0.09161728188646764,0.03830029661830364,0.5120536018379188,0.2655755571655923,297.8,0
14189,13,10,2906.96,119,290.696,0.19863706414948948,0.052673583399840386,0.23318518314665493,0.09454550458210641,0.20132715964443956,0.21963150507746926,1747.12,1
13141,114,4,1401.03,77,350.2575,0.1510817041747857,0.1026530481146014,0.03354674774986974,0.29356973084088134,0.3044759926625411,0.11467277645732069,987.72,0
14030,21,6,1657.5,147,276.25,0.1772730015082956,0.002986425339366516,0.1663710407239819,0.28791553544494725,0.3014600301659125,0.06399396681749624,702.59,1
18235,20,2,749.8,49,374.9,0.2208188850360096,0.08722325953587624,0.016804481194985333,0.18524939983995733,0.42908775673512944,0.06081621765804215,1046.68,0
17242,8,2,1135.04,30,567.52,0.02907386523822949,0.0,0.0,0.5863229489709614,0.35293910346771923,0.03166408232308993,0.0,0
13474,136,1,229.59,59,229.59,0.37710701685613485,0.018293479681170784,0.01633346400104534,0.1879437257720284,0.3123829435079925,0.08793937018162812,0.0,0
17858,16,9,3656.25,65,406.25,0.13846153846153847,0.0,0.08195555555555556,0.2258324786324786,0.5530529914529915,0.0006974358974358973,1499.41,1
14483,181,1,137.1,9,137.1,0.5689277899343546,0.0,0.0,0.17067833698030635,0.05470459518599562,0.20568927789934358,0.0,0
14389,90,1,311.14,19,311.14,0.3866426688950312,0.0,0.0,0.10702577617792633,0.4901330590730861,0.01619849585395642,732.32,0
14825,27,7,1339.3700000000001,68,191.33857142857144,0.24671300686143482,0.09370076976488946,0.0059356264512420015,0.08929571365642056,0.41913735562241944,0.14521752764359364,887.54,0
17714,220,1,153.0,10,153.0,0.4098039215686275,0.296078431372549,0.0,0.09803921568627451,0.19607843137254902,0.0,0.0,0
15044,36,13,5202.28,147,400.1753846153846,0.18461905164658574,0.05598506808553173,0.22018422691589074,0.14837724997501095,0.3217031762996225,0.06913122707735839,2497.95,1
18129,143,1,112.55000000000001,13,112.55000000000001,0.33762772101288313,0.0,0.0,0.1519324744557974,0.5104398045313194,0.0,0.0,0
14622,84,1,320.58000000000004,21,320.58000000000004,0.05302888514567346,0.07923139310000622,0.2205377752823008,0.3077235011541581,0.21688814024580447,0.12259030507205687,0.0,0
18004,262,1,169.47,32,169.47,0.07747683955862394,0.014751873487932967,0.18764383076650734,0.15991030860919336,0.2728506520328081,0.2873664955449342,0.0,0
17454,92,4,517.53,57,129.3825,0.2084710065116998,0.07139682723706839,0.021254806484648232,0.13245608950205787,0.5270998782679266,0.03932139199659924,0.0,0
15163,92,1,155.0,10,155.0,0.5870967741935483,0.0,0.0,0.14838709677419354,0.2645161290322581,0.0,149.47,0
12610,6,2,1256.25,68,628.125,0.2593432835820896,0.06415920398009951,0.02208955223880597,0.1391044776119403,0.261134328358209,0.2541691542288557,843.29,0
15333,108,1,1028.56,16,1028.56,0.17500194446604964,0.0,0.025521116901298904,0.0,0.7994769386326515,0.0,0.0,0
14032,68,6,1845.37,43,307.56166666666667,0.1229672098278394,0.06899429382725415,0.12506976920617546,0.4259958707467879,0.19643215181779267,0.06054070457415044,1130.22,1
17505,61,2,1145.84,48,572.92,0.3981969559449836,0.0,0.03368707672973539,0.1381955595894715,0.3262235565174894,0.10369685121832019,0.0,0
18119,267,1,181.12,29,181.12,0.1396863957597173,0.02732994699646643,0.06763471731448763,0.11014796819787985,0.48354681978798586,0.1716541519434629,0.0,0
13887,104,1,349.55,19,349.55,0.07895866113574596,0.10001430410527822,0.28356458303533116,0.1848662566156487,0.3079673866399657,0.04462880846803033,0.0,0
15738,9,12,3558.4100000000003,42,296.5341666666667,0.17084877796543962,0.0,0.011128565848229965,0.1911415491750529,0.23423382915403226,0.39264727785724524,1254.01,1
17669,22,5,2433.22,38,486.64399999999995,0.15678812437839573,0.01047994016159657,0.0,0.09323036963365418,0.7395015658263536,0.0,973.5,1
15675,54,2,225.39,16,112.695,0.39779936998092197,0.14508185811260485,0.0,0.1283109277252762,0.22427791827499002,0.10452992590620704,98.30000000000001,0
16247,70,1,114.56,16,114.56,0.5092527932960894,0.0,0.0,0.12133379888268156,0.24895251396648044,0.12046089385474859,0.0,0
12506,132,1,73.5,23,73.5,0.18231292517006803,0.0,0.04421768707482993,0.2489795918367347,0.44489795918367353,0.07959183673469387,0.0,0
17932,73,2,934.51,63,467.255,0.11032519716214914,0.03544103326877187,0.017014264159827076,0.3237418540197537,0.47463376528876094,0.03884388610073728,397.06,0
16907,47,4,711.88,74,177.97,0.37461369893802327,0.2527813676462325,0.028375568916109456,0.020930493903466876,0.2831235601505872,0.04017531044558072,269.77,0
12754,135,3,3010.74,49,1003.5799999999999,0.04346107601453463,0.0,0.0009798255578362795,0.0038495519373974506,0.9481556029414695,0.003553943548762098,0.0,1
12514,167,1,1017.68,51,1017.68,0.15366323402248253,0.01002279694992532,0.0,0.05433928150302649,0.6653368445876897,0.11663784293687604,0.0,0
14880,85,2,363.27,25,181.635,0.15690808489553226,0.0,0.3162936658683624,0.4430588818234371,0.04211743331406392,0.041621934098604346,342.92,0
14875,7,2,1465.3200000000002,46,732.6600000000001,0.06402697021810934,0.0,0.06653836704610597,0.2733600851691098,0.47159664783119043,0.12447792973548441,0.0,0
15234,176,1,197.0,14,197.0,0.39441624365482236,0.25228426395939085,0.0,0.199492385786802,0.15380710659898475,0.0,0.0,0
13357,157,1,609.95,85,609.95,0.2893515861955898,0.0,0.15853758504795473,0.14473317485039758,0.24318386753012539,0.16419378637593243,0.0,0
13451,26,4,2463.39,284,615.8475,0.3104745898944138,0.025347184164910955,0.10036169668627379,0.22510036981557935,0.22219786554301188,0.11651829389581024,512.76,1
15315,16,1,233.54,16,233.54,0.6610430761325683,0.10876081185235933,0.08118523593388713,0.08478205018412263,0.06422882589706261,0.0,336.96,0
16081,85,3,992.37,57,330.79,0.5314348478893961,0.0775416427340609,0.15775366042907385,0.09966040892006006,0.09587149954150166,0.03773794048590748,1814.53,0
16245,21,2,769.7,49,384.85,0.4370533974275691,0.14395218916460958,0.04287384695335845,0.16337534104196438,0.17376900090944522,0.03897622450305313,643.96,0
13034,269,1,165.86,11,165.86,0.726878089955384,0.09043771855781985,0.10671650789822743,0.07596768358856867,0.0,0.0,476.90999999999997,0
14383,63,1,242.09,15,242.09,0.20083440042959227,0.042959230038415466,0.13052996819364698,0.26671898880581596,0.3424346317485233,0.016522780784005948,1005.6,0
16353,3,13,3325.9100000000003,45,255.8392307692308,0.16491727076198692,0.5974906115920153,0.04674209464477391,0.1522440474937686,0.030307494790899333,0.008298480716555768,3349.8,1
17491,33,5,1660.31,50,332.062,0.4341900006625269,0.0307171552300474,0.0,0.1965416096993935,0.22363293601797257,0.1149182983900597,1898.56,1
15291,72,11,3306.27,57,300.57,0.13141092530253126,0.07307328197636612,0.1869478294271188,0.12355615240134653,0.4650799843932891,0.01993182649934821,1362.03,1
16005,82,2,298.08,77,149.04,0.14392109500805153,0.10245571658615137,0.17461755233494364,0.23406468062265165,0.27750939345142245,0.06743156199677938,317.31,0
17964,272,1,261.76,35,261.76,0.053484107579462106,0.05673135696821515,0.10601314180929096,0.13714853300733496,0.4835727383863081,0.16305012224938875,209.94,0
13117,21,7,841.77,57,120.25285714285714,0.35065397911543533,0.0801881749171389,0.05759292918493176,0.03563918885206173,0.34021169678178126,0.13571403114865105,143.14,0
16444,94,2,240.08,37,120.04,0.23183938687104297,0.03686271242919027,0.06227090969676774,0.1318310563145618,0.4003665444851716,0.13682939020326557,414.59,0
14669,141,3,1269.99,158,423.33,0.3180812447342105,0.027874235230198663,0.10929219915117443,0.1873794281844739,0.2867030449058654,0.07066984779407712,0.0,0
17643,273,1,101.55,8,101.55,0.5790251107828656,0.0,0.0,0.10782865583456425,0.3131462333825702,0.0,0.0,0
15984,10,6,1465.3600000000001,163,244.2266666666667,0.2679136867390948,0.07578342523338974,0.10373560080799256,0.1337828246983676,0.22393132063110768,0.1948531418900475,988.91,0
13892,146,1,54.519999999999996,3,54.519999999999996,0.7424798239178283,0.0,0.0,0.2575201760821717,0.0,0.0,578.4499999999999,0
18122,50,1,119.19,23,119.19,0.21646111250943872,0.14095142209916942,0.042788824565819276,0.153955868780938,0.35607014011242555,0.08977263193220908,1707.02,0
13437,29,3,2024.25,105,674.75,0.28225762628133877,0.020807706557984442,0.21936519698653822,0.21642583672965296,0.24433740891688277,0.016806224527602814,1383.81,1
16620,160,1,95.75999999999999,5,95.75999999999999,0.07268170426065163,0.0,0.0,0.4072681704260652,0.3550543024227235,0.16499582289055975,83.2,0
17843,203,1,205.48,36,205.48,0.17266887288300567,0.012409966906754916,0.10682304847187074,0.2781292583219778,0.37643566283823243,0.05353319057815846,0.0,0
15493,49,3,1318.75,126,439.5833333333333,0.25392985781990524,0.03025592417061612,0.2518521327014218,0.21018388625592418,0.236739336492891,0.017038862559241707,683.05,0
12770,110,1,1351.45,12,1351.45,0.0610455436753117,0.0,0.0,0.1220910873506234,0.6620074734544378,0.15485589551962706,0.0,0
15214,83,2,651.63,46,325.815,0.3794177677516382,0.07117536025044888,0.007734450531743474,0.15906265825698634,0.2106717001979651,0.171938063011218,1009.8100000000001,0
14868,20,4,1297.07,59,324.2675,0.1660665962515516,0.010022589374513327,0.09242369340128136,0.04764584794960951,0.5335795292466868,0.15026174377635748,1656.52,0
16244,111,2,1522.75,88,761.375,0.37205713347561975,0.014184862912493842,0.040847151535051716,0.22012805779018227,0.25158430471186993,0.10119848957478246,0.0,0
15827,14,13,1598.16,60,122.93538461538462,0.18752190018521298,0.017382489863342843,0.029095960354407566,0.4045715072333183,0.27254467637783447,0.08888346598588377,237.93,0
16835,28,2,180.85,10,90.425,0.0,0.0,0.26375449267348633,0.19712468896875868,0.539120818357755,0.0,0.0,0
15518,24,7,1624.76,125,232.10857142857142,0.12728033678820258,0.022157118589822496,0.22426696865998672,0.23760432310002708,0.2964130086905143,0.09227824417144687,317.69,0
13475,91,4,1431.78,64,357.945,0.3055008451019011,0.15576415371076563,0.11510148207126794,0.15242565198564026,0.21547304753523586,0.0557348195951892,0.0,0
18259,266,1,376.30000000000007,7,376.30000000000007,0.34839224023385595,0.0,0.0,0.6516077597661439,0.0,0.0,1962.3000000000002,0
16610,119,1,75.66,6,75.66,0.0,1.0,0.0,0.0,0.0,0.0,0.0,0
16984,29,1,3226.13,262,3226.13,0.38201498389711513,0.0980183687576136,0.09068760403331545,0.1451367427846987,0.2721000083691606,0.012042292158096542,1255.22,1
17939,59,1,99.14,12,99.14,0.0,0.12315916885212831,0.0,0.5835182570102885,0.2933225741375832,0.0,0.0,0
15811,5,5,1773.8,89,354.76,0.11160784755891306,0.016912842485060323,0.14105310632540308,0.29406359228774387,0.3330927951291014,0.10326981621377833,444.82,1
17692,27,4,740.9399999999999,34,185.23499999999999,0.3165033605959997,0.05077334197100981,0.0,0.37303965233352226,0.20198666558695713,0.05769697951251114,0.0,0
13174,216,2,2108.27,178,1054.135,0.3883990191009691,0.14530871283089927,0.093062084078415,0.08728483543379169,0.18057459433564013,0.10537075422028488,708.76,1
15605,152,3,690.1800000000001,37,230.06000000000003,0.2831580167492538,0.047161610014778754,0.13822481091889072,0.17140456112898084,0.2826798806108551,0.07737112057724072,508.05,0
15389,72,1,500.0,1,500.0,0.0,0.0,0.0,0.0,1.0,0.0,0.0,0
17581,9,17,6522.29,181,383.66411764705884,0.18492278018916666,0.03173118643911878,0.05675920573908857,0.19134690423148926,0.4482919342746183,0.08694798912651845,4522.75,1
12589,44,1,131.5,10,131.5,0.07604562737642585,0.0,0.0,0.32851711026615965,0.4585551330798479,0.13688212927756654,515.1800000000001,0
15052,219,1,215.78,27,215.78,0.09861896375938456,0.027342663824265458,0.04101399573639819,0.16567800537584576,0.5352674019835018,0.1320789693206043,0.0,0
15856,3,14,9586.99,187,684.785,0.37659578240928593,0.11734652899398039,0.02242413938055636,0.23843875919344862,0.1946554653754724,0.05053932464725634,6289.12,1
14737,28,2,1081.75,13,540.875,0.12091518373006703,0.0,0.0,0.09429165703720822,0.3177721284954934,0.46702103073723134,82.8,0
16719,48,5,1286.43,85,257.286,0.026740669915968997,0.17198759357291107,0.36519670716634406,0.09693492844538762,0.21455500882286638,0.12458509207652185,503.99,0
18159,201,1,530.15,23,530.15,0.0,0.0,0.09412430444213901,0.10016033198151468,0.7723285862491748,0.03338677732717156,0.0,0
17724,38,1,373.1,11,373.1,0.2291610828196194,0.0,0.2771374966496918,0.3980166175288126,0.09568480300187618,0.0,659.9,0
17391,63,2,508.8,2,254.4,0.0,1.0,0.0,0.0,0.0,0.0,0.0,0
13499,125,2,463.79,18,231.895,0.49876021475236637,0.0,0.07115289247288643,0.10504754306906142,0.32503934970568577,0.0,695.3199999999999,0
15506,38,1,209.35,45,209.35,0.31951277764509195,0.04872223549080487,0.2179603534750418,0.0,0.33670886075949363,0.07709577262956771,769.91,0
16818,6,8,2102.4,110,262.8,0.5048230593607306,0.14762176560121765,0.05993626331811262,0.05556031202435312,0.1773972602739726,0.05466133942161339,1247.17,1
12651,234,1,114.0,9,114.0,0.0,0.0,0.15526315789473688,0.33026315789473687,0.2881578947368421,0.22631578947368422,0.0,0
14367,37,10,5448.45,209,544.845,0.23069313290935956,0.05423560829226661,0.10905853958465253,0.16874340408740102,0.3309271444172196,0.10634217070910075,3813.07,1
13402,27,2,621.23,32,310.615,0.24903819841282612,0.0,0.0,0.38134024435394304,0.24541635143183685,0.124205205801394,0.0,0
16230,89,2,542.03,32,271.015,0.26238400088555985,0.311993801081121,0.1710237440732063,0.06918436248916111,0.1854140914709518,0.0,0.0,0
17371,261,1,97.63,7,97.63,0.0,0.43818498412373247,0.0,0.43121991191232206,0.13059510396394552,0.0,326.26,0
15756,52,3,364.84,118,121.61333333333333,0.24668347768884993,0.045937945400723615,0.2356375397434492,0.13641596316193402,0.28585133209077956,0.04947374191426379,168.12,0
17769,38,4,1828.73,129,457.1825,0.25214766531964805,0.07117507778622323,0.13132064328796486,0.15513498438807258,0.27528940849660694,0.1149322207214843,2169.25,1
12672,229,1,225.89999999999998,10,225.89999999999998,0.07702523240371846,0.0,0.0,0.46480743691899074,0.39043824701195223,0.06772908366533864,0.0,0
17618,148,2,666.78,48,333.39,0.10003299439095355,0.0,0.20816461201595732,0.12171930771768799,0.5472119739644261,0.022871111910975135,304.8,0
16494,196,1,826.53,47,826.53,0.66754987719744,0.01427655378510157,0.0,0.0,0.25095277848353964,0.06722079053391893,0.0,0
12833,45,1,417.38,24,417.38,0.3130001437538934,0.035938473333652785,0.1689108246681681,0.06636638075614548,0.38339163352340794,0.03239254396473238,0.0,0
13692,113,2,871.58,32,435.79,0.254927832212763,0.05741297413892011,0.019504807361343766,0.012563390623924366,0.15174740127125452,0.5038435943917942,616.74,0
13029,38,2,773.1999999999999,6,386.59999999999997,0.0,0.0,0.0,0.9090791515778583,0.09092084842214175,0.0,474.29999999999995,0
12548,66,1,95.19999999999999,5,95.19999999999999,0.0,0.0,0.0,0.15756302521008406,0.0,0.842436974789916,0.0,0
12679,105,2,906.38,43,453.19,0.033595180829232775,0.051633972506012926,0.0,0.26441448399126194,0.40895650830777375,0.2413998543657186,206.64000000000001,0
13809,205,1,155.05,11,155.05,0.41792970009674296,0.15220896485004837,0.19187358916478553,0.027410512737826506,0.21057723315059657,0.0,0.0,0
16427,163,2,241.06,8,120.53,0.3044055421886667,0.2688127437152576,0.0,0.3146104704223015,0.11217124367377417,0.0,0.0,0
14869,3,1,391.31,48,391.31,0.2176535227824487,0.09583194909406864,0.15187447292427997,0.09289310265518387,0.29173800822877,0.15000894431524878,334.39,0
15388,170,1,140.54,10,140.54,0.2627010103885015,0.23623167781414547,0.14088515725060483,0.07257720222000853,0.28760495232673977,0.0,0.0,0
15314,99,1,327.97,24,327.97,0.30496691770588774,0.17440619568863006,0.14239107235417872,0.12001097661371465,0.22053846388389178,0.03768637375369698,0.0,0
18144,9,9,2165.55,24,240.61666666666667,0.7114820715291726,0.03768095864791854,0.060862136639652745,0.06649580937867977,0.11433585001500773,0.009143173789568467,723.2,1
15342,29,1,406.09,24,406.09,0.28013494545544093,0.024526582777216872,0.024822083774532742,0.07535275431554582,0.5707848013987047,0.024378832278558943,0.0,0
18116,134,7,1254.47,220,179.21,0.2221814790309852,0.1048331167744147,0.14699434821079818,0.2807400734971741,0.22679697402090124,0.01845400846572656,163.56,0
14379,195,1,110.98,17,110.98,0.0,0.07974409803568211,0.1846278608758335,0.022526581366011895,0.40277527482429265,0.3103261848981798,237.12,0
15252,83,1,300.55,14,300.55,0.3563466977208451,0.0,0.0,0.2500415904175678,0.31575445017467973,0.07785726168690733,440.23,0
16692,156,2,1276.0,2,638.0,0.0,0.0,0.0,0.0,0.8824451410658307,0.11755485893416928,0.0,0
15436,134,1,489.05,124,489.05,0.2552295266332686,0.0,0.1690420202433289,0.22224721398629996,0.2786627134239853,0.07481852571311727,633.48,0
13846,142,2,663.9300000000001,43,331.96500000000003,0.22773485156567708,0.07079059539409274,0.1161267001039266,0.05657222900004518,0.2965222237284051,0.23225340020785323,201.13,0
15135,138,1,139.05,9,139.05,0.08414239482200646,0.0,0.2157497303128371,0.0,0.7001078748651564,0.0,0.0,0
16378,147,3,362.95,22,120.98333333333333,0.1520870643339303,0.0,0.06502273040363687,0.035128805620608904,0.45295495247279244,0.29480644716903154,0.0,0
13476,78,2,1238.47,56,619.235,0.10573530242961071,0.038676754382423476,0.0,0.5948064951109029,0.2278375737805518,0.032943874296511015,0.0,0
12347,29,5,2790.86,82,558.172,0.07801896189704964,0.09663687895487412,0.1354421217832496,0.1249435657825903,0.4251091061536587,0.13984936542857757,1519.14,1
16178,38,1,197.9,8,197.9,0.15159171298635674,0.0,0.1667508842849924,0.20313289540171806,0.39060131379484586,0.0879231935320869,0.0,0
13568,73,1,192.85,41,192.85,0.2934923515685766,0.10059631838216232,0.1734508685506871,0.15452424163857922,0.22815659839253305,0.04977962146746176,0.0,0
17720,13,3,887.6,32,295.8666666666667,0.36200991437584495,0.07192429022082018,0.04500901306894998,0.31448850833708875,0.16668544389364576,0.0398828301036503,308.34,0
15219,76,1,305.75,9,305.75,0.0,0.0,0.0,1.0,0.0,0.0,0.0,0
14606,3,69,9329.38,707,135.20840579710145,0.19269018948740432,0.10882395185960911,0.10661694560624609,0.17913301848568716,0.33133820253864676,0.08139769202240664,2827.27,1
17979,68,3,504.54,84,168.18,0.2679470408689103,0.01000911721568161,0.08811987156617909,0.09791096840686565,0.2637055535735521,0.27230744836881116,253.17,0
16779,6,15,6394.7300000000005,130,426.31533333333334,0.312027247436561,0.11445362040305063,0.0727004893091655,0.2735377412337972,0.1393631943803726,0.08791770723705301,4234.99,1
15033,9,6,1629.1,203,271.51666666666665,0.3243692836535511,0.02817506598735498,0.03018230925050642,0.19443864710576392,0.3230433981953226,0.09979129580750108,957.57,0
15623,40,1,301.03,19,301.03,0.19732252599408698,0.1192572168886822,0.25678503803607616,0.2104441417798891,0.21619107730126566,0.0,0.0,0
14341,30,6,1139.52,54,189.92,0.1353201347935973,0.11415332771693346,0.015137952822240943,0.20227815220443696,0.4763321398483572,0.05677829261443415,1042.76,0
18086,174,1,101.34,7,101.34,0.15097690941385433,0.0,0.0994671403197158,0.19242155121373594,0.5571343990526939,0.0,0.0,0
15211,265,1,383.07,23,383.07,0.13783381627378807,0.04620565431905397,0.20544547993839246,0.07009162816195474,0.40645312867100014,0.1339702926358107,511.34000000000003,0
15880,269,1,343.28000000000003,95,343.28000000000003,0.466994872989979,0.04733745047774411,0.05505709624796084,0.07035073409461665,0.2288510836634817,0.13140876252621767,0.0,0
13505,66,3,2583.12,110,861.04,0.09345287868933694,0.011939050450617859,0.027029328873610207,0.3001138158505993,0.2905130230109325,0.2769519031249032,1810.51,1
13538,20,5,891.75,8,178.35,0.0,0.0,0.9799831791421362,0.0,0.020016820857863753,0.0,389.1,0
14541,68,7,1315.65,70,187.95000000000002,0.12111883859689128,0.01364344620529776,0.04001824193364496,0.40568540265268116,0.26009957055447874,0.15943450005700602,146.0,0
12872,226,2,599.97,58,299.985,0.3193659682984149,0.20159341300398353,0.018334250045835623,0.05816957514542393,0.3026984682567462,0.09983832524959582,0.0,0
13486,28,2,819.61,52,409.805,0.2932004245921841,0.09231219726455264,0.08945718085430875,0.061431656519564184,0.34571320506094366,0.11788533570844668,302.8,0
14862,48,1,304.09999999999997,21,304.09999999999997,0.17954620190726736,0.0,0.0,0.057218020388030255,0.29246958237421905,0.4707661953304834,537.1,0
14948,9,3,556.87,35,185.62333333333333,0.20821735773160702,0.0802700809883815,0.0,0.4063246359114336,0.1756244724980696,0.12956345287050838,545.1,0
13583,55,1,781.03,53,781.03,0.22271871759087358,0.024608529761980972,0.09615507726975916,0.22129751738089448,0.3304354506228954,0.10478470737359641,0.0,0
14587,84,8,1473.53,166,184.19125,0.20761708278759172,0.04570656858021214,0.11075444680461205,0.31092003556086406,0.27933601623312726,0.045665850033592796,127.61,0
15449,85,2,647.7,30,323.85,0.0810560444650301,0.24100663887602283,0.0307241006638876,0.2890226956924502,0.274818588852864,0.08337193144974525,326.82,0
14053,24,2,260.25,2,130.125,0.0,0.0,0.0,0.0,0.11239193083573487,0.8876080691642652,0.0,0
17124,85,1,298.89,31,298.89,0.17340827729264946,0.18769446953728797,0.2907424135969755,0.0013048278630934458,0.29726655291244275,0.04958345879755094,0.0,0
17135,189,2,500.55,19,250.275,0.381839976026371,0.0905004495055439,0.0,0.22115672759964036,0.25975427030266707,0.04674857656577764,639.18,0
14632,162,1,114.56,8,114.56,0.17283519553072627,0.0,0.1387918994413408,0.3547486033519553,0.3336243016759776,0.0,0.0,0
14796,7,13,5757.42,325,442.8784615384615,0.39520827037110373,0.036714361641151765,0.04618214408537157,0.17692473364805764,0.29268665478634526,0.052283835467970025,2265.07,1
14816,97,1,271.85,4,271.85,0.0,0.0,0.0,0.9196247930844215,0.08037520691557844,0.0,0.0,0
16323,96,1,207.50000000000003,1,207.50000000000003,1.0,0.0,0.0,0.0,0.0,0.0,0.0,0
14985,98,2,296.75,78,148.375,0.10928390901432182,0.02139848357203033,0.015332771693344566,0.27824768323504634,0.4175905644481887,0.15814658803706824,0.0,0
15965,267,1,156.19,16,156.19,0.04289647224534221,0.11332351623023243,0.07554901082015494,0.3514949740700429,0.3527754657788591,0.06396056085536846,689.45,0
15046,27,10,3863.33,119,386.33299999999997,0.6518935736786658,0.06291204737881569,0.05112687759005832,0.016022446956382188,0.17235907882577983,0.045685975570298167,1350.44,1
15254,27,1,300.36,18,300.36,0.3666933013716873,0.10767079504594487,0.0,0.0,0.37381808496470903,0.1518178186176588,0.0,0
14712,12,1,115.72,7,115.72,0.0,0.0,0.02808503283788455,0.6359315589353612,0.30746629796059455,0.028517110266159693,801.35,0
18136,111,2,600.85,30,300.425,0.166014812349172,0.0,0.016576516601481232,0.4921028542897562,0.3253058167595906,0.0,183.48000000000002,0
18176,258,1,476.35,30,476.35,0.65361603862706,0.10328539939120394,0.03337881809593786,0.032119240054581714,0.11840033588747768,0.05920016794373884,0.0,0
15226,210,1,154.41,8,154.41,0.4385078686613561,0.0,0.0,0.198173693413639,0.36331843792500484,0.0,0.0,0
14198,45,2,356.95,21,178.475,0.18910211514217679,0.12662837932483542,0.30032217397394595,0.071438576831489,0.21165429331839192,0.10085446140916095,344.45,0
13741,83,2,363.13,20,181.565,0.36849062319279596,0.04130752072260623,0.0,0.3080164128549005,0.28218544322969735,0.0,305.3,0
17162,31,9,1463.66,75,162.6288888888889,0.3895986772884413,0.0,0.13642512605386498,0.09120287498462758,0.29032015632045693,0.09245316535260921,251.8,0
17841,3,78,22365.04,1028,286.73128205128205,0.15738089446743667,0.11366758118921315,0.13235478228520942,0.13299506730146693,0.36826806480113605,0.09533360995553775,18626.53,1
15149,33,1,520.8000000000001,23,520.8000000000001,0.24203149001536098,0.12039170506912442,0.22119815668202764,0.3538786482334869,0.062499999999999986,0.0,0.0,0
16996,21,5,1041.78,11,208.356,0.5579680930714738,0.0,0.10194090882911941,0.2551402407418073,0.0849507573575995,0.0,415.18,0
17231,26,7,1938.72,209,276.96,0.3220372204341009,0.026440125443591648,0.10283589172237352,0.08967256746719485,0.31397004208962614,0.14504415284311298,1235.6,1
17042,21,4,922.8199999999999,69,230.70499999999998,0.26044082269565033,0.0828330552003641,0.028672980646279884,0.06909256409700701,0.42504497085022,0.13391560651047876,121.56,0
15552,117,1,90.12,17,90.12,0.3692853972481136,0.098202396804261,0.0,0.35885486018641816,0.07157123834886818,0.10208610741233909,0.0,0
15370,40,4,1513.46,54,378.365,0.1951686863214092,0.0,0.1661094445839335,0.35899197864495924,0.27972989044969804,0.0,872.5899999999999,0
14428,139,2,330.62,25,165.31,0.1823846107313532,0.3091766983243603,0.16816889480370215,0.11327203435968787,0.21157219768919,0.015425564091706489,914.21,0
16938,79,3,2410.75,205,803.5833333333334,0.1123135953541429,0.04281240277921809,0.03571087835735767,0.1950596287462408,0.5344602302188116,0.07964326454422897,325.63,1
14214,56,3,899.16,56,299.71999999999997,0.13419191245162151,0.05671960496463366,0.07206726277859335,0.21019618310423063,0.3977045242226078,0.1291205124783131,105.22,0
13267,10,14,2800.94,64,200.06714285714287,0.10714974258641742,0.15949645476161575,0.2112540789877684,0.14319478460802443,0.36819424907352527,0.010710689982648682,1720.55,1
15281,36,8,2191.78,113,273.9725,0.22784677294253983,0.022995008623128234,0.128115048043143,0.32993274872478073,0.2566909087590908,0.03441951290731734,140.37,1
17367,138,1,168.4,33,168.4,0.44804038004750596,0.0,0.03242280285035629,0.09382422802850357,0.24608076009501184,0.17963182897862232,0.0,0
18071,157,2,453.0,23,226.5,0.40993377483443705,0.18741721854304638,0.08719646799116998,0.1880794701986755,0.1273730684326711,0.0,0.0,0
16859,44,2,747.81,50,373.905,0.08504834115617604,0.33489790187347057,0.02005857102740001,0.03991655634452602,0.3007715863655207,0.21930704323290678,0.0,0
15433,113,2,533.3,40,266.65,0.14119632477029814,0.0,0.0,0.268160510031877,0.4590099381211326,0.13163322707669228,0.0,0
15747,20,2,549.47,26,274.735,0.16898101807196023,0.0,0.0,0.01583343949624183,0.8151855424317977,0.0,424.57,0
12500,6,6,1773.8400000000001,20,295.64000000000004,0.6519753754566364,0.0,0.05598024624543363,0.02271907274613268,0.15317052270779774,0.11615478284399947,2483.98,1
14145,56,3,2851.2,6,950.4,0.0,0.0,0.0,0.08333333333333334,0.9166666666666667,0.0,891.0,1
13308,103,1,814.95,26,814.95,0.17563040677342168,0.21979262531443647,0.055218111540585306,0.1251610528253267,0.17313945640836864,0.25105834713786124,570.5600000000001,0
17358,203,2,365.85,55,182.925,0.08003280032800328,0.15470821374880414,0.02241355746890802,0.3381167145004783,0.2904195708623753,0.1143091430914309,0.0,0
13863,147,1,305.78,20,305.78,0.5762312773889725,0.0,0.03296487670874485,0.0,0.3329190921577605,0.05788475374452222,0.0,0
14960,71,1,88.3,2,88.3,0.0,0.0,0.0,0.0,1.0,0.0,132.97,0
17633,3,2,648.61,30,324.305,0.15476172121922266,0.12451241886495736,0.3362575353448143,0.0894528298977814,0.2644886757835988,0.030526818889625502,676.23,0
15671,26,4,1334.49,44,333.6225,0.5321133916327586,0.00854258930377897,0.0,0.05458264955151406,0.13432097655284042,0.27044039295910793,1322.64,0
14175,71,2,1205.99,58,602.995,0.5343244968863755,0.03864045307175017,0.0757883564540336,0.17602965198716405,0.11427126261411787,0.06094577898655876,2016.31,0
12683,5,11,6217.88,151,565.2618181818182,0.254089818394694,0.003184365089065726,0.03581606592600694,0.20120684220345197,0.2851132540351374,0.22058965435164396,2258.69,1
13014,13,5,2022.48,53,404.496,0.12478738973932993,0.0,0.08222578220798228,0.1673193307226771,0.5299928800284799,0.09567461730153078,1443.8,1
17443,119,1,534.24,1,534.24,0.0,0.0,0.0,1.0,0.0,0.0,0.0,0
13874,257,1,540.45,18,540.45,0.25339994449070213,0.15098529003608102,0.08770469053566471,0.052178739938939775,0.45573133499861224,0.0,0.0,0
13023,29,1,336.40000000000003,20,336.40000000000003,0.34387633769322234,0.0,0.0,0.1400118906064209,0.26090963139120094,0.2552021403091557,353.5,0
17396,48,6,4801.8,18,800.3000000000001,0.0,0.0,0.20704735724103462,0.40934649506435083,0.38360614769461443,0.0,2529.0,1
18044,66,7,1105.53,63,157.93285714285713,0.10162546470923448,0.02138340886271743,0.2104691867249193,0.28409902942480075,0.22311470516403897,0.1593082051142891,983.07,0
14155,166,1,118.75,6,118.75,0.0,0.0,0.0,0.15031578947368424,0.6012631578947369,0.24842105263157896,0.0,0
17158,132,2,698.55,36,349.275,0.22213155822775754,0.11208932789349368,0.09104573759931286,0.1503113592441486,0.3799298546990194,0.04449216233626799,568.42,0
14961,54,6,3906.98,140,651.1633333333333,0.2707410839062396,0.0408499659583617,0.014051774004474046,0.3107080148861781,0.23193617576747258,0.131712985477274,3137.7,1
17096,43,2,443.94,22,221.97,0.22570617651033925,0.07365860251385323,0.4523133756813984,0.1402216515745371,0.06349957201423616,0.04460062170563589,578.19,0
14037,76,2,147.20000000000002,27,73.60000000000001,0.1467391304347826,0.0,0.10190217391304347,0.1654211956521739,0.5859374999999999,0.0,0.0,0
15110,26,2,376.55,13,188.275,0.18802283893241273,0.0,0.43022175009958835,0.14101712919930953,0.24073828176868942,0.0,619.5500000000001,0
17325,180,1,96.8,6,96.8,0.4545454545454546,0.0,0.0,0.17045454545454547,0.17045454545454547,0.20454545454545453,0.0,0
15696,120,6,1637.9,89,272.98333333333335,0.19912082544721899,0.045362964771964095,0.09927345991818791,0.32437267232431777,0.2283289578118322,0.10354111972647903,1098.56,1
17235,272,1,341.9,10,341.9,0.103539046504826,0.0,0.029833284586136297,0.18601930389002633,0.2737642585551331,0.40684410646387836,208.16,0
16149,42,1,163.68,11,163.68,1.0,0.0,0.0,0.0,0.0,0.0,116.84,0
13752,24,6,1186.28,64,197.71333333333334,0.1930994368951681,0.36178642479010015,0.05692585224398962,0.0798631014600263,0.17273325016016455,0.13559193445055132,0.0,0
15415,213,1,572.8100000000001,46,572.8100000000001,0.3046559941341806,0.08819678427401757,0.0,0.16316055934777673,0.3801435030813009,0.06384315916272411,0.0,0
16725,202,7,781.02,110,111.57428571428571,0.12249366213413229,0.19441243502087016,0.1273975058257151,0.3767509154695142,0.15979104248290696,0.019154439066861286,0.0,0
13203,20,2,309.86,20,154.93,0.3574517524043116,0.11734331633640999,0.059639837345898145,0.0,0.37068353449945135,0.09488155941392887,559.6,0
17931,33,2,408.36,63,204.18,0.16554020961896365,0.18968557155451074,0.07045254187481634,0.18304927025173864,0.14308453325497109,0.24818787344499948,0.0,0
17905,56,3,618.99,32,206.33,0.07286062779689495,0.06785246934522367,0.04563886330958497,0.1514564047884457,0.13148839238113702,0.5307032423787137,181.25,0
17693,37,1,200.47,16,200.47,0.13617997705392326,0.0,0.07482416321644136,0.307128248615753,0.29929665286576546,0.18257095824811692,0.0,0
13715,180,5,1079.34,89,215.868,0.22587877777160117,0.06244556858821133,0.0928345099783201,0.14945244315970874,0.42850260344284474,0.04088609705931402,0.0,0
15641,5,4,1887.2,102,471.8,0.4259061042814752,0.01801610852055956,0.10634802882577363,0.15815493853327683,0.24353539635438745,0.04803942348452734,0.0,1
12676,23,4,998.0500000000001,21,249.51250000000002,0.32092580532037474,0.0,0.0,0.012624618005109965,0.32969290115725663,0.33675667551725863,333.34000000000003,0
16217,135,2,304.25,13,152.125,0.5265406737880033,0.0,0.0,0.07756778964667214,0.34396055875102716,0.05193097781429745,0.0,0
17894,185,6,867.85,95,144.64166666666668,0.30976551247335365,0.09569626087457511,0.14830903958057268,0.17860229302298783,0.19910122717059398,0.06852566687791668,251.96,0
16054,45,1,783.9,70,783.9,0.047008547008547015,0.0,0.17914274779946424,0.261627758642684,0.27915550452863885,0.2330654420206659,0.0,0
17850,272,34,5391.21,21,158.565,0.19719877355918247,0.14058068596845605,0.0804643113512551,0.1423094258988242,0.4394468032222822,0.0,0.0,1
16398,54,2,1705.8,75,852.9,0.3018642279282448,0.0,0.23258881463243053,0.11843123461132607,0.2628151014186892,0.08430062140930943,0.0,1
15508,89,6,1000.27,78,166.71166666666667,0.1746028572285483,0.0769292291081408,0.07943855159107042,0.40697011806812167,0.2620592440041189,0.0,0.0,0
12993,20,3,372.4,23,124.13333333333333,0.16823308270676693,0.0,0.0,0.2675886143931257,0.3402255639097745,0.22395273899033297,42.36000000000001,0
16510,272,1,248.1,13,248.1,0.07013301088270858,0.0,0.3522773075372833,0.2430471584038694,0.1592099959693672,0.17533252720677148,0.0,0
13060,153,1,307.53,15,307.53,0.3839625402399766,0.1970539459564921,0.30436055019022534,0.0,0.11462296361330603,0.0,0.0,0
15319,183,1,204.5,16,204.5,0.1232273838630807,0.0,0.05819070904645477,0.16625916870415647,0.4117359413202934,0.24058679706601468,0.0,0
13013,7,8,3382.79,130,422.84875,0.1301913509263064,0.07343051150086172,0.04827967446989024,0.39302173649561456,0.17627165741887613,0.17880506918845096,1428.15,1
17062,213,4,538.37,52,134.5925,0.39236955996805173,0.19846945409291006,0.016438508832215766,0.14571762913981093,0.1893307576573732,0.05767409030963835,0.0,0
15036,77,2,245.69,49,122.845,0.2521470145305059,0.04232976515120681,0.21380601571085514,0.27021856811429035,0.15902153119785095,0.06247710529529081,219.85999999999999,0
14396,271,1,110.35000000000001,34,110.35000000000001,0.15632079746261893,0.05346624376982329,0.1780697779791572,0.23969188944268238,0.28228364295423647,0.09016764839148164,377.64,0
17958,16,1,508.4599999999999,7,508.4599999999999,0.2006057506981867,0.0,0.02950084569090981,0.02950084569090981,0.7403925579199938,0.0,0.0,0
14984,80,1,110.17999999999999,16,110.17999999999999,0.18015973860954804,0.0,0.33218369940098025,0.2718279179524415,0.21582864403703034,0.0,103.09,0
17165,184,1,158.68,10,158.68,0.3792538442147719,0.09452987143937484,0.12540962944290393,0.20607511973783715,0.19473153516511216,0.0,0.0,0
15938,12,5,404.58,13,80.916,0.1483019427554501,0.5377428444312621,0.0,0.15522270008403777,0.0,0.1587325127292501,0.0,0
14377,91,2,617.05,11,308.525,0.5104934770277936,0.21878291872619723,0.08970099667774088,0.09723685276719878,0.08378575480106962,0.0,0.0,0
14733,10,11,9044.2,98,822.2,0.38823444859689077,0.1497379536056257,0.14081731938701045,0.09063045929988278,0.13560182216226974,0.09497799694832046,541.71,1
16928,1,14,2204.25,66,157.44642857142858,0.05639106271974594,0.0,0.02917091981399569,0.08302143586253828,0.8314165816037201,0.0,643.3499999999999,1
12444,21,2,2627.27,96,1313.635,0.04962946328317989,0.013930810308799627,0.04733049895899546,0.339671978898248,0.4268689552272892,0.12256829332348787,2378.19,1
16011,19,10,1725.28,82,172.528,0.19831563572289718,0.09752040248539368,0.02808239821941946,0.19025317629602154,0.4292462672725586,0.056582120003709546,1637.43,1
14422,70,2,1032.15,57,516.075,0.25462384343360944,0.24234849585816015,0.0978539940900063,0.05813108559802354,0.308676064525505,0.03836651649469553,3231.4900000000002,0
17923,182,1,207.50000000000003,1,207.50000000000003,1.0,0.0,0.0,0.0,0.0,0.0,0.0,0
13185,167,1,71.4,1,71.4,0.0,0.0,1.0,0.0,0.0,0.0,0.0,0
12994,20,2,645.47,38,322.735,0.21751591863293415,0.0,0.09884270376624785,0.273986397508792,0.2427688351123987,0.16688614497962723,328.95,0
16320,72,2,1038.46,56,519.23,0.19365213874390927,0.04371858328679005,0.03351116075727519,0.11455424378406487,0.4265547060069718,0.18800916742098878,0.0,0
13682,87,1,59.5,3,59.5,0.5714285714285714,0.0,0.0,0.0,0.42857142857142855,0.0,0.0,0
16370,17,3,953.11,133,317.7033333333333,0.2221884147684947,0.026282380837468918,0.06956175048000755,0.13931235639118256,0.3707441953184837,0.17191090220436256,367.45,0
13735,75,2,1409.69,88,704.845,0.14336485326561157,0.0,0.07984734232348956,0.1794366137235846,0.4437500443359887,0.15360114635132546,1475.55,0
14238,226,1,146.85,8,146.85,0.1954375212802179,0.14164113040517537,0.20326864147088866,0.25536261491317674,0.20429009193054137,0.0,0.0,0
13888,19,2,605.63,38,302.815,0.6801512474613213,0.06332249062959235,0.054488714231461455,0.06307481465581297,0.138962733021812,0.0,0.0,0
12916,38,4,3006.15,53,751.5375,0.2542288308966618,0.25517023435290986,0.06456763634549174,0.038853683282603996,0.23588310629875422,0.1512965088235783,0.0,1
17312,38,3,644.3,11,214.76666666666665,0.8475865280148999,0.0,0.04400124165761291,0.023281080242123237,0.006906720471829892,0.07822442961353407,0.0,0
16523,15,12,4768.25,81,397.3541666666667,0.12818119855292823,0.015099879410685262,0.1846589419598385,0.11900592460546323,0.5231688774707702,0.02988517800031458,4650.22,1
14135,5,10,3190.32,82,319.03200000000004,0.15959527570901977,0.09323516136312346,0.10881667042804483,0.17573472253567043,0.13710223425863236,0.32551593570550913,1499.99,1
14572,10,5,2089.44,153,417.88800000000003,0.272790795619879,0.04912799601807183,0.042738724251474076,0.16709740408913393,0.3610441075120606,0.1072009725093805,743.4,1
13121,169,1,283.73,50,283.73,0.24459873823705636,0.04916646107214605,0.09110774327705917,0.14073238642371266,0.23853663694357308,0.2358580340464526,0.0,0
13771,99,2,1464.8500000000001,65,732.4250000000001,0.2728265692733044,0.112025122026146,0.07679967232139809,0.12598559579479127,0.1086459364440045,0.3037171041403557,1169.6,0
16470,15,3,539.13,83,179.71,0.09463394728544135,0.0,0.04488713297349433,0.2015469367314006,0.56630126314618,0.09263071986348376,223.26,0
14096,1,1,21.84,6,21.84,0.11263736263736264,0.0,0.11263736263736264,0.0,0.15064102564102563,0.6240842490842491,65142.95,0
15847,188,1,180.68,9,180.68,0.1300642019039185,0.0,0.0,0.27811600619880456,0.5918197918972768,0.0,208.59,0
12678,49,7,6806.82,74,972.4028571428571,0.07952612233025112,0.06919236883008513,0.12019121998231186,0.15047114511622167,0.3837783282061227,0.19684081553500754,9346.2,1
12613,97,4,1462.52,65,365.63,0.07425539479801986,0.008533216639772448,0.012102398599677272,0.1968520088614173,0.5355824193857178,0.17267456171539533,1881.8600000000001,0
15122,14,3,1633.78,65,544.5933333333334,0.17774730991932822,0.0,0.11147155675794783,0.3796410777460858,0.25526692700363574,0.07587312857300249,0.0,0
17337,51,4,2027.8700000000001,421,506.96750000000003,0.16411801545463958,0.031461582843081655,0.07431442843969287,0.32685034050506195,0.2699926523889598,0.13326298036856404,0.0,1
16718,269,1,623.75,41,623.75,0.2543486973947896,0.12937875751503006,0.0,0.1691382765531062,0.36460120240480964,0.08253306613226453,0.0,0
13572,105,1,1384.25,32,1384.25,0.09839263138883873,0.10930106555896696,0.014376015893082896,0.532382156402384,0.2455481307567275,0.0,0.0,0
14997,78,1,155.28,9,155.28,0.5046367851622875,0.0,0.0,0.0,0.30139103554868624,0.19397217928902627,390.91999999999996,0
14331,24,2,462.65999999999997,27,231.32999999999998,0.1351964725716509,0.0,0.09726364933212295,0.3054078589028661,0.41933601348722604,0.042796005706134094,0.0,0
17019,161,3,995.93,114,331.97666666666663,0.11491771510045888,0.06225337122086894,0.03172913758999127,0.21106905103772355,0.4610062956231864,0.11902442942777104,276.68,0
14146,154,2,1903.73,62,951.865,0.14030350942623165,0.08541127155636566,0.054419481754240356,0.3059782637243727,0.2969591276073813,0.11692834593140834,2287.27,1
17861,36,5,1301.57,114,260.31399999999996,0.1610747020905522,0.004794210069377752,0.024485813287030277,0.26375070107639237,0.3219650114861283,0.22392956199051914,799.23,0
15130,69,1,330.11,22,330.11,0.5974069249644058,0.04543939898821605,0.0,0.0540728847959771,0.19857017357850415,0.1045106176728969,0.0,0
15806,57,2,521.88,19,260.94,0.15068598145167472,0.0,0.15175902506323294,0.3085000383229861,0.21602667279834448,0.17302828236376178,262.7,0
17984,45,1,152.68,48,152.68,0.03831543096672779,0.0042572701074141996,0.1771679329316217,0.31366256222164,0.4142651296829971,0.05233167408959916,0.0,0
16350,233,1,376.7,22,376.7,0.5396867533846562,0.07406424210246881,0.04698699230156624,0.0,0.33926201221130875,0.0,739.77,0
12401,203,1,84.3,5,84.3,0.0,0.0,0.0,0.1298932384341637,0.6921708185053381,0.17793594306049823,0.0,0
13708,171,1,296.88,49,296.88,0.4380894637563999,0.026946914578280787,0.006568310428455942,0.0874090541632983,0.2582861762328213,0.18270008084074374,0.0,0
16906,86,3,394.94,33,131.64666666666668,0.23864384463462804,0.3404567782447967,0.15268141996252596,0.15265609966070798,0.09315339038841343,0.02240846710892794,184.83,0
14947,30,1,178.5,10,178.5,0.2823529411764706,0.20504201680672265,0.0,0.08403361344537816,0.42857142857142855,0.0,112.32,0
17725,12,7,2198.43,86,314.06142857142856,0.4304526412030404,0.08888161096782705,0.0688946202517251,0.17204550520143921,0.21482148624245484,0.024904136133513465,931.9599999999999,1
14772,12,1,139.26,9,139.26,0.2315812149935373,0.18239264684762316,0.0,0.0,0.5034467901766481,0.08257934798219159,0.0,0
16142,149,1,535.34,37,535.34,0.15859080210707213,0.0330631000859267,0.1620278701386035,0.05155602047297045,0.2989875593081032,0.29577464788732394,0.0,0
14729,273,1,313.49,69,313.49,0.3421161759545759,0.028230565568279693,0.19091518070751856,0.09250693802035152,0.20475932246642634,0.14147181728284794,0.0,0
17644,20,7,1625.63,64,232.23285714285717,0.1805884487860091,0.0,0.17873070747956177,0.25339099303039436,0.26470353032362837,0.12258632038040636,1270.01,0
17018,225,1,405.0,6,405.0,0.0,0.0,1.0,0.0,0.0,0.0,515.1,0
17411,161,1,285.58,16,285.58,0.1380348763919042,0.44386861825057783,0.3007913719448141,0.06197913019118987,0.0,0.05532600322151412,493.36,0
15970,203,1,314.1,11,314.1,0.15759312320916904,0.0,0.0,0.6867239732569246,0.11556829035339063,0.04011461318051576,0.0,0
12733,134,1,383.95,22,383.95,0.5093111082172158,0.0,0.07618179450449278,0.08113035551504102,0.2759473889829405,0.05742935278030995,0.0,0
16010,145,3,407.5,62,135.83333333333334,0.4420613496932515,0.19447852760736195,0.023116564417177913,0.06392638036809817,0.23666257668711657,0.03975460122699386,0.0,0
16560,258,1,332.18,20,332.18,0.22180745379011377,0.0,0.0,0.4390691793605876,0.2623577578421338,0.0767656090071648,509.23,0
13388,31,2,677.1,35,338.55,0.12701225815979914,0.12981834293309705,0.22380741397134837,0.0407620735489588,0.2943139861172648,0.18428592526953183,0.0,0
16697,141,1,112.75,20,112.75,0.0,0.0,0.2722838137472284,0.14146341463414633,0.32461197339246123,0.2616407982261641,0.0,0
14619,145,1,394.44,20,394.44,0.35868573167021606,0.0,0.32653889057904883,0.134621235168847,0.08989960450258595,0.09025453807930228,0.0,0
16274,273,1,357.95,64,357.95,0.27196535829026397,0.023746333286771896,0.08548679983237882,0.14052241933230897,0.310741723704428,0.1675373655538483,0.0,0
17536,77,1,76.5,3,76.5,0.0,0.0,0.0,1.0,0.0,0.0,0.0,0
16019,36,7,2952.25,85,421.75,0.08131425184181557,0.10878143788635787,0.06440172749597764,0.12803793716656786,0.5341349817935473,0.08332966381573377,833.99,1
13484,141,1,313.8,8,313.8,0.0,0.0,1.0,0.0,0.0,0.0,0.0,0
18093,20,3,2016.88,30,672.2933333333334,0.4007972710324858,0.23769386378961563,0.0,0.30052358097655785,0.06098528420134068,0.0,89.64,1
15045,51,2,735.66,11,367.83,0.012886387733463829,0.0,0.08792105048527854,0.13865100725878804,0.7605415545224696,0.0,0.0,0
17521,99,1,159.56,8,159.56,0.830533968413136,0.0,0.0,0.0,0.16946603158686388,0.0,563.65,0
14555,202,1,197.94,14,197.94,0.18263110033343438,0.3669798928968374,0.08083257552793777,0.0,0.3695564312417905,0.0,126.2,0
15704,40,4,2293.62,79,573.405,0.35928357792485244,0.09064273942501375,0.11998500187476566,0.14749173795136075,0.22852521341809018,0.054071729405917285,0.0,1
13307,20,1,15.0,1,15.0,0.0,0.0,0.0,1.0,0.0,0.0,0.0,0
18219,49,8,1367.13,49,170.89125,0.24066475024321018,0.08470299093721885,0.18904566500625394,0.18330370923028533,0.21630715440375092,0.08597573017928067,702.64,0
17239,212,1,382.5,15,382.5,0.36352941176470593,0.2635294117647059,0.22875816993464052,0.03882352941176471,0.06222222222222223,0.043137254901960784,0.0,0
17731,28,3,963.74,38,321.24666666666667,0.4171041982277378,0.07773880922240438,0.1775375101168365,0.033048332537821405,0.23667171643804347,0.05789943345715649,276.37,0
12654,97,3,337.75,19,112.58333333333333,0.17276091783863806,0.05862324204293115,0.0,0.22516654330125832,0.43686158401184305,0.10658771280532939,264.23,0
15528,154,1,229.33,26,229.33,0.35390049273972,0.010901321240134303,0.0,0.12362098286312301,0.1424584659660751,0.36911873719094757,0.0,0
14057,9,12,4425.34,155,368.77833333333336,0.07300230038821875,0.03808746898543388,0.10723921777761708,0.1517284547627979,0.5358955470088174,0.09404701107711498,1405.98,1
17265,38,2,562.9,106,281.45,0.16136081009060227,0.029046011724995564,0.14643808847042106,0.31977260614674013,0.2681826256883994,0.07519985787884172,0.0,0
15981,37,6,2458.2,31,409.7,0.16280205028069322,0.0,0.21967293141322922,0.05467415181840372,0.4444715645594337,0.11837930192824019,950.28,1
16912,34,7,1558.38,50,222.6257142857143,0.17923741321115516,0.042351672891079196,0.4000564688971881,0.06825036255598763,0.21539034125181278,0.0947137411927771,1017.0,0
14245,119,2,1693.45,107,846.725,0.27822492544804983,0.0,0.12223567273908294,0.18834922790752603,0.2657946795004281,0.14539549440491303,0.0,1
13151,195,1,1257.8700000000001,73,1257.8700000000001,0.3453616033453377,0.060300349002679124,0.13351936209624204,0.05716011988520276,0.3378330034105273,0.06582556226001096,0.0,0
17571,45,3,561.2,72,187.0666666666667,0.3950285103349964,0.09843193157519599,0.007359230220955096,0.16070919458303634,0.21502138275124733,0.12344975053456878,937.31,0
13655,14,2,932.97,52,466.485,0.2286247146210489,0.0,0.12154731663397536,0.1443347588882815,0.27273117034845706,0.23276203950823715,0.0,0
16442,127,2,437.03,99,218.515,0.29693613710729244,0.04107269523831316,0.10921447040248955,0.1344072489302794,0.226071436743473,0.19229801157815252,179.76,0
12378,29,1,4008.62,219,4008.62,0.16227030748736473,0.04891708368465955,0.0816989387869142,0.26490912084457996,0.2836612100922512,0.15854333910423038,0.0,1
13131,87,1,324.9,14,324.9,0.10156971375807941,0.0,0.0,0.2453062480763312,0.5884887657740844,0.06463527239150509,748.4,0
14431,202,1,470.36,17,470.36,0.29033081044306486,0.0,0.15562547835700316,0.16710604643251978,0.31167616293902545,0.07526150182838678,0.0,0
16484,73,2,404.3,25,202.15,0.18587682414048975,0.08805342567400445,0.08681672025723473,0.32686124165223845,0.28716299777393023,0.025228790502102395,0.0,0
14031,26,13,9627.03,101,740.5407692307692,0.07111019701818733,0.0021740869198496313,0.137578256222324,0.37653045643360417,0.3916348032570792,0.020972200148955594,7659.83,1
14479,153,2,316.25,18,158.125,0.3359683794466403,0.05596837944664033,0.2456916996047431,0.0,0.23241106719367588,0.1299604743083004,0.0,0
16693,171,1,157.56,21,157.56,0.4940974866717441,0.0,0.0,0.12566641279512566,0.38023610053313023,0.0,324.45,0
17462,184,1,463.40999999999997,14,463.40999999999997,0.32174532271638506,0.0,0.0,0.17101486804341728,0.3777648302798818,0.12947497896031593,212.28,0
15027,68,3,966.9699999999999,27,322.3233333333333,0.45244423301653625,0.06279408875146075,0.04932934837688864,0.06189437107666216,0.3735379587784523,0.0,99.18,0
16618,110,4,1441.29,44,360.3225,0.14026323640627492,0.052952563328684726,0.15771982043863486,0.26770462571723946,0.353884367476358,0.027475386632808105,1206.3,0
13699,55,1,308.58000000000004,14,308.58000000000004,0.227104802644371,0.0,0.772895197355629,0.0,0.0,0.0,0.0,0
15298,42,6,2767.2,71,461.2,0.14408065915004337,0.48597860653368025,0.006143394044521538,0.12846921075455334,0.14927002023706273,0.08605810928013878,2032.7,1
12562,26,3,1605.23,53,535.0766666666667,0.18551858612161498,0.05352504002541692,0.0,0.15857540663954697,0.4319007245067685,0.17048024270665263,2176.51,0
17594,154,1,315.0,14,315.0,0.3682539682539683,0.0,0.0,0.13174603174603175,0.5,0.0,678.18,0
18032,234,1,73.5,5,73.5,1.0,0.0,0.0,0.0,0.0,0.0,0.0,0
16135,162,1,517.55,21,517.55,0.1652014298135446,0.0,0.0,0.13544585064245004,0.6460245386919138,0.05332818085209159,0.0,0
14958,47,3,499.68,33,166.56,0.1324847902657701,0.01260806916426513,0.019412423951328847,0.02845821325648415,0.7320885366634646,0.07494796669868717,0.0,0
12902,164,1,138.68,10,138.68,0.12763195846553219,0.10816267666570521,0.3389097202192097,0.10816267666570521,0.24444764926449378,0.07268531871935391,0.0,0
14513,106,2,317.35,10,158.675,0.3951473136915078,0.4332755632582322,0.0,0.014652591775642036,0.009295730266267527,0.1476288010083504,0.0,0
13138,33,3,489.45,22,163.15,0.23724588824190418,0.018387986515476556,0.1225865767698437,0.04664419246092553,0.5751353560118501,0.0,472.94,0
16193,136,1,314.45,19,314.45,0.1549371919224042,0.13929082525043726,0.1352838289076165,0.1598028303386866,0.29066624264588964,0.12001908093496583,0.0,0
15221,266,1,403.25,5,403.25,0.0,0.0,0.12610043397396156,0.25294482331060136,0.620954742715437,0.0,0.0,0
17887,28,1,111.35,10,111.35,0.429726088908846,0.0,0.0,0.07633587786259542,0.4409519533004041,0.052986079928154475,0.0,0
14271,125,1,112.32,10,112.32,0.13354700854700854,0.3792735042735043,0.32799145299145305,0.0,0.06944444444444446,0.08974358974358974,0.0,0
14332,47,1,119.04,2,119.04,0.0,0.873991935483871,0.0,0.0,0.12600806451612903,0.0,747.27,0
14609,43,3,486.36,2,162.12,0.0,0.0,0.0,0.0,0.31088082901554404,0.6891191709844559,115.2,0
13856,68,3,388.5,10,129.5,0.048133848133848134,0.055598455598455596,0.09652509652509653,0.5268983268983268,0.2728442728442728,0.0,0.0,0
18040,145,1,239.0,12,239.0,0.1374476987447699,0.0,0.0,0.0,0.7144351464435147,0.1481171548117155,118.2,0
