CustomerID,Recency,Frequency,Monetary,AverageSpend,ProductDiversity,TotalOrders,AverageBasketSize,AverageQuantityPerOrder,PC1,PC2,PC3,PC4,High_Value_Customer,Future_Spend
12453,-0.7717605395339867,-0.4242629202453546,-0.14584333624239385,0.6061499730504021,-0.11023633669135223,-0.4242629202453546,1.1684753088228141,0.8903812151162338,0.2212418263371753,1.4212499030954941,0.01613804043948142,-0.21597370175041106,0,0.0
17732,2.3315942875605837,-0.4242629202453546,-0.2143608318564222,-0.1310406900580025,-0.46481409167628596,-0.4242629202453546,-0.14732655417814702,-0.4246226772057487,-0.15808441802553008,-1.017651372501837,-0.2194759582413928,0.055966616187853334,0,0.0
17556,0.15403018619590605,-0.4242629202453546,-0.23918805596919537,-0.3981607539601772,-0.6350114140690541,-0.4242629202453546,-0.7789114484186084,-0.3969383847358123,0.7775842937334564,-0.8520375507901982,-0.6044794045831507,3.35072478777357,0,0.0
15804,-1.1107824954350742,0.08666561850139992,0.08698221407018882,0.2626034336869304,0.7407502752724887,0.08666561850139992,0.5105743773223336,0.2060601106249916,1.4946417878242455,-0.4449009249785099,-0.41684525606383377,0.08255405082544778,1,2129.48
13092,0.2322660221730801,0.08666561850139992,-0.19128257834760903,-0.4858703867725826,-0.507363422274478,0.08666561850139992,-0.8183855043086372,-0.6642648338986363,-0.013554477579300821,0.5890612433143075,0.16959784671381276,-0.018217012244671982,0,38.08
16303,-1.0195073534617045,-0.25395340732976973,0.42002089053387076,3.0037294745260206,0.8683982670670648,-0.25395340732976973,2.3000649110036404,2.757340688557575,0.21764749885252127,0.39578699367576303,-0.6131705705074366,-0.32390120410954104,1,1324.3
18246,0.5191307540893849,-0.4242629202453546,-0.22644045681496802,-0.26100730155610313,-0.6917438548666435,-0.4242629202453546,-0.9894397464987621,-0.5042150180568161,-2.8941528496391733,1.265686837007099,-1.458647466600245,-1.5355066841902874,0,363.2
15670,1.3406070318497123,-0.4242629202453546,-0.23661304094004149,-0.37045575657455426,-0.54991275287267,-0.4242629202453546,-0.4631190012983777,-0.43154375032323283,-0.562155617980344,-0.30044672659785515,0.9232081373870457,-0.8329307848393119,0,0.0
12686,2.3185549815643878,-0.4242629202453546,-0.250875054873791,-0.5239030391242324,-0.6208283038696568,-0.4242629202453546,-0.7262793738985699,-0.3761751653833599,0.35320697717841987,2.2072595389783274,1.124345406072442,0.18307420619222142,0,0.0
14142,2.3446335935567792,-0.4242629202453546,-0.21302828282483366,-0.11670358250003,-0.4080816508786965,-0.4242629202453546,0.06320174390200677,0.33669536571750436,-0.3070109674621154,0.9856486270230304,0.139333801091705,0.34336219907467974,0,0.0
13310,0.16706949219210174,-0.25395340732976973,-0.1270516754091755,0.0607089799663866,-0.010954565295570795,-0.25395340732976973,0.27373004198216055,-0.06299660681720351,0.38826277066235115,-0.13902617371207143,-0.4167903838787258,1.2181716294803195,0,314.38
12866,1.1710960538991686,-0.4242629202453546,-0.1709934995337408,0.3355553550206575,-0.35134921008110714,-0.4242629202453546,0.27373004198216055,-0.15470082562386808,2.570382634205382,-0.5085370647735163,-0.4635223908424968,-0.20176336434309408,0,0.0
13389,0.5060914480931892,-0.4242629202453546,-0.22219295677677953,-0.2153077712150657,-0.46481409167628596,-0.4242629202453546,-0.14732655417814702,-0.3484908729134234,-1.3093680852955083,-0.4699704772417022,0.16317635743791972,-0.9272878226340808,0,540.07
12724,-0.2632276056823555,-0.25395340732976973,-0.21837377607017297,-0.4305655429815131,-0.507363422274478,-0.25395340732976973,-0.621015224858493,-0.43846482344071697,-1.2376514891622545,1.2374630364618073,-0.4509342814826374,-0.08806350594548797,0,751.0500000000001
14236,2.3185549815643878,-0.4242629202453546,-0.2338510611232922,-0.3407391752203382,-0.6775607446672461,-0.4242629202453546,-0.9368076719787237,-0.614952187936562,-0.1297130334229617,-3.2217373057426864,4.205279530198368,-1.4665995080020429,0,301.56
17147,0.16706949219210174,-0.25395340732976973,-0.10062845188229307,0.202854818037969,-0.12441944689074957,-0.25395340732976973,0.11583381842204521,0.1480961232660621,1.136576862792586,-0.1921366738220009,-1.3271386734666473,-0.3420187595332595,0,741.48
17711,1.2493318898763426,-0.4242629202453546,-0.22854296083547193,-0.28362847763928173,-0.5357296426732727,-0.4242629202453546,-0.41048692677833926,-0.3761751653833599,-0.9765394697468952,0.4357853307650754,-1.3669988792698402,-0.6435361614973795,0,164.57
16639,0.16706949219210174,-0.25395340732976973,-0.18594558350170584,-0.2561154950870245,-0.45063098147688857,-0.25395340732976973,-0.5683831503384545,-0.4713399207487665,-0.7806879918356026,-0.8074576621045141,0.08393350988874194,-0.23736416129195334,0,786.36
12524,-0.4066599716405079,0.4272846443325696,0.26469564403932866,0.2647719821621637,0.5847360630791179,0.4272846443325696,-0.077150454818096,0.5743188760844592,0.7696341753602204,0.45838566502018635,0.06831461809849769,-0.19415311821327025,1,1363.24
14853,0.2322660221730801,-0.4242629202453546,-0.22956786780747182,-0.29465561521256933,-0.6775607446672461,-0.4242629202453546,-0.9368076719787237,-0.6287943341715302,0.9121368467720828,-0.31747054624423543,-0.25806498488839263,0.15327371748555765,0,261.3
17180,0.6234452020589503,-0.08364389441418492,-0.17206769722247034,-0.34994369580390056,0.3719894100881576,-0.08364389441418492,0.5544344394223654,-0.15124028906512602,0.17096017539053424,0.32664173485477754,-0.6986577205215168,-0.3451501261319771,0,231.17
13654,-0.6283281735758344,0.08666561850139992,0.025345022639668778,0.09681234042088571,0.6982009446742966,0.08666561850139992,0.3395201351322086,0.5789329248294485,0.024601388011555793,1.088063296126082,0.17379354177444206,0.2145865614753392,1,993.06
14857,-0.5892102555872473,-0.4242629202453546,-0.17721432792100372,0.26862447024746927,-0.3087998794829151,-0.4242629202453546,0.4316262655422759,-0.09587170412525307,0.371525362040354,-0.34755206017863033,-0.07674681901907382,-0.20470545764892864,0,650.6
13873,-0.9673501294769218,-0.08364389441418492,-0.19980647298206905,-0.4494256666143222,-0.4222647610780939,-0.08364389441418492,-0.6911913242185442,-0.5849608710941309,-0.5578264916985438,-0.3886939402699818,-0.3481092906626076,-0.6988519122872778,0,0.0
13148,-0.7847998455301823,1.108522695994909,0.20410715509922972,-0.18109072790929726,1.733567989230303,1.108522695994909,0.16320268549007974,-0.2723590686210981,-0.3088905754557058,-0.3651799282204319,0.3046675021995094,0.6271185340679811,1,917.25
15745,0.5582486720779719,-0.4242629202453546,-0.21455119600379202,-0.13308884828057002,-0.46481409167628596,-0.4242629202453546,-0.14732655417814702,-0.3069644342085187,-1.4601904138951751,0.5056340227973537,-0.902317787688708,-0.8152958125803393,0,791.74
15589,0.8059954860056897,-0.08364389441418492,-0.18469121974492989,-0.3952165265152364,-0.3229829896823125,-0.08364389441418492,-0.5859271751784674,-0.46614911591065344,0.10488204960828423,0.4549333311825661,-0.45736137974363933,-0.012920417891188439,0,0.0
14794,0.12795157420351472,0.08666561850139992,-0.15052595433171337,-0.3762436322660062,-0.1953349978877363,0.08666561850139992,-0.5683831503384545,-0.4773958597265651,0.7352833969320802,-1.0560859098743978,0.7457103032341469,-0.44073635041091797,0,640.37
17819,-0.14587385171659442,0.4272846443325696,0.32350286845761017,0.3702246999339094,-0.20951810808713367,0.4272846443325696,-0.6911913242185442,-0.1748872888831968,1.684936314211927,-0.5830780150904548,-1.0791136345142631,-0.028859384946859662,1,236.4
14867,-0.1067559337280074,-0.08364389441418492,-0.1453011383583674,-0.2539484705390401,-0.28043365908412043,-0.08364389441418492,-0.4631190012983777,-0.3681005800796285,-1.6645393731816376,-0.17976335859241072,-0.6892469739989215,-0.7145968699526096,0,0.0
15951,1.1971746658915599,-0.4242629202453546,-0.20225911105934238,-0.0008363459090681946,-0.4080816508786965,-0.4242629202453546,0.06320174390200677,-0.1443192159476419,-0.9792229286773927,-0.3030080915327232,-0.4757012610042219,-0.5844882671299972,0,333.05
13777,-0.8369570695149651,3.4928558768130964,1.8348191315453977,0.25489083788007466,-0.22370121828653103,3.4928558768130964,-0.8337365260436485,0.1127698125622368,-0.24871035941738381,-1.047411274602242,0.3980206890079982,0.24340898039913228,1,13616.92
16297,0.9755064639562334,-0.4242629202453546,-0.21471266559307886,-0.13482612534435504,-0.43644787127749124,-0.4242629202453546,-0.04206240513807012,-0.033582046067896006,-0.6866051757904483,0.1364530267680772,-0.17211274763877624,-0.7545604536262087,0,0.0
15133,-0.8630356815073564,-0.08364389441418492,-0.09904604990728166,-0.08805984592906366,-0.3371660998817098,-0.08364389441418492,-0.5859271751784674,0.037935709479439764,-0.09277415470460917,-1.3650312340369277,1.2331775125149367,-0.8132768343127027,0,0.0
13494,1.5361966217926475,-0.4242629202453546,-0.21227192527501615,-0.10856581099072152,-0.46481409167628596,-0.4242629202453546,-0.14732655417814702,-0.18584565465254663,0.5328343875772308,1.7297511519289903,1.1336538530788924,0.5185169631038401,0,0.0
16777,0.8320740979980811,-0.4242629202453546,-0.23653315598534164,-0.3695962616061554,-0.22370121828653103,-0.4242629202453546,0.8526828617025835,-0.5803468223491414,0.28483172625162534,-1.844994779925024,1.4999617727507328,-0.064938018340681,0,49.1
12962,-1.0455859654540958,-0.4242629202453546,-0.23703966059173628,-0.3750458254483439,-0.5640958630720674,-0.4242629202453546,-0.5157510758184162,-0.47653072558687964,0.9444996298476188,-0.32809171309980634,-0.2805537250856199,0.15127854642831526,0,95.85
12571,-0.9412715174845304,-0.4242629202453546,-0.22381445138919723,-0.2327536903608639,-0.5215465324738753,-0.4242629202453546,-0.35785485225830077,-0.06472687509657454,-1.5281528839809908,1.7646176836528054,-0.5077944614673064,-0.34845083686722045,0,271.26
17660,-0.680485397560617,-0.4242629202453546,-0.23564422340432017,-0.3600320941918446,-0.1953349978877363,-0.4242629202453546,0.9053149362226219,-0.32772765356097106,-2.742434556916123,0.6285445717833837,-1.2991006623471435,-0.5226001732116586,0,0.0
16626,-1.0455859654540958,0.5975941572481545,0.10201248331296651,-0.12123095265272066,0.32944007948996556,0.5975941572481545,-0.32777938110399313,-0.19869907615644572,0.6589893193571859,-0.7231021524716056,-0.6135958015553324,0.38108639247960424,1,2247.76
14285,-0.22410968769376846,-0.4242629202453546,-0.26502319025509613,-0.6761250841657674,-0.7059269650660409,-0.4242629202453546,-1.0420718210188007,-0.7395315040512761,-1.8726524078436275,-1.5273811146209704,0.19546449944973968,6.95852029256188,0,1904.11
16801,-0.3936206656443122,0.08666561850139992,0.004942065273356111,0.04193267233226888,0.30107385909117085,0.08666561850139992,-0.10785249828811817,-0.31994144630380145,-0.4075465270939853,-1.0042215691714247,0.6299567943698798,-1.089635094103867,0,0.0
12971,-1.12382180143127,9.794307854689736,1.069031757713555,-0.45143745044222666,0.41453874068634966,9.794307854689736,-0.9169627914219879,-0.4249063277433506,-0.5260091572666362,1.878988962461353,0.9325356223889529,0.6633610564466226,1,3335.15
15985,-0.9151929054921392,-0.25395340732976973,-0.07185117171159663,0.3576644915481943,-0.3087998794829151,-0.25395340732976973,-0.1210105169181278,1.132618774228178,0.6349128942548531,0.15645074325242067,-0.8780626552590652,0.4395686525973251,0,0.0
12393,0.675602426043733,-0.08364389441418492,-0.08567296855455357,-0.04009880755060775,-0.2520674386853257,-0.08364389441418492,-0.41048692677833926,-0.1443192159476419,-0.01649588003111835,-0.012261865554006813,-0.552422100036317,-0.3223065255072492,0,521.5
17298,-1.202057637408444,-0.25395340732976973,-0.18131055644922878,-0.23118099743996381,-0.29461676928351777,-0.25395340732976973,-0.30522277773826234,-0.07683875305217175,-0.7147529404929044,0.24216332276124156,-0.8585869745012576,-0.6069519099068045,0,0.0
12379,-0.3023455236709425,-0.4242629202453546,-0.18786792145416334,0.15400075829163776,-0.43644787127749124,-0.4242629202453546,-0.04206240513807012,-0.016279363274185707,1.7726801042988447,0.694845424272364,-0.5247392985068539,-0.00766028505539641,0,392.4
16743,-1.0586252714502915,0.4272846443325696,0.05026742882612687,-0.11973924557990678,0.4429049610851444,0.4272846443325696,0.3614501661822247,0.21442307397528498,-0.9631931787909531,-0.07875603214226178,-0.7405621401034539,-0.497096950167972,1,352.23
17718,0.5060914480931892,-0.4242629202453546,-0.24234096216000764,-0.43208337452145157,-0.6350114140690541,-0.4242629202453546,-0.7789114484186084,-0.4592280427931693,-2.0703916007437053,0.3270530189465708,-1.1813193199355845,-1.0383761673369878,0,0.0
13939,-1.1107824954350742,-0.25395340732976973,-0.19970279250894798,-0.3301234980042629,-0.26625054888472305,-0.25395340732976973,-0.19995862869818545,0.3903336823780063,-1.637221470287679,0.5939409853265142,-1.1329017235314123,-0.5349535803237107,0,178.34
14262,-1.12382180143127,-0.08364389441418492,-0.1207033710303703,-0.16573136995273968,-0.12441944689074957,-0.08364389441418492,-0.19995862869818545,-0.06241985072407996,0.7228194537296726,0.5261275046474939,1.2975380742869747,0.6326151212269322,0,1763.23
13563,-0.6935247035568127,-0.4242629202453546,-0.21318635305434605,-0.11840428530984053,-0.16696877748894162,-0.4242629202453546,0.9579470107426603,-0.24121423959241958,0.1923256923473162,-1.9378387375612933,2.0068081773167328,-0.5882583464255965,0,466.65
17455,0.12795157420351472,-0.4242629202453546,-0.2436412172737388,-0.44607302666666715,-0.6066451936702594,-0.4242629202453546,-0.6736472993785315,-0.5180571642917843,-1.148915141268559,0.08051668555116305,-1.320873911813507,-0.8652541732187622,0,0.0
13570,0.6495238140513416,-0.4242629202453546,-0.22532036776928327,-0.2489560848715318,-0.3371660998817098,-0.4242629202453546,0.326362116502199,-0.1893061912112887,-1.082184472584915,1.284783716571294,0.09158714731721823,-0.7959849907265035,0,0.0
13064,-0.5370530316024646,-0.25395340732976973,-0.15397460482290368,-0.08412506577231561,-0.28043365908412043,-0.25395340732976973,-0.14732655417814702,-0.2550563858273878,-0.5151741327827366,-0.47492047797460574,0.8636361966716445,1.2414555221635646,0,446.34
13534,-1.12382180143127,2.9819273380663422,0.4769941603538308,-0.30623484985775656,0.7123840548736939,2.9819273380663422,-0.5082322080298393,-0.37699910265925085,-0.03263165310342379,-0.47288572261439416,0.2976714955086855,-0.2871864760559563,1,1498.55
15313,-1.0847038834426828,-0.4242629202453546,-0.2571876659749644,-0.5918214287547299,-0.7059269650660409,-0.4242629202453546,-1.0420718210188007,-0.6599391632002087,4.240977272907547,-1.409965265225355,-2.5712599695922225,-0.05194985852464294,0,0.0
13132,0.8842313219828637,-0.4242629202453546,-0.2528874758602717,-0.5455549974770888,-0.6775607446672461,-0.4242629202453546,-0.9368076719787237,-0.6772418459939191,-0.10971779009532666,-3.0083760461228346,3.9380496698694603,-1.3537373290461454,0,0.0
12413,0.5582486720779719,-0.25395340732976973,-0.1701810525476447,-0.17130894368383873,-0.3655323202805045,-0.25395340732976973,-0.35785485225830077,-0.39174757989769915,1.7656411913506425,0.5063232566965887,-0.38069755516245285,-0.046087960606791774,0,194.2
12481,-0.18499176970518144,0.7679036701637393,0.4283374242220887,0.24693136585889164,0.8683982670670648,0.7679036701637393,-0.06837844239808935,0.27051260403156246,0.741625592093806,0.2579131125205948,0.5463182936665004,0.13731393848583603,1,1494.56
15106,-0.680485397560617,-0.08364389441418492,-0.09047796359575366,-0.05733137688155532,0.23015830809418414,-0.08364389441418492,0.16846589294208367,0.20173443992656404,0.26351791421321413,-0.05372454107733862,-0.03106132054854828,0.6140739097115295,0,389.69
13626,0.7668775680171027,-0.4242629202453546,-0.22230513564933668,-0.21651472159622148,-0.45063098147688857,-0.4242629202453546,-0.09469447965810857,-0.023200436391669826,0.39257484300225415,0.9961330618259379,-0.147787966650208,-0.17191649114163443,0,0.0
15172,-0.7587212335377911,-0.08364389441418492,-0.11530858706830129,-0.14638358960027167,0.13087653669840268,-0.08364389441418492,-0.024518380298057557,0.22019063490652163,-0.07544124634472542,1.5691413247781125,0.7832631935670749,0.14316739079751298,0,737.31
13305,-1.0195073534617045,0.4272846443325696,-0.08148325763253082,-0.35599368698216916,-0.3371660998817098,0.4272846443325696,-0.7262793738985699,-0.3444535802615576,-0.5478729769467524,0.44443508948659494,1.9174340377651582,-0.6279581159848185,0,915.11
12816,-0.22410968769376846,-0.4242629202453546,-0.2118657017819681,-0.10419518764077838,-0.507363422274478,-0.4242629202453546,-0.30522277773826234,-0.47999126214562166,1.386772275706596,1.1135726222466247,0.49329702919195817,0.05223029385723367,0,253.55
15855,-0.7456819275415953,0.25697513141698475,-0.14496800110047023,-0.4264180225808139,0.11669342649900534,0.25697513141698475,-0.2525907032182239,-0.4211621406470067,-0.9122085841809323,0.5220628439015382,-0.07554442811896422,-0.29826379190240165,0,0.0
15755,-1.1107824954350742,-0.08364389441418492,-0.07144154885877416,0.010940563870694963,0.20179208769538942,-0.08364389441418492,0.06320174390200677,-0.026660972950411886,-0.6546530493461986,0.3323270817475247,-0.20714406922616568,-0.5623727740091041,0,1219.42
15139,0.5973665900665589,-0.25395340732976973,-0.23560853012668834,-0.5232812768066671,-0.5357296426732727,-0.25395340732976973,-0.7525954111585892,-0.3865567750595861,0.39495932566994363,1.0191348411727918,-0.3568484548370612,-0.2769941825440381,0,0.0
17967,2.3185549815643878,-0.4242629202453546,-0.2469436952946273,-0.48160491440281594,-0.13860255709014693,-0.4242629202453546,1.1158432343027758,-0.4938334083805899,0.40412902207531726,0.7925859673757343,0.5536003386242396,0.3303861133399042,0,0.0
15912,-0.19803107570137712,-0.25395340732976973,-0.2210490722126735,-0.4449575119204473,-0.45063098147688857,-0.25395340732976973,-0.5946991875984738,-0.42635294548511976,-1.2361382195250266,1.2913874421968934,-0.8997215187470179,-0.9304091563293961,0,0.0
13255,2.3446335935567792,-0.4242629202453546,-0.22766422633377387,-0.2741740329868943,-0.6350114140690541,-0.4242629202453546,-0.7789114484186084,-0.36579355570713373,0.029735791664386904,-1.1709394995562714,2.5945034086242624,-0.15936976387742907,0,173.81
17492,0.71472034403232,-0.4242629202453546,-0.20236109185257622,-0.0019335735283008287,-0.54991275287267,-0.4242629202453546,-0.4631190012983777,-0.21006941056374104,-1.005118145234221,0.37750921377005725,0.7457705416873021,-0.6042229063274559,0,0.0
17188,-0.3805813596481165,0.25697513141698475,0.04248119526272478,-0.023058862623925716,0.003228544903826554,0.25697513141698475,-0.5052246609144084,-0.07441637746105234,0.5283539352001472,-0.09801823893681004,-0.802665478957314,-0.4488232887547154,1,659.14
14288,0.25834463416547143,-0.4242629202453546,-0.1935176573993169,0.09321434818615222,-0.4931803120750806,-0.4242629202453546,-0.2525907032182239,-0.09587170412525307,2.4850533754397675,0.20969626726966284,-1.0371680929548752,-0.008011001342338906,0,0.0
17122,-0.9673501294769218,-0.4242629202453546,-0.24251602918839235,-0.43396694860113416,-0.6208283038696568,-0.4242629202453546,-0.7262793738985699,-0.4696096524693955,-3.550272048597093,0.5914544480439515,-2.1358655914870086,-1.8575949712237902,0,0.0
17956,0.7277596500285156,-0.4242629202453546,-0.26385890953234337,-0.6635984021795286,-0.7059269650660409,-0.4242629202453546,-1.0420718210188007,-0.7429920406100182,0.16542777858073732,-0.07240751852758019,0.26081950654345953,0.1993084579946951,0,0.0
18079,-0.8760749875035521,-0.25395340732976973,0.10895397597241506,1.330320201743913,0.11669342649900534,-0.25395340732976973,0.7211026754024873,8.034658940639217,0.697951472074448,0.9708542906171251,3.693347616899501,-0.4926350934030401,1,1406.97
14546,0.10187296221112337,-0.25395340732976973,-0.11732440741455644,0.11303759384028768,1.0669618098586278,-0.25395340732976973,2.6421733953838906,0.12041183079612565,-0.39606598772161083,-0.2958296234175296,0.6584244071764186,0.33192993978967367,0,1699.05
16515,-0.5631316435948559,-0.08364389441418492,-0.09867212033209098,-0.08671878995000158,0.17342586729659473,-0.08364389441418492,0.11583381842204521,-0.11894194785020021,-0.590491477060247,0.17512642353452176,-0.0867277744437859,1.2606899796769984,0,639.52
15469,-0.9543108234807262,-0.4242629202453546,-0.2143047424201436,-0.1304372148674246,-0.4931803120750806,-0.4242629202453546,-0.2525907032182239,-0.30350389764977664,-0.6458250625049426,0.023454886562628657,1.411037857338231,0.18219560594213746,0,234.25
18200,-1.1499004134236612,-0.4242629202453546,-0.2404713142840543,-0.4119675348355207,-0.3087998794829151,-0.4242629202453546,0.48425834006231433,-0.3865567750595861,0.8872366443216347,-0.5887593600594254,-0.6233242044234447,0.08425791748575373,0,0.0
14161,0.2844232461578628,-0.08364389441418492,-0.07946573760638846,-0.017837278298177568,0.5138205120821311,-0.08364389441418492,0.7298746878224937,-0.22737209335745134,-0.6126648456149958,0.6978338301586687,0.35286100602096737,-0.43221324199856365,0,0.0
13750,-0.6935247035568127,0.08666561850139992,-0.04224104839615735,-0.08497998895896762,-0.4931803120750806,0.08666561850139992,-0.8447015415686564,-0.37357976296430334,-0.12720021372257748,-3.5436802607605995,4.4889409570346706,-1.66339125173365,0,330.63
14344,-0.8630356815073564,0.7679036701637393,-0.1147663891842748,-0.48348620259162517,0.07414409590081329,0.7679036701637393,-0.6275942341734978,-0.540118084853765,-1.5656964039479617,-0.3969107001930994,-0.7110401297453528,0.26302522520177607,0,0.0
13470,-1.0195073534617045,-0.4242629202453546,-0.2463946986910519,-0.4756981723859471,-0.6208283038696568,-0.4242629202453546,-0.7262793738985699,-0.5042150180568161,-0.8447936481630746,0.021025074760537065,-1.1709140320604097,-0.7181156283159895,0,49.5
13983,-0.08067732173561605,0.7679036701637393,0.019700385734176904,-0.30264251792423325,0.20179208769538942,0.7679036701637393,-0.5946991875984738,-0.4034268907834536,0.6172478438557926,0.8116062338979663,0.02092454761718325,0.3291451657277529,1,922.37
15224,2.1490440036138443,-0.25395340732976973,-0.21128271158064812,-0.39241859608619334,-0.5357296426732727,-0.25395340732976973,-0.7262793738985699,-0.4834517987043637,-0.055671673323534974,-0.8746841041645382,1.0598306795401606,-0.7392084744643134,0,0.0
13725,-0.31538482966713816,0.5975941572481545,0.051083275171997414,-0.19951030594482883,0.49963740188273376,0.5975941572481545,-0.38041145562403156,-0.3885342245217243,0.6304967157579386,-0.8225564730562861,0.03921610314647636,-0.4117394077163466,1,114.86
14844,-0.9151929054921392,-0.08364389441418492,0.11770732739165125,0.6893015394612454,0.1876089774959921,-0.08364389441418492,0.4316262655422759,0.7542667771390462,1.398754893951425,-0.47945426928550705,-0.7063864987439176,-0.3590488172824648,1,932.13
16679,2.2533584515834097,-0.4242629202453546,-0.2439726548517487,-0.44963901642917303,-0.6775607446672461,-0.4242629202453546,-0.9368076719787237,-0.6460970169652406,-1.036274903212083,-1.3476381009701421,-0.06885466720828887,5.488218389325957,0,0.0
17552,2.3185549815643878,-0.25395340732976973,-0.21528715739496274,-0.41396083167712655,-0.5357296426732727,-0.25395340732976973,-0.7525954111585892,-0.497293944939332,-0.11991916261136114,0.061493212619336324,0.3306887618429204,-0.24955089876602568,0,631.89
15232,-1.0455859654540958,-0.25395340732976973,-0.16199539421074352,-0.12727354189863738,-0.35134921008110714,-0.25395340732976973,-0.27890674047824315,0.44051146247976614,-0.4463253430124829,-0.796866081639206,0.08683400164534161,-0.8349314454268338,0,0.0
14388,-0.9412715174845304,0.25697513141698475,0.04588395439695986,-0.015736696978246638,0.41453874068634966,0.25697513141698475,0.052675328997999114,0.0695419433826174,0.5250246828322236,-0.17873398643360036,-0.8293646120507301,-0.12561592110473335,1,1377.73
12707,1.2754105018687338,-0.4242629202453546,-0.1634639176333105,0.41656732757399717,-0.2520674386853257,-0.4242629202453546,0.6421545636224296,0.13944478186920697,1.494297367187551,-0.016489278361723175,-0.2936100168666224,0.047835431206622835,0,0.0
13270,2.2533584515834097,-0.4242629202453546,-0.16574488804197357,0.3920260031571616,-0.7059269650660409,-0.4242629202453546,-1.0420718210188007,-0.054345265420348364,0.16542777858073732,-0.07240751852758019,0.26081950654345953,0.1993084579946951,0,0.0
17800,-0.9934287414693131,0.4272846443325696,-0.13594949961882621,-0.4536621843663592,-0.20951810808713367,0.4272846443325696,-0.5069790633984097,-0.48633557916998216,-2.047092074122683,0.9134879061073989,-0.9389856508744915,-1.0866569110275917,0,421.91
16573,1.2623711958725383,-0.4242629202453546,-0.21628826884854135,-0.15177829206149857,-0.4931803120750806,-0.4242629202453546,-0.2525907032182239,-0.36233301914839167,-1.5871455231816758,-0.16534466147147647,-1.1676016942589256,-0.7014221075257128,0,370.98
13544,0.6104058960627546,-0.4242629202453546,-0.24681791898297226,-0.4802516670057624,-0.12441944689074957,-0.4242629202453546,1.1158432343027758,-0.5284387739680105,0.011523316310607153,-0.9934569405975792,-0.0682669114784209,-0.38355046697317074,0,163.05
13814,-0.7326426215453997,-0.4242629202453546,-0.1610639696325413,0.4423887508799375,-0.28043365908412043,-0.4242629202453546,0.5368904145823528,0.4024455603336035,-0.45743138867431316,0.09141398392401238,-0.4480291528513375,-0.787275288945723,0,961.58
13709,-1.202057637408444,0.25697513141698475,0.23007826377610885,0.38061849334253994,1.0527786996592303,0.25697513141698475,0.6737338083344528,0.5616302420357382,0.4369739873825204,-0.1948401839443107,-0.16095330931144755,-0.4092806229212026,1,3388.84
17758,-0.5370530316024646,0.08666561850139992,-0.022419381551277467,-0.031663870227757275,1.7193848790309056,0.08666561850139992,1.5237418118330737,0.037358953386316215,0.1655384578486899,0.8788860785745127,0.7606845337825006,-0.12654540699001082,0,1974.95
14562,-0.8760749875035521,0.4272846443325696,0.06623592136665563,-0.09110465257243404,0.7407502752724887,0.4272846443325696,0.3877662034422439,-0.22794884945057498,-0.5847024128840638,0.28132421843059346,-0.21911523051493229,0.032542951578881756,1,3051.92
15339,1.627471763766017,-0.4242629202453546,-0.22219125709689225,-0.2152894840880785,-0.15278566728954426,-0.4242629202453546,1.0632111597827372,-0.1962272643287728,-0.9857923995234855,-0.05150318523897136,-1.224935128703356,-1.050091101722697,0,316.17
17596,-0.7456819275415953,0.08666561850139992,0.029221992462441112,0.10724057458534211,0.8683982670670648,0.08666561850139992,1.0237371038927083,1.715719184376215,0.1525300660558444,2.0820659485881667,0.8059874200970772,-0.04461272236655535,1,1069.61
17107,-0.5109744196100733,-0.08364389441418492,0.810314983678793,3.17326028526095,1.8186666504266873,-0.08364389441418492,2.9755098673441336,2.0577355475985555,-0.21867895154200515,-2.215170111300274,2.4955978044172813,-0.3925118673003068,1,4464.87
15128,-0.8760749875035521,-0.08364389441418492,-0.06712266226532192,0.026429760428861675,0.21597519789478678,-0.08364389441418492,0.326362116502199,0.41513419438232446,0.7015319757363202,0.4322069171901394,1.2346589165798911,-0.24246921353380627,0,300.76
14673,2.2663977575796053,-0.4242629202453546,-0.20254465728039708,-0.003908583242919466,-0.507363422274478,-0.4242629202453546,-0.30522277773826234,-0.009358290156701587,-1.385737649760263,-0.4992657598978326,-0.6718699727334919,2.3158341828604523,0,1362.91
14897,1.3406070318497123,-0.4242629202453546,-0.23619661936767003,-0.36597541046268783,-0.5782789732714647,-0.4242629202453546,-0.5683831503384545,-0.324267117002229,1.2104404694337654,-0.4153710433218814,-0.46535471810671525,0.13488324863076226,0,1190.88
16698,0.4278556121160152,-0.25395340732976973,0.07357004008005444,1.1399694969340455,-0.6633776344678488,-0.25395340732976973,-0.9631237092387429,0.7069727775029048,0.9452882563226965,5.211121680656608,2.5042591371423777,0.3492712813826843,1,0.0
12792,0.8190347920018853,-0.4242629202453546,-0.19794702318543908,0.04555809525748327,-0.3655323202805045,-0.4242629202453546,0.2210979674621221,0.00448385607826665,-0.025469192923233255,1.7943363092944988,0.16454387928044373,-0.2722569691446415,0,0.0
13233,1.8621792716975394,-0.4242629202453546,-0.214314940499467,-0.13054693762934785,-0.4789972018756833,-0.4242629202453546,-0.19995862869818545,0.6516041925630318,-0.8715336770809954,-0.5716310222513828,1.2680639540026661,-1.1694787996699594,0,300.88
13235,0.24530532816927578,-0.4242629202453546,-0.0907771072559062,1.1986163131820275,0.03159476530262125,-0.4242629202453546,1.9579564266233906,0.779644045236488,0.8283322897926687,-0.6410439730800145,-0.4599601329945755,-0.4135168864679211,0,0.0
16326,-0.9934287414693131,0.5975941572481545,-0.059426511735943065,-0.36936636629545905,0.32944007948996556,0.5975941572481545,-0.23755296764107012,-0.6307717836336686,0.2206501624448952,-2.144553870230761,2.193419836264652,-0.8354675222033805,0,1823.7
16084,1.3797249498382993,-0.4242629202453546,-0.19188936406735024,0.11073341583989925,-0.18115188768833898,-0.4242629202453546,0.9053149362226219,0.0010233195195245904,-1.5686879064900567,0.7616179187286496,-0.7937451499469338,-0.7716366618972772,0,0.0
14340,0.3235411641464498,-0.4242629202453546,-0.2431313133075697,-0.44058688857050415,-0.6350114140690541,-0.4242629202453546,-0.7789114484186084,-0.5457414567617208,-0.1916675952600877,1.1457700414604386,2.6681921317614212,-0.7912719663456862,0,0.0
12939,-0.719603315549204,0.08666561850139992,1.0920318259475557,2.965975700860926,-0.43644787127749124,0.08666561850139992,-0.686805318008541,2.0288977429423714,1.5184961058050885,-2.5762827047605383,1.6361118290244936,-0.9730670130613901,1,3591.72
16518,1.1841353598953641,-0.4242629202453546,-0.23361310593907997,-0.3381789774421288,-0.5640958630720674,-0.4242629202453546,-0.5157510758184162,-0.31734604388474486,-0.7082619198279556,0.354797949761672,0.424860908140178,-0.505505981382094,0,293.62
15899,2.279437063575801,-0.4242629202453546,-0.25646530202289153,-0.5840493997851657,-0.6633776344678488,-0.4242629202453546,-0.8841755974586852,-0.6114916513778199,-1.1302923661394106,0.020959606919652627,-1.8127384066041614,-1.0863004088028636,0,0.0
15514,0.4148163061198195,0.4272846443325696,0.15922370831713883,0.0756404191514435,-0.010954565295570795,0.4272846443325696,-0.2262746659582047,-0.06357336291032725,0.8137941014410152,-1.087730290184091,0.6440713428128969,-0.17297593067733133,1,1521.78
15920,-0.5109744196100733,0.08666561850139992,-0.23755636327745427,-0.6103371448292798,0.03159476530262125,0.08666561850139992,-0.30522277773826234,-0.6608042973398943,-0.6581091803274645,0.11283771726655775,0.03222169011254873,0.058698763489664574,0,0.0
18180,-0.7456819275415953,-0.25395340732976973,-0.16373076737560566,-0.13660912022560792,-0.12441944689074957,-0.25395340732976973,0.010569669381968322,0.2103857813234192,0.7067969672442154,1.8831556932875584,0.4952940021782886,0.5513331611054203,0,1241.9
17554,-0.9282322114883348,-0.25395340732976973,-0.05358471196353246,0.45593036841396656,0.003228544903826554,-0.25395340732976973,0.563206451842372,1.6914954284650205,0.018874227076789523,1.0180408868510162,1.0181431881013023,-0.4152682582359537,0,702.5600000000001
13489,-1.1499004134236612,0.08666561850139992,-0.18962199109778502,-0.4814037560059566,-0.5640958630720674,0.08666561850139992,-0.9104916347187044,-0.26197745894487195,-0.8134570894219749,-1.5070386463193808,-0.28387457700734336,5.74394604588405,0,0.0
17291,1.4970787038040603,-0.4242629202453546,-0.1724076331999164,0.320340465367299,-0.7059269650660409,-0.4242629202453546,-1.0420718210188007,-0.497293944939332,4.240977272907547,-1.409965265225355,-2.5712599695922225,-0.05194985852464294,0,0.0
14062,-1.0586252714502915,0.9382131830793241,1.060028553350896,0.8983335604400472,0.08832720610021064,0.9382131830793241,-0.5742311586184589,0.6435296072593004,-1.2336229641465943,-0.3794100359292572,0.03655433996233195,-0.8002295112818242,1,2663.0600000000004
17848,-0.8499963755111608,0.7679036701637393,-0.12638030185371954,-0.49910569492957574,-0.13860255709014693,0.7679036701637393,-0.7657534297885987,-0.5777514199300848,0.19594362786614242,1.1362387351033674,-0.2566585881155914,-0.46740085467572395,0,79.6
17486,0.8842313219828637,-0.4242629202453546,-0.19857080570405264,0.038846719653177215,-0.37971543047990186,-0.4242629202453546,0.16846589294208367,-0.0854900944490269,-1.7201302388506543,-0.7074864892594033,0.22035697633404377,-1.3287722948900456,0,0.0
17857,-1.0977431894388785,1.6194512347416634,2.0613320707568072,1.2392714098787472,-0.5640958630720674,1.6194512347416634,-0.9894397464987621,1.229779992992859,-0.1628592856574972,-2.7671917475687047,3.775276680671462,-1.3296152716661256,1,13186.12
15919,2.279437063575801,-0.4242629202453546,-0.2296392543627355,-0.29542367454603213,-0.18115188768833898,-0.4242629202453546,0.9579470107426603,-0.14085867938889984,0.8397430750379857,0.6014906792020428,0.06523053194667536,-0.34137647486291606,0,311.61
14709,-1.0586252714502915,0.7679036701637393,0.3058210985907533,0.08215977992238381,0.1876089774959921,0.7679036701637393,-0.18680061006817586,-0.0275261070900974,0.20117104601262822,-0.3417043626609743,0.22329179924466871,-0.15284133560595242,1,1556.6
14419,0.7668775680171027,-0.25395340732976973,-0.21382203333217023,-0.40607907994563913,-0.08187011629255754,-0.25395340732976973,0.40531022828225666,-0.46787938419002445,0.6209013829211626,0.13141766616756478,1.5516445005570443,-0.3609350158453254,0,744.65
14682,-0.08067732173561605,-0.25395340732976973,-0.2571876659749644,-0.6393679589214755,-0.7059269650660409,-0.25395340732976973,-1.0420718210188007,-0.6080311148190779,-1.8726524078436275,-1.5273811146209704,0.19546449944973968,6.95852029256188,0,0.0
12622,0.5060914480931892,-0.4242629202453546,-0.2354147666195441,-0.3575633320485713,-0.5640958630720674,-0.4242629202453546,-0.5157510758184162,-0.5076755546155581,-0.7843909007014376,1.1826130620411697,-0.3338338459189426,-0.15087115399985598,0,0.0
17306,-0.8499963755111608,1.7897607476572481,0.7747423833189497,0.11292787107836441,-0.592462083470862,1.7897607476572481,-0.9330482380844352,1.332835532269683,1.490404367892688,-1.5146013474860336,0.5004893270714785,-0.4049825470798973,1,2507.99
14371,1.3275677258535166,-0.4242629202453546,-0.24894421852189738,-0.503128862866762,-0.6633776344678488,-0.4242629202453546,-0.8841755974586852,-0.6287943341715302,1.054705162322068,-0.5914742183062657,-2.3932031642178515,-0.7903778598374283,0,0.0
15845,-0.64136747957203,0.25697513141698475,0.1634423137972445,0.23722913063582735,0.31525696929056823,0.25697513141698475,-0.11574730946612387,0.20727129842055142,-0.01708395515020012,-0.2884172505184016,-0.049253630121522916,-0.16640300511733064,1,1185.01
15396,-1.0586252714502915,-0.4242629202453546,-0.21704462639835886,-0.15991606357080693,-0.5215465324738753,-0.4242629202453546,-0.35785485225830077,-0.324267117002229,1.0681270871854727,0.05343065853896129,-0.04404006674433469,0.21045288814780008,0,0.0
17198,2.240319145587214,-0.25395340732976973,-0.17736050039130555,-0.20993135588082598,0.31525696929056823,-0.25395340732976973,0.9316309734826411,-0.32772765356097106,-0.030452891045511556,-0.2246028460363285,0.7297646819846029,-0.13402445392104012,0,170.56
14242,0.5321700600855805,-0.25395340732976973,-0.2183414821523156,-0.43039181527513465,-0.5357296426732727,-0.25395340732976973,-0.6736472993785315,-0.5336295788061236,-0.9125827756924462,0.37913657128680567,-0.5267947487421012,0.09466010688428113,0,0.0
15363,2.3315942875605837,-0.4242629202453546,-0.21061643706485383,-0.0907541493051792,-0.4931803120750806,-0.4242629202453546,-0.2525907032182239,-0.2481353127099037,-0.16825152112189765,-0.8106285081462313,1.3100369124747422,0.3108769729765799,0,0.0
13936,-0.18499176970518144,-0.4242629202453546,-0.20201945619524292,0.0017421389961283398,-0.35134921008110714,-0.4242629202453546,0.27373004198216055,0.3955244872161194,0.13611427016859434,0.9067858840181113,0.2309041513688818,-0.3547093440654814,0,0.0
14329,-1.1107824954350742,0.08666561850139992,0.32631753835086363,0.9063651650176798,1.6768355484327135,0.08666561850139992,1.444793700053016,1.143000383904404,-0.7561804357407661,0.20129579628142627,-0.4808663415707031,-0.5715039196894709,1,1490.21
15585,-0.22410968769376846,-0.4242629202453546,-0.1886395761229659,0.14569840263944453,-0.28043365908412043,-0.4242629202453546,0.5368904145823528,0.36091912162869877,-1.021131591220654,-0.3259765387514481,-0.6408671365112678,-0.19690818369066765,0,0.0
16752,2.3315942875605837,-0.4242629202453546,-0.23075764372853302,-0.30745660410361625,-0.592462083470862,-0.4242629202453546,-0.621015224858493,-0.5595836029966891,-0.7557060585296549,3.0959573489005914,0.6307125877988359,-0.46666669934291244,0,0.0
12704,-1.1499004134236612,-0.08364389441418492,-0.07890484324360243,-0.01582569432958454,-0.15278566728954426,-0.08364389441418492,-0.2175026535381982,-0.21006941056374104,0.14019345620438092,0.9865743593503418,0.7656466831595352,0.9912408786115863,0,1239.92
12974,0.04971573822634068,-0.4242629202453546,-0.24141463662146712,-0.42211689031342214,-0.6066451936702594,-0.4242629202453546,-0.6736472993785315,-0.6633996997589509,0.28789378480617445,-0.33648059363725086,2.2944652565291253,-0.3773262395111163,0,0.0
16665,2.201201227598627,-0.4242629202453546,-0.24301233571546357,-0.43930678968139947,-0.592462083470862,-0.4242629202453546,-0.621015224858493,-0.5422809202029788,-0.9295214932785345,-0.3878026308906628,-0.6784265049092301,-0.9640761543887492,0,0.0
13284,1.7839434357203654,-0.4242629202453546,-0.23183014173737534,-0.3189957812325457,-0.5357296426732727,-0.4242629202453546,-0.41048692677833926,-0.43154375032323283,1.3590317242678551,-0.36190937637537984,-1.0049793467603994,-0.10583564016412104,0,0.0
16832,-0.11979523972420307,-0.08364389441418492,-0.23217687643437032,-0.5655184444381263,-0.5640958630720674,-0.08364389441418492,-0.8841755974586852,-0.7083866750225976,1.4692067819341195,-1.462941400879799,0.24365980048433816,-0.4587283239833664,0,0.0
16565,2.2272798395910183,-0.4242629202453546,-0.2365025617473715,-0.36926709332038565,-0.6775607446672461,-0.4242629202453546,-0.9368076719787237,-0.5872678954666255,0.16542777858073732,-0.07240751852758019,0.26081950654345953,0.1993084579946951,0,0.0
15160,2.1360046976176483,-0.4242629202453546,-0.2391438642921274,-0.3976852886585098,-0.6633776344678488,-0.4242629202453546,-0.8841755974586852,-0.45576750623442724,2.577312803869137,-1.2023643174707839,-1.6512555221892868,1.1075564664465114,0,0.0
12942,-0.8108784575225737,-0.08364389441418492,-0.1511956282072821,-0.2750883893362548,0.24434141829358147,-0.08364389441418492,0.1333778432620578,-0.5180571642917843,-0.5819502728875254,0.005932786474360972,-0.4147722484753716,-0.530401480051658,0,0.0
14457,1.5231573157964517,-0.4242629202453546,-0.24671083915007674,-0.4790995780055682,-0.6633776344678488,-0.4242629202453546,-0.8841755974586852,-0.44192535999945903,-0.8682523845748347,0.38939804776822207,-0.31698012806266784,-0.387304842456044,0,0.0
13705,-0.64136747957203,-0.25395340732976973,-0.17718713304280806,-0.2089987124044783,-0.43644787127749124,-0.25395340732976973,-0.5420671130784354,-0.3363789949578262,-0.9355287865594931,-0.13078451941223693,-0.3375271283997307,-0.28922469617650365,0,189.18
14775,-0.7326426215453997,-0.25395340732976973,-0.1468002560189045,-0.04553008426580913,-0.16696877748894162,-0.25395340732976973,-0.04206240513807012,0.6412225828868056,-0.08762774719123324,0.827073372367302,0.10060829099647885,-0.17009611307792796,0,310.44
16097,0.6104058960627546,-0.4242629202453546,-0.2345734250753651,-0.3485112041899024,-0.5782789732714647,-0.4242629202453546,-0.5683831503384545,-0.4453858965582011,0.4028185884061357,0.8981738712207364,0.7390515421960965,0.2780908899795867,0,0.0
13183,-1.202057637408444,0.4272846443325696,0.1410439322433234,0.04304056744224405,-0.010954565295570795,0.4272846443325696,-0.4631190012983777,0.08869024567432336,-3.0234800291470507,0.4859605596700932,-1.9558516643238075,-1.6821731590194087,1,1562.8000000000002
17674,2.279437063575801,-0.4242629202453546,-0.21492342589909544,-0.13709372909076897,-0.5640958630720674,-0.4242629202453546,-0.5157510758184162,0.4612746818322185,2.0674593933618595,4.6866594023165,2.241474793733233,0.5616845798902912,0,250.38
17029,-1.0847038834426828,-0.25395340732976973,-0.14432892146287163,-0.03223534294610758,-0.7059269650660409,-0.25395340732976973,-1.0420718210188007,-0.054345265420348364,4.240977272907547,-1.409965265225355,-2.5712599695922225,-0.05194985852464294,0,0.0
13196,0.8972706279790594,-0.4242629202453546,-0.178980295323836,0.24962414530775826,-0.23788432848592836,-0.4242629202453546,0.6947866381424681,0.36091912162869877,0.5413980573224976,1.4377121103482353,1.071260586527444,-0.1279953959240475,0,1285.65
15867,-1.0455859654540958,1.4491417218260785,0.23493934825358753,-0.23775064781011898,2.868216805182091,1.4491417218260785,0.48425834006231433,-0.3182111780244304,0.16041664889229607,-0.435245416332997,1.352112249050779,-0.5861025636977604,1,862.73
12689,-0.8630356815073564,-0.4242629202453546,-0.17916726011143136,0.24761256133916512,-0.23788432848592836,-0.4242629202453546,0.6947866381424681,0.22595819583775845,0.5885474143078641,0.7802581497667223,-0.4388105261168585,0.04035434915157329,0,736.5799999999999
17508,1.1319781359105816,-0.4242629202453546,-0.2001956996762448,0.02136422625340457,-0.4080816508786965,-0.4242629202453546,0.06320174390200677,0.2536424883076949,-1.1293065817224694,0.5190279959695819,-0.6592487453851126,-0.63282275173264,0,0.0
15372,-0.7326426215453997,-0.4242629202453546,0.07516773917405095,2.9840433823242893,-0.3371660998817098,-0.4242629202453546,0.326362116502199,9.372156320593023,0.8769684976512873,0.8039854949433575,0.2687445304427649,-0.13119518983844214,1,0.0
13488,-0.9543108234807262,0.9382131830793241,0.855147440064267,0.6534059410883509,2.5561883807953496,0.9382131830793241,0.6947866381424681,0.49626455148172144,0.492416136920777,-0.3030429693386261,-0.6840587174168595,0.2774938503867938,1,2371.93
12715,-1.1368611074274655,-0.4242629202453546,-0.207665792780622,-0.05900769685538282,-0.43644787127749124,-0.4242629202453546,-0.04206240513807012,-0.08202955789028483,0.8398574375172487,0.9300943193014317,0.3922112757485544,0.4405338467158118,0,0.0
12970,1.6796289877508,-0.25395340732976973,-0.2619807632569539,-0.6651528079734415,-0.6066451936702594,-0.25395340732976973,-0.8841755974586852,-0.732610430933792,1.950964264699262,-0.8402159946927686,0.6206927176266801,-0.34371494938576164,0,381.67
13870,-1.202057637408444,0.25697513141698475,0.10441413099362297,0.11021040400806514,0.4429049610851444,0.25697513141698475,-0.1683793839861623,-0.014203041338940492,-0.33044213628891356,1.3485541814464714,1.0219136288006827,-0.11912022734721045,1,591.47
14542,-0.1067559337280074,-0.4242629202453546,-0.24847680655290905,-0.4980999029452792,-0.6491945242684515,-0.4242629202453546,-0.8315435229386468,-0.6807023825526611,-0.44828788656883023,-0.06309623026858235,-1.0341636323814247,-0.5532614577818539,0,0.0
12802,-0.09371662773181173,-0.4242629202453546,-0.19335108877036833,0.09500648663089871,-0.3655323202805045,-0.4242629202453546,0.2210979674621221,0.3401559022762464,0.9204157756859243,0.20671435860468604,0.038352999784379685,0.7122710360322273,0,0.0
16250,0.8842313219828637,-0.25395340732976973,-0.1998336678602647,-0.33082755239327044,-0.4080816508786965,-0.25395340732976973,-0.4631190012983777,-0.3865567750595861,-0.9293797615435523,-0.30101117077075706,-0.6136578949483729,-0.6212226169440324,0,0.0
13999,-1.0195073534617045,0.7679036701637393,0.1694217876405207,-0.10128296266806526,0.49963740188273376,0.7679036701637393,-0.18022160075317104,-0.058238369048933175,0.5391098876347512,0.09844234508676832,-0.044510395911871024,-0.11315671423665523,1,1339.87
13890,-1.12382180143127,-0.25395340732976973,-0.1808533425595638,-0.2287213788601841,-0.3655323202805045,-0.25395340732976973,-0.30522277773826234,-0.27754987345921117,-0.837519899049212,-0.4731699610961511,-0.461051760864781,-1.0159313923936848,0,1382.7
14616,0.636484508055146,-0.08364389441418492,-0.1970054005279135,-0.4393799381893483,-0.6917438548666435,-0.08364389441418492,-1.0420718210188007,-0.6264873097990356,-0.14218448593955124,-3.594060091531535,4.930959980905782,-1.7300958598513398,0,0.0
14012,1.0928602179219946,-0.4242629202453546,-0.21014052669642935,-0.08563375374876041,-0.5640958630720674,-0.4242629202453546,-0.5157510758184162,-0.19276672777003073,-2.1494288936891954,0.06650794725231444,-0.8776223640692266,-1.2110125567809131,0,0.0
13043,1.0407029939372119,-0.4242629202453546,-0.1782511326522142,0.25746932278527124,-0.5357296426732727,-0.4242629202453546,-0.41048692677833926,0.13252370875172284,0.338233386134762,-0.7418338074940058,-0.18381053708830333,-0.4955573820099527,0,0.0
16869,-0.3675420536519209,-0.25395340732976973,-0.20013281152041726,-0.3324368195681449,0.07414409590081329,-0.25395340732976973,0.40531022828225666,-0.32772765356097106,-0.3661227263050849,0.31656144219359506,0.020927874418574657,-0.15751479515255248,0,429.44
14339,0.636484508055146,-0.4242629202453546,-0.2134175095190094,-0.1208913345801011,-0.5215465324738753,-0.4242629202453546,-0.35785485225830077,-0.16508243530009425,0.6357416942527139,-0.46022302291096606,-1.154445152901443,0.08879736564057754,0,0.0
16949,-0.1067559337280074,0.08666561850139992,-0.11411711146735283,-0.27831149546775047,-0.26625054888472305,0.08666561850139992,-0.6736472993785315,-0.4125107992501515,2.136982809531037,-0.23352288301046042,-1.0769390339401363,0.052965498650172915,0,392.52
16266,-1.0195073534617045,0.4272846443325696,-0.13665996581168846,-0.45493618754646814,-0.1953349978877363,0.4272846443325696,-0.6561032745385186,-0.5428576762961024,-0.9357352202575804,-0.7034412214598585,-0.26465450921765765,-0.44849820801494095,0,100.77
15581,-0.9543108234807262,1.6194512347416634,0.3587372325198946,-0.16984316012071002,1.1804266914538064,1.6194512347416634,-0.5036052124676381,-0.6711193582361447,0.08652728559480756,-0.07331049197375618,0.14280266629620833,0.04245981964626614,1,0.0
17090,0.4408949181122109,-0.08364389441418492,-0.1557082783078786,-0.2912724967199355,-0.5357296426732727,-0.08364389441418492,-0.7964554732586211,-0.38540326287333876,-1.8743891359787521,0.24503266174457428,-1.2943697327684989,-0.9641054932169086,0,1325.6
14188,-1.0977431894388785,0.08666561850139992,-0.030882087709797185,-0.05442677154508675,-0.3655323202805045,0.08666561850139992,-0.5289090944484257,-0.06905254579500211,0.7453261655685101,-0.2650968894435322,-0.897898761005537,-0.005623691243138041,0,670.9
13824,-0.7587212335377911,0.08666561850139992,-0.022998972392823017,-0.03322284780341695,-0.35134921008110714,0.08666561850139992,-0.621015224858493,-0.17546404497632045,-1.2391651724739534,-0.09101555594860279,-0.8136699334953199,-0.4630342395618714,0,269.1
12355,0.2713839401616671,-0.4242629202453546,-0.18794270736920143,0.15319612470420052,-0.5357296426732727,-0.4242629202453546,-0.41048692677833926,0.08407619692933402,-0.033722090919621216,-0.15979506041025165,-0.9695572790878546,-0.4168834206549289,0,0.0
14040,-0.9934287414693131,0.9382131830793241,0.15414506481409462,-0.18461587642153174,0.9960462588616409,0.9382131830793241,-0.11808651277812539,-0.30657993014643625,-0.1427960092624179,-1.0554890767226108,1.0994797256894018,0.23977567085338988,1,1088.26
15971,-1.1107824954350742,0.5975941572481545,0.09251297242323625,-0.1358319173286515,-0.592462083470862,0.5975941572481545,-0.9443265397673006,-0.2955940998012234,1.665312043660371,-0.920036127667299,-1.6164326938001814,-0.5933901260750695,1,2090.4
14222,-0.21107038169757278,-0.4242629202453546,-0.14990897053264876,0.562407165296996,-0.13860255709014693,-0.4242629202453546,1.0632111597827372,1.3540931139876697,0.15623502357136645,1.7379808199105498,0.5208114353065262,0.2559890145901229,0,0.0
13055,0.25834463416547143,-0.4242629202453546,-0.20741084079753744,-0.056264627807301335,-0.4080816508786965,-0.4242629202453546,0.06320174390200677,0.12560263563423874,-0.715818205206983,0.03562927965592319,0.6464947178587237,-0.5341219311121262,0,869.55
18081,-1.0586252714502915,-0.25395340732976973,-0.23066416133473538,-0.4966826506037705,-0.6208283038696568,-0.25395340732976973,-0.8315435229386468,-0.6512878218033537,3.991213965757022,-1.3279952519093412,-2.397700664998471,-0.03655190834141025,0,135.4
16770,0.5582486720779719,0.08666561850139992,-0.15565218887159998,-0.39003212601436243,0.4429049610851444,0.08666561850139992,0.2210979674621221,-0.4306786161835473,-0.9359021852834999,0.0983288641459553,-0.6022053498181458,0.6937567199643052,0,107.72
13952,0.3105018581502541,-0.25395340732976973,0.28655199767721196,2.2857229219835484,0.9818631486622436,-0.25395340732976973,2.5105932090837944,1.7295613306111832,0.9198057645116586,-0.7226886882609064,-0.05444246559263926,-0.6072488723100665,1,0.0
17250,0.8842313219828637,-0.4242629202453546,-0.23838070802276098,-0.3894743686412525,-0.3938985406792992,-0.4242629202453546,0.11583381842204521,-0.5042150180568161,-0.786100874554335,0.14346604839940952,-0.19627906486150312,-0.36967982439618385,0,219.32
17877,-0.3023455236709425,-0.4242629202453546,-0.22563990758808256,-0.25239406474512727,-0.54991275287267,-0.4242629202453546,-0.4631190012983777,-0.4073199944120384,0.949533645303656,0.006476594692524506,2.2165225239251676,-0.3775194960431156,0,0.0
14147,1.1971746658915599,-0.4242629202453546,-0.23495585304999192,-0.3526258077620246,-0.6917438548666435,-0.4242629202453546,-0.9894397464987621,-0.6080311148190779,0.5403156571298422,1.46033588644925,1.0160441651218615,0.32372177801950114,0,300.6
12674,-0.3023455236709425,-0.25395340732976973,-0.10000127000390509,0.20622879296710916,-0.29461676928351777,-0.25395340732976973,-0.1210105169181278,0.10829995284052843,-1.1412796279905344,0.5155853119214912,0.010006182093019685,0.23251877390234493,0,993.8
17749,-0.19803107570137712,-0.25395340732976973,-0.151379193635103,-0.07016284431758088,-0.2520674386853257,-0.25395340732976973,-0.17364259143816624,-0.19276672777003073,-1.6892378553305574,0.3331268283906995,-0.47057890547542336,-1.0915292496814153,0,0.0
14305,-1.0455859654540958,-0.25395340732976973,-0.08782306361189988,0.2717424253987886,0.15924275709719737,-0.25395340732976973,0.563206451842372,0.26056356142517906,-0.24178660103917127,-0.07354249260977881,-0.2533519311297614,-0.45385910205777996,0,810.51
13748,0.5060914480931892,-0.08364389441418492,-0.16730009513878932,-0.33284523207085925,-0.5640958630720674,-0.08364389441418492,-0.8666315726186725,-0.4892193596356005,0.9195522180839737,4.181913649274283,2.1558685016037518,0.3887360448316823,0,367.4
17970,0.2192267161768844,-0.4242629202453546,-0.17036971701512726,0.34226673062496343,-0.3371660998817098,-0.4242629202453546,0.4316262655422759,1.0288026774659162,0.32041632493707034,1.0475369934876995,1.2526975932680684,1.5988267901564615,0,0.0
14491,-0.23714899368996412,-0.25395340732976973,-0.20807881499321895,-0.37518297890074803,-0.4789972018756833,-0.25395340732976973,-0.6473312621185122,-0.5059452863361871,-0.07630692967860252,-0.38696457938816436,0.3854492218124803,0.06260491633899602,0,0.0
12817,1.1450174419067771,-0.4242629202453546,-0.2378045165409899,-0.3832750325925884,-0.6633776344678488,-0.4242629202453546,-0.8841755974586852,-0.5630441395554311,1.371085104809622,0.9994708179344034,-0.4320021127641938,-0.10847978987074437,0,0.0
15532,-0.8108784575225737,-0.08364389441418492,-0.059601578764327784,0.053403272734996246,1.6201031076351242,-0.08364389441418492,2.414101072463724,-0.3184995560709922,-0.21004125896261058,-0.2665085945845839,0.6979585542370504,-0.427240095770794,0,350.24
12721,-0.14587385171659442,0.08666561850139992,0.022734314332883036,0.08979008365779716,0.5280036222815284,0.08666561850139992,0.24741400472214134,0.23374440309492808,0.8581684182591088,1.6080239316472238,0.571442892582527,0.5832663488886266,1,957.22
17002,0.2844232461578628,-0.25395340732976973,-0.097159405232456,0.22151683112841666,-0.37971543047990186,-0.25395340732976973,-0.30522277773826234,-0.016279363274185707,-0.21154738513933283,-0.1456630580313244,-0.0595142898770013,0.4780010948707715,0,500.21
15049,1.0407029939372119,-0.4242629202453546,-0.24543098019499232,-0.46532937138419905,-0.6775607446672461,-0.4242629202453546,-0.9368076719787237,-0.5284387739680105,1.6297334238537369,5.914462020569954,3.210714113127475,0.6852647592881681,0,0.0
18101,-0.6544067855682256,-0.4242629202453546,-0.2472904299916223,-0.48533548830820666,-0.5357296426732727,-0.4242629202453546,-0.41048692677833926,-0.6599391632002087,-0.1114526348388649,-1.1454016191894636,1.8012715335367584,-0.5678215176276055,0,112.17
12501,1.8621792716975394,-0.4242629202453546,0.10270085366729474,3.280276552390102,1.3931733444447667,-0.4242629202453546,6.747475207946889,5.423684107068332,1.5147044548776074,1.186397525033531,0.10058622614507848,0.054306715474075416,1,0.0
16008,0.14099088019971037,-0.4242629202453546,-0.2423749557577522,-0.4324491170611957,-0.6350114140690541,-0.4242629202453546,-0.7789114484186084,-0.4869123352631058,-1.8440740619252933,-0.9011532864636446,0.6823547488516531,1.621821257179255,0,339.63
17429,-0.8499963755111608,-0.08364389441418492,-0.17680640474806844,-0.3669385324840142,-0.20951810808713367,-0.08364389441418492,-0.41048692677833926,-0.026660972950411886,0.054407122703615744,-0.5470951971381374,0.5056652843806582,-0.660139291844508,0,0.0
17060,0.949427851963842,-0.4242629202453546,-0.22621269971007918,-0.258556826539817,-0.6491945242684515,-0.4242629202453546,-0.8315435229386468,0.0010233195195245904,-1.9581417472515565,-0.917426853118161,-0.6445604795974634,4.002960487087053,0,0.0
14687,-1.1368611074274655,-0.4242629202453546,-0.15922151663478365,0.4622119965340731,-0.507363422274478,-0.4242629202453546,-0.30522277773826234,0.8799996054400077,-2.187007840877812,-0.5117684910075314,-0.5669853171760492,3.046167971405769,0,0.0
14716,-0.5892102555872473,-0.4242629202453546,-0.23513941847781278,-0.3546008174766433,-0.45063098147688857,-0.4242629202453546,0.06320174390200677,0.3574585850699567,0.6201196741421376,-0.597204388850526,1.7999024962148142,-0.48534846688769034,0,125.79
17866,-0.6674460915644214,-0.4242629202453546,-0.20999605390601475,-0.08407934795484763,-0.592462083470862,-0.4242629202453546,-0.621015224858493,-0.1443192159476419,-0.2352354288802535,-1.1192916446520218,1.4466667059990215,-0.5473141364642529,0,0.0
17995,1.1450174419067771,-0.4242629202453546,-0.25309143744673934,-0.547749452715554,-0.6917438548666435,-0.4242629202453546,-0.9894397464987621,-0.28620121485606637,1.6297334238537369,5.914462020569954,3.210714113127475,0.6852647592881681,0,0.0
17463,-0.22410968769376846,-0.08364389441418492,-0.05737499811205609,0.06138865151941124,0.7407502752724887,-0.08364389441418492,1.0281231101027117,0.08176917255683924,-0.8495712141292614,0.19096548854312412,-0.20467021839650595,-0.042651540427533226,0,648.27
15364,0.7929561800094941,-0.4242629202453546,-0.20963062273026023,-0.08014761565259734,-0.6775607446672461,-0.4242629202453546,-0.9368076719787237,-0.45576750623442724,0.5811528894448619,1.6273004699684643,1.0983121887020315,0.3372743518519741,0,581.39
17268,-1.12382180143127,0.08666561850139992,-0.13623164648010644,-0.3377949477753974,-0.6775607446672461,0.08666561850139992,-1.0157557837587814,-0.016279363274185707,-0.5305424087850047,-1.5016051036829876,-0.41190767852704846,5.419529123780588,0,0.0
12515,2.083847473632866,-0.4242629202453546,-0.20080928411553492,0.01476257341102178,-0.4931803120750806,-0.4242629202453546,-0.2525907032182239,-0.29312228797355044,0.7318804446364598,1.8094147683839037,0.7416292838196781,0.32067369957912445,0,0.0
16745,-0.9673501294769218,1.960070260572833,0.736331317547432,0.03205366154832828,1.208792911852601,1.960070260572833,0.007060864413965771,0.453661501402986,0.2133705287765088,-0.19757140323832525,-0.8809258997623949,-0.4186611568788018,1,1283.37
18125,0.10187296221112337,-0.08364389441418492,-0.10729289672012313,-0.11763622597637768,1.3506240138465746,-0.08364389441418492,1.8526922775833137,0.05062434352816071,-0.6663124591895144,0.7166096131519022,-0.3760922256269416,-0.09335116234926075,0,197.85
16997,1.2232532778839513,-0.08364389441418492,-0.14670847330499406,-0.25899571758751005,-0.6208283038696568,-0.08364389441418492,-0.8841755974586852,-0.3311881901197131,0.4418263153695847,-0.24028514058387915,-0.6227355440982656,-0.13522835760885465,0,0.0
14901,-1.202057637408444,0.25697513141698475,-0.12629191849958357,-0.3862302323137215,-0.010954565295570795,0.25697513141698475,-0.4631190012983777,-0.46338068666365984,0.5955146962704077,-0.22543394023620753,-0.5213035671044078,-0.20617667003410903,0,599.17
15366,2.1490440036138443,-0.4242629202453546,-0.2480875798587333,-0.4939121508652081,-0.6066451936702594,-0.4242629202453546,-0.6736472993785315,-0.5353598470854947,0.230645766075378,-0.795640349885019,2.7050884754762454,-0.5780093284471876,0,496.97
15512,-0.4979351136138776,-0.25395340732976973,-0.24545987475307524,-0.5762773708156014,-0.6208283038696568,-0.25395340732976973,-0.9104916347187044,-0.6287943341715302,-2.0248289880875956,1.1158836084364852,-0.6689109508648258,-0.08849601181912393,0,0.0
13090,-0.7456819275415953,0.9382131830793241,0.5688601585787421,0.3111603276197196,0.07414409590081329,0.9382131830793241,-0.6502552662585144,-0.31080947482934324,0.38667400076139774,-0.4864113744243798,-0.38509120673062913,-0.19144828739260167,1,3998.8
17189,-1.1499004134236612,-0.25395340732976973,-0.20080078571609877,-0.3360302400211317,0.017411655103223903,-0.25395340732976973,0.48425834006231433,-0.35541194603090753,0.5716866888414254,0.11590478688341241,-0.24393469348394595,0.0663872562073308,0,0.0
13650,0.1801087981882974,-0.25395340732976973,-0.13931146643576775,-0.00524354351298582,-0.2520674386853257,-0.25395340732976973,-0.14732655417814702,-0.2550563858273878,0.9858291115839051,-0.6765259692627675,0.4227595331284618,0.18143936825801524,0,1090.82
12714,-1.1368611074274655,0.08666561850139992,0.310114489985897,0.8627823696254118,1.6484693280339189,0.08666561850139992,1.4184776627929967,1.2070203102411323,0.7805648785704294,0.9434536586996665,0.1545300046774984,0.11886819983056389,1,1319.16
14390,-0.64136747957203,0.08666561850139992,0.0043437779530510435,0.040323405157394424,0.6272853936773098,0.08666561850139992,0.7737347499225258,-0.10711844794116476,0.665567379302581,-0.6683246360354537,-0.3267528439635707,0.40566166515980856,0,3051.86
17949,-1.1499004134236612,4.174093928475436,7.3800859521102335,2.2511475816111663,-0.4080816508786965,4.174093928475436,-1.0025977651287719,1.4660661897812521,2.5008381617348325,-0.929452771067747,-1.5814399882567494,-0.10677144619843004,1,13184.88
14049,-0.45881719562529055,-0.08364389441418492,0.2854759303406064,1.2909845915944245,2.2725261768074025,-0.08364389441418492,3.6948148857846594,1.7335986232630487,0.2592221519466267,0.5010191976583138,-0.02884859844433735,-0.15458141409681816,1,2333.98
16875,-0.64136747957203,0.08666561850139992,-0.07256843662400783,-0.1665542906671641,0.03159476530262125,0.08666561850139992,-0.31838079636827193,-0.324267117002229,0.6017236040949848,-1.289932305603404,0.48332712456975185,-0.01022786664561113,0,957.33
15648,0.14099088019971037,-0.25395340732976973,-0.15733147260018354,-0.10218360367218536,-0.3938985406792992,-0.25395340732976973,-0.4631190012983777,-0.3692540922658758,-1.3919741815371618,0.36741625912948134,0.3519860275363432,-1.0086688111069093,0,0.0
17230,0.9233492399714508,0.7679036701637393,0.35238722846120213,0.1447863321809574,0.003228544903826554,0.7679036701637393,-0.6407522528035074,-0.03228434485836773,-0.7151129585690631,-0.24311202487226577,-1.0318640048676249,-0.35941657803818755,1,0.0
14321,-1.0064680474655088,-0.08364389441418492,-0.11294433234516392,-0.13790445838720203,0.3436231896893629,-0.08364389441418492,0.27373004198216055,1.002271897182227,-0.32854815577081337,1.5977081784673524,0.6705092153592607,0.19790076139093635,0,630.1
16488,-1.0325466594579003,-0.25395340732976973,-0.20576045162703685,-0.3627111582954709,-0.4080816508786965,-0.25395340732976973,-0.5157510758184162,0.32458348776190715,0.5581853826160127,0.9968848943092679,0.625189196992236,-0.042788596361721075,0,144.23000000000002
14837,-1.1499004134236612,-0.08364389441418492,-0.037323874482400085,0.1332997305421162,0.4429049610851444,-0.08364389441418492,0.48425834006231433,0.6677533631704948,-0.5585441811039105,1.7674867338339812,0.712584470740215,0.43704563080534403,0,303.94
15329,-0.7717605395339867,-0.25395340732976973,-0.13787013789139646,0.0025101983295911837,-0.12441944689074957,-0.25395340732976973,0.010569669381968322,-0.07856902133154278,0.9341854949215539,1.3075836427757546,0.7856713908653492,-0.15357591683655075,0,295.7
15801,-1.0977431894388785,-0.4242629202453546,-0.24270299397598766,-0.43597853256972724,-0.592462083470862,-0.4242629202453546,-0.621015224858493,-0.5042150180568161,0.6425754124911858,0.6034272873886795,0.5243950980512707,1.670748969429273,0,926.73
17341,-0.4848958076176819,-0.08364389441418492,-0.15005854236272503,-0.2710103600181069,1.364807124045972,-0.08364389441418492,1.6597080043431731,-0.23544667866118285,-0.3050720900804903,0.17595122851205136,0.3417117736224369,0.25805859821323485,0,0.0
15083,0.8190347920018853,-0.4242629202453546,-0.25103482478319067,-0.5256220290610301,-0.6491945242684515,-0.4242629202453546,-0.8315435229386468,-0.614952187936562,-1.164213114159694,0.06254783931806418,-1.516252626805438,-0.958900329855834,0,0.0
15689,-0.9673501294769218,-0.25395340732976973,-0.2228371354540398,-0.4545765407157197,-0.6066451936702594,-0.25395340732976973,-0.857859560198666,-0.6011100417015938,0.60504478407396,-0.33082245889475503,-1.067448588015244,-0.2974043823994619,0,0.0
16175,-0.32842413566333384,-0.08364389441418492,-0.1407782901784475,-0.237727788901385,-0.23788432848592836,-0.08364389441418492,-0.35785485225830077,-0.3208065804434869,-1.9466636516113134,-0.2772166191570089,-0.6718493315628511,0.5408889510059185,0,300.7
17625,-0.6935247035568127,-0.25395340732976973,-0.05745318338686865,0.43511961790252174,1.563370666837535,-0.25395340732976973,4.01060733290489,0.7035122409441626,-0.8762984028003188,0.5191301078779594,-0.8479043322486816,-0.7439111649895209,0,793.27
15802,-0.6674460915644214,-0.4242629202453546,-0.18929905191921123,0.13860299736840712,-0.7059269650660409,-0.4242629202453546,-1.0420718210188007,-0.7429920406100182,0.16542777858073732,-0.07240751852758019,0.26081950654345953,0.1993084579946951,0,0.0
13136,-0.6674460915644214,-0.08364389441418492,-0.05752966898179402,0.06083394200079929,0.05996098570141595,-0.08364389441418492,0.045657719061994013,0.034475172920697704,0.09839408675252125,-0.021206064037175287,0.1577142234845799,-0.3210588805812409,0,1380.93
14173,0.33658047014264547,-0.4242629202453546,-0.24664285195458754,-0.4783680929260797,-0.5640958630720674,-0.4242629202453546,-0.5157510758184162,-0.6080311148190779,-1.4774931445289108,-0.20759203619665165,-0.37829475885411135,2.198500797652348,0,336.8
14503,-0.19803107570137712,-0.4242629202453546,-0.16454321436170175,0.40495500193711903,-0.15278566728954426,-0.4242629202453546,1.0105790852626988,0.5720118517119644,0.884979661724464,-0.5475897633485293,-0.48884967113195493,0.41385179681210227,0,2946.19
17978,2.240319145587214,-0.4242629202453546,-0.21487923422202745,-0.13661826378910152,-0.54991275287267,-0.4242629202453546,-0.4631190012983777,0.9803551656435273,-2.3220382224988323,-0.19317122957388838,-0.9308448830921451,-0.6267482673507355,0,0.0
15105,-0.7717605395339867,-0.4242629202453546,-0.17543646275896083,0.28775280507609086,-0.45063098147688857,-0.4242629202453546,-0.09469447965810857,0.20173443992656404,0.06699498115781376,0.3745145654875913,0.5812699287106452,0.42037669091642127,0,1765.95
18198,-0.47185650162148624,1.6194512347416634,0.4330710327080252,-0.108322451531584,0.14505964689780004,1.6194512347416634,-0.6493555726769753,0.11468863571820606,-1.398814955829262,-0.4227484197666114,0.19431205018920056,3.5731085800862874,1,998.17
16825,-0.1067559337280074,-0.4242629202453546,-0.21185720338253194,-0.10410375200584242,-0.5640958630720674,-0.4242629202453546,-0.5157510758184162,0.492419510860897,0.058136672337959376,-1.7121003419902456,0.2254678185169653,0.8813312420271671,0,456.48
16520,-0.09371662773181173,-0.08364389441418492,-0.0881426034306992,-0.04895587272141322,1.1095111404568196,-0.08364389441418492,1.6421639795031602,-0.1027927772427372,-0.6410246078881968,0.0411023912855491,-0.1834816719137947,0.015143709876607766,0,0.0
15676,1.1710960538991686,-0.4242629202453546,-0.11342874111302456,0.9549037718234815,0.14505964689780004,-0.4242629202453546,2.115852650183506,1.1741452129330827,-0.6664682803629652,0.26363014867382,0.41655330393444306,0.30345118434381185,0,2537.96
12691,-0.6283281735758344,0.08666561850139992,-0.17147280926193975,-0.4325862705135998,-0.4931803120750806,0.08666561850139992,-0.8183855043086372,-0.5751560175110283,1.6085637504752872,0.8407095158840687,-0.11184877480423937,1.1111751582428933,0,479.5
12361,1.2232532778839513,-0.4242629202453546,-0.23374908033005837,-0.3396419476011056,-0.5782789732714647,-0.4242629202453546,-0.5683831503384545,-0.43154375032323283,0.31235829036090124,0.3419530012953789,0.039512521946402125,0.037142453332915465,0,0.0
18097,-0.8760749875035521,0.25697513141698475,0.07156441781312269,0.039523343351703995,0.07414409590081329,0.25697513141698475,-0.22101145850620077,0.22665030314950682,-0.9997812585090332,0.16220309186243223,-0.1592337434735397,0.5115433910444102,1,676.2
13932,1.314528419857321,-0.4242629202453546,-0.2137778416551022,-0.1247682055013896,-0.4931803120750806,-0.4242629202453546,-0.2525907032182239,-0.497293944939332,-0.5564056169483864,-2.3300751267325523,2.517345754286488,-1.4480831161154377,0,0.0
13068,1.6405110697622127,-0.4242629202453546,-0.23798128324926188,-0.38517689379925824,-0.7059269650660409,-0.4242629202453546,-1.0420718210188007,-0.4003989212945543,0.16542777858073732,-0.07240751852758019,0.26081950654345953,0.1993084579946951,0,179.0
13901,-1.12382180143127,0.08666561850139992,0.18477669574175937,0.5256500400527042,1.1095111404568196,0.08666561850139992,0.6684706008824489,0.5919099369247313,0.8413775923956156,0.13204667989526372,-0.09549821116166593,-0.0038600741764903183,1,214.92
15400,-1.0455859654540958,0.08666561850139992,-0.16214156668104532,-0.40748718872365425,-0.592462083470862,0.08666561850139992,-0.9499656906087333,-0.4523069696756852,0.2776591662376495,-0.2152154666567187,1.8927359398509125,-0.2490719287088998,0,105.0
16201,-1.0977431894388785,-0.4242629202453546,-0.21438972641450513,-0.1313515712167851,-0.45063098147688857,-0.4242629202453546,-0.09469447965810857,-0.026660972950411886,-0.2337438410795013,-0.056253162153309645,-0.4909711772947383,-0.24862814193684737,0,1559.67
14375,-0.1067559337280074,-0.4242629202453546,-0.22598834196496478,-0.2561429257775053,0.08832720610021064,-0.4242629202453546,2.379013022783698,-0.10971385036022131,-0.8651125077679344,0.299616691430639,0.16269246957787684,0.019204832318201307,0,0.0
14520,1.2623711958725383,-0.4242629202453546,-0.23798128324926188,-0.38517689379925824,-0.7059269650660409,-0.4242629202453546,-1.0420718210188007,-0.4003989212945543,4.240977272907547,-1.409965265225355,-2.5712599695922225,-0.05194985852464294,0,105.6
15159,-1.0586252714502915,2.4709987993195877,1.2585817584173666,0.22439095791990646,2.1874275156110183,2.4709987993195877,-0.0625304341180851,0.3428474307108236,0.2075252874359945,-0.9217240755098008,0.9699106318219691,-0.33836412485106854,1,9671.04
13645,-0.9543108234807262,-0.4242629202453546,-0.22317707143148585,-0.2258960177406602,-0.6491945242684515,-0.4242629202453546,-0.8315435229386468,-0.19968780088751487,0.13758548969939177,-0.36950146877791185,0.6329225536074575,0.04215401187073923,0,0.0
17584,-0.8630356815073564,-0.4242629202453546,-0.13864349224008624,0.6836142429682232,-0.4931803120750806,-0.4242629202453546,-0.2525907032182239,0.10137887972304431,-1.1843251003813262,0.5814476698539954,-0.4773392689912398,-0.5693175191358221,0,492.85
16948,-0.719603315549204,-0.08364389441418492,-0.19208652693426898,-0.4217389563556865,-0.507363422274478,-0.08364389441418492,-0.7613674235785957,1.1153160914344677,1.234914844391492,4.018855470771299,2.242729230256349,0.5291672835065296,0,0.0
15695,0.949427851963842,-0.25395340732976973,-0.19634252537189367,-0.3120466729774059,-0.4080816508786965,-0.25395340732976973,-0.5157510758184162,-0.37963570194210194,0.7421571111871722,-0.6545711216753255,-0.7897891538400836,-0.432039290870009,0,0.0
14194,-1.1368611074274655,1.4491417218260785,0.6970891083110584,0.17661126688407386,2.159061295212224,1.4491417218260785,0.2956600730321766,0.18875742783128133,0.18422118174845845,-0.526526306448905,-0.026457052224340763,0.057437993099308575,1,5683.07
15384,-0.31538482966713816,-0.25395340732976973,-0.15683686575299952,-0.09952282669554635,-0.23788432848592836,-0.25395340732976973,-0.0157463678780509,0.28478731733637347,0.15525635677115127,0.4044400753917704,0.18226957948494982,-0.24968227664196896,0,0.0
17511,-1.0325466594579003,2.811617825150757,9.28200565008242,4.449525278192772,4.087964282330263,2.811617825150757,0.5526800369383643,5.844312325783429,0.520373392801227,-0.006396743783525189,-0.24685414083713167,-0.12576644850943114,1,34886.91
13217,-0.9282322114883348,-0.08364389441418492,-0.17526649477023779,-0.36141582013387685,-0.6775607446672461,-0.08364389441418492,-1.0245277961787878,-0.44423238437195367,-1.3742203114542608,-2.210163481634195,1.6088965746091768,4.3707539239895254,0,0.0
13481,-1.1107824954350742,0.08666561850139992,-0.03464347930023789,-0.06454412455076067,0.32944007948996556,0.08666561850139992,-0.0157463678780509,-0.0015720828995319542,-0.052985482651928754,0.27842299860901987,0.008633715725238236,-0.22511863103083932,0,443.23
13382,1.1319781359105816,-0.4242629202453546,-0.22812483958321328,-0.2791298444004281,-0.507363422274478,-0.4242629202453546,-0.30522277773826234,-0.29312228797355044,0.06735082813727034,-0.41674839305328987,-0.4714774092915204,0.9103543345106245,0,0.0
17703,-1.0977431894388785,-0.25395340732976973,-0.18257851764510258,-0.23800209580619314,-0.26625054888472305,-0.25395340732976973,-0.14732655417814702,-0.09587170412525307,0.5576348856892681,0.8217248387756566,-0.20424425079075217,0.3755309004600986,0,307.78
14565,-1.0455859654540958,-0.08364389441418492,0.1691464394987894,0.8737820765082187,0.6840178344748993,-0.08364389441418492,0.8175948120225579,0.835012630176361,0.02754178620896449,-0.2568242472851024,-0.11273944981440036,-0.49209751251205347,1,538.8000000000001
18273,0.8320740979980811,-0.4242629202453546,-0.25735763396368744,-0.5936501414534509,-0.7059269650660409,-0.4242629202453546,-1.0420718210188007,-0.6772418459939191,-1.8726524078436275,-1.5273811146209704,0.19546449944973968,6.95852029256188,0,153.0
18188,1.2623711958725383,-0.4242629202453546,-0.1935176573993169,0.09321434818615222,-0.4931803120750806,-0.4242629202453546,-0.2525907032182239,-0.1789245815350625,-0.24450956142677804,0.37523390845807153,-0.2678744596464818,-0.5819320592406098,0,1574.44
17591,-0.9282322114883348,0.4272846443325696,0.04686297001200452,-0.12584409813913708,0.428721850885747,0.4272846443325696,0.20355394262210935,-0.24121423959241958,-1.6917531256945095,-0.35917080969810256,-0.20251050501027645,-1.195993204302773,1,362.8
13229,0.4148163061198195,-0.4242629202453546,-0.23866965360359013,-0.39258318022907823,-0.5782789732714647,-0.4242629202453546,-0.5683831503384545,-0.5284387739680105,-0.19609587008852758,-1.1886743429731972,0.004961014006835028,-0.10087310846415554,0,0.0
14156,-1.0325466594579003,5.36626051888453,14.177403265124518,3.7530614837305767,7.733023603575382,5.36626051888453,0.4722281516005911,3.265990126456105,0.22753991763654788,-0.23271271605178814,-0.6606857469721726,-0.39155535758655247,1,32232.73
13694,-1.12382180143127,6.047498570546869,7.537483108387309,1.465885487504252,3.6624709763483425,6.047498570546869,-0.4941584298614773,3.5863166577895673,0.186816801755583,0.03863195243765797,0.08451186567235139,0.10283872859346425,1,19127.98
13327,-1.0586252714502915,0.5975941572481545,0.19947382772663985,0.02856935428636526,0.13087653669840268,0.5975941572481545,-0.4405623979326469,-0.1255334460573279,0.11468255485905668,-0.3432923560660927,-0.3775640916058201,0.5023364107903239,1,889.02
18146,-0.6935247035568127,-0.25395340732976973,-0.23877163439682397,-0.540297448468266,-0.5782789732714647,-0.25395340732976973,-0.8315435229386468,-0.4817215304249927,0.7952761376512711,1.098404760810359,0.2666591423304845,0.8522292326056667,0,0.0
17733,0.8842313219828637,-0.4242629202453546,-0.2291514462351004,-0.2901752691007029,-0.54991275287267,-0.4242629202453546,-0.4631190012983777,-0.4453858965582011,-1.0018512290455865,0.6810617871457246,-0.24405687669198242,1.2033520217944362,0,475.24
16057,0.2322660221730801,-0.08364389441418492,-0.08593811861696149,-0.04104973815394273,0.102510316299608,-0.08364389441418492,-0.04206240513807012,-0.31157848295350804,0.6357517436220683,-0.0948572482705575,-1.281159816335661,-0.3275082005845896,0,1203.58
16270,2.083847473632866,-0.4242629202453546,-0.07205173393828983,1.4000855912001189,0.045777875502018596,-0.4242629202453546,1.747428128543237,1.6343965752457765,0.5701388859216708,-0.047446648134626825,0.30033930166298356,-0.23396562992995676,0,0.0
18202,0.07579435021873202,-0.08364389441418492,-0.02858242082237458,0.16464996190718972,0.05996098570141595,-0.08364389441418492,0.09828979358203246,-0.0762619969590482,0.10173897746644453,0.0021295573180234633,-0.6258822507350071,-0.2180255225659835,0,0.0
16083,2.1751226156062358,-0.4242629202453546,-0.2085802205599519,-0.06884617117450173,-0.4789972018756833,-0.4242629202453546,-0.19995862869818545,0.5823934613881906,-0.8434249230526285,-1.582068435833784,2.740129595976823,-1.4585448245552144,0,0.0
15408,0.9233492399714508,-0.4242629202453546,-0.22061395416154253,-0.19831903024394767,-0.23788432848592836,-0.4242629202453546,0.6947866381424681,-0.37963570194210194,-0.9043149660611493,-0.1455215139108535,0.43589290267476455,-0.5031750454959758,0,0.0
12551,2.1360046976176483,-0.4242629202453546,-0.23747137928309278,-0.37969075570309524,-0.5782789732714647,-0.4242629202453546,-0.5683831503384545,-0.4003989212945543,0.665257159406541,-0.2777859311001078,-0.45694898727631805,-0.001593678873458908,0,0.0
17771,1.6926682937469957,-0.4242629202453546,-0.246343708294435,-0.4751495585763308,-0.4080816508786965,-0.4242629202453546,0.06320174390200677,-0.36579355570713373,0.9324244548758076,3.044152154043643,3.2702255493195875,-0.02050636679555614,0,130.01
17507,0.8842313219828637,-0.25395340732976973,-0.16309678677766876,-0.13319857104249327,0.40035563048695233,-0.25395340732976973,1.2211073833428525,-0.12528626487456057,-1.0235243518581374,0.5183003806964677,-1.1272494891246816,-0.7651451519707537,0,0.0
12705,-0.45881719562529055,0.08666561850139992,0.4414691510308301,1.2160988065818004,1.7903004300278924,0.08666561850139992,1.6158479422431409,1.5020310518738929,0.498456755288941,0.3101070275661287,0.45415880930416747,-0.080001843916109,1,2705.77
13780,-0.3023455236709425,-0.4242629202453546,-0.24626212365984795,-0.47427177648094465,-0.592462083470862,-0.4242629202453546,-0.621015224858493,-0.14777975250638398,-1.134413368149465,-0.3119108553992081,0.6235717684803347,5.254458677179582,0,243.73
18108,0.7929561800094941,-0.4242629202453546,-0.21996467644462056,-0.19133334773483351,-0.4789972018756833,-0.4242629202453546,-0.19995862869818545,-0.45576750623442724,-1.3238813320596885,-0.6264523264209625,0.8443070164602752,-0.38701912423217877,0,0.0
12955,-0.6544067855682256,0.25697513141698475,-0.03709271801773678,-0.1942885474559666,-0.12441944689074957,0.25697513141698475,-0.4210133416823469,0.016249680377989673,0.2723425044962813,0.0814181024104427,0.04311911773954653,0.4321582878889177,0,3410.24
12509,1.1841353598953641,-0.4242629202453546,-0.23602665137894702,-0.36414669776396685,-0.6208283038696568,-0.4242629202453546,-0.7262793738985699,-0.556123066437947,-1.9483412288226782,0.9424866067426474,-0.898078766089759,-1.003920466751507,0,0.0
17585,-1.0977431894388785,0.08666561850139992,-0.07622614774132747,-0.176392764986283,1.7761173198284952,0.08666561850139992,1.6421639795031602,0.6810187533123393,0.20276568214358906,0.2978504354831551,0.14567747220037605,-0.4318616747454837,0,0.0
13291,-0.4979351136138776,-0.4242629202453546,-0.2046488609807882,-0.026548046453085287,-0.13860255709014693,-0.4242629202453546,1.1158432343027758,0.0598524410181396,-1.5709269180784344,0.5478991275425859,-0.9375249850781886,-0.8637776679209416,0,0.0
15834,-0.3675420536519209,-0.08364389441418492,0.03706431546212179,0.40008453044952536,1.7761173198284952,-0.08364389441418492,2.2737488737436213,0.034475172920697704,0.7882581718971652,-0.43771289260909546,0.041611926489329785,0.29768495433204517,1,441.93
15646,-0.47185650162148624,-0.08364389441418492,-0.18994153091658433,-0.41404617160306684,-0.22370121828653103,-0.08364389441418492,-0.4806630261383905,-0.29196877578730307,1.4606856591873942,1.3246515920151245,0.25675003719293543,0.10999144893450152,0,0.0
12764,1.6013931517736257,-0.4242629202453546,0.02187937534960619,2.4107053770212854,-0.08187011629255754,-0.4242629202453546,1.2737394578628911,0.5893145345056747,-0.3048278639012276,0.14354261471586166,-0.24675610500797993,-0.47664081505169076,1,0.0
17954,-0.9151929054921392,1.108522695994909,0.05439935063198375,-0.34216374241264186,3.095146568372449,1.108522695994909,0.936894180934645,-0.11282833326308919,0.35888822807292736,1.326889862794698,0.24902417375358404,-0.002402023863380796,1,428.92
16863,2.2533584515834097,-0.4242629202453546,-0.23810875924080413,-0.38654842832329894,-0.592462083470862,-0.4242629202453546,-0.621015224858493,-0.383096238500844,-1.6768268471123786,0.8626478796581911,-0.17052801918779734,1.5392624821513412,0,338.55
17553,-0.8369570695149651,-0.4242629202453546,-0.013181621364180732,2.0334785215291196,-0.6917438548666435,-0.4242629202453546,-0.9894397464987621,2.880189736392918,-0.16009511217916406,-0.3047964177153925,0.25038098161372857,1.2788921712866843,0,0.0
17063,-0.3936206656443122,0.08666561850139992,-0.151829608805219,-0.3797501888658037,-0.22370121828653103,0.08666561850139992,-0.5946991875984738,-0.4791261280059362,0.7339249501953217,-0.3013095664955552,-0.028072626364060087,-0.03796013096145004,0,789.27
15907,-0.22410968769376846,-0.25395340732976973,-0.18485098965432953,-0.2502270401971429,0.5989191732785152,-0.25395340732976973,1.773744165803256,-0.3363789949578262,0.9408098861632386,-0.509156232455815,0.021369618398523697,-0.10454449398948651,0,405.13
16654,-0.680485397560617,0.08666561850139992,-0.16382934880906502,-0.41202696799822913,-0.3087998794829151,0.08666561850139992,-0.7131213552685604,-0.5024847497774451,0.7376965321983681,1.2337972879044508,0.07376303410252635,-0.20772847963387894,0,0.0
14473,1.1580567479029729,-0.4242629202453546,-0.2515787223471044,-0.5314739096969372,-0.7059269650660409,-0.4242629202453546,-1.0420718210188007,-0.7118472115813397,0.16542777858073732,-0.07240751852758019,0.26081950654345953,0.1993084579946951,0,149.34000000000003
17091,-0.1067559337280074,0.25697513141698475,0.07295985500053877,0.042526089603003844,0.6131022834779125,0.25697513141698475,0.07372815880601442,-0.045347870367619024,0.19870371036304385,-0.1860753940894436,-0.6533764269315936,-0.3579819626284279,1,1833.35
14730,-1.12382180143127,0.25697513141698475,-0.11779181938354477,-0.3679394479011142,1.2938915730489853,0.25697513141698475,0.8105772020865528,-0.3941699554888186,0.3759192141296304,0.08602453038496603,0.22695814626221084,-0.22960814563492443,0,1025.44
17256,-1.12382180143127,-0.25395340732976973,-0.22523368409503453,-0.46746896524170267,-0.54991275287267,-0.25395340732976973,-0.6736472993785315,-0.5024847497774451,-0.5191424379134357,0.09779239553672159,0.2620607370579602,0.3720307817553805,0,0.0
17844,-1.1368611074274655,-0.4242629202453546,-0.2572624518900025,-0.5926260623421671,-0.6491945242684515,-0.4242629202453546,-0.8315435229386468,-0.5665046761141732,3.055305387436211,-1.020838690352069,-1.747342356286652,0.021147014008135744,0,0.0
17719,-1.1368611074274655,1.4491417218260785,0.4949886713199381,-0.004591302650442075,0.6982009446742966,1.4491417218260785,-0.1210105169181278,-0.13566787455078677,1.2624746568779834,-1.6441635475326972,1.2555078484532924,-0.8006085440167956,1,918.64
16122,-1.0586252714502915,-0.08364389441418492,-0.17249941591382684,-0.3514920058888176,-0.37971543047990186,-0.08364389441418492,-0.4631190012983777,0.3055505366888258,0.28698559872249874,1.1543199949517102,1.6951758643720605,-0.10707619723636332,0,134.16000000000005
16931,-1.1759790254160525,1.7897607476572481,0.22642735137833814,-0.30845847741784405,4.173062943526647,1.7897607476572481,1.149678139351372,-0.2602471906655009,-0.206233725713996,0.18626138819200921,0.05246556583250387,-0.02479712294794049,1,1657.54
13122,0.6104058960627546,-0.4242629202453546,-0.11243102901922036,0.9656383153649737,0.045777875502018596,-0.4242629202453546,1.747428128543237,1.1118555548757256,-0.6068739605544581,0.9011092872021165,-0.08872601722935504,-0.06624102944497207,0,18.72
13134,-0.13283454572039874,-0.08364389441418492,-0.11547855505702431,-0.1469931604998453,-0.12441944689074957,-0.08364389441418492,-0.2876787528982495,-0.36579355570713373,0.6250729292741387,-0.5091485777984834,-0.9576335622441223,-0.3358354988217537,0,907.84
16734,-1.0325466594579003,-0.25395340732976973,-0.21462598191883012,-0.41040398547811424,-0.3371660998817098,-0.25395340732976973,-0.2525907032182239,-0.5595836029966891,0.9551411306604055,0.039481368290683536,0.02460669325476249,0.16301216720536083,0,344.35
13982,-0.3936206656443122,-0.08364389441418492,-0.05694157974081233,0.06294305731332402,-0.08187011629255754,-0.08364389441418492,0.18600991778209622,0.15674746466291728,0.27023571291963966,0.12449238611149649,-0.11674529610435891,0.9871817723824567,0,641.67
15891,0.4278556121160152,-0.4242629202453546,-0.17905678091876137,0.24880122459333381,0.13087653669840268,-0.4242629202453546,2.0632205756634674,0.7000517043854206,0.0870489275933634,-0.23831514132489956,-0.2316919926617421,-0.6593931511493725,0,0.0
15582,0.34961977613884115,-0.4242629202453546,-0.2144220203323625,-0.13169902662954208,-0.4080816508786965,-0.4242629202453546,0.06320174390200677,0.1359842453104649,0.8077456928819677,0.5521012384317077,0.4533635377626348,0.5672882426016124,0,141.4
15081,0.19314810418449307,-0.25395340732976973,-0.22386544178581413,-0.46010839662935066,-0.4931803120750806,-0.25395340732976973,-0.6473312621185122,-0.5509322615998339,-0.8028555953631118,-1.2484640460866678,-0.006657432966059871,3.7844045614997803,0,256.75
12999,0.036676432230145,-0.08364389441418492,-0.18854099468950652,-0.40902330739057985,-0.3655323202805045,-0.08364389441418492,-0.6034712000184802,-0.35195140947216547,0.2752163486129922,1.219551540351737,0.5169579864314005,0.07832337268363906,0,0.0
17881,1.4449214798192778,-0.4242629202453546,-0.24336077009234583,-0.44305565071377745,-0.6066451936702594,-0.4242629202453546,-0.6736472993785315,-0.6357154072890143,-0.9017735966041962,0.11826299755558184,-0.42754224264714347,-0.39146320559036646,0,0.0
14748,-0.9151929054921392,0.08666561850139992,-0.07587091464489634,-0.17543726260120135,0.3436231896893629,0.08666561850139992,-0.10785249828811817,0.17145474503757102,-0.23047605277294086,0.9624520215208505,0.5230915171495966,-0.4154807057994141,0,296.98
15894,0.7799168740132983,-0.25395340732976973,-0.2221317683008392,-0.45078196186587366,-0.22370121828653103,-0.25395340732976973,-0.1210105169181278,-0.4626885793519114,0.8489910113268168,0.41286947779242017,-0.2194057631079102,0.8099238707155957,0,0.0
13985,-1.12382180143127,0.5975941572481545,0.2053020300599526,0.037527434063385615,0.05996098570141595,0.5975941572481545,0.07823947947916056,-0.06423251273103987,0.9680461220536825,-0.2994921075399709,-1.0305289617205637,-0.056525538684038805,1,4287.09
14100,-0.7326426215453997,-0.4242629202453546,-0.23340064595317617,-0.33589308656872763,-0.37971543047990186,-0.4242629202453546,0.2210979674621221,-0.5284387739680105,-1.3902747578937615,-0.9176873945289528,0.4538727671249844,-0.9632838920441229,0,0.0
16414,1.1319781359105816,-0.4242629202453546,-0.257391627561432,-0.5940158839931949,-0.6775607446672461,-0.4242629202453546,-0.9368076719787237,-0.6910839922288873,4.240977272907547,-1.409965265225355,-2.5712599695922225,-0.05194985852464294,0,75.45
14286,0.636484508055146,-0.4242629202453546,0.0824219729327499,3.062092840305701,1.2797084628495878,-0.4242629202453546,6.326418611786582,6.167699467197875,0.5147013869043559,2.336382872963462,1.4293628054589833,0.05239270523882282,1,2578.67
17867,-0.6544067855682256,0.08666561850139992,-0.10328505154603404,-0.24917553039537835,-0.6066451936702594,0.08666561850139992,-0.9894397464987621,-0.4228924089263777,-1.8685412258757899,-1.4288464604524715,0.1299448963405427,6.530376255085831,0,200.39
13502,1.0537422999334074,-0.25395340732976973,-0.23387485664171342,-0.5139548420431902,-0.592462083470862,-0.25395340732976973,-0.857859560198666,-0.556123066437947,1.1842121118136149,-0.052926580023539685,0.4403863182955021,0.05138734517189913,0,102.84
12434,0.8711920159866681,-0.4242629202453546,-0.21737266461659432,-0.16344547907933846,-0.4931803120750806,-0.4242629202453546,-0.2525907032182239,-0.47999126214562166,0.5381436532539696,-2.043867315806479,2.9455674579619373,-0.9810420323363149,0,519.89
14715,1.3666856438421036,-0.25395340732976973,-0.22396742257904792,-0.460657010438967,-0.4222647610780939,-0.25395340732976973,-0.5157510758184162,-0.5249782374092684,-0.21154505305076313,-1.2600199611369463,1.2867651606257493,-0.34658434608473154,0,619.9300000000001
17723,-0.8760749875035521,0.4272846443325696,0.2908571168635777,0.3116845585933529,-0.6633776344678488,0.4272846443325696,-1.0069837713387748,-0.28966175141480843,-3.4608491031000512,0.6429898344600052,-2.0565190123345083,-1.8116006220533378,1,0.0
17267,-0.8630356815073564,-0.25395340732976973,-0.2121121553656165,-0.39688065507107256,-0.1953349978877363,-0.25395340732976973,-0.1210105169181278,-0.4730701890281376,-0.5243093601480359,-1.3192094909376113,0.41755243367477,0.8702227106321863,0,0.0
18283,-0.5892102555872473,0.9382131830793241,-0.10422837388344688,-0.49349154694450237,1.8753990912242766,0.9382131830793241,1.1099952260227712,-0.5065220424293108,0.16178293896010135,0.15628151431614368,-0.5069235188781783,0.09762430204529111,0,1093.6
15392,2.1751226156062358,-0.4242629202453546,-0.2084102525712289,-0.06701745847578074,-0.45063098147688857,-0.4242629202453546,-0.09469447965810857,0.6446831194455477,0.31691933488227164,1.1108214642984637,-0.3490237635875725,-0.30821923318045247,0,1196.55
16998,-0.5761709495910516,0.08666561850139992,-0.2158854447152678,-0.5520469275575484,-0.7059269650660409,0.08666561850139992,-1.0420718210188007,-0.6807023825526611,0.16542777858073732,-0.07240751852758019,0.26081950654345953,0.1993084579946951,0,0.0
16850,1.8230613537089524,-0.4242629202453546,-0.2095269422571392,-0.0790321009063776,-0.45063098147688857,-0.4242629202453546,-0.09469447965810857,0.11522102595801255,-0.12396061161780352,-0.35415109044339227,-0.4078374662093304,1.374791946325493,0,0.0
15236,1.3666856438421036,-0.4242629202453546,-0.21145777860903284,-0.09980627716384806,-0.507363422274478,-0.4242629202453546,-0.30522277773826234,0.18443175713285373,0.7342948175456745,1.125938000740206,-0.6376978829485881,-0.36473659879351994,0,0.0
16612,-0.9673501294769218,-0.08364389441418492,-0.1181028608029079,-0.1564049351892626,-0.12441944689074957,-0.08364389441418492,-0.19995862869818545,-0.29196877578730307,0.011283831771505846,-0.10265749033104388,-0.25231597304801645,0.1952431443619071,0,317.36
13496,2.16208330961004,-0.4242629202453546,-0.18087033935843613,0.22928886009798086,-0.35134921008110714,-0.4242629202453546,0.27373004198216055,0.04601029478317136,0.1145917717873775,-0.33994617520916603,0.014164048318051846,0.7375122114082638,0,152.32
17730,-1.1368611074274655,0.7679036701637393,0.25335707951161524,0.01160118633310789,0.49963740188273376,0.7679036701637393,-0.19995862869818545,0.18443175713285373,0.9211860366782815,0.9145503370748039,-0.4752601023150832,-0.21704530467363956,1,2242.71
13826,-0.22410968769376846,-0.4242629202453546,-0.2338170675255476,-0.340373432680594,-0.5782789732714647,-0.4242629202453546,-0.5683831503384545,-0.4626885793519114,1.5087300817991032,-1.0229834863784963,-1.1202715829840066,-0.5158649664561273,0,0.0
13269,-1.0977431894388785,0.7679036701637393,0.2402236530229866,-0.006061892445663446,1.1662435812544092,0.7679036701637393,0.27373004198216055,0.12473750149455322,0.2637839784677256,-0.5212362755467103,0.1938045636386554,-0.28140209273320677,1,2364.78
17117,1.2362925838801468,-0.4242629202453546,-0.24627572109894577,-0.47441807349684245,-0.592462083470862,-0.4242629202453546,-0.621015224858493,-0.5111360911743003,-1.953770055298146,-0.7772478070488568,0.2929846131455827,-1.482220013104205,0,0.0
15863,-0.01548079175463769,-0.4242629202453546,-0.26446229589231013,-0.6700903322599882,-0.6917438548666435,-0.4242629202453546,-0.9894397464987621,-0.7395315040512761,-0.13936453169099283,-3.3247245909656615,4.334268634850375,-1.521076920798194,0,59.64
18213,0.5582486720779719,-0.4242629202453546,-0.22651184337023172,-0.261775360889566,-0.507363422274478,-0.4242629202453546,-0.30522277773826234,0.05639190445939754,-0.8028793543213689,1.2714335849827236,0.6298084932486562,0.7842081063219968,0,0.0
16110,0.8972706279790594,-0.25395340732976973,-0.1507571107963767,-0.0668163000789215,1.733567989230303,-0.25395340732976973,3.879027146604794,-0.15470082562386808,-0.27171974103677615,0.2518174460256677,0.027851779087717004,-0.6082578478944138,0,642.77
14240,0.4148163061198195,-0.4242629202453546,-0.2274687631467424,-0.27207101338336515,-0.5782789732714647,-0.4242629202453546,-0.5683831503384545,-0.4730701890281376,0.3902391999277496,0.26437392628265305,-0.92849117608629,-0.397598494645964,0,663.49
14206,0.5973665900665589,-0.4242629202453546,-0.21024930620921206,-0.08680412987594181,-0.43644787127749124,-0.4242629202453546,-0.04206240513807012,0.20865551304404817,0.2280149178242033,0.4950910211577971,-0.040965486378820706,-0.05066301046518779,0,0.0
15820,1.6405110697622127,-0.4242629202453546,-0.23084602708266902,-0.30840753470695115,-0.4789972018756833,-0.4242629202453546,-0.19995862869818545,-0.30350389764977664,-0.9267370109374959,0.5927863704820261,-0.0066284285349453645,-0.5222095707160951,0,0.0
17118,1.6144324577698215,-0.4242629202453546,-0.23933762779927165,-0.39977002113505167,-0.5782789732714647,-0.4242629202453546,-0.5683831503384545,-0.2135299471224831,1.2951089037981751,0.7251607601806254,-0.7822046675773574,-0.2362697837239415,0,0.0
15554,1.0928602179219946,-0.4242629202453546,-0.22910895423791963,-0.2897180909260227,-0.5215465324738753,-0.4242629202453546,-0.35785485225830077,-0.49037287182184786,1.3100887522171003,-1.0836486710029458,0.01306340823325261,0.16227313401797094,0,0.0
15251,-1.1368611074274655,0.5975941572481545,1.0005958467341136,1.2599121503964426,0.23015830809418414,0.5975941572481545,-0.5157510758184162,1.5157496075174772,0.3012397673095687,0.2983116280477857,-0.8197755421633488,-0.3952252405567381,1,3032.87
16829,-0.4848958076176819,-0.4242629202453546,-0.23250491465260578,-0.326255770646468,-0.5640958630720674,-0.4242629202453546,-0.5157510758184162,-0.40385945785329636,2.587920308997157,-0.6539187012091098,-1.644314249830552,-0.10111382490924667,0,0.0
17088,-0.14587385171659442,-0.25395340732976973,-0.02822208868628177,0.5923706228655395,0.30107385909117085,-0.25395340732976973,0.9316309734826411,0.16193826950103035,-0.6436629364346953,-0.14692986314454934,-0.15222581213462683,-0.5683717222015463,0,591.9
18185,0.7277596500285156,-0.4242629202453546,-0.21431324081957975,-0.13052865050236068,-0.4789972018756833,-0.4242629202453546,-0.19995862869818545,-0.11317438691896338,0.3478695078653262,0.8339530973999705,-0.5765547272163414,-0.3543418436295909,0,0.0
15367,0.675602426043733,-0.25395340732976973,-0.025320735118779598,0.6079786857491231,0.20179208769538942,-0.25395340732976973,0.6158385263624104,0.551248632359512,0.2991237984455866,0.12515236539756808,-0.6497578801855105,0.6307643361153484,0,461.41
16012,-0.8499963755111608,-0.25395340732976973,-0.0736018419954439,0.348246621149781,-0.02513767549496814,-0.25395340732976973,0.27373004198216055,0.20692524476467714,2.1834281855427404,-0.1248114723153853,-1.2188263836344115,-0.11059830185563957,0,283.17
16553,-0.3936206656443122,1.4491417218260785,0.7061602998692066,0.18474446661163532,0.15924275709719737,1.4491417218260785,-0.7262793738985699,0.5800864370156958,-0.5507592118224411,0.08683882829111877,-0.2978718293407013,-0.19996998545455608,1,0.0
16500,1.7839434357203654,-0.4242629202453546,-0.23798128324926188,-0.38517689379925824,-0.7059269650660409,-0.4242629202453546,-1.0420718210188007,-0.7429920406100182,0.16542777858073732,-0.07240751852758019,0.26081950654345953,0.1993084579946951,0,235.86
15453,-0.8108784575225737,-0.08364389441418492,-0.18455014631428973,-0.3947105826685903,0.3719894100881576,-0.08364389441418492,0.7649627375025195,-0.4453858965582011,-0.7466120565666989,0.05104882441207022,0.21232532934461676,-0.6864715324803927,0,892.41
14299,-1.12382180143127,0.25697513141698475,0.14820978264788637,0.20445128422395242,0.2727076386923762,0.25697513141698475,-0.2946963628342547,-0.10832963573672447,0.685509968841549,0.22605327424906915,-0.0010600899083193934,0.09932896166978707,1,1528.48
12728,0.8320740979980811,-0.08364389441418492,-0.1611030622699476,-0.31062027707240353,-0.3087998794829151,-0.08364389441418492,-0.5157510758184162,-0.4511534574894378,1.5350118248680455,0.44139757849499417,-0.2298645928011142,0.802871814837274,0,219.02
17991,0.4148163061198195,-0.25395340732976973,-0.25015948964126705,-0.6015593238754191,-0.6633776344678488,-0.25395340732976973,-0.9631237092387429,-0.7031958701844845,3.045158510614646,-0.8131277394204341,-1.614914493582764,0.03998233423155319,0,0.0
14498,-1.0064680474655088,0.08666561850139992,-0.048162733123267784,-0.10090807656482749,0.754933385471886,0.08666561850139992,0.47110032143230474,-0.1503751549254405,0.09248601094752913,-0.25479043299094345,0.1763145584065209,0.24540169075905047,0,675.53
16188,-0.680485397560617,-0.08364389441418492,-0.13769507086301172,-0.22667017278311877,0.003228544903826554,-0.08364389441418492,-0.1824146038581727,-0.002437217039217469,0.15068113996382124,0.6721156201792674,0.14602301616740831,0.20854812075861406,0,226.83
16385,-0.45881719562529055,-0.25395340732976973,-0.2194853667164216,-0.43654543350633074,-0.20951810808713367,-0.25395340732976973,-0.1210105169181278,-0.4834517987043637,-0.12620279168683474,0.8178527782853084,0.49938357512947656,-0.4105276657901425,0,281.04
12615,-0.32842413566333384,-0.4242629202453546,-0.15814052022650515,0.4738426092979386,-0.28043365908412043,-0.4242629202453546,0.5368904145823528,0.6827490215917104,0.49011160199773396,0.801043416999285,-0.4441519813592267,0.01723638768798176,0,1656.45
14566,-1.0847038834426828,-0.4242629202453546,-0.022631841537181254,1.931802095480233,-0.6633776344678488,-0.4242629202453546,-0.8841755974586852,2.021976669824887,1.1843151521624398,-0.4067969552020239,-0.4472003624904609,0.13649387886486058,0,0.0
12753,-0.7587212335377911,0.25697513141698475,2.5589966420579557,5.392059347171509,0.8967644874658595,0.25697513141698475,0.6526809785264375,5.628547871345862,0.5667902330427349,0.641890844544847,-0.23491818459260372,-0.23903390772032515,1,4808.48
14493,-0.4979351136138776,-0.4242629202453546,-0.16213816732127084,0.430831286624021,-0.3087998794829151,-0.4242629202453546,0.4316262655422759,0.3851428775398932,-1.1885935714048785,-0.6587319620004946,-0.2621100669061842,1.8276581053944452,0,1772.02
15723,2.2272798395910183,-0.4242629202453546,-0.23361310593907997,-0.3381789774421288,-0.1953349978877363,-0.4242629202453546,0.9053149362226219,-0.4938334083805899,0.6632224358563352,0.6978384760718621,1.1212044165031925,0.9797252814784676,0,0.0
13988,-0.4066599716405079,-0.08364389441418492,0.060907424920188614,0.4855951362417187,0.6840178344748993,-0.08364389441418492,0.8702268865425964,0.7415781430903253,-0.6894313593369982,0.148860013150131,-0.20427780081586622,-0.302530203168185,1,2224.46
14795,-0.3545027476557252,-0.4242629202453546,-0.24368370927091956,-0.4465302048413473,-0.6350114140690541,-0.4242629202453546,-0.7789114484186084,-0.6876234556701453,-0.17588396027052677,-3.7144088350957465,4.822338804274747,-1.7272090601362535,0,0.0
17064,-0.14587385171659442,-0.25395340732976973,-0.18828264334664752,-0.2686878948907313,-0.20951810808713367,-0.25395340732976973,0.010569669381968322,-0.4228924089263777,-0.4589337073428109,-0.1682949085234038,-0.3775183034843751,-0.5013150142028535,0,398.05
17913,2.1099260856252573,-0.4242629202453546,-0.22896448144750506,-0.28816368513210977,-0.28043365908412043,-0.4242629202453546,0.5368904145823528,-0.4003989212945543,0.6296546823761264,-0.32763206626750596,-0.15747176513772035,0.7024454065305868,0,190.6
16849,-0.09371662773181173,-0.4242629202453546,-0.24485308903333403,-0.4591117482085478,-0.6066451936702594,-0.4242629202453546,-0.6736472993785315,-0.6322548707302723,-1.077687482198953,-2.1737947748311703,2.07792147213373,1.4522152699075792,0,0.0
17472,-0.028520097750833362,-0.08364389441418492,-0.1474665305346988,-0.26171440379960864,1.2938915730489853,-0.08364389441418492,1.9579564266233906,-0.2216045324262146,-0.22885704054783734,-0.2755850229072219,-0.3038013464880924,0.18644298650496596,0,0.0
16592,-0.7456819275415953,1.108522695994909,0.11033921508050779,-0.2819771500723367,0.7265671650730913,1.108522695994909,-0.4210133416823469,-0.12874680143330264,0.4534692124053372,0.09958317122944782,-0.708284176695673,0.04140343264900903,1,1899.35
15257,1.1710960538991686,-0.4242629202453546,-0.21212065376505265,-0.10693825668885998,-0.6208283038696568,-0.4242629202453546,-0.7262793738985699,-0.5872678954666255,0.16825872774614847,-0.3521763989230477,0.9472558342017435,-0.03490411480210511,0,0.0
17075,0.7799168740132983,-0.08364389441418492,-0.14771638347812163,-0.2626104730219819,-0.02513767549496814,-0.08364389441418492,-0.00697435545804443,-0.46845614028314814,0.6217025930478534,-0.0503567667717883,-0.46694056854840044,0.32290669639485453,0,138.05
17531,-0.054598709743224706,-0.4242629202453546,-0.21559649913443865,-0.14433543137770416,-0.5215465324738753,-0.4242629202453546,-0.35785485225830077,-0.27581960517984017,-0.9093332416701484,-0.09796916395174705,0.09554293594611833,0.1956208831892974,0,0.0
13525,0.71472034403232,-0.4242629202453546,-0.21794545673859092,-0.16960824087402818,-0.6917438548666435,-0.4242629202453546,-0.9894397464987621,-0.026660972950411886,-3.550272048597093,0.5914544480439515,-2.1358655914870086,-1.8575949712237902,0,345.9
12410,1.4970787038040603,-0.25395340732976973,-0.14818209576722277,-0.05296380138610994,-0.35134921008110714,-0.25395340732976973,-0.41048692677833926,-0.381365970221473,0.7787546326024715,1.2231340678585438,0.5255076268520434,-0.3021674021450775,0,0.0
14320,0.16706949219210174,-0.25395340732976973,-0.18481699605658491,-0.2500441689272708,-0.3087998794829151,-0.25395340732976973,-0.27890674047824315,-0.1841153863731756,0.05664342928597307,1.3057388303753665,0.34996010926089094,0.7518457064581335,0,0.0
14849,-0.9673501294769218,1.960070260572833,0.5881056339418508,-0.07426525647171164,0.9109475976652568,1.960070260572833,-0.18592340882617525,0.08961305542332129,-0.14317470610562466,0.2103430433254939,-0.3912494823633126,-0.2453053753884367,1,2905.29
15244,0.71472034403232,-0.4242629202453546,-0.21538573882842207,-0.1420678276312901,-0.507363422274478,-0.4242629202453546,-0.30522277773826234,0.08407619692933402,-0.07215301691211394,0.8741183693810337,0.39382872043427575,1.3955238139618595,0,333.63
12735,1.58835384577743,-0.25395340732976973,-0.13352405641974854,0.025890290182739056,-0.18115188768833898,-0.25395340732976973,0.036885706641987544,-0.10971385036022131,0.5420192060655262,0.5725104810262656,0.3964710863059005,0.05711378160162193,0,0.0
15078,-1.1499004134236612,3.152236850981927,0.8731997401465401,-0.12977305966457092,0.4570880712845417,3.152236850981927,-0.34110828309283403,-0.21368724423878951,0.02631714794185104,-0.09997021961440872,-0.5658827535004679,-0.3664789402309102,1,3040.52
17917,0.8190347920018853,-0.25395340732976973,-0.2274925586651636,-0.4796207611247036,0.08832720610021064,-0.25395340732976973,0.5895224891023912,-0.5215177008505264,-0.006848719690546686,0.5300116749424821,0.5062451839030273,0.028703588937647836,0,108.32
17110,-0.3675420536519209,-0.4242629202453546,-0.23827022883009102,-0.3882857053870839,-0.54991275287267,-0.4242629202453546,-0.4631190012983777,-0.5734257492316572,1.4035841021158884,-0.9855375306541804,-0.35987171910181154,-0.26227289775318074,0,0.0
12769,0.5843272840703633,-0.4242629202453546,-0.07165060948490348,1.4044013531691002,-0.26625054888472305,-0.4242629202453546,0.5895224891023912,0.4854984377434129,0.3224786279110835,-0.6170154794801802,0.2982360140144992,-0.5120110184057917,0,0.0
16852,-0.22410968769376846,-0.4242629202453546,-0.2468094205835361,-0.4801602313708263,-0.6208283038696568,-0.4242629202453546,-0.7262793738985699,-0.5699652126729152,-0.9550374560482157,0.07118338855716194,-0.9690552663257628,-0.653810043067645,0,31.85
13807,2.2663977575796053,-0.4242629202453546,-0.2468876058583487,-0.4810014392122379,-0.6208283038696568,-0.4242629202453546,-0.7262793738985699,-0.6218732610540462,-1.8518230031072616,-0.1006093154353823,-1.43659276504566,0.186770390044499,0,0.0
16916,2.3315942875605837,-0.4242629202453546,-0.23263918936369699,-0.32770045367845757,-0.03932078569436549,-0.4242629202453546,1.4842677559430448,-0.3934778481770702,-0.47069938502124115,0.10636802165669818,-0.20810040572277178,0.1999586196179411,0,365.98
14972,-0.8499963755111608,-0.4242629202453546,-0.24651877532281974,-0.47703313265601344,-0.46481409167628596,-0.4242629202453546,-0.14732655417814702,-0.6495575535239826,0.13260695288484356,-1.323823731874561,0.8588061918602186,-0.765928507419974,0,0.0
15397,1.2493318898763426,-0.4242629202453546,-0.25004901044859706,-0.5150154954084484,-0.6350114140690541,-0.4242629202453546,-0.7789114484186084,-0.6772418459939191,-0.36429411290508057,-0.1852218006085323,-1.9398801795290885,-0.9475009297256809,0,0.0
15067,1.1580567479029729,-0.4242629202453546,-0.12188464855199536,0.8639253150621123,-0.22370121828653103,-0.4242629202453546,0.7474187126625066,0.41282717000982966,0.5702321467389352,1.0762287600250002,-0.4670350389606954,-0.30589485746707057,0,896.71
12921,-0.8239177635187694,3.152236850981927,1.2508618123695665,0.05492359797406925,1.6626524382333163,3.152236850981927,-0.08034027751627969,0.10940103265467362,0.6391526239962131,-0.4704547330349138,-0.6754694334059311,0.5936391293071716,1,7662.54
14607,0.8842313219828637,-0.4242629202453546,-0.18189184697066155,0.21829829677866774,-0.6775607446672461,-0.4242629202453546,-0.9368076719787237,0.2917083904538576,1.5239442766896738,-0.5182601007601717,-0.6832069855017676,0.11555568582158242,0,15714.5
13656,-0.3805813596481165,-0.25395340732976973,-0.2014976544698632,-0.3397791010535097,-0.02513767549496814,-0.25395340732976973,0.19478193020210288,0.10137887972304431,-0.5985141093665839,0.7944670977442513,-0.03444911116557193,-0.14674434623374047,0,0.0
16659,-0.054598709743224706,-0.4242629202453546,-0.2593768536697171,-0.6153752483142562,-0.6917438548666435,-0.4242629202453546,-0.9894397464987621,-0.497293944939332,1.6297334238537369,5.914462020569954,3.210714113127475,0.6852647592881681,0,0.0
13162,-0.9282322114883348,0.08666561850139992,0.020929254292644424,0.08493485144269289,0.32944007948996556,0.08666561850139992,-0.055220423768079736,0.7355222041125267,-0.7552408163001674,-0.2775751854222373,-0.16804954769191427,-0.7855331892988408,1,0.0
18178,-0.8499963755111608,0.08666561850139992,0.004360774751923331,0.040369122974862406,0.41453874068634966,0.08666561850139992,0.18162391157209326,0.10397428214210086,-0.1341386068207113,-0.260787604851729,-0.6353543124306629,-0.016596441956453472,0,0.0
15240,-0.028520097750833362,-0.08364389441418492,-0.08834486533727959,-0.04968126209190574,-0.29461676928351777,-0.08364389441418492,-0.35785485225830077,0.12444912344799125,1.3085450418861757,0.17712165856208523,-0.6039772846519667,0.5763434210087118,0,661.1899999999999
17226,1.4970787038040603,-0.4242629202453546,-0.19914529750593646,0.032665670731500285,-0.4222647610780939,-0.4242629202453546,0.010569669381968322,0.658525265680516,0.5071240016754751,2.1285497094377606,1.1165279724031933,0.04156825683877204,0,0.0
13719,0.15403018619590605,-0.25395340732976973,-0.20845104488852242,-0.3771854193058475,-0.45063098147688857,-0.25395340732976973,-0.5683831503384545,-0.4246226772057487,0.16937529443308708,1.6745622407585259,2.0037004903238986,0.10074002391524844,0,702.94
17997,-0.7978391515263781,0.08666561850139992,-0.05041990801350964,-0.10697940272458116,0.2727076386923762,0.08666561850139992,-0.1210105169181278,0.5304854130070596,1.4964003372113077,-0.3632999380920105,-0.772121207698157,-0.004757606164667071,0,693.95
16206,-0.9021535994959434,-0.08364389441418492,-0.1963629215305404,-0.4370757601889598,-0.03932078569436549,-0.08364389441418492,-0.12978252933813444,-0.5122896033605476,-1.6314319729701512,0.3533545185265669,-0.8609055631519029,-0.7910793905911424,0,127.2
17105,-0.44577788962909487,-0.25395340732976973,-0.15286471385654227,-0.07815431881099161,0.41453874068634966,-0.25395340732976973,1.2737394578628911,0.45262334043536334,-0.8753822525960626,0.48919889497203256,0.24183848270817415,-0.865382403268189,0,0.0
18013,-0.4979351136138776,-0.25395340732976973,-0.23419269678062551,-0.5156646884164944,-0.28043365908412043,-0.25395340732976973,-0.27890674047824315,-0.25332611754801676,0.13335541599860953,1.4949394566803313,0.5458272595913805,0.3289311197297338,0,0.0
16763,0.06275504422253635,-0.4242629202453546,-0.16203108748837533,0.4319833756242152,-0.3938985406792992,-0.4242629202453546,0.11583381842204521,0.3574585850699567,-1.3951264067964986,0.3047165484549478,-1.241299640191955,-0.9238489437500085,0,0.0
14307,-0.7717605395339867,0.08666561850139992,0.12624142010543457,0.36820244847457384,0.9676800384628462,0.08666561850139992,0.800050787182545,0.7337919358331557,0.039873981038653146,0.47680791922150473,0.03131473463127708,0.2618767337101351,1,687.83
16357,-0.4066599716405079,-0.25395340732976973,-0.2221827586974561,-0.4510562687706818,-0.592462083470862,-0.25395340732976973,-0.7789114484186084,-0.6512878218033537,-0.2663720764422314,-0.5233573230082003,-0.05028360314142132,-0.5415737609253021,0,400.93
16529,-0.04155940374702904,-0.4242629202453546,-0.18864807452240204,0.14560696700450848,-0.29461676928351777,-0.4242629202453546,0.48425834006231433,-0.06126633853783248,-2.075805095132277,-0.3212641550788375,-0.40720022545593604,-0.8142148308202113,0,0.0
14506,-0.41969927763670356,-0.08364389441418492,-0.12682901734394833,-0.18770030517337447,0.4429049610851444,-0.08364389441418492,0.6421545636224296,-0.4569210184206747,-0.7490764087190737,-0.9538163042213311,2.0574303167388126,-1.1765508054916458,0,1141.69
17097,-1.0847038834426828,0.25697513141698475,-0.18084994319978934,-0.5036299301462115,0.6982009446742966,0.25697513141698475,0.07372815880601442,-0.6080311148190779,0.725123192730262,-0.47205175121491305,-0.5587636563676855,-0.3853326069743758,0,314.89
13450,-0.9021535994959434,0.08666561850139992,-0.024423304138321996,-0.037054000907237365,-0.4222647610780939,0.08666561850139992,-0.5289090944484257,0.35226778023184363,0.9056988767828206,-0.7697647976317837,-0.1855083110285096,-0.24397632483267973,0,622.26
12933,-0.28930621767474685,-0.25395340732976973,-0.20526414509996557,-0.36004123775533825,-0.03932078569436549,-0.25395340732976973,0.19478193020210288,-0.09241116756651102,0.4314239002961533,-0.18682490579766134,0.12925288791701817,0.06805192583474466,0,250.04
16377,0.9624671579600378,-0.4242629202453546,-0.15109364741404827,0.5496610377869108,-0.6491945242684515,-0.4242629202453546,-0.8315435229386468,4.44435226094433,-1.0100399420721793,-0.911567090364939,0.22312584672898053,4.0977003767778974,0,0.0
14973,-1.12382180143127,-0.08364389441418492,-0.042611578611573574,0.11433597985637954,-0.3087998794829151,-0.08364389441418492,-0.533295100658429,-0.3208065804434869,0.7574248234359315,0.372899791519918,-0.38371701302846034,-0.15352140983614818,0,0.0
14064,-1.0586252714502915,0.08666561850139992,-0.07956601871973504,-0.1853763161187499,-0.09605322649195489,0.08666561850139992,-0.3446968336282912,0.5616302420357382,-2.7321648462145496,-0.032790844295130885,-1.1543561485246512,0.4296349319989723,0,237.31
17464,-0.45881719562529055,-0.4242629202453546,-0.21674208337843187,-0.15666095496708352,-0.592462083470862,-0.4242629202453546,-0.621015224858493,0.014865465754492829,0.8035369623927332,0.37615656554710125,0.22103996841649984,0.21859360585400156,0,0.0
15663,-1.1368611074274655,-0.4242629202453546,-0.24254662342636252,-0.43429611688690395,-0.592462083470862,-0.4242629202453546,-0.621015224858493,-0.37963570194210194,-2.116937319999926,-0.08846610772699891,-0.6640424476008281,-1.2630218245585247,0,0.0
13951,-0.22410968769376846,-0.08364389441418492,-0.1513910913943136,-0.2757893958707644,-0.18115188768833898,-0.08364389441418492,-0.41048692677833926,-0.21699048368122514,-0.7402778175588455,-0.5461292035773929,0.024223413215679317,0.6221942410136448,0,0.0
16684,-0.7847998455301823,2.4709987993195877,5.493084344508268,2.7554847735291452,0.5280036222815284,2.4709987993195877,-0.6034712000184802,3.9608384028756474,1.301812683175528,-0.775519712878017,-0.34183584310656806,0.2982001601898572,1,32770.06
13458,-0.7587212335377911,0.9382131830793241,0.984163341584371,0.8076395700984789,2.102328854414634,0.9382131830793241,0.5310424063023486,0.929600629448644,-1.4536543947250777,-0.009403321881946211,-0.42965053324823665,0.05460008708182211,1,2291.13
16593,-0.054598709743224706,-0.25395340732976973,-0.22259918026982753,-0.453296441826615,-0.43644787127749124,-0.25395340732976973,-0.5420671130784354,-0.5993797734222227,-0.21012178302702028,-1.4395656398636079,0.7218435386387051,-1.1127976945541418,0,74.53
13107,-0.23714899368996412,-0.25395340732976973,-0.10706853897500872,0.1682098559606999,-0.20951810808713367,-0.25395340732976973,-0.14732655417814702,0.665446338798,0.14029757989129205,0.11717320252683622,0.13254513101938936,0.8594709366142795,0,596.4
13420,-0.5761709495910516,-0.25395340732976973,-0.2388566183911855,-0.5407546266429463,-0.6066451936702594,-0.25395340732976973,-0.8841755974586852,-0.5716954809522863,-1.1669032548915845,1.6666765589166037,-0.11680878535195004,-0.6162181699515663,0,0.0
14988,0.2322660221730801,-0.4242629202453546,-0.20916491044115915,-0.07513694285810192,-0.15278566728954426,-0.4242629202453546,1.0105790852626988,-0.2585169223861299,-1.0162481440909452,-1.6140397458286453,1.2842244443822028,0.9419255934494353,0,0.0
14639,-0.9543108234807262,0.08666561850139992,0.07207942081895347,0.22251805133096642,0.5989191732785152,0.08666561850139992,0.41846824691226625,-0.06386174095688903,0.5246538521581362,-0.40746794110801415,-0.681430899683419,-0.5759117070700037,1,995.26
15123,0.16706949219210174,-0.4242629202453546,-0.08425033648894177,1.2688388808129136,0.03159476530262125,-0.4242629202453546,1.6947960540231983,1.014960531230948,0.3351062934280904,-1.0316252115344753,0.7819648186719496,-0.6126496394158888,0,1129.84
17676,-1.0977431894388785,0.08666561850139992,-0.14180659651022184,-0.3527903919049095,-0.28043365908412043,0.08666561850139992,-0.555225131708445,-0.3415697997959393,-0.8588960936616183,-0.23969398416672494,-1.610585123600933,-0.12002282981887737,0,640.34
17402,-1.202057637408444,0.7679036701637393,0.028435040674653498,-0.2908953247258243,-0.3087998794829151,0.7679036701637393,-0.7854904577336131,-0.5647744078348022,-0.6062615705617849,-0.07540189876927546,-0.0801818157197061,0.7543923261003967,1,901.4
17166,0.12795157420351472,-0.4242629202453546,-0.24433978570739048,-0.45358903585841037,-0.5782789732714647,-0.4242629202453546,-0.5683831503384545,-0.5492019933204628,2.6791626277781138,-2.265642411221435,0.09015833294681948,-0.6655030826002496,0,78.75
15051,-0.5631316435948559,-0.4242629202453546,-0.2018222933283242,0.0038634457266447314,-0.23788432848592836,-0.4242629202453546,0.6947866381424681,0.4681957549497026,-0.9378859463082836,-1.0248144887359314,-0.3557435378957204,3.2215321343065835,0,1005.62
12945,1.2362925838801468,-0.4242629202453546,-0.1873393210092347,0.15968805478466006,-0.3938985406792992,-0.4242629202453546,0.11583381842204521,-0.17546404497632045,-0.799474770291376,0.4892286899622423,-0.2652967443176394,-0.31834355917315615,0,0.0
13411,-1.12382180143127,-0.4242629202453546,-0.22972933739675871,-0.29639289227635424,-0.4789972018756833,-0.4242629202453546,-0.14732655417814702,-0.497293944939332,-0.8381851438772593,-0.32341060143815714,0.08176528015951998,0.5590409627343256,0,0.0
14738,-0.7847998455301823,0.25697513141698475,-0.13724975473255738,-0.40980965385102985,-0.3229829896823125,0.25697513141698475,-0.7473322037065853,-0.5035229107450676,-2.202729624397423,0.04397264064000342,-1.1364783864962469,-0.2717546446489727,0,556.8000000000001
15602,0.0888336562149277,0.25697513141698475,-0.1737418819113922,-0.48833457713410905,-0.54991275287267,0.25697513141698475,-0.9157548421707083,-0.5076755546155581,-1.1495871732372278,-1.3225866155336872,-0.04017661355077653,4.937179662778402,0,754.92
16078,1.1710960538991686,-0.4242629202453546,-0.2525645366816979,-0.542080443349519,-0.7059269650660409,-0.4242629202453546,-1.0420718210188007,-0.6910839922288873,-0.18728785091610756,-3.8360951998395736,4.974748057540141,-1.791577766520346,0,0.0
12432,-0.3023455236709425,-0.08364389441418492,0.4166776201956887,1.7615245603933256,0.3436231896893629,-0.08364389441418492,0.23864199230213468,0.8996093126062129,0.49820050794826903,0.41359551518589194,0.9922823273066794,0.25898647622882653,1,1042.66
14805,1.5622752337850387,-0.4242629202453546,-0.24745699862057086,-0.4871276267529533,-0.45063098147688857,-0.4242629202453546,-0.09469447965810857,-0.6460970169652406,-1.442085344668223,-1.8938311679915147,1.9468262154389677,-1.680011342461447,0,437.15
16954,-0.9021535994959434,0.08666561850139992,-0.05435126759267333,-0.11755393390493521,-0.23788432848592836,0.08666561850139992,-0.5683831503384545,-0.1027927772427372,0.45018810851398694,-0.21560226662491622,-0.6825621750468281,-0.4655427068294736,0,839.7
17351,-0.32842413566333384,-0.25395340732976973,-0.19339867980721076,-0.29621002100648214,-0.4789972018756833,-0.25395340732976973,-0.5946991875984738,-0.5872678954666255,-0.182530028570008,-3.312409750369772,4.053843105196878,-1.6457090174189306,0,159.85
17320,0.5582486720779719,-0.25395340732976973,-0.11133813485173127,0.14524122446476428,-0.20951810808713367,-0.25395340732976973,0.16846589294208367,0.0598524410181396,-0.5257648730484178,-1.4806357552722222,1.3387649475977161,-0.6043459705507003,0,0.0
16040,-0.5892102555872473,-0.25395340732976973,-0.11710344902921647,0.11422625709445627,-0.12441944689074957,-0.25395340732976973,0.11583381842204521,0.13425397703109387,-0.13276266967734895,-0.012221176005741607,0.22778432607191307,-0.01244721110151091,0,437.37
17926,-0.7847998455301823,-0.25395340732976973,-0.19849941914878894,-0.3236498550507906,-0.4789972018756833,-0.25395340732976973,-0.5420671130784354,-0.21699048368122514,-0.7489967671336221,0.7344991791567712,1.2357205890379253,-0.45245860480398253,0,0.0
17811,-1.0586252714502915,3.3225463638975117,0.5245648010376328,-0.3170843789161434,2.6696532623905282,3.3225463638975117,-0.0695226179311336,-0.41228511208327706,0.8063318470299669,-0.12835469009220177,-0.4399927585886159,-0.15679370670577186,1,3110.41
14645,-0.4848958076176819,-0.25395340732976973,-0.16453981500192727,-0.14096145644856387,-0.3229829896823125,-0.25395340732976973,-0.30522277773826234,-0.08722036272839792,0.5566552320211627,0.053096958267567135,-0.11974024808642049,-0.19604718217057707,0,0.0
14873,0.2192267161768844,-0.4242629202453546,-0.17769703700897715,0.2634309261831016,-0.3229829896823125,-0.4242629202453546,0.3789941910222374,-0.16508243530009425,2.021901860165642,-0.6633825922266489,-0.9918548141600717,-0.21647036377349438,0,0.0
14551,0.12795157420351472,-0.4242629202453546,-0.2447069165630322,-0.45753905528764766,-0.6208283038696568,-0.4242629202453546,-0.7262793738985699,-0.5180571642917843,0.12860958985615992,-0.6344785745663656,-0.6609774349885235,1.5158924226233708,0,60.8
13304,2.0577688616404743,-0.4242629202453546,-0.21496421821638895,-0.13753262013846201,-0.4222647610780939,-0.4242629202453546,0.010569669381968322,0.0771551238118499,1.0822238744810464,-0.6408057590223221,-0.7878094209562129,0.057430862754538785,0,0.0
13579,2.2924763695719967,-0.4242629202453546,-0.23803227364587876,-0.3857255076088745,-0.592462083470862,-0.4242629202453546,-0.621015224858493,-0.5872678954666255,0.00785120299762031,-0.6326593292124071,-1.7249496905603716,0.6591239286177702,0,302.34
14497,1.510118009800256,-0.4242629202453546,-0.18522831858929467,0.18240066650277476,-0.3087998794829151,-0.4242629202453546,0.4316262655422759,0.06677351413562373,0.29488621170595586,-0.7675172710702111,0.03859419839178301,-0.6888626883915875,0,0.0
13070,-0.01548079175463769,-0.4242629202453546,-0.22713732556873248,-0.26850502362085915,-0.592462083470862,-0.4242629202453546,-0.621015224858493,-0.36579355570713373,0.9064367775492481,-0.3155998361089938,-0.25410403457211894,0.15362512771845183,0,0.0
14267,-0.4066599716405079,-0.08364389441418492,-0.0083137381671531,0.237341291681349,-0.3655323202805045,-0.08364389441418492,-0.12978252933813444,-0.1350911184576631,0.02565078058999555,-0.44890187827934963,-0.5984439257769243,-0.2720711979993693,0,0.0
13485,0.5191307540893849,-0.4242629202453546,-0.1888197421910123,0.1437599671788003,-0.3938985406792992,-0.4242629202453546,0.11583381842204521,0.2121160496027902,1.364409246783667,1.9986336318391,0.7073892367166077,0.052522774001431245,0,0.0
12457,0.5191307540893849,-0.08364389441418492,-0.08462766542390691,-0.03634994651822981,-0.3938985406792992,-0.08364389441418492,-0.6561032745385186,-0.288508239228561,-0.2567090364264297,0.869911671676972,0.28806879209621805,-0.14829612622208133,0,1295.98
14898,-0.7717605395339867,0.25697513141698475,-0.0975571303260679,-0.32439779854456746,0.13087653669840268,0.25697513141698475,-0.3789076820663162,-0.1567771475591133,-1.1848424701706035,0.4322771286412408,-0.7624564487375428,-0.24531661692481485,0,278.13
14625,0.036676432230145,-0.25395340732976973,-0.11311769969366141,0.1356679134869599,0.003228544903826554,-0.25395340732976973,0.3000460792421798,-0.1668127035794653,1.0626536488186369,0.33464026996808804,-0.3877050746841228,-0.41773073099075897,0,0.0
14442,0.14099088019971037,-0.25395340732976973,0.004192506443087529,0.7667475222520791,0.102510316299608,-0.25395340732976973,0.563206451842372,0.08753673348807607,-0.14288431699769621,-0.3002591280000902,0.9906213222117073,-0.5578686242148557,0,0.0
14112,-0.8239177635187694,0.08666561850139992,0.057052550935950255,0.18209892890748575,0.5421867324809257,0.08666561850139992,0.3526781537622182,0.24672141519021082,0.006250650121857466,0.21034828666128833,-0.5472815756784533,-0.39159812179813863,1,1014.33
13426,-0.14587385171659442,0.25697513141698475,-0.001100296725747643,-0.11683890723973538,0.15924275709719737,0.25697513141698475,-0.22101145850620077,0.08338408961758564,-0.34598216522394853,0.7739276416237707,0.227306082561549,-0.6565812337644389,0,2082.64
16434,-0.01548079175463769,-0.08364389441418492,-0.14420654451099105,-0.2500228339457857,-0.20951810808713367,-0.08364389441418492,-0.39294290193832637,-0.30235038546352927,-0.017061347980329582,-0.6506727796099782,-0.419344477415735,0.47330552389926245,0,795.08
13294,-0.054598709743224706,-0.25395340732976973,-0.1175181709217007,0.11199522760201673,-0.03932078569436549,-0.25395340732976973,0.326362116502199,0.037358953386316215,0.6061043883893192,0.016200412020041986,-0.2741203439941898,-0.3407060611580145,0,0.0
14577,-0.3936206656443122,-0.08364389441418492,-0.1561179011607011,-0.29274156258790807,0.2727076386923762,-0.08364389441418492,0.48425834006231433,-0.42346916501950144,-0.01595912868037344,-0.5094178093250814,-0.9288405609745887,-0.35674587199755375,0,213.07
17634,-0.9282322114883348,0.4272846443325696,0.059850224030331356,-0.10255544192092526,1.3506240138465746,0.4272846443325696,0.6333825512024234,-0.4090502626914095,-0.26513559330057335,-0.6396498257661098,0.6771175848070005,-0.5085210980691002,1,441.31
15356,-1.1499004134236612,0.7679036701637393,0.11320147601060365,-0.1768933750875579,2.130695074813429,0.7679036701637393,1.6487429888181648,-0.16032419753182392,-1.2674108096362358,-0.20953883709407742,-0.25016984557038496,-0.6435783992238906,1,486.86
14101,-0.6674460915644214,0.25697513141698475,0.5743620223737065,1.1214592669975918,-0.507363422274478,0.25697513141698475,-0.7789114484186084,3.6871868618915666,0.8250391201058682,-1.0368272438159007,0.9737032438250068,-0.42438814805571073,1,1032.4
15852,-0.09371662773181173,-0.25395340732976973,-0.23871044592088367,-0.5399682801824962,-0.4080816508786965,-0.25395340732976973,-0.5157510758184162,-0.6633996997589509,1.2808759301358474,1.9797607033551292,0.6491310193151766,0.3762599696059431,0,0.0
14850,1.5361966217926475,-0.4242629202453546,-0.2106589290620346,-0.09121132747985944,-0.4222647610780939,-0.4242629202453546,0.010569669381968322,0.2674846345426632,1.7833733922790227,-0.6829681878428546,-1.5764735642072336,-0.227808308442421,0,0.0
17849,0.3235411641464498,0.08666561850139992,-0.16305939382014967,-0.40995595086692754,-0.5215465324738753,0.08666561850139992,-0.7525954111585892,-0.6478272852446115,-0.2106788678974865,-0.8673837101152229,0.8605983582840518,0.7338409226241235,0,0.0
18250,1.5231573157964517,-0.4242629202453546,-0.2066612819672689,-0.04820000480594184,-0.4222647610780939,-0.4242629202453546,0.010569669381968322,-0.057805801979090424,1.0054639461918464,-0.3873866049140561,-1.2720855069457182,0.4243001904220193,0,0.0
15530,-0.5761709495910516,-0.08364389441418492,-0.06823595259145776,0.02243707103665428,0.3719894100881576,-0.08364389441418492,0.5368904145823528,0.00794439263700871,-0.08554375824912816,-0.07065889963835562,0.15914415484113337,-0.0246284853239451,0,333.62
13098,-1.0455859654540958,2.3006892864040025,2.193084456895352,0.8694361945653757,0.8400320466682701,2.3006892864040025,0.022953686916094784,0.9331290196654005,0.46327753138159816,-0.7262965167384406,0.6988892385015012,0.12647927334659476,1,14414.36
13216,0.9624671579600378,-0.4242629202453546,-0.20930088483213757,-0.07659991301707873,-0.6491945242684515,-0.4242629202453546,-0.8315435229386468,0.2813267807776314,0.9001880173683291,2.3653598714901483,1.3936072931880024,0.3926936883157734,0,0.0
14280,0.036676432230145,-0.4242629202453546,-0.24324349218012692,-0.44179383895166,-0.6066451936702594,-0.4242629202453546,-0.6736472993785315,-0.5665046761141732,1.3949303582255705,-0.30672683897934444,-1.1073879197659209,-0.1592456156396119,0,0.0
13365,0.3105018581502541,-0.4242629202453546,-0.1469464284892063,0.5942816276357028,-0.16696877748894162,-0.4242629202453546,0.9579470107426603,0.6516041925630318,0.6724382212997978,0.11498727678799613,-0.5921540141362084,-0.28766540803277935,0,1524.77
14720,-0.8760749875035521,-0.4242629202453546,-0.23954498874551375,-0.40200105062749125,-0.592462083470862,-0.4242629202453546,-0.621015224858493,-0.6080311148190779,0.7132801961053785,0.43133886848205283,-0.23192227761895226,-0.029797485658944595,0,508.01
13487,0.25834463416547143,-0.25395340732976973,-0.19654308759858685,-0.3131256134696513,-0.4222647610780939,-0.25395340732976973,-0.4631190012983777,-0.37790543366273094,-1.1956584099193253,-0.7230003353382944,0.7225978718969065,0.8306428566701741,0,166.6
15541,-1.0325466594579003,-0.4242629202453546,-0.25155662650857036,-0.5312361770461035,-0.3087998794829151,-0.4242629202453546,0.4316262655422759,-0.5768862857903994,0.1540055114537636,-0.2487306578207867,0.9417303055274736,-0.4388054311718605,0,0.0
17880,2.2272798395910183,-0.4242629202453546,-0.1880242920037885,0.15231834260881452,-0.35134921008110714,-0.4242629202453546,0.27373004198216055,0.3401559022762464,0.3093926091279319,0.29294759181930397,1.2452382729329285,-0.4342154782315853,0,0.0
16131,-1.0195073534617045,0.08666561850139992,0.12124606091686471,0.35476598192072145,-0.06768700609316018,0.08666561850139992,-0.38417088951832,0.3297742926000202,-0.5285076177757743,-0.4481965723818098,-0.38779608549863936,-0.11011894470269613,1,1228.04
14921,0.10187296221112337,-0.4242629202453546,-0.11254320789177756,0.9644313649838179,0.03159476530262125,-0.4242629202453546,1.6947960540231983,1.4371459913974791,0.2428786267670736,1.7533997705362532,1.3142024281684994,0.013090063042170296,0,413.06
15925,0.010597820237753656,-0.4242629202453546,-0.23081713252458608,-0.30809665354816856,-0.54991275287267,-0.4242629202453546,-0.4631190012983777,-0.4246226772057487,0.9460776813113303,-0.6498579109088666,-0.6933412797017608,0.6726043355894435,0,0.0
13455,2.2533584515834097,-0.4242629202453546,-0.14824838328282472,0.5802736883635001,-0.29461676928351777,-0.4242629202453546,0.48425834006231433,-0.08895063100776895,-0.4911503914582704,-0.358635123418177,-0.08484405552238079,-0.6857823482458224,0,365.4
16660,0.2192267161768844,-0.25395340732976973,-0.2006971052429777,-0.33547248264802176,-0.6491945242684515,-0.25395340732976973,-0.9631237092387429,-0.35195140947216547,2.1134000978585044,-1.3867318782174116,-1.563711723096939,2.1875415775357325,0,883.29
16182,-0.8239177635187694,-0.08364389441418492,0.5572989359858014,2.2658469484466006,-0.6066451936702594,-0.08364389441418492,-0.7964554732586211,2.4833815443238287,1.196094196943731,-0.4106627290364105,-0.45538556328854085,0.13576769875931338,1,1773.65
13166,1.1710960538991686,-0.4242629202453546,-0.19511535649331338,0.07602444881817487,-0.16696877748894162,-0.4242629202453546,1.0632111597827372,0.0010233195195245904,-1.5158722413947376,0.08750551425304272,-0.3413367293053951,-0.8467207922611214,0,0.0
15416,-0.5109744196100733,-0.08364389441418492,0.26840944459292687,1.2297775775682331,1.1946098016532039,-0.08364389441418492,1.5544438553030961,1.2122111150792454,0.11430255595044098,0.41538250434479623,0.2630509752136023,-0.2856683053128907,1,839.99
17419,-0.6544067855682256,0.7679036701637393,0.18608884861470112,-0.07886751676349277,0.797482716070078,0.7679036701637393,-0.2328536752732095,-0.22174872144949548,-0.9923320342418208,0.059997999371692194,-0.1932462128544181,-0.7850559023795806,1,1566.57
14689,0.19314810418449307,-0.4242629202453546,-0.2468536122606041,-0.48063569667249373,-0.5357296426732727,-0.4242629202453546,-0.41048692677833926,-0.4834517987043637,-1.426718230468877,0.6887081922081664,-0.0345196375618315,-0.23597554303705545,0,0.0
16456,-1.1759790254160525,0.08666561850139992,0.02301816087405047,0.0905535712095131,0.3719894100881576,0.08666561850139992,0.19478193020210288,0.05552677031971203,0.2382039913153716,-0.4106160481000916,-0.4842243310506809,0.47404838929121085,1,457.6
16147,-0.7847998455301823,-0.4242629202453546,-0.2022880056174253,-0.0011472270678507916,-0.4080816508786965,-0.4242629202453546,0.06320174390200677,0.10483941628178638,-0.038313867395655905,-0.5845163987673498,0.609155230739384,0.04317354627297031,0,0.0
15700,-0.27626691167855116,-0.25395340732976973,-0.14761270300500062,-0.04990070761575237,0.48545429168333637,-0.25395340732976973,1.1684753088228141,-0.12874680143330264,0.39377678122305987,-0.5526391873529068,-0.385313596751725,-0.30272099479991127,0,0.0
13849,-0.3023455236709425,-0.4242629202453546,-0.16513640264234514,0.3985727946185826,-0.18115188768833898,-0.4242629202453546,0.9053149362226219,0.4024455603336035,-0.893428987180965,0.09208891398332679,-0.028517627391656798,-0.7049871529153239,0,944.37
15167,1.6535503757584085,-0.4242629202453546,-0.23903508477934468,-0.3965149125313283,-0.16696877748894162,-0.4242629202453546,0.9579470107426603,-0.5215177008505264,0.21578935803031185,-0.2641678324840647,-0.057183287168414025,-0.4514249326291243,0,0.0
13248,-0.9021535994959434,-0.25395340732976973,-0.1868753084000208,-0.2611170243180264,-0.3655323202805045,-0.25395340732976973,-0.41048692677833926,-0.21872075196059618,0.936688997044656,-0.620092248551618,-0.6104423171164616,-0.39511606155722523,0,0.0
16539,0.33658047014264547,-0.08364389441418492,-0.08694602879008907,-0.04466449358841459,-0.23788432848592836,-0.08364389441418492,-0.4280309516183521,-0.2608239467586245,-0.9276643259447791,-1.7126558746127023,1.984233845603522,-1.3457027735696026,0,335.2
12422,-0.32842413566333384,-0.25395340732976973,-0.15455079630467475,-0.08722473379664768,-0.28043365908412043,-0.25395340732976973,-0.27890674047824315,-0.2481353127099037,0.22322326787441127,1.075370257266723,-0.04158624111725743,-0.1719022169348399,0,147.7
13851,-0.8499963755111608,-0.25395340732976973,-0.03601172160945828,0.5504656713743479,0.20179208769538942,-0.25395340732976973,0.7211026754024873,1.0236118726278032,-0.4447703189718406,-0.054227768597918266,0.11088924904597072,0.37216205832548516,0,1298.18
14233,0.2322660221730801,-0.08364389441418492,-0.10300970340430274,-0.10227503930712144,-0.507363422274478,-0.08364389441418492,-0.7438233987385827,-0.2735125808073455,0.05918821124582845,-0.6576506695608713,-0.7061870874926784,-0.7398963952503805,0,503.62
13601,0.2322660221730801,-0.4242629202453546,-0.20259394799712674,-0.0044389099255485905,-0.13860255709014693,-0.4242629202453546,1.1158432343027758,0.2051949764853061,0.7664105193642277,0.6422519223499659,-0.24043068745932958,-0.18075154069830926,0,320.12
14871,-0.19803107570137712,-0.08364389441418492,-0.20903573476972964,-0.48252536646117217,-0.09605322649195489,-0.08364389441418492,-0.077150454818096,-0.6207197488677987,0.5390592158490426,0.3192428977508785,-0.012298617557264324,-0.006590924546995277,0,165.98000000000002
15114,-1.0064680474655088,0.4272846443325696,-0.03588764497769047,-0.2742319422223538,0.21597519789478678,0.4272846443325696,-0.2525907032182239,0.1238723673548677,0.10420682920530806,1.3339671855534634,0.3973658295217426,-0.038157478179393536,0,1406.55
16778,1.0537422999334074,-0.4242629202453546,-0.25018838419934997,-0.5165150398213996,-0.6491945242684515,-0.4242629202453546,-0.8315435229386468,-0.5180571642917843,-2.398078619679561,-0.326518173259381,-0.4731237588176278,-1.5539261195899445,0,152.76
16426,1.0798209119257989,-0.4242629202453546,-0.21021361293158028,-0.08642010020921044,-0.5640958630720674,-0.4242629202453546,-0.5157510758184162,-0.20314833744625693,0.3289246952360668,-1.1262564705043678,0.9051149240424856,-0.469834356643258,0,1535.39
16050,-0.2632276056823555,-0.4242629202453546,-0.242587415743656,-0.43473500793459696,-0.5782789732714647,-0.4242629202453546,-0.5683831503384545,0.21557658616153227,0.44472936927088397,0.04319054275423092,-0.2904828686054704,0.5932549073392167,0,0.0
16550,-1.1107824954350742,0.25697513141698475,0.12472530564602513,0.1539166375074966,1.5775537770369321,0.25697513141698475,1.547426245367091,0.3193926829237941,0.8198072861116594,-0.16628759390844727,-0.9637409394473059,-0.2998154196354817,1,0.0
17879,-0.2632276056823555,-0.4242629202453546,-0.2356833160417265,-0.3604526981125505,-0.6350114140690541,-0.4242629202453546,-0.7789114484186084,-0.5907284320253676,3.1451539717217596,-1.0503261668526616,-1.8097776995131682,0.015607833571078691,0,0.0
16750,-0.9412715174845304,-0.08364389441418492,-0.19529892192113427,-0.4332598463576287,-0.09605322649195489,-0.08364389441418492,-0.27013472805823674,-0.5872678954666255,0.3419060918619056,-1.2879945563562367,-0.26464061708467207,-0.04307090273770971,0,207.81
15121,1.2362925838801468,-0.4242629202453546,-0.21585994951695933,-0.1471699360607217,-0.46481409167628596,-0.4242629202453546,-0.14732655417814702,-0.31388550732600284,-0.4377984768577379,-0.16466254096569066,-1.242872223079328,-0.36389699533662506,0,162.57
16399,0.5452093660817763,-0.4242629202453546,-0.235702012520486,-0.3606538565094098,-0.28043365908412043,-0.4242629202453546,0.5368904145823528,-0.1962272643287728,-0.9447222055780811,0.2448862406897712,-1.3027023443084471,-0.5057690097808941,0,229.61
18080,0.636484508055146,-0.4242629202453546,-0.12299793887813124,0.8519472468854897,-0.7059269650660409,-0.4242629202453546,-1.0420718210188007,0.3955244872161194,1.6297334238537369,5.914462020569954,3.210714113127475,0.6852647592881681,0,390.0
18087,1.2623711958725383,-0.4242629202453546,0.2783678690522093,5.170305987899205,-0.7059269650660409,-0.4242629202453546,-1.0420718210188007,12.770403221277725,-3.550272048597093,0.5914544480439515,-2.1358655914870086,-1.8575949712237902,1,852.8
14505,-1.0977431894388785,0.4272846443325696,0.451704623311731,0.6001152211446227,4.7829366821007335,0.4272846443325696,3.431654513184467,0.3620726338149461,-0.4875247758591439,-0.2681336416279023,0.28938360737938934,0.42802654853550864,1,1636.69
17555,1.8361006597051481,-0.4242629202453546,-0.23280575799264555,-0.32949259212320414,-0.03932078569436549,-0.4242629202453546,1.4842677559430448,-0.20660887400499897,0.4867263737236535,0.8779442063080292,0.04372007685663983,-0.24783242863646135,0,284.86
17929,-1.0586252714502915,-0.08364389441418492,-0.14585863336137891,-0.2559478630896418,-0.6633776344678488,-0.08364389441418492,-1.0245277961787878,-0.6403294560340038,0.16542777858073732,-0.07240751852758019,0.26081950654345953,0.1993084579946951,0,136.0
17786,1.6144324577698215,-0.4242629202453546,-0.24845980975403675,-0.4979170316754071,-0.37971543047990186,-0.4242629202453546,0.2210979674621221,-0.5665046761141732,-1.2301733355132694,-0.08269957733141987,-1.0095502167690296,-0.6859499393111685,0,163.5
15545,2.3055156755681923,-0.4242629202453546,-0.24302423347467422,-0.43943479957030995,-0.28043365908412043,-0.4242629202453546,0.5368904145823528,-0.4869123352631058,0.8522512230402333,0.2713651819171333,-0.17987775853800578,0.017715677702909965,0,153.64
12838,2.3446335935567792,-0.4242629202453546,-0.19960421107548865,0.027728146444953642,0.11669342649900534,-0.4242629202453546,2.0105885011434292,0.0425497582244293,-0.6358722941314631,0.7408097022328491,-0.09286594525273759,1.110869797639964,0,281.16
14905,-0.47185650162148624,-0.25395340732976973,-0.16130022513686632,-0.12353382442975291,-0.5215465324738753,-0.25395340732976973,-0.6473312621185122,-0.24986558098927472,-1.7387660552470938,-0.4760564203278597,-0.45709740472660937,1.9246707573482715,0,0.0
14916,-0.5761709495910516,-0.25395340732976973,-0.14683085025687467,-0.04569466840869408,-0.12441944689074957,-0.25395340732976973,0.010569669381968322,0.2986294635713417,0.921897926191963,-0.498639546819361,-0.1214639252897979,-0.5092067777899455,0,567.7
14035,-1.12382180143127,-0.08364389441418492,-0.12371860315031687,-0.1765451577111765,-0.46481409167628596,-0.08364389441418492,-0.6385592496985059,-0.23083262991619338,-1.3930589536054547,0.04391236825073422,0.07799750627781336,0.05479468714514441,0,590.76
16202,2.1751226156062358,-0.4242629202453546,-0.2039417941477004,-0.018940601626406036,-0.46481409167628596,-0.4242629202453546,-0.14732655417814702,-0.0854900944490269,-0.5669085099669353,-1.0545918444605966,-0.20510807533983244,-0.48706717762105994,0,0.0
16816,-1.1759790254160525,0.08666561850139992,-0.19513915201173462,-0.4962437595560774,-0.3229829896823125,0.08666561850139992,-0.7262793738985699,-0.5094058228949292,0.5027956444269979,0.9809522130729407,-0.9181227223065174,-0.5175874913274606,0,0.0
16843,-0.7717605395339867,1.2788322089104938,0.9869100242821353,0.5385890136292,1.691018658632111,1.2788322089104938,0.1636811588948075,1.3707666083161545,0.22849059502980004,0.23213767168686594,-0.08257443461180984,-0.3138257456818574,1,2824.9700000000003
15785,-0.47185650162148624,0.08666561850139992,0.017111773265925133,0.07466662963937452,-0.13860255709014693,0.08666561850139992,-0.3710128708883104,0.12819803805329527,-0.6305350116199465,0.12355345803846425,-0.8729464087271467,0.019948472583536235,1,663.14
12937,0.04971573822634068,-0.25395340732976973,-0.19324060957769834,-0.2953596696015769,-0.3371660998817098,-0.25395340732976973,-0.35785485225830077,-0.2827406782973243,-0.7634058341205567,-0.14944783339529302,-0.4952358029174586,0.9762019355669458,0,1076.04
17698,0.8711920159866681,-0.4242629202453546,-0.23968946153592832,-0.40355545642140417,-0.6066451936702594,-0.4242629202453546,-0.6736472993785315,-0.4246226772057487,0.4357302432772407,1.3841722909121121,0.12299836255015832,-0.11268042843244612,0,0.0
13479,0.0888336562149277,-0.25395340732976973,-0.21487413518236576,-0.41173894574818054,-0.5215465324738753,-0.25395340732976973,-0.6999633366385507,-0.5145966277330423,-2.560309539243897,0.3330064663677208,-1.1713792308240853,-1.6284485109278302,0,0.0
17921,-0.602249561583443,-0.08364389441418492,-0.1648151631436586,-0.32393330551909233,0.4429049610851444,-0.08364389441418492,0.6772426133024552,-0.41424106752952256,-1.3969537176623616,0.10686944511883817,-0.49754918521339053,0.201202503896628,0,224.76
14819,-0.01548079175463769,-0.4242629202453546,-0.2516263133839468,-0.531985949252579,-0.6775607446672461,-0.4242629202453546,-0.9368076719787237,-0.5803468223491414,2.3302026516296808,-0.7828666616035937,-1.2434719999025472,0.06584972046671808,0,187.35
13512,0.8711920159866681,-0.4242629202453546,-0.22332834294144935,-0.22752357204252185,-0.507363422274478,-0.4242629202453546,-0.30522277773826234,-0.25159584926864575,-0.5012328296121321,-0.06974114564482514,-1.2126245547361474,-0.6488305583508269,0,0.0
16116,0.2322660221730801,-0.4242629202453546,-0.16187301725886294,0.4336840784340256,-0.23788432848592836,-0.4242629202453546,0.6947866381424681,0.1117604893992705,-0.9532134820822004,-1.2361076257323937,1.3761691758238914,-0.8503389880420401,0,0.0
17214,0.7277596500285156,0.08666561850139992,-0.1620106913297286,-0.40713516152915047,0.07414409590081329,0.08666561850139992,-0.21311664732819507,-0.5933238344444242,-1.1761149553886971,-0.568628793732165,0.4775573568713351,-0.7069700865514114,0,447.15
14847,-0.5892102555872473,-0.4242629202453546,-0.21343790567765614,-0.12111078010394763,-0.5357296426732727,-0.4242629202453546,-0.41048692677833926,-0.3311881901197131,-0.4747376214735488,-0.7079257276093157,0.3245958736670411,0.8855145008616566,0,0.0
14421,0.2322660221730801,-0.4242629202453546,-0.18865997228161263,0.14547895711559802,-0.507363422274478,-0.4242629202453546,-0.30522277773826234,-0.07510848477280072,0.7620229356037614,1.210565690586441,-0.05358142039403755,-0.0948575647701411,0,357.93
16018,-0.17195246370898576,-0.4242629202453546,-0.23850818401430324,-0.3908459031652933,-0.507363422274478,-0.4242629202453546,-0.30522277773826234,-0.5941889685841096,0.9727858652459239,-0.599180696876183,-1.0202257431933943,0.49656492643628314,0,247.0
16409,-0.5631316435948559,-0.08364389441418492,-0.09038618088184322,-0.05700220859578542,0.7832996058706807,-0.08364389441418492,1.6947960540231983,0.03216814854820312,-0.293792740818737,-0.07664568399623117,-0.5284558930143208,-0.009128765370280185,0,989.61
17040,-0.7326426215453997,-0.4242629202453546,-0.18958629782015318,0.13551247290756865,-0.507363422274478,-0.4242629202453546,-0.30522277773826234,-0.12009546003644749,-0.5264767055305365,0.261137510422632,-0.8252391599578035,-0.5356147753520123,0,0.0
15347,2.2533584515834097,-0.4242629202453546,-0.23176045486199895,-0.3182460090260701,-0.6491945242684515,-0.4242629202453546,-0.8315435229386468,-0.2965828245322925,3.321177670443253,-0.3765525802538498,-0.7699303510502733,-0.10370972259873128,0,0.0
15679,-0.5109744196100733,-0.25395340732976973,-0.22179013264350592,-0.44894410560365905,-0.46481409167628596,-0.25395340732976973,-0.5157510758184162,-0.057805801979090424,-0.44441726392078656,1.6908661294463154,0.9872639413591404,-0.11302159888062545,0,521.02
13723,0.3105018581502541,-0.4242629202453546,-0.23205789884226424,-0.3214462562488318,-0.6350114140690541,-0.4242629202453546,-0.7789114484186084,-0.5976495051428518,-0.32345687745090873,-2.4298585101315684,2.1739604536376507,-1.5486408798279772,0,0.0
17685,0.949427851963842,0.25697513141698475,-0.008912025487458166,-0.13364843436637872,-0.16696877748894162,0.25697513141698475,-0.5157510758184162,-0.1318612843361705,-0.5993218819208674,-0.9946456283542803,0.7075664875674957,2.39688612003788,0,1643.11
12578,1.7839434357203654,-0.4242629202453546,0.007394703350629463,2.2548624808362834,0.2727076386923762,-0.4242629202453546,2.589541320863852,1.8420287687703,1.3191650856322532,0.2016359721386689,-0.5646248989749576,-0.21465604917403208,0,1185.85
13728,-1.12382180143127,0.25697513141698475,-0.13055811501653164,-0.39541037006130086,-0.3087998794829151,0.25697513141698475,-0.5683831503384545,-0.5014465888098225,0.3473914285893741,-2.4255255821410495,2.3125353806522755,-1.0474047393001198,0,219.12
15701,-1.0847038834426828,-0.4242629202453546,-0.12089033581796563,0.8746232843496302,0.9676800384628462,-0.4242629202453546,5.431673344945928,0.8869206785574917,0.08423839223086461,-0.6906164292764279,-0.19686329812409611,0.12477632241581947,0,675.1
16339,1.1841353598953641,-0.4242629202453546,-0.25004051204916095,-0.5149240597735123,-0.4789972018756833,-0.4242629202453546,-0.14732655417814702,-0.673781309435177,-0.5950648221311026,-2.8294507886938587,3.5059205831036206,-1.579142402486437,0,0.0
13591,0.14099088019971037,-0.25395340732976973,-0.13409174950208347,0.02283633997587498,-0.20951810808713367,-0.25395340732976973,-0.09469447965810857,-0.29139201969417944,0.7551532790440203,-0.20420931231821735,-0.29374431062293277,0.3902597483427282,0,340.9
15182,-0.5109744196100733,-0.25395340732976973,-0.160161439612422,-0.11740763688903756,-0.37971543047990186,-0.25395340732976973,-0.3315388149982816,-0.3086947024878897,-0.9167322570489989,0.6331639972000058,-0.6016124389031104,-0.24548705868810175,0,0.0
15683,-0.9934287414693131,-0.4242629202453546,-0.23309470357347473,-0.3326014037110298,-0.5782789732714647,-0.4242629202453546,-0.5683831503384545,-0.29312228797355044,0.8032681049860081,3.414430172367096,1.424319847593247,0.17071458459882133,0,0.0
15507,-0.28930621767474685,-0.4242629202453546,-0.18514503427482035,0.18329673572514804,-0.13860255709014693,-0.4242629202453546,1.2737394578628911,-0.19276672777003073,0.5094128468632803,-0.5371164729511249,1.1590175311190947,-0.5209117766200079,0,0.0
14866,-1.1499004134236612,0.08666561850139992,-0.06820025931382592,-0.15480481157788173,-0.3655323202805045,0.08666561850139992,-0.7394373925285795,-0.26889853206235603,-0.7850008169422057,3.126456703084648,0.5902084600144383,-0.4922326682044921,0,13226.0
15442,0.71472034403232,-0.4242629202453546,-0.16506501608708146,0.3993408539520455,-0.6917438548666435,-0.4242629202453546,-0.9894397464987621,-0.3311881901197131,0.16542777858073732,-0.07240751852758019,0.26081950654345953,0.1993084579946951,0,0.0
14647,0.10187296221112337,-0.4242629202453546,-0.22590675733037774,-0.2552651436821193,-0.37971543047990186,-0.4242629202453546,0.3789941910222374,-0.43154375032323283,-1.4317074800158534,0.14015649367263494,-1.9247869326924099,-1.2269431454739508,0,0.0
13421,1.2623711958725383,-0.4242629202453546,-0.12579561197251232,0.8218466358645424,0.1876089774959921,-0.4242629202453546,2.2737488737436213,0.966513019408559,0.3259545996720489,0.9590695382860289,1.5667294591370173,0.5543566731819658,0,1008.67
13038,-0.13283454572039874,-0.25395340732976973,-0.16544574438182105,-0.14583497579065535,-0.4080816508786965,-0.25395340732976973,-0.5157510758184162,-0.26197745894487195,0.4396135014591351,-0.7661687638543787,-1.461713934394608,-0.9228221196234782,0,316.70000000000005
14842,-0.028520097750833362,-0.25395340732976973,0.020961548210501807,0.8569579196799855,0.3719894100881576,-0.25395340732976973,0.9579470107426603,0.34880724367310156,1.2000285282772585,-0.5338070890486368,0.20284595223562915,0.34910639355741613,1,1136.21
14813,2.2924763695719967,-0.25395340732976973,-0.240041295272585,-0.5471276903979889,-0.3655323202805045,-0.25395340732976973,-0.3315388149982816,-0.6322548707302723,-0.38952077219434456,-0.25906217497669887,-0.05590493943421009,-0.4411262913733804,0,0.0
17928,0.675602426043733,-0.4242629202453546,-0.2527243065910976,-0.5437994332863167,-0.4789972018756833,-0.4242629202453546,-0.19995862869818545,-0.5872678954666255,-0.7627139958855065,0.8316452080470712,-0.9452767235207992,-0.7600040105424261,0,134.28
17048,-0.9934287414693131,-0.08364389441418492,-0.10874612302370504,-0.12284805716773255,-0.13860255709014693,-0.08364389441418492,-0.34031082741828794,-0.186999166838794,-1.0866717643965569,0.6080133916307308,-0.45298145317009586,-0.022776521892843973,0,0.0
15808,1.471000091811669,0.08666561850139992,0.35457301679618036,0.982366464776524,1.2938915730489853,0.08666561850139992,1.4711097373130353,0.38254747512083664,0.522271175414242,-0.8284142833492563,-0.228324452805902,-0.6062937194596415,1,0.0
13194,-0.7587212335377911,-0.4242629202453546,-0.255708944473074,-0.5759116282758573,-0.6775607446672461,-0.4242629202453546,-0.9368076719787237,-0.6564786266414667,-2.6105839466923513,-0.5953727204998268,-0.830013481242372,3.0805915027253494,0,0.0
12924,0.06275504422253635,-0.08364389441418492,-0.15465107741802134,-0.28748096572458737,-0.5782789732714647,-0.08364389441418492,-0.8315435229386468,-0.4177016040882646,1.394977270080061,-1.2524545167463301,-1.5514751359528223,2.184331241741544,0,278.43
16866,-0.6935247035568127,-0.08364389441418492,-0.23071685141123952,-0.5602822304107885,-0.5782789732714647,-0.08364389441418492,-0.901719622298698,-0.6772418459939191,-0.3661259426558715,-3.4170173625955025,4.441937182626479,-1.7355736848555536,0,0.0
17007,-0.5109744196100733,0.25697513141698475,-0.1682196219577809,-0.4764516020178202,-0.2520674386853257,0.25697513141698475,-0.7473322037065853,-0.5069834473038097,0.3989032758578681,-0.02020238526189668,-0.24988401951602987,0.33300507757470094,0,314.49
13718,0.6886417320399286,-0.25395340732976973,-0.2139223144455168,-0.4066185501917618,-0.592462083470862,-0.25395340732976973,-0.7789114484186084,-0.4471161648375721,-0.008594878948812485,-0.6142918600917792,0.8884576390192155,-0.16588714467183632,0,0.0
17829,1.3666856438421036,-0.4242629202453546,-0.1148836670964937,0.9392499911224299,-0.29461676928351777,-0.4242629202453546,0.48425834006231433,0.9699735559673012,-1.5028243653362445,0.010378105895649192,-1.3559587258135417,-0.7589146954714471,0,0.0
12844,-0.8239177635187694,-0.4242629202453546,-0.2363019995206783,-0.3671092123358949,-0.3371660998817098,-0.4242629202453546,0.3789941910222374,-0.47999126214562166,-0.38470445585154334,0.2489034857090536,0.5730985784777701,-0.5494312304790017,0,151.08
17191,-0.028520097750833362,0.25697513141698475,-0.06619463704689416,-0.25691098511096816,0.8542151568676675,0.25697513141698475,0.4316262655422759,-0.30419600496152505,-0.5406160908038553,0.10281202272244766,-0.07272926433269349,0.06021646171773553,0,917.98
15944,1.0798209119257989,-0.4242629202453546,-0.21076940825470458,-0.09239999073402803,-0.6350114140690541,-0.4242629202453546,-0.7789114484186084,-0.5734257492316572,0.9022709263631641,8.778251237389477e-05,-0.05839023014918063,0.1818870275217945,0,0.0
13506,1.6013931517736257,-0.25395340732976973,-0.18809227919927773,-0.26766381577944753,-0.35134921008110714,-0.25395340732976973,-0.41048692677833926,-0.18584565465254663,0.22934001315462657,-0.42371280167058817,0.3795951947332451,-0.5350080252886479,0,0.0
14418,-1.1107824954350742,-0.4242629202453546,-0.2404560171650692,-0.4118029506926358,-0.4789972018756833,-0.4242629202453546,-0.09469447965810857,-0.23429316647493545,1.617346072140938,-0.00591743547626016,-0.1616727973455867,1.2794190974506865,0,1786.81
14523,-1.1107824954350742,-0.4242629202453546,-0.22504841898732644,-0.24603014455357824,-0.54991275287267,-0.4242629202453546,-0.4631190012983777,0.12214209907549667,-2.0504695603079943,-0.604514494598088,0.09474312357315075,1.3669255713448005,0,0.0
15864,-0.21107038169757278,-0.25395340732976973,-0.1956150623801591,-0.30813322780214303,-0.6208283038696568,-0.25395340732976973,-0.9104916347187044,-0.39001731161832814,0.5786436139126853,-1.4803025345393508,-0.9138700593004893,4.147630773671638,0,1522.0600000000002
17768,-0.3545027476557252,-0.4242629202453546,-0.20044725229955487,0.018657731459297475,-0.4080816508786965,-0.4242629202453546,0.06320174390200677,-0.3208065804434869,-0.5845775594880164,-1.198143215721346,1.8737942924311082,-0.3621317540521006,0,1696.0700000000002
17779,-0.6544067855682256,-0.4242629202453546,-0.21111104391203786,-0.09607570325845731,-0.23788432848592836,-0.4242629202453546,0.6947866381424681,0.1117604893992705,-0.6472067489442518,0.16738872538371846,-0.25117553128609643,-0.731869981030911,0,327.23
16241,-1.0325466594579003,0.7679036701637393,-0.010764676564539222,-0.343614825939077,2.783118143985707,0.7679036701637393,1.740849119228232,-0.38396137264052954,-0.18044355555789013,0.32341971726057156,-0.14660311678100027,-0.16176863911948128,0,1088.49
12476,-0.6935247035568127,0.4272846443325696,0.2764557291790752,0.2858600874329147,0.5705529528797205,0.4272846443325696,-0.06837844239808935,-0.0935646797527585,0.6820858837873042,0.8858276937274848,0.7263452910098216,-0.10914406124592482,1,3624.75
18145,0.14099088019971037,-0.25395340732976973,-0.09201617389369708,0.2491852542600652,0.13087653669840268,-0.25395340732976973,0.6684706008824489,0.7467689479284384,0.8923997389030489,0.031592424081138694,-0.1790382602032698,-0.32277182205721744,0,1837.77
14004,-1.1107824954350742,0.08666561850139992,0.2374633728861246,0.6673661306400872,0.21597519789478678,0.08666561850139992,0.3132040978721894,0.665446338798,0.3636675362390843,-0.08917816762304863,0.2623408811200284,-0.33937674684996944,1,1620.38
14038,-0.64136747957203,-0.25395340732976973,-0.08136937908008639,0.30646053598400663,-0.02513767549496814,-0.25395340732976973,0.6158385263624104,0.4664654866703316,-0.38299748647239584,0.06729782271832334,-0.7135686161019191,-0.3784960368026839,0,473.96
13817,2.0577688616404743,-0.4242629202453546,-0.2441511212399079,-0.4515591647628301,-0.592462083470862,-0.4242629202453546,-0.621015224858493,-0.5284387739680105,1.58465804656008,2.2055771094284524,0.957756901421999,0.3562743047261349,0,254.28
16746,-0.9673501294769218,1.2788322089104938,0.4301815768997335,-0.005950091601128106,1.5917368872363296,1.2788322089104938,0.3407163186440279,-0.04270527881367039,0.09291672305657553,-0.3159504903976315,-0.17885505620783004,0.1674541778597262,1,2276.58
17043,-0.19803107570137712,-0.25395340732976973,-0.21079150409323855,-0.38977610623654146,-0.3371660998817098,-0.25395340732976973,-0.38417088951832,-0.12874680143330264,0.9345047123320763,0.4255480146102037,0.009580821732468483,0.9303108014742278,0,1410.21
15796,-1.0977431894388785,0.25697513141698475,0.0012945522353598536,-0.11168559485473967,0.11669342649900534,0.25697513141698475,-0.2104850436021931,-0.3810199165655988,1.447242980591349,-0.7562394662496452,-0.5879165802317977,-0.25209827174814664,0,1135.84
15089,-1.1107824954350742,-0.25395340732976973,0.019049408337367707,0.84667141074968,0.7265671650730913,-0.25395340732976973,1.5895319049831216,1.130888505948807,0.6017302311479729,0.14089087464086827,-0.23636583799604471,0.41869131411321714,1,743.61
12829,1.8621792716975394,-0.25395340732976973,-0.21622538069271385,-0.4190080787255965,-0.592462083470862,-0.25395340732976973,-0.8052274856786276,-0.09587170412525307,-0.36909436510211735,0.5952677442430675,2.116900099563533,-0.778425127153028,0,0.0
16109,0.3235411641464498,-0.25395340732976973,-0.16202598844871366,-0.12743812604152222,-0.46481409167628596,-0.25395340732976973,-0.621015224858493,0.31247160980630995,-0.10036820509577904,0.9662238367594405,-0.32259591957988726,-0.09081857645521339,0,0.0
17152,0.010597820237753656,-0.08364389441418492,0.021134915558999295,0.3429555457414817,-0.592462083470862,-0.08364389441418492,-0.8490875477786596,-0.15008677687887864,-0.2066089034110432,0.008394260276918652,0.13080525607628649,0.042932840652764426,1,0.0
13395,-0.1067559337280074,-0.4242629202453546,-0.21372345189871084,-0.12418301743779879,-0.4222647610780939,-0.4242629202453546,0.010569669381968322,0.4162877065685717,-1.2291770530800221,0.5007872674317339,0.3545937415480478,-0.4682754564102493,0,0.0
16351,1.8100220477127567,-0.4242629202453546,-0.2398679279240875,-0.40547560475506117,-0.6066451936702594,-0.4242629202453546,-0.6736472993785315,-0.4350042868819749,0.44234437999009035,-0.2228558622076515,-0.4653879707727364,-0.06284874573076366,0,0.0
13959,1.1319781359105816,-0.25395340732976973,-0.20867200327386234,-0.37837408256001615,-0.28043365908412043,-0.25395340732976973,-0.19995862869818545,-0.40385945785329636,1.5706492709532827,-1.148449565093757,-0.5252524829867363,-0.45383394727638954,0,256.6
15041,-0.3023455236709425,-0.4242629202453546,-0.235443661177627,-0.35787421320735385,0.21597519789478678,-0.4242629202453546,2.379013022783698,-0.39001731161832814,0.07723988941667681,1.6509352067333207,0.7427526569218054,0.34799174517032655,0,0.0
15889,-0.4848958076176819,-0.25395340732976973,-0.1946275483656783,-0.30282081741235856,0.40035563048695233,-0.25395340732976973,1.1421592715627948,-0.39001731161832814,-0.10245441792199927,-0.4023271657750213,0.4135754696441232,-0.01510648842482225,0,0.0
14277,0.24530532816927578,-0.4242629202453546,0.010856951280917591,2.2921133585092295,0.2868907488917735,-0.4242629202453546,2.8000696189440055,2.2123061805557005,0.14988822097634424,-0.5673138621274996,-0.14654199126882902,0.5851469883562652,0,2558.97
14258,-0.5500923375986603,0.5975941572481545,1.3293479305222007,1.765211593520176,0.017411655103223903,0.5975941572481545,-0.4405623979326469,1.932991444028663,-0.3676958338955269,-1.063659601720142,0.9786369102774455,-0.35402454154563257,1,3283.66
16483,-0.01548079175463769,-0.4242629202453546,-0.24234096216000764,-0.43208337452145157,-0.45063098147688857,-0.4242629202453546,-0.09469447965810857,-0.5941889685841096,-0.5209494993587904,0.006928873895886561,-0.569867694042535,-0.3587835609714907,0,0.0
15129,-1.1368611074274655,1.108522695994909,0.2093285717128012,-0.17547292249882637,-0.03932078569436549,1.108522695994909,-0.7052265440905545,-0.18549960099667243,1.5617880169063283,0.22136744301882108,-0.6537701255911785,0.03210720986762072,1,650.67
13782,-0.9021535994959434,-0.08364389441418492,-0.1836272201355237,-0.3914006126839053,0.11669342649900534,-0.08364389441418492,-0.04206240513807012,-0.5342063348992473,-0.37023400717820826,-0.354160261214094,-0.07573074829191888,-0.0726164720676917,0,424.07
17227,-0.27626691167855116,-0.08364389441418492,-0.18550366673102597,-0.3981302754151986,-0.4789972018756833,-0.08364389441418492,-0.7087353490585572,-0.4050129700395437,1.2173021226636351,-0.4707019232786958,-1.4243856953595435,-0.31473145670373875,0,465.5700000000001
14105,0.5843272840703633,-0.4242629202453546,-0.050807435027798144,1.628656391413255,0.32944007948996556,-0.4242629202453546,2.8000696189440055,2.021976669824887,0.2747036455886976,-0.2771726788387319,0.09630976735921162,-0.48012379851938486,0,0.0
17302,-0.9282322114883348,-0.08364389441418492,-0.15357348036951732,-0.28361628622129037,-0.03932078569436549,-0.08364389441418492,-0.14732655417814702,-0.3484908729134234,-0.844279661650548,-0.15822035456895556,0.7349733924073302,-0.5532238217974385,0,474.02
12372,0.24530532816927578,-0.25395340732976973,-0.11051888914608626,0.1496484220686818,-0.26625054888472305,-0.25395340732976973,-0.06837844239808935,0.27786624421888934,0.9589181410637311,0.8677532369596543,0.3774837793552378,0.22435765179933356,0,383.12
13186,-0.8499963755111608,-0.4242629202453546,-0.0980398394140413,1.1204754195656799,0.003228544903826554,-0.4242629202453546,1.5895319049831216,0.49934058397838116,-0.9591282733018288,-0.5997833693332507,-0.4215530859828416,-0.9638448717984125,0,587.5500000000001
14323,-1.0325466594579003,-0.25395340732976973,-0.16318517013180472,-0.13367403634416072,-0.26625054888472305,-0.25395340732976973,-0.14732655417814702,-0.14085867938889984,1.3973294600749377,-0.03171475815127694,-1.0190066200276322,-0.17298338856069898,0,0.0
15070,2.3315942875605837,-0.4242629202453546,-0.2479754009861761,-0.4927052004840523,-0.7059269650660409,-0.4242629202453546,-1.0420718210188007,-0.6218732610540462,1.6297334238537369,5.914462020569954,3.210714113127475,0.6852647592881681,0,0.0
15901,-0.5109744196100733,-0.4242629202453546,-0.2472462383145543,-0.48486002300653924,-0.37971543047990186,-0.4242629202453546,0.16846589294208367,-0.023200436391669826,1.1595048634737215,2.2145383943252863,0.4616104857140687,0.027759516601954547,0,241.24
17752,2.16208330961004,-0.4242629202453546,-0.25231978277793676,-0.5394470970633608,-0.7059269650660409,-0.4242629202453546,-1.0420718210188007,-0.08202955789028483,0.16542777858073732,-0.07240751852758019,0.26081950654345953,0.1993084579946951,0,0.0
17809,-0.8369570695149651,0.7679036701637393,0.21952325167640863,-0.033901757392817075,-0.2520674386853257,0.7679036701637393,-0.8644385695136708,-0.4250552442755915,0.9545871330769962,-1.848310401013157,0.823432944900196,0.3154778620970378,1,2555.2
17572,0.5843272840703633,-0.25395340732976973,-0.24015687350491666,-0.547749452715554,-0.6208283038696568,-0.25395340732976973,-0.8841755974586852,-0.6495575535239826,1.810922240403996,-1.666111329779663,-0.6324052055401665,-0.7913542394844731,0,74.55
16771,1.0667816059296031,-0.08364389441418492,0.014718623984704866,0.31994424428257606,1.4640888954417535,-0.08364389441418492,1.975500451463404,0.46473521839096055,-0.764126515331251,0.12981106638493797,0.2149967602468284,-0.3209801839990505,1,590.86
15860,-0.9021535994959434,0.25697513141698475,-0.15481934572685713,-0.4476164601843876,0.15924275709719737,0.25697513141698475,-0.26311711812223154,-0.5575072810614439,-0.05715224959181588,0.10513305129370835,-0.4601453787365833,-0.28468707054414666,0,310.88
15561,-0.5761709495910516,-0.08364389441418492,-0.18959649589947655,-0.41280874267693235,-0.4931803120750806,-0.08364389441418492,-0.813999498098634,-0.6368689194752617,-1.46290546315212,0.3574742851770324,-0.7448841397711353,-0.7093090309638317,0,350.92
15729,0.24530532816927578,-0.4242629202453546,-0.2515787223471044,-0.5314739096969372,-0.6491945242684515,-0.4242629202453546,-0.8315435229386468,-0.6495575535239826,-1.1459956898349675,0.1618967049682545,-0.5850693515849409,-0.5266574582000644,0,0.0
16316,-0.47185650162148624,0.5975941572481545,0.11008086373764878,-0.10882966810867997,0.7407502752724887,0.5975941572481545,-0.23003409985249323,-0.16063317401028307,1.707015754526314,-0.18881415200153334,-0.806904042637752,0.053855406468533276,1,726.1
15270,-0.9934287414693131,0.25697513141698475,0.04846406846577549,-0.010184725224929926,-0.4222647610780939,0.25697513141698475,-0.7262793738985699,-0.04257944112062534,-0.6782148639514137,-1.4201524629289346,2.166909291167934,-0.036882327492127415,1,529.2
14117,-0.6544067855682256,-0.4242629202453546,-0.25072888240348923,-0.5223303462033323,-0.6775607446672461,-0.4242629202453546,-0.9368076719787237,-0.497293944939332,0.16522415240676402,-1.488242498155765,-0.7267769902309141,4.6216969088663715,0,0.0
17114,-0.719603315549204,0.4272846443325696,-0.1637154702566206,-0.503451935443536,0.21597519789478678,0.4272846443325696,-0.32276680257827517,-0.6564786266414667,-0.3597990182277191,-0.9223082681725779,1.233652238326085,-0.7305031254455946,0,199.18
12957,-0.09371662773181173,0.08666561850139992,0.025518389988166267,0.09727866215905956,0.6556516140761046,0.08666561850139992,0.326362116502199,0.3332348291587623,-0.024176780437533265,0.26139018762204047,-0.7870631999838829,-0.30219854499621,1,2302.25
17409,-0.11979523972420307,-0.25395340732976973,-0.13483620929269033,0.01883145916567602,-0.5357296426732727,-0.25395340732976973,-0.7525954111585892,-0.5647744078348022,1.627691213860347,-1.0220647391945024,-0.21004895465432255,-0.2898991039903305,0,0.0
16121,0.2844232461578628,-0.4242629202453546,-0.21742535469309845,-0.16401238001594196,0.13087653669840268,-0.4242629202453546,2.6421733953838906,-0.26543799550361397,0.28493883682645044,-0.29534089723714635,-0.5555761933003635,0.17554185774649916,0,568.72
14944,-0.64136747957203,0.4272846443325696,0.16020782297184516,0.0774051269057092,0.17342586729659473,0.4272846443325696,-0.2525907032182239,0.051201099621284454,-1.8387820360268086,-0.3802223592422142,0.0767120895947938,-0.1879070491882819,1,3392.52
17155,-0.21107038169757278,-0.4242629202453546,-0.24166958860455165,-0.4248599593615036,-0.592462083470862,-0.4242629202453546,-0.621015224858493,-0.2135299471224831,-1.263849643934707,0.12681809638496683,-1.1641123281244508,-0.8228624314097837,0,108.4
15053,-0.4848958076176819,-0.25395340732976973,-0.18467932198571926,-0.2493035402842888,-0.3229829896823125,-0.25395340732976973,-0.04206240513807012,0.14290531842794904,0.6108980154806769,1.8682091616106273,1.1219827541382412,0.1523665070080149,0,215.35
17975,-1.0325466594579003,1.2788322089104938,0.4054240396623368,-0.03016557266437328,1.691018658632111,1.2788322089104938,0.10147961628021651,-0.31734604388474486,-0.30115017641062525,0.04042230635142684,0.25016099926929847,-0.1394052486351912,1,532.81
12929,1.5361966217926475,-0.4242629202453546,-0.2459952739175528,-0.47140069754395275,-0.6066451936702594,-0.4242629202453546,-0.6736472993785315,-0.618412724495304,0.30811736508173554,-0.2033896307832676,-0.592428268704837,-0.15573096388518992,0,0.0
14078,-1.202057637408444,0.4272846443325696,-0.08766669306227473,-0.36708178164541405,-0.06768700609316018,0.4272846443325696,-0.5245230882384225,-0.5676581883004206,2.920140719575134,-0.6348019838168469,-1.6939259449891606,-0.06068530992866615,0,0.0
15831,-0.9021535994959434,-0.25395340732976973,-0.18935174199571536,-0.2744391963282088,-0.4080816508786965,-0.25395340732976973,-0.48943503855839693,0.4422417307591372,-1.509088488294464,-0.48089981720920244,-0.2075208401630343,-1.1671187941001822,0,343.53
13649,0.8190347920018853,-0.25395340732976973,-0.2071150964971594,-0.369998578399874,-0.3938985406792992,-0.25395340732976973,-0.48943503855839693,-0.5059452863361871,-0.8263944135841454,-0.30959422682336635,-0.18374577902110653,1.0193526410706468,0,0.0
16638,-1.1368611074274655,0.7679036701637393,-0.02302106823135699,-0.3600983850271733,0.38617252028755494,0.7679036701637393,-0.5749621596534594,-0.30955983662757525,-0.5586712115552196,0.08316436273206974,-0.4408859577639083,-0.3078798459369186,0,251.01
14790,-0.9673501294769218,-0.25395340732976973,-0.20415085477382974,-0.354052203667027,-0.4080816508786965,-0.25395340732976973,-0.35785485225830077,-0.08202955789028483,-0.5505513565083366,0.22717092043412646,0.3409647915953501,2.223774035038654,0,381.02
12528,-1.0325466594579003,0.08666561850139992,-0.04721431174619328,-0.09835702235011175,-0.06768700609316018,0.08666561850139992,-0.2394326845882143,-0.31129010490694625,0.2940332827223696,0.9330022812440713,0.038333885028050727,-0.4101595495610203,0,646.11
17754,-0.6674460915644214,-0.25395340732976973,-0.16828420979349568,-0.16110472682497565,-0.18115188768833898,-0.25395340732976973,-0.0157463678780509,0.7138938506203888,2.0190348800903744,0.9557585366830148,-0.05967894194369821,0.12387293865007397,0,1089.59
14517,-0.680485397560617,-0.4242629202453546,-0.22311758263543277,-0.22525596829610786,-0.5215465324738753,-0.4242629202453546,-0.35785485225830077,-0.4938334083805899,-0.40698616991613507,-1.3533699968530848,0.9169516472537461,0.09148072183619395,0,78.0
14351,-0.3805813596481165,-0.4242629202453546,-0.25735763396368744,-0.5936501414534509,-0.7059269650660409,-0.4242629202453546,-1.0420718210188007,-0.7049261384638555,-3.550272048597093,0.5914544480439515,-2.1358655914870086,-1.8575949712237902,0,0.0
15777,0.6234452020589503,0.08666561850139992,-0.08805082071678877,-0.20819865059878787,-0.46481409167628596,0.08666561850139992,-0.8183855043086372,-0.4194318723676356,1.5123476060545957,-1.1721377258510202,-0.5828396228857609,0.7639380382487149,0,0.0
14481,-0.3805813596481165,-0.25395340732976973,-0.15783967688646539,-0.10491752915677324,-0.3655323202805045,-0.25395340732976973,-0.30522277773826234,0.09964861144367329,-0.22410391677163452,1.6074772462286726,1.493906895535394,0.4824214505838877,0,0.0
14453,-0.04155940374702904,-0.4242629202453546,-0.24564174050100887,-0.4675969751306131,-0.4080816508786965,-0.4242629202453546,0.06320174390200677,-0.5768862857903994,-1.5161632846535016,-0.21591763809317396,-0.006134684685160996,1.3168710731258402,0,0.0
12477,0.5973665900665589,-0.25395340732976973,0.5119123839570904,3.4980670912442786,0.6556516140761046,-0.25395340732976973,1.773744165803256,1.6188241607314373,1.1863027716857864,-1.2176190094231156,-0.19841363325109407,-0.6553937839682502,1,4385.71
16403,1.549235927788843,-0.4242629202453546,-0.23585668339022398,-0.3623179850652459,-0.5782789732714647,-0.4242629202453546,-0.5683831503384545,-0.35195140947216547,-0.400049669738272,0.3277830188865782,-0.5863501471059578,-0.40820152325964526,0,0.0
13510,-0.13283454572039874,-0.4242629202453546,-0.16654033822919737,0.3834676277271472,-0.18115188768833898,-0.4242629202453546,0.9053149362226219,0.7104333140616468,0.8327623940507184,0.6745673119011321,0.9468217183058106,-0.014530428254057759,0,1206.24
14132,-1.0455859654540958,0.25697513141698475,-0.002157497615604902,-0.11911382583694423,-0.03932078569436549,0.25697513141698475,-0.17890579889017016,0.23633980551398465,0.469958045379528,1.9795573031419023,1.4480135103737544,0.15670227919644833,0,2033.57
12560,-1.0586252714502915,-0.25395340732976973,-0.021899279505784998,0.6263846790617497,0.3719894100881576,-0.25395340732976973,0.9316309734826411,0.6723674119154841,1.4573930709899976,0.1721341787878361,0.38202681803675165,-0.2363169291407748,0,697.7
17035,0.675602426043733,-0.25395340732976973,-0.19233977923746629,-0.2905135809499663,-0.3371660998817098,-0.25395340732976973,-0.35785485225830077,-0.35022114119279446,0.7516100141433792,-1.1346771048532889,-0.1295391506151611,-0.23459873834657433,0,0.0
15199,0.5452093660817763,-0.25395340732976973,-0.15433153759922202,-0.08604521410597267,-0.6775607446672461,-0.25395340732976973,-0.9368076719787237,-0.3536816777515365,0.16542777858073732,-0.07240751852758019,0.26081950654345953,0.1993084579946951,0,611.55
13917,-0.028520097750833362,-0.4242629202453546,-0.2549134942858502,-0.567353252845843,-0.6491945242684515,-0.4242629202453546,-0.8315435229386468,-0.614952187936562,-0.4153844123620416,0.10665607725113131,-1.321813875483375,-0.7202981120724888,0,206.66
16567,0.010597820237753656,-0.25395340732976973,-0.11890171034990615,0.10455236691822233,-0.23788432848592836,-0.25395340732976973,-0.17364259143816624,0.9768946290847853,-0.34113139222927297,-0.002203241283312875,-0.33428796940730054,-0.5123958445966538,0,0.0
12853,-0.7717605395339867,0.4272846443325696,0.06661834934128245,-0.09041888531041367,0.21597519789478678,0.4272846443325696,-0.41048692677833926,-0.28504770266981894,0.1395509522713882,-0.0800519135085492,1.057390783696148,-0.6570349536640006,1,0.0
13001,-0.45881719562529055,1.2788322089104938,1.1927361595860644,0.7399086696992141,1.4640888954417535,1.2788322089104938,0.33593158459675154,0.7837337702604559,-1.3199265378882337,0.24650776899735544,-0.6250745212022701,0.45155949624645597,1,1203.4
12593,-1.1107824954350742,-0.08364389441418492,-0.19496238530346266,-0.4320528959764729,-0.5215465324738753,-0.08364389441418492,-0.7262793738985699,-0.5088290668018055,-1.0790668381464559,0.5156624637085856,-0.2509064631597786,0.2294914551819138,0,0.0
14651,0.2322660221730801,-0.4242629202453546,-0.19540940111380423,0.07286077584938763,0.11669342649900534,-0.4242629202453546,2.0105885011434292,-0.10625331380147926,-0.43450802822370066,0.36523028097656896,-0.5658540492439565,-0.4220679110060863,0,238.28
17157,-0.22410968769376846,-0.4242629202453546,-0.2385829699293414,-0.3916505367527305,-0.6066451936702594,-0.4242629202453546,-0.6736472993785315,-0.3934778481770702,0.4223760811297397,-0.44485475438739164,1.8142904891478804,-0.30680267306278464,0,157.54000000000002
16191,0.8972706279790594,0.7679036701637393,0.17855586735449636,-0.08899858511440707,-0.3655323202805045,0.7679036701637393,-0.7854904577336131,-0.04915446058223527,-0.18400237115900767,-1.0398155909426734,-0.4107320009406763,-0.7535499001449734,1,2564.84
13075,-0.8369570695149651,-0.4242629202453546,-0.10972173927897524,0.9947879957825864,-0.4080816508786965,-0.4242629202453546,0.06320174390200677,0.9319076538211385,0.1236762969691203,1.1989928860254886,-0.22395456939151007,-0.008352844098427,0,0.0
13187,1.8621792716975394,-0.4242629202453546,-0.2259101566901522,-0.25530171793609363,-0.1953349978877363,-0.4242629202453546,0.8526828617025835,-0.4177016040882646,-0.921774576098616,-0.03460514208210829,-0.552903065514761,-0.5786163792388589,0,0.0
14466,-1.0195073534617045,0.25697513141698475,0.0025999063887527448,-0.10887669214950411,-0.3229829896823125,0.25697513141698475,-0.58943598014647,-0.33326451205495833,1.9934241937112462,-0.38743197713424343,-1.449678201568257,-0.011459368427677034,0,691.95
18041,-1.1759790254160525,2.130379773488418,0.24355672528184527,-0.34424687476557236,2.49945593999776,2.130379773488418,0.036885706641987544,-0.15902649632229565,0.7539318692256419,1.1676364788096383,0.5106723456116317,-0.1740178137636133,1,1099.26
15749,0.5452093660817763,-0.08364389441418492,7.30337939879953,26.459898823795143,-0.6491945242684515,-0.08364389441418492,-0.9192636471387109,20.04906511649852,-0.9798895363389184,-1.5316271838048634,1.4346776210427834,0.659680314359537,1,0.0
14467,1.549235927788843,-0.4242629202453546,-0.2436412172737388,-0.44607302666666715,-0.507363422274478,-0.4242629202453546,-0.30522277773826234,-0.618412724495304,-0.37418160408184176,-1.7847653483930308,3.154866773255387,-1.2411701584749815,0,464.56
16861,-0.45881719562529055,-0.4242629202453546,-0.2539922677869714,-0.5574416300187752,-0.6917438548666435,-0.4242629202453546,-0.9894397464987621,-0.6633996997589509,1.6297334238537369,5.914462020569954,3.210714113127475,0.6852647592881681,0,102.96
17140,0.7016810380361244,-0.4242629202453546,-0.1888401383496591,0.14354052165495376,-0.4931803120750806,-0.4242629202453546,-0.14732655417814702,0.27786624421888934,1.299267391240856,4.425190413979825,2.202662837417555,0.4390801484193558,0,0.0
17873,-0.11979523972420307,0.08666561850139992,0.0019999193885604487,0.034018918128553836,-0.3938985406792992,0.08666561850139992,-0.621015224858493,0.04514516064348585,-2.6740327843572254,0.529191068422404,-1.0791413094767404,-1.526550219478015,0,272.04
14727,1.0537422999334074,-0.4242629202453546,-0.2203759989773303,-0.19575883246573833,-0.5782789732714647,-0.4242629202453546,-0.5683831503384545,-0.5318993105267525,-1.9925879276622198,0.5045379085773306,-1.6119214510051667,-0.8808523249794075,0,0.0
14514,0.10187296221112337,-0.25395340732976973,-0.19751020545442086,-0.3183283010975125,-0.20951810808713367,-0.25395340732976973,-0.06837844239808935,-0.4471161648375721,-1.3519040452314592,0.5902317853240265,-1.1466882326980794,-0.9283604367757833,0,587.09
15059,-1.12382180143127,0.5975941572481545,-0.09459628796251268,-0.4234231136696514,1.081144920058025,0.5975941572481545,0.28124890977073747,-0.5462358191272554,-1.0900250440333612,-0.29339111768835935,-0.4327969033799248,-0.4119902642933006,0,329.12
17664,0.24530532816927578,-0.4242629202453546,-0.21058414314699644,-0.0904066938924222,-0.3938985406792992,-0.4242629202453546,0.11583381842204521,0.6689068753567421,0.589172265539425,2.7538627096679495,1.2736261996458702,0.30177192358892063,0,278.45
12798,-0.3023455236709425,-0.4242629202453546,0.007119355208898132,2.2518999662643546,-0.6350114140690541,-0.4242629202453546,-0.7789114484186084,7.060517899353326,-0.12565020629125856,0.8439731903932803,1.2038671092356503,2.407364652233808,0,5370.0
13178,-0.7847998455301823,0.7679036701637393,0.48042751372603615,0.31698706345601935,0.428721850885747,0.7679036701637393,0.25399301403714614,0.3777892373525663,0.34477969856980073,0.10150263839966232,-0.5371224317093791,-0.21878005570334993,1,1333.74
14959,-1.0977431894388785,-0.08364389441418492,-0.17469880168790283,-0.3593798533293008,-0.2520674386853257,-0.08364389441418492,-0.19995862869818545,-0.28504770266981894,-2.444328131338924,0.16017672463743848,-1.4261653900981754,-0.3759034334914397,0,158.1
14501,-0.13283454572039874,-0.25395340732976973,-0.22332834294144935,-0.4572190305653715,-0.592462083470862,-0.25395340732976973,-0.8315435229386468,-0.46787938419002445,-0.4884806061431847,-0.10112998674009775,-1.4652585279832433,-0.761545068034436,0,0.0
13552,-0.9151929054921392,0.9382131830793241,0.20358025433418825,-0.12551797770786516,0.14505964689780004,0.9382131830793241,-0.6502552662585144,-0.35272041759633044,-0.10684341342181986,-0.18896081671621423,0.426196414528369,-0.5575138909441524,1,977.16
15940,1.5361966217926475,-0.4242629202453546,-0.2599411473922775,-0.6214465744740097,-0.7059269650660409,-0.4242629202453546,-1.0420718210188007,-0.732610430933792,1.6297334238537369,5.914462020569954,3.210714113127475,0.6852647592881681,0,0.0
15903,0.4408949181122109,-0.25395340732976973,-0.15696774110431622,-0.10022688108455381,-0.45063098147688857,-0.25395340732976973,-0.41048692677833926,0.42320877968605586,0.9162297956277146,2.7784450902352766,2.284640013061574,0.2718512358977496,0,4485.12
17930,-0.41969927763670356,-0.25395340732976973,-0.1480444216963571,-0.05222317274312799,-0.45063098147688857,-0.25395340732976973,-0.5683831503384545,0.15501719638354625,-0.007255404992755994,-0.4936686503988052,3.159252204819431,-0.8926893751635745,0,1046.34
15753,1.4449214798192778,-0.4242629202453546,-0.2525645366816979,-0.542080443349519,-0.7059269650660409,-0.4242629202453546,-1.0420718210188007,-0.2481353127099037,-1.8726524078436275,-1.5273811146209704,0.19546449944973968,6.95852029256188,0,0.0
16706,-1.0325466594579003,-0.4242629202453546,-0.21647523363613672,-0.1537898760300917,0.2727076386923762,-0.4242629202453546,2.589541320863852,-0.17546404497632045,-0.6335697368229164,0.48936699741661405,-0.264981069277459,-0.08075289096387182,0,239.82
17621,1.549235927788843,-0.25395340732976973,-0.1127522685179069,0.13763377963808493,-0.507363422274478,-0.25395340732976973,-0.6999633366385507,-0.21006941056374104,0.3343342240724388,2.4259874932352803,0.48274643813446344,-0.35065660838431123,0,478.12
14211,0.1801087981882974,0.25697513141698475,-0.11137382812936311,-0.35412900960037325,-0.09605322649195489,0.25697513141698475,-0.58943598014647,-0.40247524322979955,-0.2763765782239093,-1.3822759372292357,0.5235928634066087,-0.018492467571591596,0,1331.21
12540,-1.12382180143127,1.108522695994909,1.2274606196821796,0.9199515860128271,2.0739626340158397,1.108522695994909,0.4737319251583067,0.7035122409441626,0.5424442940627936,1.3858612985787369,0.32762260185327696,0.053719067824836604,1,4613.37
14149,0.34961977613884115,-0.4242629202453546,-0.19011489826508182,0.12982517641454636,-0.3229829896823125,-0.4242629202453546,0.3789941910222374,0.00794439263700871,0.28899095907906014,-0.3575317309083238,-0.8694289856395745,-0.478350921308395,0,0.0
15227,0.2844232461578628,-0.08364389441418492,-0.11699466951643377,-0.1524305329240424,-0.20951810808713367,-0.08364389441418492,-0.34031082741828794,-0.0670338994690693,-0.5526486924453364,-0.05970252211604401,-0.4884398001287676,0.3027150691879914,0,342.58
12815,-0.602249561583443,-0.25395340732976973,-0.08527184410116719,0.28546691420268966,-0.18115188768833898,-0.25395340732976973,0.14214985568206442,-0.09068089928713999,1.9081431969878222,0.29962318527841003,-0.3266620224857293,0.17689499870533965,0,0.0
15945,2.240319145587214,-0.4242629202453546,-0.23526179542969336,-0.3559174906197224,-0.6917438548666435,-0.4242629202453546,-0.9894397464987621,-0.5665046761141732,-0.05076028551903642,-3.1034566462618414,4.842201860611897,-1.6054724717634636,0,0.0
14649,0.24530532816927578,-0.25395340732976973,-0.16708423579311107,-0.1546493709984905,-0.03932078569436549,-0.25395340732976973,0.16846589294208367,-0.14258894766827088,-1.0357278862791022,0.060681608934328383,-0.27410803628473834,1.0493691475911828,0,820.47
16950,-0.9021535994959434,-0.25395340732976973,-0.13372121928666728,0.02482963681748081,-0.35134921008110714,-0.25395340732976973,-0.38417088951832,-0.16335216702072322,-1.0815828927177422,-0.662616205746769,-0.12809721789444206,0.20113349516014956,0,400.15
14048,1.4579607858154733,-0.4242629202453546,-0.19635102377132982,0.06272970749847333,0.4570880712845417,-0.4242629202453546,3.3790224386644288,0.25018195174895286,-1.1414218013720836,1.0847636228527406,-0.02923305800987827,0.07255739107353397,0,0.0
14820,-0.2632276056823555,-0.4242629202453546,-0.24226957560474394,-0.4313153151879887,-0.6066451936702594,-0.4242629202453546,-0.6736472993785315,-0.4453858965582011,-1.2903229762663992,-0.33112787097570423,-1.394526087214374,0.7034324316809604,0,367.52
14890,0.7799168740132983,-0.4242629202453546,-0.24466952360551314,-0.45713673849392905,-0.6208283038696568,-0.4242629202453546,-0.7262793738985699,-0.5699652126729152,-1.1528111170181468,1.0240795753630723,-1.3817094314417737,-1.0904435741846736,0,0.0
15502,-0.9151929054921392,0.25697513141698475,0.7462234544911123,1.4912761786345397,1.3789902342453693,0.25697513141698475,0.7158394679504834,1.8565630223170169,-0.11604502851378724,-0.7521820556547536,0.41007729209318755,0.058208583874944694,1,4429.4
15825,-0.27626691167855116,-0.4242629202453546,-0.17544326147850972,0.2876796565681421,-0.43644787127749124,-0.4242629202453546,-0.04206240513807012,0.014865465754492829,1.8472870385884779,-0.39251130974951676,-0.217692182323358,-0.11878408118549055,0,0.0
12599,-0.8760749875035521,0.4272846443325696,-0.12035663633337532,-0.4257011672029153,-0.3655323202805045,0.4272846443325696,-0.6736472993785315,-0.3144622634191266,1.3718290000198938,2.6853883672162353,0.6969374217355696,0.08755866373058646,0,175.54000000000002
12845,0.9624671579600378,0.08666561850139992,-0.2058420362616239,-0.5250322692156926,-0.35134921008110714,0.08666561850139992,-0.7394373925285795,-0.5699652126729152,1.2218356422668484,-2.7516042180324383,2.282420079109422,-1.1045370954421034,0,0.0
16163,0.5060914480931892,-0.25395340732976973,-0.12043142224841344,0.09632315977397787,-0.6491945242684515,-0.25395340732976973,-0.9368076719787237,-0.41424106752952256,-2.44805476388324,0.39452784787371314,-1.4249180273852786,-1.2474395178448303,0,0.0
17400,-0.8760749875035521,0.25697513141698475,0.0905396440741619,0.08035484048874617,1.7619342096290977,0.25697513141698475,1.073737574686745,0.006560178013511866,0.0978746988470339,-0.11165201047897273,0.4527836132383031,-0.3409849115159954,1,0.0
16545,-0.3805813596481165,-0.4242629202453546,-0.20835586281483753,-0.06643227041219003,-0.6775607446672461,-0.4242629202453546,-0.9368076719787237,-0.47653072558687964,-0.6188455831148405,-1.343540947636235,-0.6014819791040948,4.7231325200728795,0,0.0
16497,0.12795157420351472,0.25697513141698475,-0.0024566412757574354,-0.11975753270689408,0.4429049610851444,0.25697513141698475,-0.17890579889017016,-0.20037990819926324,-0.14188728873854048,-0.44276119971374456,-0.4998979946804539,-0.3120336526632085,0,1414.99
16764,-0.8760749875035521,-0.08364389441418492,-0.17729251319581632,-0.3686819052567949,0.7265671650730913,-0.08364389441418492,1.4491797062630194,-0.45576750623442724,-0.310704928838121,-0.3033485260945344,-0.6354107802212344,-0.05256100354394534,0,2268.89
14633,0.949427851963842,-0.4242629202453546,-0.20740404207798852,-0.05619147929935246,-0.43644787127749124,-0.4242629202453546,-0.04206240513807012,-0.41424106752952256,-0.23429066532688697,-1.073020390053776,0.7777052794324818,-0.1698327375985414,0,0.0
17058,0.07579435021873202,-0.25395340732976973,-0.12671003975184222,0.06254683622860119,-0.12441944689074957,-0.25395340732976973,0.19478193020210288,0.040819489945058275,-1.0506660355692592,0.7349587964698626,-0.016739415344275414,-0.24805997448187878,0,360.23
13329,2.2533584515834097,-0.4242629202453546,-0.2143217392190159,-0.13062008613729675,-0.6208283038696568,-0.4242629202453546,-0.7262793738985699,-0.14085867938889984,2.2609367947242243,0.32058034513628086,-0.9348764514667053,-0.027683860279156706,0,484.8
16187,-1.0455859654540958,1.108522695994909,0.5160511044824961,0.15453474239966433,1.123694250656217,1.108522695994909,-0.0157463678780509,0.4235548333419301,-0.20216393782534922,0.4444651786285313,-0.3518830982379613,0.3189948708126097,1,2310.12
17449,0.5321700600855805,-0.08364389441418492,-0.04121104238449579,0.11935884406886663,0.9534969282634489,-0.08364389441418492,1.870236302423327,-0.047424192302864245,-1.2776778002530753,-0.25281378145040795,-0.5032652405391025,-0.3273170211734649,0,1196.52
17551,2.16208330961004,-0.4242629202453546,-0.21667749554271715,-0.15596604414156967,-0.16696877748894162,-0.4242629202453546,0.9579470107426603,-0.2550563858273878,-1.136928957559689,-0.03687754515174191,0.10233365642682937,0.04575479469846402,0,0.0
14621,-0.4848958076176819,-0.08364389441418492,-0.09556340581834674,-0.07556973819679924,-0.08187011629255754,-0.08364389441418492,-0.27013472805823674,-0.2735125808073455,-0.012701607632766607,0.5655170097571014,0.12718364119686384,0.22609672807678144,0,785.45
15405,-0.054598709743224706,-0.4242629202453546,-0.20669017652535182,-0.04851088596472433,-0.6066451936702594,-0.4242629202453546,-0.6736472993785315,-0.07856902133154278,-1.0755822283086853,-0.15698366732758434,-0.04902289795032642,2.031970934130429,0,0.0
15197,0.7668775680171027,-0.25395340732976973,-0.1345982541084781,0.020111558054780692,-0.507363422274478,-0.25395340732976973,-0.6999633366385507,-0.3969383847358123,0.01050845244574544,-0.3157782565358846,0.5017194829668963,1.3082745914994829,0,306.36
16709,0.07579435021873202,0.08666561850139992,0.07129076935127858,0.22039674460045003,-0.12441944689074957,0.08666561850139992,-0.43680296403835844,-0.29571769039260704,0.11589787537415978,-0.9064702184977894,0.2600556142245539,0.2353435689860349,1,1045.28
13821,-0.64136747957203,-0.25395340732976973,-0.20047954621741226,-0.33430210652084036,0.003228544903826554,-0.25395340732976973,0.4579423028022951,-0.4817215304249927,0.6864970482884933,-0.838528261225666,0.04881456379701688,-0.059607857602820016,0,0.0
15069,-0.18499176970518144,-0.4242629202453546,-0.07744141886069715,1.3420971115236762,0.2727076386923762,-0.4242629202453546,2.589541320863852,1.0530264333771107,0.0426229906133073,0.8045719235661114,0.3705327970326832,-0.17881547715346865,0,0.0
12787,-0.01548079175463769,-0.4242629202453546,-0.2391540623714508,-0.39779501142043305,-0.6066451936702594,-0.4242629202453546,-0.6736472993785315,-0.5215177008505264,1.9457913184089486,3.699919029958163,1.6962131038629953,0.47771193641948495,0,305.56
13453,-0.3675420536519209,-0.25395340732976973,-0.20535082877421432,-0.3605075594935121,-0.4931803120750806,-0.25395340732976973,-0.6473312621185122,-0.5145966277330423,-1.6459876025557407,-0.8496821025445295,0.5140354690145055,-1.320026268347698,0,0.0
14162,-0.2632276056823555,-0.25395340732976973,-0.21684406417166568,-0.42233633583726865,-0.3655323202805045,-0.25395340732976973,-0.43680296403835844,-0.500754481498074,-0.1169087287438672,0.6170093829677025,-0.01680395442735384,-0.5782262184790089,0,0.0
12821,0.2713839401616671,-0.4242629202453546,-0.25026656947416254,-0.5173562476628112,-0.6350114140690541,-0.4242629202453546,-0.7789114484186084,-0.5042150180568161,-2.869006981060174,0.46973687436280354,-1.6964388586729666,-1.480466430491324,0,0.0
14667,-1.0455859654540958,2.3006892864040025,0.6566724202726089,-0.10294628443888727,3.038414127574859,2.3006892864040025,0.09416178773732357,-0.11480287471131258,-0.2829843525460656,0.3010494591124177,-0.19125126528688371,-0.43076582637238503,1,3746.38
16716,0.949427851963842,-0.25395340732976973,-0.11285084995136624,0.13710345295545592,-0.7059269650660409,-0.25395340732976973,-1.0420718210188007,-0.5388203836442367,0.16542777858073732,-0.07240751852758019,0.26081950654345953,0.1993084579946951,0,0.0
12841,-1.1368611074274655,2.3006892864040025,0.21496810957863136,-0.38249729183895587,1.6484693280339189,2.3006892864040025,-0.18757461116405882,-0.37902501901997104,-0.8527437618064502,0.9008238258309188,-0.016563450059940647,0.33559489792537694,1,1161.67
15258,-0.32842413566333384,-0.25395340732976973,-0.16010874953591786,-0.11712418642073587,-0.26625054888472305,-0.25395340732976973,-0.19995862869818545,-0.500754481498074,1.7993384172323932,-1.085799561167668,-0.09419065830782367,-0.45760190399798856,0,0.0
16549,-0.9021535994959434,-0.25395340732976973,-0.13338978170865734,0.026612631698733815,1.1378773608556143,-0.25395340732976973,2.6421733953838906,0.141175050148578,-1.2772415737645804,0.2725251437416397,-0.8387509999882846,-0.24065028953198764,0,3254.54
16098,-0.8499963755111608,0.4272846443325696,0.025042479619741785,-0.16497245418277043,-0.28043365908412043,0.4272846443325696,-0.621015224858493,-0.4574977745137983,0.8373563996630617,-1.2422712817867996,1.1727621650359206,-0.3294876218968148,1,293.14
15186,-0.32842413566333384,-0.4242629202453546,-0.22705914029391988,-0.26766381577944753,-0.5782789732714647,-0.4242629202453546,-0.5683831503384545,-0.18584565465254663,-1.4751503934187582,0.05639927085732642,0.6950502417343613,0.09496535013647855,0,182.15
12447,0.6495238140513416,-0.4242629202453546,-0.18503795444192486,0.18444882472534227,-0.35134921008110714,-0.4242629202453546,0.27373004198216055,-0.08895063100776895,1.8107345754134139,-0.03727321368817369,-0.8275399700205459,0.005490075249388809,0,0.0
16727,2.2272798395910183,-0.4242629202453546,-0.22245980651907465,-0.21817885015205762,-0.13860255709014693,-0.4242629202453546,1.2211073833428525,-0.16854297185883632,-0.10653339021990603,1.0832848860908249,0.8327811433294652,1.7672893766429099,0,0.0
13911,-0.64136747957203,0.7679036701637393,0.1482930669623607,-0.129698872115316,0.9818631486622436,0.7679036701637393,-0.14732655417814702,0.20043673871703577,-0.6776351316395529,-0.3956271496359203,-0.385484864932159,0.748725036390827,1,143.28
15578,-0.4066599716405079,-0.4242629202453546,-0.24442307002186478,-0.45448510508078366,-0.5357296426732727,-0.4242629202453546,-0.41048692677833926,-0.5665046761141732,0.3260012974782918,-0.4145332590906334,-0.7438558402417798,-0.5743776090787321,0,0.0
17569,1.8100220477127567,-0.4242629202453546,-0.20753321774941808,-0.0575813009503805,-0.3087998794829151,-0.4242629202453546,0.4316262655422759,-0.1962272643287728,-1.871414477620721,0.17876128793405308,-0.9503428319373172,-0.6397598999397416,0,0.0
16053,-0.9282322114883348,-0.4242629202453546,-0.0749496881460175,1.3689060396869261,0.15924275709719737,-0.4242629202453546,2.1684847247035446,2.7244655912495253,0.9961460284697374,-0.21980318939178972,-1.2111558300071266,-0.11073525302258143,0,387.76
14995,1.1319781359105816,-0.4242629202453546,-0.2457471206540172,-0.46873077700382015,-0.1953349978877363,-0.4242629202453546,0.8526828617025835,-0.5699652126729152,-1.4407955239192252,-1.265444924622924,1.1737785551246385,-1.1486000013212625,0,112.67
12720,-0.9021535994959434,1.960070260572833,0.2973328972339251,-0.28282993976084025,1.5350044464387402,1.960070260572833,-0.3368020224502854,-0.11271298204446446,1.1924842089638026,0.6369326246692055,-0.09068194693080514,-0.11277222974721078,1,2467.23
13207,-0.5631316435948559,-0.4242629202453546,-0.2324539242559889,-0.32570715683685164,-0.6491945242684515,-0.4242629202453546,-0.8315435229386468,-0.497293944939332,0.7471952057497291,2.9998002124261354,1.840289613256276,1.1422613687983858,0,52.74
14963,-0.13283454572039874,-0.4242629202453546,-0.21602141910624623,-0.1489072131245066,-0.1953349978877363,-0.4242629202453546,0.9053149362226219,-0.16854297185883632,0.036614701934351165,0.5000237875024912,0.15374818452050057,-0.2653799933991922,0,1178.14
15260,-0.6674460915644214,0.4272846443325696,0.008577680552141727,-0.19449702070362074,0.102510316299608,0.4272846443325696,-0.5069790633984097,-0.27812662955233486,-0.9323915463950058,0.012640976311963578,-0.5458552651102819,1.3264336415651852,0,0.0
15462,-0.6544067855682256,-0.25395340732976973,-0.2371654369033913,-0.5316567809668094,-0.6208283038696568,-0.25395340732976973,-0.9104916347187044,-0.5318993105267525,2.4797767433648796,-1.1286941928963026,-1.959992288198557,0.628212138229279,0,64.8
15021,-0.4848958076176819,0.25697513141698475,-0.08242148093028195,-0.2918284253803467,2.173244405411621,0.25697513141698475,1.652690394407168,-0.3969383847358123,-1.0653229176975347,-0.38528590837648025,0.2882481142900756,-0.7057869231371646,0,791.54
14111,-1.1368611074274655,-0.25395340732976973,-0.22400991457622868,-0.4608855995263071,-0.6775607446672461,-0.25395340732976973,-1.0157557837587814,-0.42808321376449077,-2.5400122776818668,-0.20884115172183074,-1.4153541532563767,1.0765514914878287,0,445.65
13811,-0.13283454572039874,-0.08364389441418492,-0.12758707457365306,-0.19041899138547302,-0.6208283038696568,-0.08364389441418492,-0.8666315726186725,-0.6680137485039402,0.06979371845633077,-1.9448716874003684,3.5296430498885476,-1.0281614763190712,0,0.0
17601,0.5843272840703633,-0.4242629202453546,-0.24630801501680316,-0.4747655289095994,-0.592462083470862,-0.4242629202453546,-0.621015224858493,-0.39001731161832814,-0.7753973156866482,1.7005018035198496,0.0737120979865261,-0.45084456844173737,0,0.0
12988,1.2884498078649296,-0.4242629202453546,-0.18005279333267837,0.23808496817882882,0.3436231896893629,-0.4242629202453546,3.2737582896243516,-0.3104249707672608,-0.6032652092189257,-0.11231694280835577,-0.32612829926676073,-0.5554005684843336,0,0.0
15058,-0.9021535994959434,0.5975941572481545,-0.056156327632911944,-0.3643400188206888,1.1378773608556143,0.5975941572481545,0.16846589294208367,-0.4463746212892703,-0.5603906529249615,-0.11920062194196622,0.02450113438242787,-0.5216754654910728,0,867.78
18074,2.3446335935567792,-0.4242629202453546,-0.18280967410976592,0.20842324820557445,-0.5357296426732727,-0.4242629202453546,-0.41048692677833926,-0.08895063100776895,-2.148056773747796,0.4266520966548725,-1.0870896560450878,-0.5892153251340647,0,0.0
16723,-1.12382180143127,-0.4242629202453546,-0.19610117082790696,0.06541791516559312,-0.20951810808713367,-0.4242629202453546,1.0632111597827372,0.6273804366518374,0.5991388340969619,0.23168094838731007,0.9563196897635087,-0.4515092791053394,0,165.0
14001,0.5060914480931892,-0.25395340732976973,-0.04351410863169286,0.5101059821135758,-0.4222647610780939,-0.25395340732976973,-0.4631190012983777,0.34707697539373056,0.7967075925174547,0.06150029677400838,-0.3697173641990303,0.8538251681383268,0,733.94
14657,-0.5109744196100733,-0.08364389441418492,-0.15742665467386843,-0.2974352585146252,0.4570880712845417,-0.08364389441418492,0.5368904145823528,-0.35541194603090753,-0.2618137046389188,0.07269165482826666,-0.8416383400095091,-0.28068901534052015,0,209.28
16425,1.4188428678268863,-0.4242629202453546,-0.21457669120210046,-0.13336315518537822,-0.4222647610780939,-0.4242629202453546,0.010569669381968322,-0.057805801979090424,0.8649445095239973,-1.108806924433131,1.3521134864358284,-0.7436401439105667,0,0.0
13659,0.15403018619590605,-0.25395340732976973,-0.00036603501446415867,0.7422244849622307,0.5847360630791179,-0.25395340732976973,1.6158479422431409,0.779644045236488,-0.9526108365876983,-0.019190325007497473,-0.38371340218729827,-0.09463653267956386,0,0.0
12507,-0.7717605395339867,-0.08364389441418492,-0.04425007002286361,0.10845971638448948,-0.45063098147688857,-0.08364389441418492,-0.7262793738985699,0.28478731733637347,1.7149051366748482,0.5831136025579433,-1.1858487401467532,-0.2084940651441703,0,0.0
17324,1.7969827417165611,-0.25395340732976973,-0.14666938066758778,-0.044826029876801565,-0.4789972018756833,-0.25395340732976973,-0.6473312621185122,0.30209000013008375,4.049103451095232,-1.029604937880621,-2.2769092834671882,-0.028084891935925768,0,284.25
13869,-0.9151929054921392,0.08666561850139992,0.25809578703721336,0.7228629892645223,2.5987377113935417,0.08666561850139992,2.9053337679840827,0.7320616675537847,-0.600396737421239,0.16031452856019288,0.25559882538258344,-0.0971357357624875,1,0.0
13950,0.6886417320399286,-0.4242629202453546,-0.2355490413306353,-0.3590080150805609,-0.6208283038696568,-0.4242629202453546,-0.7262793738985699,-0.46614911591065344,-1.9420211781087133,0.3041178397922278,-1.0985183690334666,-0.9673140323935707,0,565.75
15206,-0.6283281735758344,-0.25395340732976973,-0.25700070118736906,-0.638362166937179,-0.6775607446672461,-0.25395340732976973,-1.0157557837587814,-0.7153077481400817,4.240977272907547,-1.409965265225355,-2.5712599695922225,-0.05194985852464294,0,367.2
13246,-0.22410968769376846,0.25697513141698475,0.04646184555861818,-0.014493172343116563,0.5421867324809257,0.25697513141698475,0.08425457371002207,0.31454793174155526,-0.907905945928009,0.383205704036203,-0.5490508132621021,-0.258882456998507,1,123.01
14544,2.1881619216024313,-0.4242629202453546,-0.07876037045318787,1.3279063009816015,0.03159476530262125,-0.4242629202453546,1.747428128543237,2.1465559859396013,-1.0781680185960294,0.1517529527666342,-0.8139137530619813,-0.9184364832093792,0,902.53
15909,-0.2632276056823555,-0.4242629202453546,-0.2334023456330634,-0.33591137369571483,-0.6208283038696568,-0.4242629202453546,-0.7262793738985699,-0.4073199944120384,3.9653909410387094,-1.1644596173245432,-2.4078669264264216,-0.08056936670943549,0,0.0
13468,-1.12382180143127,4.003784415559851,0.45727787366195916,-0.39868701683680924,1.4215395648435614,4.003784415559851,-0.6522046023518492,-0.5151092998158189,-0.38513505585927094,-0.7310503758683633,-0.05352200687969363,0.38942777347272534,1,1449.44
14561,-0.4066599716405079,-0.25395340732976973,-0.16965585146249051,-0.16848358256431475,-0.22370121828653103,-0.25395340732976973,-0.14732655417814702,-0.09760197240462411,-2.494268921683467,-0.5640544710708001,-0.596822504347408,0.018855412083795965,0,513.77
12649,-1.12382180143127,-0.08364389441418492,-0.1600492607398648,-0.3068409374950468,-0.3229829896823125,-0.08364389441418492,-0.5508391254984417,-0.07049443602781137,0.8683801543753275,1.4212190129410172,0.7143187213466566,1.107423687930972,0,0.0
16043,0.2322660221730801,-0.08364389441418492,-0.1510443566973186,-0.2745458712356342,-0.4080816508786965,-0.08364389441418492,-0.5508391254984417,-0.35195140947216547,-0.7410788883884835,-0.4866349649874206,-0.9231188956514922,1.6447945748496378,0,97.5
14911,-1.1499004134236612,17.458235935891054,12.376364667499113,0.596307185729635,16.157791062017406,17.458235935891054,0.2717439259625367,0.5406058501128149,0.29063449102332917,-0.010464629142951164,-0.1794340465772516,-0.1535566490284878,1,69330.16
15374,-0.8499963755111608,-0.4242629202453546,-0.23747137928309278,-0.37969075570309524,-0.6775607446672461,-0.4242629202453546,-0.9368076719787237,-0.3104249707672608,1.835069492475498,-0.7037079922731344,-1.646212400478108,-0.24652177934328734,0,0.0
13989,0.5973665900665589,-0.4242629202453546,-0.11362080494028157,0.952837326473927,-0.3938985406792992,-0.4242629202453546,0.11583381842204521,2.2607536923780893,-0.8377044760889173,-0.5079060477696679,-0.7408797032629878,1.4877845441392354,0,369.41
18077,-1.1759790254160525,0.5975941572481545,0.009719865436360503,-0.2630868091392201,0.4429049610851444,0.5975941572481545,0.033126272747699005,-0.11762364820877466,0.3125773165252611,0.2341357911649338,-0.2095139132045148,-0.16715046860778524,0,962.07
16872,-1.1499004134236612,-0.25395340732976973,-0.18704527638874385,-0.26203138066738685,-0.6775607446672461,-0.25395340732976973,-0.9894397464987621,0.03908922166568724,1.362829668187897,-1.4652417807065132,-1.26875363222539,3.2484083455118715,0,215.34000000000003
16739,-0.22410968769376846,-0.4242629202453546,-0.21112634103102293,-0.09624028740134215,-0.5357296426732727,-0.4242629202453546,-0.41048692677833926,-0.15124028906512602,-1.0293802788112811,-0.26696062564736645,-1.0423019966880935,1.8980657116480328,0,0.0
17076,1.0407029939372119,-0.25395340732976973,-0.20922269955732498,-0.3813365971319441,-0.5640958630720674,-0.25395340732976973,-0.7262793738985699,-0.552662529879205,0.5813621763368696,-0.6390736712764931,-0.854155584755565,-0.5193431647256803,0,506.88
14567,-0.8239177635187694,-0.4242629202453546,-0.12992243473870752,0.777445491539597,-0.5357296426732727,-0.4242629202453546,-0.41048692677833926,-0.15124028906512602,2.2492113908564426,-0.3796630482472541,-1.850207050414979,-0.02129889591745996,0,729.6
16419,-1.0586252714502915,0.4272846443325696,-0.10307599091990471,-0.39471363052308817,-0.20951810808713367,0.4272846443325696,-0.6561032745385186,-0.4996009693118266,0.33270857468998555,-0.20621028384334855,-1.5143890443648111,-0.5515868782827729,0,0.0
13398,-0.01548079175463769,-0.4242629202453546,-0.1882928414259709,0.14942897654483528,-0.35134921008110714,-0.4242629202453546,0.27373004198216055,0.22595819583775845,0.5153591169902093,-0.35853516872940266,-0.09942401014039128,-0.0817610422084223,0,0.0
15249,-1.12382180143127,1.108522695994909,0.6444976132403781,0.29273238975470806,1.8044835402272899,1.108522695994909,0.3684677761182298,0.26471620529566947,0.6027795189517094,-0.026180608963748436,-0.3708928571895177,-0.3327236055790104,1,1331.43
12594,-0.9412715174845304,0.7679036701637393,0.16397601328183478,-0.10860695702644281,-0.06768700609316018,0.7679036701637393,-0.4828560292433921,-0.12355599659518955,0.2717478151074448,0.06746813526397331,0.4163730330575655,0.5138272673340892,1,808.32
18143,-1.0064680474655088,-0.25395340732976973,-0.09603081778733508,0.22758815728817033,0.11669342649900534,-0.25395340732976973,0.5105743773223336,0.23980034207272669,-0.36338086826846033,0.22204924569328216,-0.226801490612026,-0.6794424048580512,0,0.0
16581,-0.14587385171659442,-0.4242629202453546,-0.2480365894621164,-0.49336353705559177,-0.592462083470862,-0.4242629202453546,-0.621015224858493,-0.2827406782973243,1.1305265472570016,5.401473762446698,2.6954541642700693,0.4402045811776054,0,0.0
15550,-1.1368611074274655,-0.08364389441418492,-0.19238227123464705,-0.4227996097209447,-0.20951810808713367,-0.08364389441418492,-0.23504667837821117,-0.45576750623442724,-1.2621391718899457,-0.6597262401094811,-0.07185586251982597,0.9732946320458784,0,142.35
16115,-0.9934287414693131,0.25697513141698475,-0.10887529869513454,-0.3487525942661336,1.0527786996592303,0.25697513141698475,0.6526809785264375,-0.3367250486137004,0.6162642478049823,-0.23031626390772256,-0.5703592631748607,0.11398689601725956,0,736.29
13629,-0.7456819275415953,0.5975941572481545,0.5663684278640623,0.5924947140843811,-0.3371660998817098,0.5975941572481545,-0.7563548450528775,0.6239199000930953,1.2487884390709565,-0.4642776804483934,-0.9348096942325712,-0.08628856911360766,1,2895.0
15237,0.12795157420351472,-0.25395340732976973,-0.08014051052161887,0.313071332389883,0.32944007948996556,-0.25395340732976973,0.9053149362226219,0.6343015097693214,-0.01782256163587447,0.47376374718871583,0.2095403538782203,-0.33541510406299907,0,318.67
15815,-0.6935247035568127,0.08666561850139992,0.05261298707050469,0.17015743498483776,-0.37971543047990186,0.08666561850139992,-0.5683831503384545,0.5633605103151093,0.7217446930581236,1.8763431224309124,1.2419730448712543,0.3402350772682323,1,225.9
17738,-0.5892102555872473,-0.08364389441418492,0.0010769932097943783,0.27102008388279386,0.30107385909117085,-0.08364389441418492,0.2561860171421478,0.07369458725310785,0.4135281296701234,-0.4059541040109398,-0.6899804209974447,0.04053185928377319,0,307.56
12380,-0.1067559337280074,-0.4242629202453546,-0.16276194983988437,0.424119911019715,-0.20951810808713367,-0.4242629202453546,0.800050787182545,0.2674846345426632,0.9103296799987627,-0.12733608239003524,-0.5616933156329835,-0.2855686788814801,0,2117.26
16519,2.240319145587214,-0.4242629202453546,-0.24840032095798367,-0.49727698223085476,-0.6491945242684515,-0.4242629202453546,-0.8315435229386468,-0.6633996997589509,0.405357692105862,0.29699457864707024,-0.3152704542878675,-0.10552650137731098,0,111.38
12604,0.8842313219828637,-0.4242629202453546,-0.23568671540150093,-0.3604892723665249,-0.5782789732714647,-0.4242629202453546,-0.5683831503384545,-0.2723590686210981,1.1299772282725653,0.7517209496489057,-0.8944937828143116,-0.32985910285179726,0,75.68
13859,1.7317862117355827,-0.4242629202453546,-0.23183524077703704,-0.3190506426135073,-0.3371660998817098,-0.4242629202453546,0.3789941910222374,-0.3000433610910346,-1.0062379444937277,1.1522250806540997,-0.21930078287372246,-0.22230285672423555,0,0.0
18221,-1.0195073534617045,-0.08364389441418492,-0.14588242887980013,-0.2560332030155821,-0.15278566728954426,-0.08364389441418492,-0.35785485225830077,-0.23198614210244078,-0.854235065586386,0.7628680722728509,-0.7562925384391005,-0.3040068907368561,0,334.75
13934,0.9103099339752551,-0.4242629202453546,-0.1092985189870549,0.9993414904024016,-0.28043365908412043,-0.4242629202453546,0.5368904145823528,0.603156680740643,0.36066183834649757,0.7565748655262747,0.15808841875325721,-0.1948762179920804,0,0.0
15437,0.8972706279790594,-0.4242629202453546,-0.23200520876576008,-0.3208793553122283,-0.09605322649195489,-0.4242629202453546,1.2737394578628911,-0.4730701890281376,-0.05548969328268649,-0.2244966560094108,-0.4270193137768237,0.3040937810124302,0,0.0
14502,-0.5761709495910516,0.5975941572481545,-0.0683158375461576,-0.38302946260161724,2.130695074813429,0.5975941572481545,0.988022481896968,-0.4834517987043637,-0.6636507987290007,-0.045547335304834825,-0.8073156094983694,-0.3809248495460041,0,1266.61
16792,1.1580567479029729,-0.25395340732976973,-0.24726493479331382,-0.5859878352458099,-0.5640958630720674,-0.25395340732976973,-0.7789114484186084,-0.670320772876435,0.16508778051224207,0.8571609161301865,0.009868900182625014,-0.007958787216211329,0,0.0
13106,-0.7847998455301823,-0.4242629202453546,-0.2530234502512501,-0.5470179676360656,-0.7059269650660409,-0.4242629202453546,-1.0420718210188007,-0.6841629191114031,0.16542777858073732,-0.07240751852758019,0.26081950654345953,0.1993084579946951,0,0.0
18165,-0.21107038169757278,-0.4242629202453546,-0.21461748351939397,-0.13380204623307118,-0.5782789732714647,-0.4242629202453546,-0.5683831503384545,0.13252370875172284,0.21784158834810732,-0.17828895941517608,-1.6242736552811623,-0.07458649180958622,0,0.0
13666,1.2232532778839513,-0.25395340732976973,-0.2551395517108519,-0.6283499649116816,-0.6066451936702594,-0.25395340732976973,-0.8841755974586852,-0.6824326508320322,-0.44647688762969717,0.17545876400819782,0.5240766017115146,2.186794159490622,0,20.6
13973,1.2232532778839513,-0.4242629202453546,-0.22103547477357563,-0.20285423773677574,-0.5640958630720674,-0.4242629202453546,-0.5157510758184162,-0.3692540922658758,-0.29019771447351367,0.17593476387494286,-0.6786764712957047,-0.3987477617553708,0,0.0
18227,0.3105018581502541,-0.4242629202453546,-0.2500915024457778,-0.5154726735831285,-0.6491945242684515,-0.4242629202453546,-0.8315435229386468,-0.673781309435177,-1.4961890474795807,-0.38780917797859743,-0.020319887646233693,-1.0078156193500971,0,0.0
16495,1.0798209119257989,-0.25395340732976973,-0.2241271924884476,-0.46151650540736583,-0.26625054888472305,-0.25395340732976973,-0.2262746659582047,-0.4592280427931693,1.3620742524218312,1.7014278758801102,1.5920337640457758,0.21815146228547957,0,401.75
12864,-0.719603315549204,-0.4242629202453546,-0.24102031088762968,-0.4178742768523895,-0.6775607446672461,-0.4242629202453546,-0.9368076719787237,0.0010233195195245904,-1.6733229945039125,-1.8004345749445403,0.7607141861733188,5.923639200745466,0,0.0
14745,-1.0586252714502915,0.25697513141698475,-0.05862086346939589,-0.2406134975399667,-0.06768700609316018,0.25697513141698475,-0.36838126716230846,-0.02804518757390873,-0.10041861556376333,0.6135928860392278,-0.2089853503024036,0.7304349161982906,0,0.0
13283,-0.1067559337280074,-0.4242629202453546,-0.2616918176761247,-0.640282315270836,-0.6917438548666435,-0.4242629202453546,-0.9894397464987621,-0.6426364804064985,1.6438941657393336,-0.7428253608022527,-2.4261285102238177,-0.6538315627576919,0,68.16
16265,-1.0847038834426828,0.5975941572481545,0.42438736816416545,0.37426659040586835,1.1520604710550117,0.5975941572481545,0.36395645544508365,0.17849940874643874,0.7837340210529278,-0.3322373319991429,-0.06938428980159272,0.10347029902310398,1,1384.98
15494,-0.9412715174845304,-0.4242629202453546,-0.07568225017741376,1.3610242879554388,0.5138205120821311,-0.4242629202453546,3.4842865877045055,2.9597820772439856,0.31515422804748455,0.3322785456545114,0.5874780888717728,1.2419344354838715,0,160.7
12852,1.314528419857321,-0.4242629202453546,-0.21307247450190164,-0.11717904780169744,-0.4789972018756833,-0.4242629202453546,-0.19995862869818545,-0.23083262991619338,0.5945425630757796,0.33850666700971394,-1.1235379937960839,-0.4649740354505014,0,0.0
12823,-0.8760749875035521,0.08666561850139992,-0.057985183191571754,-0.12732840327959893,-0.7059269650660409,0.08666561850139992,-1.0420718210188007,-0.6080311148190779,-0.18728785091610756,-3.8360951998395736,4.974748057540141,-1.791577766520346,0,535.5
13562,-0.680485397560617,-0.25395340732976973,-0.06041062639064941,0.41920981742364904,-0.09605322649195489,-0.25395340732976973,0.3000460792421798,0.16539880605977242,-0.6873992254542374,-0.4467322796347782,0.679147231695034,0.01551668938091434,0,589.6
12854,0.6234452020589503,-0.25395340732976973,-0.12828904236707916,0.054052465743042226,0.2868907488917735,-0.25395340732976973,0.9053149362226219,-0.016279363274185707,-1.6419462787404677,0.4917476463625564,-0.917264476978112,-0.733653028712799,0,505.88
16919,-0.4848958076176819,1.2788322089104938,0.17457351737871576,-0.255961716973723,1.2797084628495878,1.2788322089104938,0.46511940387320966,-0.3050768688128412,-0.7995176728744741,-1.7497484495666527,1.562696231297677,-1.328821863237583,1,0.0
16112,-0.6544067855682256,0.08666561850139992,-0.2327564672759159,-0.5974264331763096,-0.507363422274478,0.08666561850139992,-0.8841755974586852,-0.24986558098927472,3.6436878624125173,-0.6112729418026078,-1.7865018293903534,0.038569125892105885,0,0.0
13657,0.10187296221112337,-0.4242629202453546,-0.24013307798649547,-0.4083283965650659,-0.592462083470862,-0.4242629202453546,-0.621015224858493,-0.28966175141480843,-1.102420673092895,-0.7095469224703201,0.0015966270629149488,2.4024027785438977,0,229.8
15443,-1.0977431894388785,-0.25395340732976973,-0.14963192271103024,-0.06076326104615503,0.30107385909117085,-0.25395340732976973,0.8526828617025835,-0.14604948422701294,-0.4108971469583777,-0.12688763899894936,-0.0416753710395053,-0.553175514917861,0,2528.79
16641,-1.1499004134236612,-0.4242629202453546,-0.22674639919466952,-0.26429898441380095,-0.54991275287267,-0.4242629202453546,-0.4631190012983777,0.13944478186920697,-1.8799176198369942,0.21328021811716905,-1.7730292142720725,-1.2610300252143287,0,0.0
15632,-0.9412715174845304,0.4272846443325696,0.13371151320981184,0.02989212313844015,0.3578062998887603,0.4272846443325696,-0.09469447965810857,0.005637368264513938,-0.19361837026125378,-1.215357919635124,1.8510173776554766,-0.6476952298349741,1,933.47
15144,-1.0455859654540958,0.9382131830793241,0.23859875905079442,-0.08365468022814454,0.38617252028755494,0.9382131830793241,-0.5449911172184375,-0.1889216871492062,0.12217994565528223,-0.7517434351568382,0.8013543103309828,-0.46459442070895535,1,3611.5
13946,0.10187296221112337,-0.25395340732976973,-0.1834266579088305,-0.24256473398950196,-0.592462083470862,-0.25395340732976973,-0.857859560198666,-0.29139201969417944,0.30304301367395986,2.597727632428543,1.8792217849686894,2.676701815140354,0,75.6
12480,-0.6544067855682256,-0.08364389441418492,0.09854683602290386,0.6205846119523062,0.6556516140761046,-0.08364389441418492,0.9053149362226219,0.5177967789583388,0.9287508911114635,0.7835718481657655,-0.2323475090614376,-0.08596083712824697,1,1136.6799999999998
17046,-0.47185650162148624,-0.4242629202453546,-0.1569031532686015,0.48715563774462733,-0.4080816508786965,-0.4242629202453546,0.06320174390200677,1.0184210677896899,0.9419909984083058,0.21663535198623265,-0.8149267907877679,-0.5887485377266399,0,0.0
15120,-0.7847998455301823,-0.4242629202453546,-0.20503808767496395,-0.030735798533156385,-0.4222647610780939,-0.4242629202453546,0.010569669381968322,0.27786624421888934,-0.8752099575634722,0.6583875532757179,0.5775238474549388,-0.07899131325142318,0,0.0
17278,0.6234452020589503,-0.4242629202453546,-0.2242070774431474,-0.2369780166949094,-0.507363422274478,-0.4242629202453546,-0.30522277773826234,-0.1270165331539316,0.5521180681274857,1.8380502602381066,0.7262345991544171,0.0065173561593378235,0,0.0
14050,-1.1368611074274655,-0.4242629202453546,-0.18342495822894328,0.20180330823620446,-0.1953349978877363,-0.4242629202453546,0.8526828617025835,0.8004072645889403,-0.8817459417918744,1.6042498939398668,-0.6240032540367175,-0.7892645109006994,0,260.38
12362,-0.9543108234807262,0.08666561850139992,0.03096756370662664,0.11193579443930825,0.5421867324809257,0.08666561850139992,0.28688806061217015,0.10829995284052843,0.5476737058188007,0.7361481705705372,-0.09282205658033374,-0.10243963515864718,1,3478.88
13881,-1.12382180143127,0.9382131830793241,0.9185047075406642,0.7291471572633772,-0.06768700609316018,0.9382131830793241,-0.5040550592584078,1.0860937827162014,-0.005112769766812487,-0.06898424146300043,-0.14350700001539984,-0.5423867128264684,1,10190.38
13758,0.10187296221112337,0.25697513141698475,0.13365712345342046,0.17313640797105417,0.5138205120821311,0.25697513141698475,-0.09469447965810857,0.2868636392716188,-0.30539133280008146,0.09568346147357638,-0.28805183587842637,0.6384059473822831,1,839.03
17446,-0.22410968769376846,-0.25395340732976973,-0.24547687155194753,-0.5763688064505375,-0.6350114140690541,-0.25395340732976973,-0.857859560198666,-0.40385945785329636,1.4459143759630473,0.9195938053044159,0.2373534399094734,0.2461933573606716,0,0.0
13224,-0.5500923375986603,-0.4242629202453546,-0.059980607379180144,1.5299607670632833,-0.12441944689074957,-0.4242629202453546,1.1158432343027758,1.5548042343947093,-0.6501348883797428,-1.7662417663144878,2.0260219756837494,-1.3354882328595328,0,943.69
17101,-0.19803107570137712,-0.4242629202453546,-0.22683478254880549,-0.2652499150171358,-0.4789972018756833,-0.4242629202453546,-0.19995862869818545,-0.19968780088751487,1.2155749932884021,0.811087070296185,-0.25256452261058626,-0.014981654186022288,0,1391.15
13046,0.949427851963842,-0.4242629202453546,-0.2324199306582443,-0.3253414142971075,-0.5215465324738753,-0.4242629202453546,-0.35785485225830077,-0.4834517987043637,-0.9352627882703934,0.12424631205149433,-0.449143300414079,-0.4100018487488143,0,431.59
17146,-1.1499004134236612,-0.08364389441418492,-0.13858740280380766,-0.22987042000588048,-0.2520674386853257,-0.08364389441418492,-0.4806630261383905,-0.5019079936843214,-0.45020383030938504,-0.956397797213244,0.6231524174538815,-0.21327796456642178,0,0.0
14688,-0.8369570695149651,1.960070260572833,0.38518425156519825,-0.21981615758831247,0.8400320466682701,1.960070260572833,-0.2455730932822188,-0.112482279607215,0.682235963111344,0.06913523269794872,0.012688263174533313,0.2018588177032189,1,1747.73
14821,2.2533584515834097,-0.4242629202453546,-0.2577315635388781,-0.597673309390637,-0.6917438548666435,-0.4242629202453546,-0.9894397464987621,-0.6772418459939191,-3.550272048597093,0.5914544480439515,-2.1358655914870086,-1.8575949712237902,0,0.0
16806,-1.1759790254160525,0.08666561850139992,-0.13648319910341652,-0.3384715714739242,0.24434141829358147,0.08666561850139992,0.12899183705205483,-0.43846482344071697,-0.3421796013593884,-0.5512156363207141,-0.045368123254523544,0.2646657959627407,0,0.0
15174,1.6796289877508,-0.4242629202453546,-0.24295284691941052,-0.4386667402368471,-0.5640958630720674,-0.4242629202453546,-0.5157510758184162,-0.24467477615116162,-1.163591997032525,-0.5334076613486339,-1.1197341925862296,-0.3995286240413262,0,0.0
15012,2.3446335935567792,-0.4242629202453546,-0.23397683743494727,-0.34209242261739176,-0.06768700609316018,-0.4242629202453546,1.6421639795031602,-0.45576750623442724,0.5454403676166745,-0.18688334529655298,-0.9274103044823296,0.18998486310252816,0,216.48
16402,0.9233492399714508,-0.25395340732976973,-0.21614889509778848,-0.4185966183683843,0.05996098570141595,-0.25395340732976973,0.40531022828225666,-0.4938334083805899,-1.549002675430211,0.24807345300827174,-1.162932850451766,-0.9025560433792796,0,0.0
15406,1.4058035618306906,-0.4242629202453546,-0.22314477751362846,-0.2255485623279032,-0.12441944689074957,-0.4242629202453546,1.1684753088228141,-0.2965828245322925,-0.3987562434149496,-0.8572763715874806,0.03475242386260333,0.02593750193904563,0,258.42
13000,-1.1368611074274655,-0.08364389441418492,-0.17511862262004876,-0.36088549345124776,-0.29461676928351777,-0.08364389441418492,-0.5508391254984417,-0.30927145858101346,-0.8794295796026548,-0.4993190698544786,-0.4018514769913251,1.532069172166307,0,0.0
15764,-1.12382180143127,0.25697513141698475,0.29089450982109666,0.5114848314884113,1.407356454644164,0.25697513141698475,0.7789979573745297,0.6709831972919874,0.25817976142456234,0.15031258912904605,0.18658151637495066,-0.2923280356758371,1,3.35
16670,-1.1368611074274655,0.7679036701637393,0.28466518303439764,0.05370729622115859,1.407356454644164,0.7679036701637393,0.24741400472214134,0.18443175713285373,1.0059917732427013,-0.5360693466372934,-0.4998632894898668,0.08494268637943643,1,855.93
15014,-0.23714899368996412,-0.4242629202453546,-0.24601567007619954,-0.47162014306779926,-0.6917438548666435,-0.4242629202453546,-0.9368076719787237,-0.5111360911743003,-3.48462475699317,0.5797256372865508,-2.0935220511497676,-1.821254538600207,0,139.94
18272,-1.0455859654540958,0.08666561850139992,0.09200306845706716,0.2761084769669849,0.3578062998887603,0.08666561850139992,0.40531022828225666,0.520968937470519,1.7142475558861654,-0.8220258264848864,-1.7590528578232174,-0.19948366740584142,1,972.13
15942,-0.7847998455301823,-0.4242629202453546,-0.20867200327386234,-0.06983367603181109,-0.5215465324738753,-0.4242629202453546,-0.35785485225830077,0.05639190445939754,-0.24997630194570683,0.4805060985643206,-0.5556533130037828,-0.3941148029846957,0,0.0
17884,1.5361966217926475,-0.08364389441418492,-0.16565310532806315,-0.32693849005399056,0.49963740188273376,-0.08364389441418492,0.5018023649023269,-0.12124897222269497,-0.08213836170065753,0.8992416502886842,0.15564893160176047,-0.27721482323355284,0,104.53
15265,-0.5500923375986603,-0.25395340732976973,-0.010033814213030196,0.6902158958106059,0.3578062998887603,-0.25395340732976973,1.0632111597827372,0.31247160980630995,0.02314436040560963,-0.7925795936370519,-0.0461366204440118,0.0005970677533523222,0,0.0
14778,-0.8630356815073564,-0.25395340732976973,-0.1418031971504474,-0.018648007594610633,-0.23788432848592836,-0.25395340732976973,-0.17364259143816624,-0.21699048368122514,0.30598703958129425,-0.7080058537572117,1.235626523248498,-0.5160632438289744,0,0.0
13292,1.1841353598953641,-0.4242629202453546,-0.22360709044295513,-0.2305226608684243,-0.5215465324738753,-0.4242629202453546,-0.35785485225830077,-0.28620121485606637,0.41681156668573727,1.7821421273627498,1.2529276665955333,1.1765423327650735,0,329.37
16341,0.10187296221112337,-0.4242629202453546,-0.13045103518363613,0.7717581950465746,-0.3087998794829151,-0.4242629202453546,0.4316262655422759,1.1014739451994995,1.6092230644171983,0.17309549774153404,-0.27631198188529515,0.06302673608011072,0,1174.22
12708,-1.202057637408444,0.5975941572481545,0.0793098590592312,-0.15612540339102962,0.2868907488917735,0.5975941572481545,-0.19995862869818545,-0.25752819765506074,1.167453581400566,0.17083278999274862,-0.0789229181634448,-0.14363541696782395,1,681.14
15717,0.5321700600855805,-0.4242629202453546,-0.24047981268349045,-0.4120589704704567,-0.6208283038696568,-0.4242629202453546,-0.7262793738985699,-0.5042150180568161,-2.0936561928530653,-1.2482530764255912,-0.11165682989522106,5.797115886554185,0,0.0
14272,0.7929561800094941,-0.4242629202453546,-0.24357492975813683,-0.4453598287141659,-0.6066451936702594,-0.4242629202453546,-0.6736472993785315,-0.4453858965582011,-0.9168681078219333,1.5344266524804726,0.01636061237054206,-0.4732558771978242,0,305.87
17499,1.2493318898763426,-0.4242629202453546,-0.16015634057276032,0.45215407669110763,-0.15278566728954426,-0.4242629202453546,1.0105790852626988,1.713988916096844,0.28579774510785816,1.9050631534890707,0.9856912126411828,-0.09447277903395103,0,0.0
12356,0.675602426043733,-0.25395340732976973,0.20190946900504086,1.830381689209167,0.03159476530262125,-0.25395340732976973,0.40531022828225666,1.997752913913693,-0.2756662619994316,1.0005996080303081,-0.8989760286043011,-0.6724666931474592,1,58.35
15543,1.2362925838801468,-0.4242629202453546,-0.24429389435043528,-0.4530952834297557,-0.35134921008110714,-0.4242629202453546,0.3789941910222374,-0.44884643311694317,1.626458624517528,0.5019043403102742,-0.8327241472182374,-0.14635491390327499,0,0.0
12871,0.1801087981882974,-0.4242629202453546,-0.2435902268771219,-0.4455244128570508,-0.6633776344678488,-0.4242629202453546,-0.8841755974586852,-0.4696096524693955,-1.8316909821992071,-1.121266437489344,-0.06203266916878623,5.1885967586581465,0,248.64
14670,1.1319781359105816,-0.25395340732976973,-0.19925237733883194,-0.32770045367845757,0.797482716070078,-0.25395340732976973,2.142168687443525,-0.18238511809380456,0.22753721871241522,0.48833110569778687,-0.24205609121248794,0.031085025458009237,0,0.0
13077,1.2623711958725383,-0.08364389441418492,-0.16809214596623864,-0.3356858324628725,0.14505964689780004,-0.08364389441418492,-0.00697435545804443,-0.047424192302864245,-0.4920548281208935,0.46156437214526763,-0.9309235547999445,-0.13312714994484787,0,151.83
16330,-1.0586252714502915,-0.25395340732976973,-0.2577043686606824,-0.6421476022235314,-0.4789972018756833,-0.25395340732976973,-0.6473312621185122,-0.7066564067432266,1.4770848541863373,-1.070193868724273,-0.7904089615930774,-0.49144179602631194,0,202.95
12516,-0.17195246370898576,-0.4242629202453546,-0.1669006703652902,0.3795907568058589,-0.5357296426732727,-0.4242629202453546,-0.41048692677833926,0.44743253559725027,0.7112218366788119,0.4380067983167252,-0.32688018323633716,-0.07738961792639355,0,728.86
16834,0.4408949181122109,-0.4242629202453546,-0.1957510367711375,0.06918506332495836,-0.37971543047990186,-0.4242629202453546,0.16846589294208367,0.492419510860897,-0.7741650163105221,0.5590315619125394,-0.2004339917674485,-0.6328880348426213,0,0.0
12582,0.5843272840703633,-0.25395340732976973,-0.17911117067515273,-0.21934922627923903,-0.4222647610780939,-0.25395340732976973,-0.5157510758184162,-0.22737209335745134,2.230974117236023,0.8969911552564658,0.3267332093226941,-0.004690047900302828,0,0.0
12547,0.04971573822634068,-0.25395340732976973,-0.23070665333191614,-0.4969112396911106,-0.6208283038696568,-0.25395340732976973,-0.8841755974586852,-0.5145966277330423,-1.645784954779753,2.5485178673942244,-0.17013561346705428,-0.9226840789662657,0,0.0
17031,-0.5109744196100733,-0.4242629202453546,-0.2276217343365931,-0.273716854812214,-0.5357296426732727,-0.4242629202453546,-0.41048692677833926,-0.31388550732600284,1.0584026522712062,-0.4060460673255935,-0.7232744713368721,-0.022677073819548026,0,154.4
17999,2.2533584515834097,-0.4242629202453546,-0.23367429441502027,-0.3388373140136684,-0.1953349978877363,-0.4242629202453546,0.9053149362226219,-0.4211621406470067,-0.6327667503547912,-0.39850460818618233,-0.18104938617446018,-0.7527085598278185,0,190.05
14441,0.8059954860056897,-0.4242629202453546,-0.20537462429263553,-0.03435664967662387,-0.5357296426732727,-0.4242629202453546,-0.41048692677833926,-0.3727146288246178,-0.5380293616172312,-0.18201469055169306,0.5702090525312139,-0.696798515880044,0,1356.05
16221,1.0667816059296031,-0.25395340732976973,-0.21242319678497967,-0.3985539271904022,-0.3087998794829151,-0.25395340732976973,-0.2525907032182239,-0.2844709465766953,-1.0300015029150815,0.2093327823421121,-0.5183404991538526,0.48897172759821145,0,545.49
17504,0.16706949219210174,0.9382131830793241,0.2433731598540244,-0.07794706470513654,0.8683982670670648,0.9382131830793241,-0.35200684397829657,-0.10663781786356172,-1.2542304354841705,-0.17866286319990068,-0.44113536163993455,-0.10478766053050108,1,0.0
15296,-1.0977431894388785,0.25697513141698475,0.17580408561707048,0.2638295855514227,0.9534969282634489,0.25697513141698475,0.40004702083025273,0.1359842453104649,0.31665727653517084,-0.7565002381133836,-0.5811724379701596,-0.046896674588471084,1,1073.37
12534,-0.8239177635187694,-0.4242629202453546,-0.08090026743121081,1.3048828081047044,0.17342586729659473,-0.4242629202453546,2.2211167992235827,1.5063567225723205,0.09055513204903137,0.6707309473365175,0.6991628664701117,0.22508221389985195,0,0.0
15379,-0.31538482966713816,0.5975941572481545,0.36341475156955244,0.2805502894898426,1.3364409036471774,0.5975941572481545,0.36395645544508365,0.39305267538844646,-0.8545500634691389,0.1144029279820987,-0.4154683665448069,0.3116300730064733,1,0.0
15090,1.4970787038040603,-0.4242629202453546,-0.20121380792869575,0.010410237188065838,-0.3938985406792992,-0.4242629202453546,0.11583381842204521,-0.026660972950411886,0.476269983348582,-0.09029246433417223,0.07574330650628125,-0.11500865539055255,0,0.0
16582,-1.0455859654540958,-0.4242629202453546,-0.21272064076524497,-0.11339361251534501,-0.6350114140690541,-0.4242629202453546,-0.7789114484186084,-0.1789245815350625,0.04834887447218119,-2.501816317322272,4.582898470421628,-1.4140376803719086,0,0.0
17883,0.675602426043733,-0.4242629202453546,-0.24574032193446826,-0.4686576284958713,-0.45063098147688857,-0.4242629202453546,-0.09469447965810857,-0.5803468223491414,-0.3902448897039577,-0.07147662972456582,0.7576689414258776,-0.08790460130743774,0,544.99
18183,0.4408949181122109,-0.25395340732976973,-0.15859433475639564,-0.10897727134793378,-0.20951810808713367,-0.25395340732976973,-0.1210105169181278,-0.10452304552210823,0.25261790824364383,-0.7315657678958036,-0.6236069583212435,0.656235144923477,0,0.0
15812,-1.12382180143127,0.25697513141698475,0.040110141820038525,-0.028160971053357207,-0.20951810808713367,0.25697513141698475,-0.6631208844745238,-0.10832963573672447,0.3118684711396511,0.753820957513027,0.04217518846800501,0.18176507493642904,1,0.0
16701,-0.8369570695149651,1.108522695994909,0.4224157394949783,0.05379095982712507,0.41453874068634966,1.108522695994909,-0.5157510758184162,0.969281448655553,1.1302415471347387,-0.9106073235504554,0.38977454360404123,0.127834459896614,1,1347.88
13516,0.5843272840703633,-0.4242629202453546,-0.24121067503499946,-0.41992243507495697,-0.6208283038696568,-0.4242629202453546,-0.7262793738985699,-0.552662529879205,0.7975730777614272,0.8694191562489796,0.6579335703872135,-0.13343313253995728,0,1243.41
16658,2.279437063575801,-0.4242629202453546,-0.24507914645833564,-0.46154393609784666,-0.6066451936702594,-0.4242629202453546,-0.6736472993785315,-0.6080311148190779,-1.2010359789082972,-1.128516133566031,0.1880048424517511,5.735082927067468,0,0.0
16448,0.06275504422253635,-0.4242629202453546,-0.23492355913213453,-0.35227835234926763,-0.45063098147688857,-0.4242629202453546,-0.09469447965810857,-0.4834517987043637,-1.1911759980773,-0.4118858302306623,-1.3018676844480255,0.6897930561586588,0,0.0
15639,-0.7717605395339867,-0.4242629202453546,-0.19373521642488237,0.0908735959317893,-0.3655323202805045,-0.4242629202453546,0.2210979674621221,0.37130073130492497,0.19694237248654434,-0.8040199720520341,4.014019014913444,-1.027580106448571,0,0.0
13369,2.240319145587214,-0.4242629202453546,-0.21362826982502595,-0.12315893832651503,-0.5215465324738753,-0.4242629202453546,-0.35785485225830077,-0.23083262991619338,-0.8002056956662015,-1.12937481754923,0.9370800627772237,1.381124485948594,0,0.0
15521,-0.5892102555872473,0.25697513141698475,0.0937928313783207,0.08735515269945016,0.8683982670670648,0.25697513141698475,0.4737319251583067,0.19896601067957034,1.4260719211759827,0.17913572831554458,-0.21813777526271866,0.514144728175708,1,883.22
17962,-0.6674460915644214,-0.4242629202453546,-0.24861957966343637,-0.4996360216122049,-0.2520674386853257,-0.4242629202453546,0.6947866381424681,-0.3069644342085187,-1.1859642141295186,-0.23994081889562618,0.8348120950893754,0.4496631289263657,0,0.0
13904,1.314528419857321,-0.4242629202453546,-0.231842039496586,-0.3191237911214561,-0.4789972018756833,-0.4242629202453546,-0.19995862869818545,0.025247075430719006,0.9577371571279333,2.7315123540683817,1.5262287641663914,0.26825264372782487,0,131.52
17735,-1.1107824954350742,1.960070260572833,1.47104514368093,0.559047210498546,3.066780347973654,1.960070260572833,0.824612421958563,0.7215070310496213,-0.2635010109972893,0.09972234716668257,-0.6261344600121985,-0.47955347558725064,1,2890.03
15858,1.2493318898763426,-0.25395340732976973,-0.12729472963304944,0.059401450386801134,0.5705529528797205,-0.25395340732976973,1.5895319049831216,0.5079919253752363,1.105860394044605,1.0292694908597337,0.5490150260314145,0.4736046871244754,0,611.35
16672,-1.0586252714502915,2.130379773488418,0.8054080078443591,0.03356859762649373,-0.4080816508786965,2.130379773488418,-0.7986484763636228,-0.25938205652581536,0.4704746872881504,-1.295629698798447,1.559926060454543,-0.455061776395169,1,1831.2
12693,-0.8760749875035521,0.08666561850139992,-0.12054870016063234,-0.2956111175976511,-0.22370121828653103,0.08666561850139992,-0.5815411689684642,-0.525843371548954,1.9976859679093866,0.7633843535435888,-0.12808857527636908,0.16767220399812893,0,0.0
13712,0.6886417320399286,-0.4242629202453546,-0.22713052684918356,-0.26843187511291033,-0.5782789732714647,-0.4242629202453546,-0.5683831503384545,0.4716562915084447,0.3714666049191354,2.104246176057254,0.69531675707145,1.0881249371008157,0,0.0
16598,1.1971746658915599,-0.4242629202453546,-0.24137214462428636,-0.4216597121387419,-0.5782789732714647,-0.4242629202453546,-0.5683831503384545,-0.4938334083805899,1.2582079538097672,-0.48892101721272563,-0.016440934820786,-0.3019823035320158,0,0.0
14886,0.7668775680171027,-0.4242629202453546,-0.20402167910240024,-0.019800096594804844,-0.46481409167628596,-0.4242629202453546,-0.14732655417814702,-0.19276672777003073,-1.4726649327106767,0.5234357622638924,-0.6984749696434248,-0.7232435400589433,0,0.0
15980,0.7929561800094941,-0.4242629202453546,-0.13681973572108813,0.7032363302254991,-0.43644787127749124,-0.4242629202453546,-0.04206240513807012,1.3021850656065388,-2.8302812772754398,0.46281798342243213,-1.6714601678506487,-1.4590290064208713,0,1638.68
13747,2.3446335935567792,-0.4242629202453546,-0.25249654948620875,-0.5413489582700305,-0.7059269650660409,-0.4242629202453546,-1.0420718210188007,-0.7187682846988238,-0.18728785091610756,-3.8360951998395736,4.974748057540141,-1.791577766520346,0,0.0
17346,-1.1759790254160525,0.7679036701637393,-0.05717273620547567,-0.4060287903464243,1.691018658632111,0.7679036701637393,0.5500484332123624,-0.34719317170389513,0.10801466493907673,-0.4904464399774373,-0.12124267530360608,0.12372932872119272,0,1394.1
15465,-0.719603315549204,1.960070260572833,0.7524442828783752,0.04361112580424481,-0.18115188768833898,1.960070260572833,-0.8315435229386468,-0.5374361690207399,0.06332854869632713,0.01608872401743695,0.7778019483339624,-0.10802315359498864,1,1362.49
15658,-0.04155940374702904,0.25697513141698475,-0.09196178413730573,-0.3123575541361885,-0.15278566728954426,0.25697513141698475,-0.58943598014647,-0.5789626077256446,1.7220634910015051,-1.2310507613435797,-0.4556512624784644,-0.21657407576549914,0,0.0
16841,-0.7326426215453997,0.25697513141698475,-0.0006957729125868486,-0.11596843999514418,0.5421867324809257,0.25697513141698475,-0.05258882004207777,0.5533249542947574,-0.0636109587993225,0.8728420427892736,0.36710210423604056,-0.327011767417222,0,308.76
17631,-0.7326426215453997,-0.25395340732976973,-0.19523433408541951,-0.3060850695795755,-0.3087998794829151,-0.25395340732976973,-0.3315388149982816,-0.42635294548511976,0.14908627889858556,-0.371144970148928,-0.13431123497300468,-0.48348309930608985,0,111.83
15031,-1.0847038834426828,-0.25395340732976973,-0.22153008162075968,-0.44754514038913745,-0.12441944689074957,-0.25395340732976973,0.036885706641987544,-0.5474717250410919,0.018894328705924026,-0.35542421050211537,0.02552525624440548,-0.47418171496318906,0,391.4
16405,1.4188428678268863,-0.25395340732976973,-0.23759885527463503,-0.5339883896576786,-0.6775607446672461,-0.25395340732976973,-0.9631237092387429,-0.4228924089263777,-2.604385458922643,-0.6032014177814724,-0.8213996568063785,3.1131653837836164,0,0.0
17709,-0.31538482966713816,-0.4242629202453546,-0.24266390133858137,-0.43555792864902143,-0.6208283038696568,-0.4242629202453546,-0.7262793738985699,-0.6876234556701453,0.4448219187380308,-0.7895719329000549,1.0736701019809178,0.7126423852578502,0,0.0
14696,-0.9673501294769218,0.25697513141698475,-0.01812089111647201,-0.15346436516971926,0.4570880712845417,0.25697513141698475,-0.14732655417814702,0.0051759633900150225,0.34708143199715463,-0.3881355279423118,0.1159923354784937,-0.15943021333144297,0,620.41
12793,1.8361006597051481,-0.25395340732976973,-0.17331186289992292,-0.18815138763905898,-0.4222647610780939,-0.25395340732976973,-0.4631190012983777,-0.23602343475430648,0.4036003369521969,0.7032787453620438,-0.5669740461194424,-0.31125081255663445,0,0.0
12456,-0.8108784575225737,-0.25395340732976973,0.11901948026459301,1.3844683847530417,0.3719894100881576,-0.25395340732976973,1.1684753088228141,1.1101252865963545,1.1226033513971498,0.9509580705386452,0.9508564182278763,0.05822854947738263,1,915.64
13606,0.6495238140513416,-0.25395340732976973,-0.2241067963298008,-0.4614067826454426,-0.1953349978877363,-0.25395340732976973,-0.1210105169181278,-0.3311881901197131,0.4978773328237019,0.017728008972043522,-0.8607608876442918,-0.5185061120418273,0,30.12
14257,-0.9151929054921392,0.08666561850139992,0.19727954099222555,0.5592800665821832,0.47127118148393904,0.08666561850139992,0.2210979674621221,0.41109690173045865,-0.2932721120418999,0.7836599369794403,-0.20483613408540158,-0.4938449117154421,1,373.88
13016,-0.9151929054921392,-0.4242629202453546,-0.193747114184093,0.09074558604287884,-0.3229829896823125,-0.4242629202453546,0.3789941910222374,0.3436164388349885,0.3671347139164767,0.6983554155864503,-0.7126164005290812,-0.38796192171790445,0,364.64
13344,1.0928602179219946,-0.4242629202453546,0.01546648313508622,2.3417080468985425,0.24434141829358147,-0.4242629202453546,2.4842771718237753,1.3264088215177332,-0.45308302537509926,-0.5920611544341388,0.4072141359025971,-0.9789099359614155,1,855.54
15660,-0.7587212335377911,0.4272846443325696,-0.11571651024123655,-0.41738052442373486,-0.22370121828653103,0.4272846443325696,-0.6385592496985059,-0.41308755534327524,0.5714068398386593,-0.1410775102080162,-0.1806748942086718,0.8346237647677534,0,716.52
16306,0.25834463416547143,0.4272846443325696,-0.15856034115865106,-0.4942077927515014,-0.20951810808713367,0.4272846443325696,-0.7350513863185764,-0.4655723598175298,0.8315178203675345,1.0756406271872705,0.2403817432189372,0.2529858050515249,0,0.0
16319,0.3105018581502541,-0.4242629202453546,-0.19729094674896816,0.05261692627454621,-0.6775607446672461,-0.4242629202453546,-0.9368076719787237,-0.497293944939332,-1.8726524078436275,-1.5273811146209704,0.19546449944973968,6.95852029256188,0,0.0
13199,-1.1759790254160525,2.9819273380663422,0.5079810243779267,-0.29035901118614577,-0.3087998794829151,2.9819273380663422,-0.9368076719787237,-0.17101478368650924,0.332136154986933,0.10224992570101876,0.6752939485404365,2.128273001586569,1,5263.28
16340,-1.12382180143127,-0.4242629202453546,-0.1752104053339592,0.2901849929653897,1.0385955894598329,-0.4242629202453546,6.326418611786582,0.9353681903798805,0.31483407714258876,0.5254687328798575,0.012151024445334729,-0.15345580346482096,0,0.0
16730,0.5321700600855805,-0.25395340732976973,-0.18428159689210735,-0.24716394642678527,-0.22370121828653103,-0.25395340732976973,-0.1210105169181278,0.551248632359512,-0.08066562865188598,1.754603603196331,0.6528551336838795,-0.022551864328175273,0,262.17
18239,0.3235411641464498,0.25697513141698475,-0.0006022905187891891,-0.11576728159828485,0.41453874068634966,0.25697513141698475,-0.1683793839861623,-0.1962272643287728,-1.6353963522369288,0.3014174849601173,-0.4857302672130147,-0.09205374317386651,0,0.0
17760,2.3446335935567792,-0.4242629202453546,-0.23669972461429023,-0.37138840005090196,-0.592462083470862,-0.4242629202453546,-0.621015224858493,-0.17546404497632045,0.4602275568450739,-0.6650084863436785,-0.839647585244952,-0.14774889125783683,0,115.05
17356,1.5361966217926475,-0.4242629202453546,-0.2357343064383434,-0.3610013119221668,-0.45063098147688857,-0.4242629202453546,-0.09469447965810857,-0.1720035084175784,-1.0475445387259243,-1.2170954645603718,1.114419028541788,-1.1543548642551609,0,0.0
14543,-1.1107824954350742,1.6194512347416634,0.2837354581360826,-0.23191670262568004,-0.1953349978877363,1.6194512347416634,-0.8436893862894249,-0.5880664808263352,1.6944705746390163,-0.9479671238793098,-0.8125678464126364,-0.3553047199534869,1,365.23
15832,0.7929561800094941,-0.4242629202453546,-0.1237984881050167,0.843334010074514,0.045777875502018596,-0.4242629202453546,1.747428128543237,0.8626969226462974,-0.19295220089550164,-0.36055685399238563,-0.8924989761294845,-0.6741429620284256,0,0.0
16059,-0.3936206656443122,0.08666561850139992,-0.1054742392407867,-0.2550639852852599,0.6840178344748993,0.08666561850139992,0.6421545636224296,-0.4090502626914095,-0.998543336055933,-0.2551564006775932,-0.5983694083290528,-0.3460420053130908,0,508.56
12682,-1.1368611074274655,2.6413083122351724,1.088469296903921,0.08009766573448393,1.3931733444447667,2.6413083122351724,-0.11685535314023009,-0.12555946512919808,0.7038677798791417,0.29430911142930727,0.05173662076752902,0.42313203026388946,1,4059.9
13631,-0.6544067855682256,1.108522695994909,0.2469237911384485,-0.1350236263158168,-0.6350114140690541,1.108522695994909,-1.0420718210188007,-0.5872678954666255,1.20527413323283,-0.41367549944068804,-0.46176465626551977,0.1352017541324687,1,52.5
15651,0.8711920159866681,-0.4242629202453546,-0.22738887819204257,-0.27121151841496627,-0.4931803120750806,-0.4242629202453546,-0.2525907032182239,0.0771551238118499,1.2395152851402058,-0.08127512783758203,0.9327693742036886,-0.1302067515267602,0,418.98
13240,-0.2632276056823555,-0.08364389441418492,-0.1719300231516047,-0.34944994337524593,-0.05350389589376284,-0.08364389441418492,-0.1824146038581727,-0.46845614028314814,-0.8722884062363123,-0.12330840028914658,-0.8866867149926563,0.46832483057715046,0,110.04
17001,-1.0455859654540958,0.5975941572481545,0.15398019586503334,-0.04135539441930034,0.11669342649900534,0.5975941572481545,-0.2601095710068008,-0.08301828262135406,0.7987423588138783,-0.6510805097900281,0.29844567379641573,0.20387913155835907,1,1518.48
16429,-1.1368611074274655,-0.4242629202453546,-0.2176616101974235,-0.1665542906671641,-0.6917438548666435,-0.4242629202453546,-0.9894397464987621,-0.7153077481400817,0.19090067594183846,0.03173939490954068,0.3121355434529336,0.20776209950375396,0,0.0
13930,-0.7456819275415953,-0.4242629202453546,-0.23033272375672545,-0.30288482235681374,-0.5782789732714647,-0.4242629202453546,-0.5683831503384545,-0.019739899832927767,-1.8256044560743783,0.20322531488935386,-1.741142519837948,-1.2324083954735592,0,127.34
12991,-1.0586252714502915,-0.4242629202453546,-0.21443051873179866,-0.13179046226447816,-0.4080816508786965,-0.4242629202453546,0.06320174390200677,0.5028011205371232,-0.5086239280578072,2.228541742206127,0.29690745183645195,-0.3975230696769207,0,200.2
15093,-1.0064680474655088,0.25697513141698475,0.4184520859979572,0.7859672927156367,0.003228544903826554,0.25697513141698475,-0.08416806475410092,1.522967298054282,-1.2491718689959097,0.39232749195080746,0.3834714316410069,-1.0322060651433342,1,569.9200000000001
16045,-0.9673501294769218,0.08666561850139992,-0.038149918907594,-0.0739757102944141,0.2868907488917735,0.08666561850139992,-0.002588349248041289,0.029572746129146583,0.6265376721221625,-0.00806030637643474,-0.6941577100086012,-0.39857932087817244,0,0.0
17663,-0.5109744196100733,0.08666561850139992,-0.09324844181193906,-0.2221791591805098,-0.2520674386853257,0.08666561850139992,-0.4631190012983777,-0.3787705678024164,-0.46615825124152804,0.9342605800119621,0.05955250941482892,0.14737412739959077,0,786.38
17194,1.0407029939372119,-0.25395340732976973,-0.22138900819011958,-0.4467862246191683,-0.35134921008110714,-0.25395340732976973,-0.3315388149982816,-0.5405506519236077,1.0094150728502005,2.436911388681671,0.8819593792471104,0.1375484820872999,0,0.0
13004,-1.0325466594579003,1.4491417218260785,0.3773181330470964,-0.11009431002140255,2.0172301932182504,1.4491417218260785,0.089517781162026,0.1979855253212602,0.30020708283991937,0.12425947512504919,-0.022433870524524373,0.12287591798555313,1,1870.82
12673,1.7317862117355827,-0.4242629202453546,-0.2284800726796444,-0.282951853940755,-0.3938985406792992,-0.4242629202453546,0.11583381842204521,-0.15470082562386808,-0.1316868385805839,0.46852628616556047,0.5369804271036466,-0.574949319396169,0,389.62
18156,2.2924763695719967,-0.4242629202453546,-0.2342623836560019,-0.345164659951243,-0.010954565295570795,-0.4242629202453546,1.5368998304630832,-0.5111360911743003,1.4917581371826436,-0.8011722150849173,-1.4906311833985904,-0.11254384114415193,0,488.76
14196,-1.1368611074274655,-0.4242629202453546,-0.20899834181221058,-0.07334480441335542,-0.6350114140690541,-0.4242629202453546,-0.7789114484186084,-0.2550563858273878,-2.0618218254294622,-0.559307540621817,-0.5681504329471677,2.802887823458994,0,0.0
13368,0.8190347920018853,-0.25395340732976973,-0.16006795721862435,-0.11690474089688933,-0.3087998794829151,-0.25395340732976973,-0.3315388149982816,-0.18065484981443353,0.15229509223653387,-0.03859700068546035,0.4067442628399247,-0.5005108853474792,0,0.0
13230,-0.719603315549204,1.4491417218260785,0.1070928264958979,-0.3523774076204484,3.563189204952561,1.4491417218260785,0.8307528306525676,-0.36233301914839167,-0.08065572578870461,-0.11128316630038497,0.3059891444510035,-0.0438414334738782,1,560.4
16321,1.4579607858154733,-0.08364389441418492,-0.22801266071065607,-0.5505839573985716,-0.6491945242684515,-0.08364389441418492,-0.9543516968187364,-0.673781309435177,0.7865933381057341,3.0647670001834095,1.2486826144228957,0.7016599727859683,0,150.0
16356,0.04971573822634068,-0.08364389441418492,-0.2300318804166857,-0.5578256596855066,-0.43644787127749124,-0.08364389441418492,-0.5508391254984417,-0.6391759438477564,-3.137125309197548,0.9016872402582505,-1.6915907263671777,-1.4170085181853418,0,0.0
13079,-0.6935247035568127,-0.4242629202453546,-0.2619807632569539,-0.6433911268586616,-0.7059269650660409,-0.4242629202453546,-1.0420718210188007,-0.732610430933792,0.16542777858073732,-0.07240751852758019,0.26081950654345953,0.1993084579946951,0,196.3
14246,-1.0847038834426828,-0.08364389441418492,-0.015482987931490569,0.2116295911373318,0.08832720610021064,-0.08364389441418492,0.2210979674621221,0.1809712205741117,0.14889470693661555,0.3029106668322553,0.3288006821178768,-0.12653098258757947,0,0.0
15643,-0.028520097750833362,-0.08364389441418492,-0.15316725687646926,-0.28215941177130927,-0.28043365908412043,-0.08364389441418492,-0.5157510758184162,-0.4626885793519114,-0.5307623776518033,-0.20952682394481217,-0.3157433819110476,-0.690466093901422,0,0.0
17597,0.25834463416547143,-0.4242629202453546,0.08145145571714138,3.051650890796004,0.05996098570141595,-0.4242629202453546,1.8000602030632753,3.3231384159119015,-0.4858609490650578,-0.0011746563001023352,0.18443831278025985,-0.5938183052441361,1,0.0
12684,-0.3023455236709425,0.08666561850139992,-0.03155856030491486,-0.056246340680314144,-0.1953349978877363,0.08666561850139992,-0.3315388149982816,0.3557283167905857,0.4443755245614615,1.3682610015213972,1.3057198152100205,0.05786148038728356,0,904.15
13184,-0.8239177635187694,0.9382131830793241,-0.015816125189387718,-0.38779804866742495,1.0102293690610382,0.9382131830793241,-0.17071858729816403,-0.155469833748033,-1.4904095179034507,0.49933866974472785,-0.1364719882737496,-0.7905397794452989,0,196.85
17394,0.33658047014264547,-0.4242629202453546,-0.23137462752759766,-0.3140948311999734,-0.6633776344678488,-0.4242629202453546,-0.8841755974586852,0.08753673348807607,-1.8619883255025584,-1.549639591850284,0.3292325850525738,6.155245271799612,0,0.0
15376,-0.9934287414693131,-0.25395340732976973,-0.09992988344864141,0.20661282263384065,0.6131022834779125,-0.25395340732976973,1.5632158677231025,0.1757804157359986,1.0946212037362695,-0.200469292934423,-0.32130874049267705,-0.4016711989643344,0,244.34
18114,1.2623711958725383,-0.4242629202453546,-0.22861604707062286,-0.2844148240997318,-0.3229829896823125,-0.4242629202453546,0.3789941910222374,-0.556123066437947,0.12709442251229036,-0.99481491968341,0.5986528521780421,-0.555688937093825,0,0.0
13736,0.8711920159866681,-0.4242629202453546,-0.20525734638041665,-0.03309483791450649,0.31525696929056823,-0.4242629202453546,2.9053337679840827,0.0425497582244293,-0.4279643074533711,0.24493812338210547,-1.0670757517376321,-0.6151538479242684,0,372.27
17277,0.4408949181122109,-0.25395340732976973,-0.08495060460248069,0.28719504770298104,0.23015830809418414,-0.25395340732976973,0.7211026754024873,-0.002437217039217469,-0.06694411643694922,1.1717248339221775,0.22699291884399195,-0.2758996438055008,0,0.0
14438,1.471000091811669,-0.4242629202453546,-0.2436072236759942,-0.4457072841269229,-0.592462083470862,-0.4242629202453546,-0.621015224858493,-0.4626885793519114,0.08649077724593598,-0.2911063590206436,-0.8783080883549309,0.07183230240477005,0,0.0
14437,2.240319145587214,-0.4242629202453546,-0.25531801809901106,-0.571705589068799,-0.6491945242684515,-0.4242629202453546,-0.8315435229386468,-0.5388203836442367,3.115349317331571,-1.040544554232636,-1.7890665904690337,0.017445295561650448,0,0.0
15805,-1.1368611074274655,1.2788322089104938,0.3371054065951144,-0.09698839714172806,1.407356454644164,1.2788322089104938,-0.15689602227269955,-0.03137988643960564,-0.03010269032664457,0.09934654290812925,0.4221633984138922,-0.27446532317651995,1,1939.68
16126,-1.202057637408444,-0.08364389441418492,0.3639943424110979,1.5725819643614742,-0.13860255709014693,-0.08364389441418492,0.18600991778209622,0.5039546327233705,-0.49053994756031866,-0.11945237154364581,0.39795460235374797,-0.5233456676709769,1,2581.07
15246,0.5843272840703633,-0.25395340732976973,-0.1786369599866155,-0.2167981720645233,-0.26625054888472305,-0.25395340732976973,-0.2262746659582047,-0.3190763121641159,0.017823655343654463,-0.7801854664225837,0.17831794151484884,-0.38072783116653414,0,0.0
16748,0.3105018581502541,-0.08364389441418492,-0.11132113805285895,-0.13208305629627345,-0.3371660998817098,-0.08364389441418492,-0.4982070509784033,-0.1789245815350625,-0.31524382776250265,-0.11563547515646651,-0.3527033593424768,-0.29453827558880635,0,605.7
15047,0.9885457699524292,-0.4242629202453546,-0.20762160110355404,-0.058532231553715376,-0.4080816508786965,-0.4242629202453546,0.06320174390200677,0.021786538871976947,0.02097906193217866,1.4776732508482104,0.38661246657115866,-0.2723864483081386,0,0.0
14818,-0.31538482966713816,-0.25395340732976973,-0.1964020141679467,-0.3123666976996821,-0.3938985406792992,-0.25395340732976973,-0.43680296403835844,-0.3969383847358123,2.1459383095873354,-0.8234763194459492,-1.8948479261630966,-0.22799023670879148,0,248.17
14937,-0.8239177635187694,-0.4242629202453546,-0.13692511587409642,0.7021025283522921,-0.5357296426732727,-0.4242629202453546,-0.41048692677833926,-0.15124028906512602,2.362737947025796,-0.3806928740241767,-1.8234772835722939,0.0317117340442516,0,862.3199999999999
12474,-0.7326426215453997,1.4491417218260785,0.39623387051208253,-0.09313452366801436,1.32225779344778,1.4491417218260785,-0.12539652312813093,-0.030121509509153946,0.5942553050724995,1.17502909092063,0.2731152701121643,0.08236733399453676,1,3427.71
18204,-1.0977431894388785,-0.25395340732976973,-0.03506160055249655,0.555576923367273,0.8825813772664621,-0.25395340732976973,2.4053290600437176,0.8229007522207638,-0.1367843076476326,0.8091676403046614,0.7763490969253268,-0.1629930338117182,0,616.48
16738,1.353646337845908,-0.4242629202453546,-0.2653886214308507,-0.6800568164680175,-0.7059269650660409,-0.4242629202453546,-1.0420718210188007,-0.7360709674925341,1.6297334238537369,5.914462020569954,3.210714113127475,0.6852647592881681,0,0.0
12377,1.58835384577743,-0.25395340732976973,0.010702280411179618,0.801767370432586,0.30107385909117085,-0.25395340732976973,0.9316309734826411,0.8869206785574917,0.99455092586504,-0.11234064356703363,0.09664975342066758,-0.21986383091704412,0,0.0
17865,-1.12382180143127,1.4491417218260785,0.9266971645971143,0.3824770750153401,1.3364409036471774,1.4491417218260785,0.045657719061994013,0.2723870613342145,-0.5425292282710207,-0.03502670066255373,-0.8721768565781014,-0.6584519227468788,1,3508.98
15205,-0.8630356815073564,-0.4242629202453546,-0.18507024835978225,0.18410136931258528,-0.37971543047990186,-0.4242629202453546,0.16846589294208367,-0.0681874116553166,0.40416068265422833,0.13404187594770137,-0.06260989249791675,-0.11614420798172223,0,176.94
15665,-0.32842413566333384,-0.25395340732976973,0.11167856283164529,1.344977334024162,0.5847360630791179,-0.25395340732976973,1.9316403893633713,2.115411156910923,-0.9574990730593705,0.2694523733634313,-0.6942625931731027,-0.4322707956574797,1,0.0
17522,-0.719603315549204,0.08666561850139992,-0.11097270367597675,-0.2698536992361659,0.045777875502018596,0.08666561850139992,-0.21311664732819507,0.0598524410181396,-0.3955712883913362,-0.2029447959442563,0.33466237198950416,1.5758173063280978,0,158.45999999999998
14808,-0.64136747957203,0.4272846443325696,0.045664695691507155,-0.12799283556013424,1.3506240138465746,0.4272846443325696,0.5281184021623461,-0.03069826560227769,-0.018285037996045323,0.2734968181882445,-0.0548499259947275,-0.0186244937168379,1,884.78
17651,-0.4979351136138776,0.08666561850139992,-0.07090105065463491,-0.1620693727735509,0.017411655103223903,0.08666561850139992,-0.17364259143816624,-0.15643109390323912,-0.24402625939062758,0.11231208889469223,-0.3188776611016063,-0.2480537135030147,0,2796.99
15100,1.8230613537089524,-0.08364389441418492,-0.11713404326718664,-0.15293038106169277,-0.7059269650660409,-0.08364389441418492,-1.0420718210188007,-0.6541716022689721,0.16542777858073732,-0.07240751852758019,0.26081950654345953,0.1993084579946951,0,0.0
18263,-0.4979351136138776,-0.25395340732976973,-0.12811397533869445,0.05499425278288351,-0.08187011629255754,-0.25395340732976973,0.089517781162026,1.0668685796120787,0.4946714266086422,0.5834961974715417,0.8713791687582488,-0.016853299599911716,0,401.76
17682,-1.0195073534617045,0.25697513141698475,0.05680269799252739,0.007758603774920427,-0.16696877748894162,0.25697513141698475,-0.15785296908215465,-0.06195844584958085,-1.0972764744226133,0.007741135693281335,-0.865897836501019,0.037035089608608636,1,574.98
16418,0.4278556121160152,-0.4242629202453546,-0.24122597215398453,-0.42008701921784186,-0.46481409167628596,-0.4242629202453546,-0.14732655417814702,-0.4453858965582011,-0.277145035035432,-0.008665286390365047,1.0095712086955786,-0.20702825334706512,0,485.21
14055,-1.1368611074274655,-0.4242629202453546,-0.1426904300515816,0.6400725936116766,-0.5782789732714647,-0.4242629202453546,-0.5683831503384545,0.0010233195195245904,-2.1057599610707123,0.38321825553669264,-1.5293104945937515,-0.5623890009367375,0,0.0
17870,-0.9151929054921392,0.4272846443325696,-0.16377835841244812,-0.5035647060599571,0.11669342649900534,0.4272846443325696,-0.533295100658429,-0.5220944569436501,-1.6305360477396427,0.772570182134871,-0.7388920512729062,-1.0876558469048583,0,1264.32
13895,-0.6544067855682256,-0.25395340732976973,-0.10671500555846483,0.17011171716736967,-0.16696877748894162,-0.25395340732976973,0.089517781162026,0.00794439263700871,-0.061361152376899986,-0.384698256087258,-0.6591206975354724,0.27549495667388163,0,1655.77
14276,-0.17195246370898576,-0.25395340732976973,-0.1435810623124903,-0.028212175008921432,-0.1953349978877363,-0.25395340732976973,0.036885706641987544,0.13944478186920697,0.14037901400410424,0.34037496155589336,0.020162889608344087,1.0837923999754264,0,399.34
12600,-1.0586252714502915,0.7679036701637393,0.06312720685291139,-0.2442380061088317,-0.35134921008110714,0.7679036701637393,-0.7723324391036036,-0.5111360911743003,1.5670287996061403,0.05168599352112507,-0.3197302964746999,0.3364984553867601,1,662.48
17548,0.5191307540893849,-0.4242629202453546,-0.2484683081534729,-0.49800846731034315,-0.6491945242684515,-0.4242629202453546,-0.8315435229386468,-0.5457414567617208,-0.21199589396835683,2.9892178559397373,0.9783338345685777,-0.16518588820595959,0,0.0
13900,-0.14587385171659442,-0.08364389441418492,-0.140088220144232,-0.23525293104911593,-0.12441944689074957,-0.08364389441418492,-0.34031082741828794,-0.2504423370823984,-0.7891747857647193,0.5943477149143798,-0.33020034093010836,-0.11089921334848796,0,0.0
18282,-0.8760749875035521,-0.4242629202453546,-0.24899350923862706,-0.503659189549391,-0.6208283038696568,-0.4242629202453546,-0.7262793738985699,-0.4869123352631058,1.731270534584636,0.033407855205696134,0.47551467294314703,-0.06658269080600045,0,77.84
16384,0.9103099339752551,-0.4242629202453546,-0.19649209720196995,0.06121187595853493,-0.37971543047990186,-0.4242629202453546,0.16846589294208367,-0.054345265420348364,0.018123500765505132,0.44092810812297667,-0.39543837043885505,-0.1824423406946457,0,175.4
15023,-1.0064680474655088,0.7679036701637393,0.5885679468711775,0.46242458438529943,3.1235127887712433,0.7679036701637393,1.6553219981331697,0.2021670069964068,-0.21861542754410082,-0.22863260710666258,0.053733413051791426,-0.17480607556703165,1,1692.44
17243,-1.0455859654540958,1.960070260572833,0.3984247578867224,-0.2103190429729548,0.9534969282634489,1.960070260572833,-0.3543460472902982,-0.42854461863898974,-0.12652056849241625,-0.2572142826974397,-0.2014553000082924,-0.23416211270299953,1,4630.78
15596,0.2713839401616671,0.08666561850139992,-0.029823187140052696,-0.0515785515168288,0.003228544903826554,0.08666561850139992,-0.10785249828811817,-0.26284259308455743,1.501959072884516,-1.1698214787109407,-1.0746251312722483,-0.6392724823874545,0,0.0
17370,-0.31538482966713816,-0.4242629202453546,-0.24721054503692247,-0.48447599333980784,-0.6066451936702594,-0.4242629202453546,-0.6736472993785315,-0.47653072558687964,0.16542777858073732,-0.07240751852758019,0.26081950654345953,0.1993084579946951,0,335.48
18095,1.549235927788843,-0.25395340732976973,-0.16743606952976772,-0.15654208864166666,-0.43644787127749124,-0.25395340732976973,-0.5420671130784354,-0.021470168112298797,0.40265162099673707,0.7941228471578179,0.7032922214719598,0.02529892113583275,0,0.0
15529,-0.6674460915644214,0.7679036701637393,0.13972668033071992,-0.14121976211725823,3.2511607805658196,0.7679036701637393,1.4316356814230065,0.12949573926282354,0.0271507827773921,0.844828396665529,0.7042300101285475,0.2706499935618627,1,1575.37
14895,-1.0847038834426828,1.108522695994909,0.7676700153081845,0.42525554160562073,1.8753990912242766,1.108522695994909,0.4158366431862643,0.09307359198206336,0.9674102370435747,-0.5456276919327518,-0.3550929781061458,-0.1046034220449025,1,5057.0
15007,-0.44577788962909487,-0.4242629202453546,-0.23935632427803116,-0.399971179531911,-0.54991275287267,-0.4242629202453546,-0.4631190012983777,-0.5076755546155581,1.2082134338924497,0.7101990681642538,-0.6028674627094793,-0.16456261055129878,0,0.0
16185,0.5060914480931892,-0.4242629202453546,-0.20908672516634655,-0.0742957350166903,-0.45063098147688857,-0.4242629202453546,-0.09469447965810857,-0.21699048368122514,1.203664589476778,-0.6634470029181235,-0.12326693564580589,-0.5343999201115821,0,194.41
17604,0.3105018581502541,-0.25395340732976973,-0.21344470439720506,-0.4040492088500588,0.08832720610021064,-0.25395340732976973,0.563206451842372,-0.45403723795505624,-0.8668917124544397,-0.0505730057616735,-0.9453780813776573,-0.21627956801652126,0,0.0
13126,0.7799168740132983,0.25697513141698475,-0.08289909097859367,-0.29285616191702785,0.14505964689780004,0.25697513141698475,-0.39996051187433157,-0.011434612091946805,-0.5411423110242848,-0.8129410366904587,0.020751839806481324,-1.123562683807689,0,1022.22
16212,1.1710960538991686,-0.4242629202453546,-0.18135644780618398,0.2240587417796388,-0.29461676928351777,-0.4242629202453546,0.48425834006231433,-0.22391155679870928,-0.1012946823923831,-0.2189399771818322,-0.4415306903768892,-0.23567552887866353,0,192.19
12465,-0.31538482966713816,-0.4242629202453546,-0.1910803164410286,0.11943808828581114,-0.35134921008110714,-0.4242629202453546,0.27373004198216055,0.27094517110140526,1.7274762631944525,0.2602743196789283,-0.26711250792450864,0.16869241108387267,0,301.25
18118,-0.602249561583443,2.4709987993195877,0.4247341028611604,-0.27402570406799803,4.314894045520621,2.4709987993195877,1.4404076938430121,-0.3506056452548769,-0.01096877916036837,-0.24553445654597528,-0.43519626050346,-0.08778875425854711,1,1561.02
14209,-0.9412715174845304,0.25697513141698475,0.05289003489212322,-0.0006607894899909731,0.045777875502018596,0.25697513141698475,-0.24206428831421625,-0.29173807335005364,-1.0210834504600952,-1.1840352492556152,0.7915149495376597,1.2370384544036384,1,197.1
13940,-1.0064680474655088,-0.25395340732976973,-0.19955831971853344,-0.32934629510730645,-0.3655323202805045,-0.25395340732976973,-0.38417088951832,-0.3311881901197131,-1.3385271284183873,0.7004120892482244,0.4559256473124896,-0.9837958456931548,0,448.08
15746,-0.7717605395339867,-0.4242629202453546,-0.2325627037687716,-0.32687753296403316,-0.3229829896823125,-0.4242629202453546,0.3789941910222374,-0.13047706971267367,-0.5513976207507946,-0.1208201340418003,-0.43598199815217653,-0.5315362885028613,0,0.0
17816,0.9885457699524292,-0.25395340732976973,-0.26240398354887423,-0.6674295552833491,-0.5640958630720674,-0.25395340732976973,-0.8052274856786276,-0.7083866750225976,1.1088379734173932,-0.2683703922754692,0.2084084882519644,-0.08121709646500702,0,15.25
17690,-1.202057637408444,1.2788322089104938,0.3281022022324555,-0.10579448001911437,1.32225779344778,1.2788322089104938,-0.20952809679273798,-0.35320978640261713,1.204883878313361,-0.8405636788927954,-0.2858994581458978,-0.17412726706227336,1,1231.27
12997,0.5582486720779719,-0.25395340732976973,-0.16260557929025918,-0.13055608119284146,-0.29461676928351777,-0.25395340732976973,-0.2262746659582047,-0.22737209335745134,-1.402370458747026,0.27760546528955515,-0.3518024409845811,1.2219947833236857,0,618.42
14016,-0.41969927763670356,0.08666561850139992,0.4718407309357485,1.2977919746154136,1.4640888954417535,0.08666561850139992,1.0237371038927083,1.0919574696629588,-0.5307601524487527,0.3021716470073292,0.5364393820354786,-0.4860970415660402,1,0.0
16705,-0.64136747957203,0.9382131830793241,1.126764784443107,0.9781141997762484,0.428721850885747,0.9382131830793241,-0.28183074461824525,0.5950820954369115,0.597136689571504,-1.0614533161524766,0.6858630079614255,-0.034821738800450926,1,5840.56
16293,0.1801087981882974,0.08666561850139992,-0.07400636580860469,-0.17042201802495902,0.102510316299608,0.08666561850139992,-0.29206475910825275,-0.3026387635100911,-0.3694322633192922,-0.275130182501934,0.09443994597130334,0.5125928557698125,0,1119.25
13592,0.15403018619590605,-0.08364389441418492,-0.23109588002609188,-0.5616415735168377,-0.54991275287267,-0.08364389441418492,-0.8666315726186725,-0.6645532119451982,0.9859091371412375,-0.8647676527951106,-0.43201350265979366,0.5046587568292036,0,42.45
16271,-0.8891142934997478,-0.08364389441418492,-0.11842070094181997,-0.15754483277146536,0.003228544903826554,-0.08364389441418492,0.2210979674621221,0.028707611989461066,0.09945003164442914,-0.10481141993756588,-0.8791441177152529,-0.018956665240806615,0,536.21
13546,0.0888336562149277,-0.4242629202453546,-0.23504763576390234,-0.353613312619334,-0.35134921008110714,-0.4242629202453546,0.27373004198216055,-0.3761751653833599,0.998799882352087,0.5217257690240079,-1.0446199535421412,-0.38167837108048264,0,438.83
17422,-0.6674460915644214,0.08666561850139992,-0.04571689376554335,-0.09432928263117869,0.3719894100881576,0.08666561850139992,0.023727688011977933,0.4266693162447979,-0.9978245646354769,0.4326851991859894,-0.003309642919875703,-0.36559078729872563,0,683.19
14608,2.201201227598627,-0.4242629202453546,-0.23135253168906364,-0.3138570985491397,-0.7059269650660409,-0.4242629202453546,-1.0420718210188007,-0.5803468223491414,4.240977272907547,-1.409965265225355,-2.5712599695922225,-0.05194985852464294,0,1581.15
12849,0.9755064639562334,-0.4242629202453546,-0.15234291213116258,0.5362199994513113,-0.2520674386853257,-0.4242629202453546,0.6947866381424681,0.9457498000561068,-2.570967442767574,0.6558384074908922,-1.2198376696584694,-1.395008834115659,0,341.44
12688,-1.0455859654540958,-0.4242629202453546,0.5623656817296351,8.225883749065117,1.7052017688315084,-0.4242629202453546,7.905380847387735,9.732052122702196,1.2463243623229856,-0.07734988014431578,-0.15940271626112604,-0.20121275155489954,1,0.0
16976,0.9624671579600378,-0.4242629202453546,-0.22327565286494522,-0.22695667110591833,-0.6917438548666435,-0.4242629202453546,-0.9894397464987621,-0.44192535999945903,1.4020926060577656,-0.4782695065522867,-0.5985328535816806,0.1230678619516135,0,0.0
16728,-0.3545027476557252,-0.08364389441418492,-0.17283085349183677,-0.35268066914298624,0.8825813772664621,-0.08364389441418492,1.3965476317429808,-0.3773286775696072,0.3635629678098797,-0.40787616496650236,-0.9054849976172897,0.08117356488731416,0,499.97
18233,1.718746905739387,-0.4242629202453546,-0.19124008635042827,0.11771909834901341,-0.7059269650660409,-0.4242629202453546,-1.0420718210188007,-0.732610430933792,0.16542777858073732,-0.07240751852758019,0.26081950654345953,0.1993084579946951,0,0.0
17289,-0.17195246370898576,-0.4242629202453546,-0.23807476564305952,-0.3861826857835548,-0.29461676928351777,-0.4242629202453546,0.5895224891023912,-0.28966175141480843,-0.40263145296210756,-0.6836975384162858,0.2183172288961881,0.6098673264017902,0,766.57
13899,1.0537422999334074,-0.4242629202453546,-0.21529055675473718,-0.14104374852000634,-0.507363422274478,-0.4242629202453546,-0.30522277773826234,-0.324267117002229,1.6374084794677797,1.2059859643474093,0.31852464788689605,0.26550391399717216,0,90.02
16153,-1.0195073534617045,0.08666561850139992,-0.0920569662109906,-0.21897434017600126,-0.010954565295570795,0.08666561850139992,-0.35785485225830077,-0.28793148313543737,1.330157005175388,-0.7574688334421324,-1.4082071185083895,-0.5274144459229471,0,800.69
13962,0.675602426043733,-0.4242629202453546,-0.24603776591473356,-0.47185787571863297,-0.6208283038696568,-0.4242629202453546,-0.7262793738985699,-0.6426364804064985,-0.8820506355049408,0.03726826489493406,-1.1090387823650278,-0.6992959361357475,0,51.95
15974,-0.7847998455301823,0.25697513141698475,0.16690456172753262,0.2446793061704167,0.6982009446742966,0.25697513141698475,0.21057155255811444,0.3097031805593163,-0.759334410859008,-0.17777578392405144,-0.4652208322938974,0.12104818754090567,1,895.02
15955,-1.1368611074274655,0.7679036701637393,0.15271563402893396,-0.12375098406272599,0.24434141829358147,0.7679036701637393,-0.5091720665034113,-0.2693310991321988,0.23171268487302174,-0.6165624248909105,-0.42981857257593475,-0.14270853047837403,1,1952.61
12662,-1.12382180143127,0.5975941572481545,0.1850112515661971,0.00634004521005543,0.6414685038767072,0.5975941572481545,0.08575834726773746,-0.054345265420348364,0.9994062455158232,0.3543452599159319,-0.23554436384256025,0.11824290737426144,1,1196.12
16072,1.2362925838801468,-0.4242629202453546,-0.1667103062179204,0.38163891502842623,-0.3938985406792992,-0.4242629202453546,0.11583381842204521,-0.26197745894487195,0.5642855345793883,-0.4983212587670328,0.12067973009965753,-0.27654907103134,0,0.0
16349,1.2623711958725383,-0.4242629202453546,-0.25693271399187984,-0.5890783597066483,-0.592462083470862,-0.4242629202453546,-0.621015224858493,-0.7153077481400817,0.06937218854204613,-0.08429217710347404,-0.061422481753985916,0.0266249992796002,0,0.0
14552,-0.5500923375986603,-0.4242629202453546,-0.23811385828046583,-0.3866032897042606,0.08832720610021064,-0.4242629202453546,1.9053243521033523,-0.4350042868819749,0.10933673004673979,-0.19396195311623593,-0.7284675376487947,-0.07513982202138426,0,0.0
13167,-0.8239177635187694,-0.25395340732976973,-0.19505586769726033,-0.30512499541274696,-0.2520674386853257,-0.25395340732976973,-0.14732655417814702,0.026977343710090036,0.821128121102789,0.7768505833211607,0.1973910615587596,0.5093654848793565,0,373.78
13956,-0.719603315549204,-0.08364389441418492,-0.15111574325258226,-0.2748018910134551,0.6272853936773098,-0.08364389441418492,0.800050787182545,-0.3069644342085187,-0.8788085277650864,0.6416509079461399,-0.37165145337399924,-0.7612646612159355,0,343.2
17501,0.34961977613884115,-0.25395340732976973,-0.21697323984309522,-0.42303124666278263,-0.46481409167628596,-0.25395340732976973,-0.621015224858493,-0.4696096524693955,1.9396718232803514,-0.33574870263877205,-0.9778725558786122,-0.2629147997326663,0,0.0
12808,-0.11979523972420307,-0.25395340732976973,-0.21820550776133718,-0.4296603301956462,-0.4931803120750806,-0.25395340732976973,-0.6736472993785315,-0.5595836029966891,0.7457264915626042,0.3807846431706519,0.2524124146660184,0.2208795507284328,0,202.3
14081,1.4188428678268863,-0.25395340732976973,-0.10938010362164195,0.15577460960939718,1.0669618098586278,-0.25395340732976973,2.852701693464044,0.27786624421888934,0.8115491287650985,0.3399661089839152,-0.8308372866967197,-0.018627667280553022,0,0.0
15491,-0.18499176970518144,0.08666561850139992,0.14358835303450715,0.41486205298243983,0.6840178344748993,0.08666561850139992,0.6026805077324008,0.3046854025491403,-0.9099941070420519,-0.32770801794775667,-0.49375474949573317,-0.09364150520489724,1,299.16
14524,-0.19803107570137712,0.25697513141698475,-0.09115103683109686,-0.31061296222160867,0.8825813772664621,0.25697513141698475,0.33688853140620667,-0.45853593548142085,0.3129431277051722,-0.29421789849251256,-0.24744628406278857,-0.5214196449755647,0,814.96
15865,0.25834463416547143,-0.4242629202453546,-0.2126679506887408,-0.1128267115787415,-0.4931803120750806,-0.4242629202453546,-0.2525907032182239,-0.13047706971267367,0.8419364608933738,-1.0436033146909784,1.9826431326511913,-0.5545307900733513,0,581.2
13320,-1.1368611074274655,-0.08364389441418492,-0.0992619092529599,-0.08883400097152214,0.11669342649900534,-0.08364389441418492,0.1333778432620578,0.1613615134079066,-0.5762438063385005,0.37580015288097296,-0.6591206394754076,-0.5790949873606579,0,551.05
14865,2.3185549815643878,-0.4242629202453546,-0.25970319220806526,-0.6188863766958005,-0.6775607446672461,-0.4242629202453546,-0.9368076719787237,-0.41424106752952256,-1.3349062234393847,1.0085747760840993,0.440947985377923,3.0973002124241287,0,15.0
14090,1.7057075997431914,-0.4242629202453546,-0.2530540444892203,-0.5473471359218354,-0.7059269650660409,-0.4242629202453546,-1.0420718210188007,-0.497293944939332,4.240977272907547,-1.409965265225355,-2.5712599695922225,-0.05194985852464294,0,0.0
17736,-1.0455859654540958,-0.4242629202453546,-0.21376254453611715,-0.12460362135850465,-0.3938985406792992,-0.4242629202453546,0.11583381842204521,-0.009358290156701587,-0.3600159138743842,1.1578177918112948,0.28660017836115065,-0.1506009254456252,0,69.95
16804,1.001585075948625,-0.4242629202453546,-0.24596128031980818,-0.47103495500420856,-0.45063098147688857,-0.4242629202453546,-0.09469447965810857,-0.6287943341715302,0.4114858340896838,-0.8659065228923777,-0.41468621806414113,-0.6569286648781089,0,418.94
13355,-0.9282322114883348,-0.4242629202453546,-0.15134859939713283,0.5469179687388294,-0.26625054888472305,-0.4242629202453546,0.5895224891023912,0.3401559022762464,-0.3165815148708045,0.30823982820645557,-0.3409328053928179,-0.5117190442960211,0,0.0
18170,-1.0586252714502915,-0.25395340732976973,-0.1546102851007278,-0.08754475851892386,-0.3371660998817098,-0.25395340732976973,-0.30522277773826234,-0.31561577560537385,-1.406930643340958,-0.3937249278156895,-0.015239576410232082,0.5557867012838853,0,324.8
18048,0.12795157420351472,-0.25395340732976973,-0.23674221661147096,-0.5293800336569018,-0.6350114140690541,-0.25395340732976973,-0.9104916347187044,-0.5267085056886395,0.42167410689439166,-0.8522538543897411,-1.537234553441802,0.15420545371752623,0,0.0
18269,2.2533584515834097,-0.4242629202453546,-0.23736939848985897,-0.37859352808386265,-0.6208283038696568,-0.4242629202453546,-0.7262793738985699,-0.4834517987043637,-0.34102064663598,0.27962872412299666,-0.13223170326808256,1.4556243575213772,0,0.0
14704,-0.6674460915644214,-0.25395340732976973,-0.23075764372853302,-0.4971855465959187,0.07414409590081329,-0.25395340732976973,0.5105743773223336,-0.5716954809522863,-0.392753436236601,-1.1378004822990504,0.7099580833406695,-0.19625575355558314,0,1286.46
14114,1.0407029939372119,-0.25395340732976973,-0.20032827470744877,-0.3334883293699095,-0.507363422274478,-0.25395340732976973,-0.6999633366385507,-0.5716954809522863,-2.0165232906061927,0.31742868868119084,-1.1465734087566612,-1.0085562365025285,0,0.0
13520,-0.7326426215453997,0.25697513141698475,0.23503623000715967,0.39128720322687827,-0.15278566728954426,0.25697513141698475,-0.3368020224502854,0.16159221584515607,1.005812850898554,0.9317050426175282,0.43045586987547946,0.43193898498566413,1,676.37
16572,-0.8630356815073564,-0.08364389441418492,-0.09442631997378965,-0.0714917088786514,-0.15278566728954426,-0.08364389441418492,-0.09469447965810857,-0.13278409408516834,-0.14764249439134308,-0.3934893681269452,-0.4789793506554899,-0.2569768098130556,0,0.0
13848,1.353646337845908,-0.25395340732976973,-0.10710593193252779,0.16800869756384057,-0.6775607446672461,-0.25395340732976973,-0.9894397464987621,3.9252717771330206,0.16542777858073732,-0.07240751852758019,0.26081950654345953,0.1993084579946951,0,320.0
13109,-0.47185650162148624,-0.4242629202453546,-0.20316334075934891,-0.010565097466263837,-0.37971543047990186,-0.4242629202453546,0.16846589294208367,0.1532869281041752,0.6250195303233249,4.037946694702689e-05,0.058716253707393244,0.7677428381679973,0,416.69
15407,-0.13283454572039874,-0.08364389441418492,-0.14012561310175106,-0.23538703664702212,0.15924275709719737,-0.08364389441418492,-0.00697435545804443,-0.366947067893381,-0.6945481292687442,-0.3045159877004604,0.2592762017739848,-0.6269917819586265,0,306.01
15976,-0.3675420536519209,-0.25395340732976973,-0.19334089069104496,-0.2958991398476996,0.4570880712845417,-0.25395340732976973,1.4316356814230065,-0.2706288003417271,-0.6251412766026785,0.0026362341656770913,-0.036290112985903636,0.17215703451545966,0,0.0
17941,-0.8239177635187694,-0.4242629202453546,-0.21426055074307562,-0.12996174956575715,-0.6917438548666435,-0.4242629202453546,-0.9894397464987621,0.12560263563423874,1.6297334238537369,5.914462020569954,3.210714113127475,0.6852647592881681,0,0.0
16805,-0.2632276056823555,-0.25395340732976973,-0.18774044546262106,-0.26577109813627137,0.6131022834779125,-0.25395340732976973,1.4842677559430448,0.18616202541222476,-0.4955075669859748,0.4672920110703718,0.4035838833101139,-0.08516104817320805,0,0.0
17653,-0.9543108234807262,-0.4242629202453546,-0.2382804269094144,-0.3883954281490071,-0.6633776344678488,-0.4242629202453546,-0.8841755974586852,0.2813267807776314,-2.557832707416092,-0.3266324079453427,-0.5391633874946354,-1.6558080617230173,0,1044.32
17051,0.010597820237753656,-0.4242629202453546,-0.22508241258507106,-0.24639588709332247,-0.15278566728954426,-0.4242629202453546,1.1158432343027758,-0.1270165331539316,1.1169551869063574,-0.49776443153213373,-1.5606672875400012,-0.1818868188387024,0,0.0
16036,0.9103099339752551,-0.4242629202453546,-0.23394794287686432,-0.3417815414586092,-0.5640958630720674,-0.4242629202453546,-0.5157510758184162,-0.3069644342085187,-2.1777395105478536,-0.7625022948006405,-0.5596563272799476,1.9333648403394519,0,570.19
15410,-0.8369570695149651,0.4272846443325696,0.1933413826935129,0.13682000248715412,-0.11023633669135223,0.4272846443325696,-0.2876787528982495,-0.20603211791187534,0.5318185387774164,-0.2748673142575751,-0.22477650728573076,-0.4979105391434872,1,748.1700000000001
17648,-0.01548079175463769,-0.08364389441418492,-0.07780515035656442,-0.011881770609342894,0.15924275709719737,-0.08364389441418492,0.045657719061994013,-0.41308755534327524,0.8391528295830065,-1.130327924344105,0.47129268567022714,-0.6341974785311514,0,690.11
18224,0.9103099339752551,-0.4242629202453546,-0.23900958958103619,-0.39624060562652014,-0.5782789732714647,-0.4242629202453546,-0.5683831503384545,-0.5076755546155581,-0.08280147610704514,-0.04567350357615795,0.42941039197121245,1.2795969670248808,0,0.0
14527,-1.12382180143127,6.047498570546869,0.6069975758884157,-0.44606833765974735,2.9249492459796804,6.047498570546869,-0.2593384050797673,-0.6334083829165197,0.5213358001531008,-0.8546603036297911,0.24386261873789933,-0.2092233790985904,1,3370.73
12834,1.1580567479029729,-0.4242629202453546,-0.2129314010712615,-0.11566121626175906,-0.46481409167628596,-0.4242629202453546,-0.14732655417814702,-0.36579355570713373,-1.757493789873406,-0.5434655930830984,0.6432348671872852,-1.4319412011400972,0,0.0
15071,1.0667816059296031,-0.4242629202453546,-0.1659709454669752,0.3895938152678628,-0.54991275287267,-0.4242629202453546,-0.4631190012983777,-0.17546404497632045,-0.6845150390842187,-2.4198039931855844,3.014487194232816,-1.244087035655241,0,393.4
13362,0.675602426043733,-0.25395340732976973,0.002783471816573606,0.7591675081158806,0.5847360630791179,-0.25395340732976973,1.3526875696429488,0.5114524619339784,-0.15735409219960472,-0.18707693111703583,0.183168445143249,-0.7851685830989663,0,1509.21
14586,1.0798209119257989,-0.4242629202453546,-0.22568239958526332,-0.25285124291980754,-0.45063098147688857,-0.4242629202453546,-0.09469447965810857,0.7900256549127141,-0.3153114108444651,1.458002064590478,0.12152809780296477,-0.283064489226413,0,0.0
15412,-0.28930621767474685,-0.4242629202453546,-0.23364200049716288,-0.3384898586009114,-0.5782789732714647,-0.4242629202453546,-0.5683831503384545,-0.3727146288246178,-2.9583765176533263,0.43777709471389004,-2.050954234114364,-1.449242885751606,0,0.0
17406,1.8230613537089524,-0.08364389441418492,0.10525547253780194,0.6446443753584787,0.6840178344748993,-0.08364389441418492,0.8526828617025835,0.1532869281041752,0.23985667316141807,-0.2712823190795666,-1.3231667479693945,-0.2776605487190302,1,0.0
16905,0.5582486720779719,-0.08364389441418492,-0.1262817204202602,-0.1857374868767473,-0.09605322649195489,-0.08364389441418492,-0.11223850449812132,-0.4465394087444485,-0.8116389472399763,-0.7328251920287877,0.07634947072311978,0.28504371308899534,0,2215.42
15703,0.9233492399714508,-0.4242629202453546,-0.23007777177364092,-0.3001417533087323,-0.6491945242684515,-0.4242629202453546,-0.8315435229386468,-0.5180571642917843,0.8105403842277872,0.9526313450673201,1.5620905438276353,0.028548350657134503,0,0.0
16647,-0.31538482966713816,-0.25395340732976973,-0.22964265372250997,-0.4911873689441139,-0.54991275287267,-0.25395340732976973,-0.7262793738985699,-0.4938334083805899,1.953726028297029,-0.892992288785269,0.007380493944304535,-0.2074368637116598,0,0.0
15422,1.6926682937469957,-0.25395340732976973,-0.24942012889032186,-0.5975818737557009,-0.6350114140690541,-0.25395340732976973,-0.9368076719787237,-0.6807023825526611,4.240977272907547,-1.409965265225355,-2.5712599695922225,-0.05194985852464294,0,0.0
16791,-0.9282322114883348,0.25697513141698475,-0.13143345015845526,-0.39729394414098346,0.8542151568676675,0.25697513141698475,0.44215268044628353,-0.5145966277330423,-0.06670637972696337,-0.26400564140207516,-0.34288099560245394,-0.0053700347704056595,0,913.91
14829,-0.11979523972420307,-0.08364389441418492,-0.1756659195437369,-0.36284831174787496,-0.2520674386853257,-0.08364389441418492,-0.4982070509784033,-0.3265741413747238,-0.4281846023066502,0.13922765023246628,0.4796421137646061,-0.8723919273077945,0,165.92
13072,0.949427851963842,-0.4242629202453546,-0.23591617218627703,-0.3629580345097982,-0.6208283038696568,-0.4242629202453546,-0.7262793738985699,-0.5076755546155581,0.8338512638846974,0.8519541810698842,-0.7430017600523624,-0.33840987239138337,0,0.0
13258,0.15403018619590605,-0.4242629202453546,-0.2322244674712128,-0.32323839469357835,-0.54991275287267,-0.4242629202453546,-0.41048692677833926,-0.47999126214562166,-1.6651322640929005,-0.3119303157390578,-0.5308330072260127,1.642581759966377,0,473.96
14205,0.9233492399714508,-0.4242629202453546,-0.22814013670219835,-0.279294428543313,-0.5215465324738753,-0.4242629202453546,-0.35785485225830077,-0.3104249707672608,0.3079033088125084,-1.134052373471552,0.8458327595503585,-1.042279592535561,0,243.8
16810,-0.01548079175463769,-0.4242629202453546,-0.21341411015923492,-0.1208547603261266,-0.507363422274478,-0.4242629202453546,-0.30522277773826234,-0.35195140947216547,-0.28791730720316555,0.0609282309057314,-1.3415813286785667,-0.6941705014031109,0,0.0
17303,2.1881619216024313,-0.4242629202453546,-0.2235272054882553,-0.22966316590002542,0.03159476530262125,-0.4242629202453546,1.6947960540231983,-0.2481353127099037,-1.4497511253170436,-0.19772336317802855,0.0472210264165489,0.24534201933959374,0,0.0
16768,-1.1759790254160525,-0.25395340732976973,-0.2173318722993008,-0.42496053855993327,-0.15278566728954426,-0.25395340732976973,0.036885706641987544,-0.5941889685841096,1.177352102841806,-0.4454403021675549,-1.1586980780238616,0.15566305152163465,0,191.6
12565,1.2362925838801468,-0.4242629202453546,-0.24122427247409728,-0.42006873209085466,-0.592462083470862,-0.4242629202453546,-0.621015224858493,-0.4696096524693955,1.192847941411926,-0.6356614882354299,-1.1582938393045925,0.3625339771333448,0,0.0
12354,0.5060914480931892,-0.4242629202453546,-0.08256255436092207,1.2869979979112132,0.102510316299608,-0.4242629202453546,1.9579564266233906,1.0876317989645312,1.5489945491324941,-0.4968893036086852,-0.9606593025339161,-0.13432040675759446,0,0.0
17630,-0.31538482966713816,-0.25395340732976973,-0.1804301222676435,-0.22644463155027647,-0.37971543047990186,-0.25395340732976973,-0.41048692677833926,-0.4730701890281376,0.25237589507233066,0.22980052459512607,0.3110181015909047,0.07090380570996385,0,0.0
13065,2.3446335935567792,-0.4242629202453546,-0.23103639123003877,-0.31045569292951863,-0.5215465324738753,-0.4242629202453546,-0.35785485225830077,-0.49037287182184786,-1.2929692374191786,-0.26754898989681447,-1.1856468190325191,0.1509617484407464,0,0.0
15306,-0.5892102555872473,-0.4242629202453546,-0.207451633114831,-0.05670351885499439,-0.4789972018756833,-0.4242629202453546,-0.19995862869818545,0.21557658616153227,-1.2016173635781406,0.01411024033211054,-0.5126319542960854,0.12642560450722098,0,829.73
17624,0.3105018581502541,-0.4242629202453546,-0.19798781550273262,0.045119204209790216,-0.3655323202805045,-0.4242629202453546,0.2210979674621221,0.3332348291587623,-0.7084040575069201,0.6409538178059281,-0.5252009955716953,0.316429002840817,0,443.18
18161,-0.6935247035568127,-0.08364389441418492,-0.13493649040603695,-0.21677683708303824,-0.37971543047990186,-0.08364389441418492,-0.4631190012983777,-0.3000433610910346,-1.382567117024454,0.8018694599235698,-0.46225377980832677,-0.4182377744130412,0,847.4300000000001
15775,0.675602426043733,-0.4242629202453546,-0.24819635937151602,-0.49508252699238964,-0.6208283038696568,-0.4242629202453546,-0.7262793738985699,-0.5111360911743003,-0.3591438947634202,-0.4715269607488024,-1.5326034467713685,0.4749067943973379,0,0.0
15361,2.1881619216024313,-0.4242629202453546,-0.19482301155270976,0.07916983465997501,-0.6208283038696568,-0.4242629202453546,-0.7262793738985699,0.4162877065685717,-2.1537774407398684,-1.1723198702328352,-0.19520525225406923,5.481170699518449,0,0.0
14735,-1.0847038834426828,3.152236850981927,0.3282347772636594,-0.39628964837616776,0.21597519789478678,3.152236850981927,-0.8100122197259038,-0.5386630865279303,0.8218831674917747,-0.6422048011625653,0.6930824517368955,-0.11048871747646478,1,2569.38
13299,0.9755064639562334,-0.4242629202453546,-0.24180556299553008,-0.42632292952048045,-0.6491945242684515,-0.4242629202453546,-0.8315435229386468,-0.6426364804064985,0.062355610353195486,-1.7328746755981803,1.5862398681698524,-0.9214660718516728,0,0.0
16358,-0.11979523972420307,-0.4242629202453546,-0.1874752954002131,0.15822508462568324,-0.4080816508786965,-0.4242629202453546,0.06320174390200677,0.018326002313234887,-0.526942028184404,-0.03882170045853053,-1.4954589902379216,-0.6810425898060639,0,1565.35
15569,-1.1759790254160525,0.25697513141698475,-0.03219933962240068,-0.1837588197367312,-0.3371660998817098,0.25697513141698475,-0.7683850335146007,-0.28550910754431796,1.3088426928622527,-1.1640266333732496,-1.3396327725716866,1.8537540528991925,0,0.0
17706,-1.0977431894388785,1.2788322089104938,1.0515318535946319,0.6017959743613563,2.6696532623905282,1.2788322089104938,0.3120079143603703,0.1812858148067245,0.7374356522865413,-0.7108938915027747,-0.16068609593053487,-0.2096960917281819,1,2476.99
17658,0.2322660221730801,-0.4242629202453546,-0.2120441681701273,-0.10611533597443544,-0.592462083470862,-0.4242629202453546,-0.621015224858493,0.0010233195195245904,-0.4308233995935433,0.980430161207217,0.4396597006964467,0.9242364345755271,0,277.82
16392,0.9885457699524292,-0.4242629202453546,-0.22899167632570078,-0.2884562791639052,-0.13860255709014693,-0.4242629202453546,1.1684753088228141,-0.050884728861606304,-0.06868357714699126,1.7618447261127623,0.6908149481876417,-0.3536375705928651,0,0.0
13319,-1.0455859654540958,2.4709987993195877,0.9062551145933954,0.013794371632199065,1.5208213362393428,2.4709987993195877,-0.12685852519813204,-0.1748872888831968,0.5641072137296819,-0.34865604302071823,-0.7205462795265186,0.07524320428364714,1,3948.48
12944,2.0968867796290613,-0.4242629202453546,-0.2172536870244882,-0.16216538019023377,-0.5215465324738753,-0.4242629202453546,-0.35785485225830077,-0.24467477615116162,0.8381843720556998,-0.16425330730069232,0.32822347231825566,-0.3902162612714989,0,317.56
12490,-0.719603315549204,0.08666561850139992,0.08966770829201273,0.2698268488468784,0.2727076386923762,0.08666561850139992,0.27373004198216055,0.25623789072675146,0.7509749844540836,0.742807721878155,0.0978692734193216,0.07421345338987459,1,2901.16
16532,-0.7587212335377911,-0.25395340732976973,0.5016854100756256,3.4430502697032574,-0.6917438548666435,-0.25395340732976973,-1.0157557837587814,1.9112394999451414,-2.011711209096305,-1.3517496864723366,0.0022192846855884282,6.227747720218327,1,2232.0
17678,0.9103099339752551,-0.4242629202453546,-0.21535684427033916,-0.1417569464725075,-0.4931803120750806,-0.4242629202453546,-0.2525907032182239,-0.030121509509153946,-0.11307781980976278,0.4592164619396964,0.10739901171281055,-0.7919882666229248,0,0.0
14408,-0.8239177635187694,0.25697513141698475,0.07204202786143439,0.04055107988838521,0.11669342649900534,0.25697513141698475,-0.10522089456211622,0.14636585498669108,-2.396477082446284,0.5463976674551309,-1.3107738922694883,-0.6242699066209466,1,610.02
15577,-0.5500923375986603,-0.08364389441418492,-0.22202468846794368,-0.5291087746065913,-0.16696877748894162,-0.08364389441418492,-0.41048692677833926,-0.6437899925927458,1.5749800259886302,-0.643528268784317,-1.3438567750503172,-0.27126272327262974,0,0.0
14593,0.06275504422253635,-0.25395340732976973,-0.20830657209810785,-0.3764082164088911,0.045777875502018596,-0.25395340732976973,0.5895224891023912,-0.5422809202029788,0.9292332956112743,-0.35143385428519114,-0.2832519816377787,-0.03711399207876747,0,277.56
16022,0.8711920159866681,-0.4242629202453546,-0.1635981923444017,0.41512264454200765,0.24434141829358147,-0.4242629202453546,2.6421733953838906,0.1359842453104649,1.1866977558831762,-0.7201410393414395,-0.3024005406425142,-0.008350033099713482,0,0.0
16963,-0.08067732173561605,-0.4242629202453546,-0.24723604023523094,-0.48475030024461596,-0.6208283038696568,-0.4242629202453546,-0.7262793738985699,-0.6253337976127882,-0.03692343925190662,-0.40936911428075656,-0.40323654123001484,1.013328179960991,0,0.0
15467,-0.6283281735758344,-0.25395340732976973,-0.19760368784821858,-0.3188311970896608,-0.20951810808713367,-0.25395340732976973,-0.06837844239808935,-0.33983953151656826,-1.1137279158856503,0.7829296780201146,-0.2343105921024412,-0.10488044407365432,0,122.32
15140,-1.0195073534617045,0.25697513141698475,0.027697379603595515,-0.054871148730875945,0.03159476530262125,0.25697513141698475,-0.49469824601040074,0.12975527950472918,0.010556212468068692,1.1548176024663082,0.4263619648310195,1.1451630586088977,1,626.14
15544,-0.9673501294769218,0.5975941572481545,0.20518815150750813,0.037352400133650904,0.6272853936773098,0.5975941572481545,0.4090696621765452,0.34707697539373056,1.7863936751793312,0.7467003296450541,-0.651578614985909,-0.07672457197127125,1,774.34
13565,1.8361006597051481,-0.4242629202453546,-0.24729892839105844,-0.48542692394314274,-0.5357296426732727,-0.4242629202453546,-0.41048692677833926,-0.47653072558687964,-1.5216333272932707,0.581891070237017,-1.3401314186729987,-1.0548144104439259,0,130.04
17311,1.6013931517736257,-0.4242629202453546,-0.17144561438374403,0.3306909792420597,-0.37971543047990186,-0.4242629202453546,0.16846589294208367,0.6723674119154841,-0.011061371111507455,0.28391627657436036,0.8835787966472728,-0.39086731680439896,0,828.39
12935,-1.0977431894388785,0.08666561850139992,-0.005067349582543217,0.015009449625349098,0.102510316299608,0.08666561850139992,0.11583381842204521,0.3505375119524726,1.0726208025717567,0.9127674598584584,-0.01212055152019752,0.1319829270149925,0,625.36
17697,0.5582486720779719,-0.4242629202453546,-0.20841535161089056,-0.06707231985674242,-0.45063098147688857,-0.4242629202453546,-0.09469447965810857,-0.4246226772057487,0.5439420101529837,-0.3689090924115122,-1.5459818538786512,-0.53285184324081,0,0.0
16967,-0.054598709743224706,-0.4242629202453546,-0.2118028136261406,-0.10351856394225172,-0.4222647610780939,-0.4242629202453546,0.010569669381968322,0.4059060968923455,0.14854431185594638,0.7729681222001062,0.4145693875242236,0.9658304869057239,0,0.0
17139,-0.9282322114883348,0.5975941572481545,0.898564063103678,1.1030869742475555,2.2299768462092104,0.5975941572481545,1.0556922919941598,0.8355069925418958,0.015226288194719677,-0.853765312066959,0.26872629884992727,-0.6124884532464763,1,3798.95
16628,-1.1368611074274655,0.08666561850139992,0.009294945464552925,0.053641005385829964,0.1876089774959921,0.08666561850139992,0.05004372527199716,-0.016279363274185707,0.29370909781678317,0.036799927275056384,-0.4463803092654659,-0.5198740759849703,0,568.21
14342,-0.7326426215453997,-0.25395340732976973,-0.19468363780195688,-0.3031225550076475,-0.5640958630720674,-0.25395340732976973,-0.8052274856786276,-0.44192535999945903,-0.4465083999494602,0.6478682513135459,0.06218805800915019,-0.17118331288073407,0,248.82
16113,-0.13283454572039874,-0.4242629202453546,-0.23859656736843923,-0.39179683376862817,-0.29461676928351777,-0.4242629202453546,0.48425834006231433,-0.13739814283015778,0.7809271378790551,-0.28054832136047164,-0.27823975988159605,-0.14665452017236558,0,0.0
15483,-0.41969927763670356,0.08666561850139992,-0.22773901224881202,-0.5839305334597488,0.32944007948996556,0.08666561850139992,0.010569669381968322,-0.49469854252027545,-0.049963982396511966,0.1685681702432315,0.19973267568459047,-0.22005319831998216,0,0.0
17950,2.240319145587214,-0.25395340732976973,-0.22129552579632186,-0.44628332862702,-0.20951810808713367,-0.25395340732976973,-0.06837844239808935,-0.4246226772057487,-0.9250474378848579,1.0246038926265173,0.11113123773658978,0.4186293079179891,0,219.03
17924,1.4058035618306906,-0.25395340732976973,-0.18066807745185573,-0.22772473043938118,-0.6917438548666435,-0.25395340732976973,-1.0157557837587814,-0.5595836029966891,0.16542777858073732,-0.07240751852758019,0.26081950654345953,0.1993084579946951,0,2460.3
15350,2.3446335935567792,-0.4242629202453546,-0.24636920349274344,-0.475423865481139,-0.6491945242684515,-0.4242629202453546,-0.8315435229386468,-0.5699652126729152,-2.5498392563416337,0.33446281170976044,-2.191772262605577,-1.625741707725456,0,0.0
14690,-0.5500923375986603,-0.4242629202453546,-0.2298976057055945,-0.298203317848088,-0.3229829896823125,-0.4242629202453546,0.3789941910222374,-0.45576750623442724,-1.4117129287841998,0.0617893845767797,-0.9669532516221472,-1.0802418158830378,0,142.49
17266,-0.602249561583443,-0.4242629202453546,-0.2468094205835361,-0.4801602313708263,-0.4789972018756833,-0.4242629202453546,-0.19995862869818545,-0.6530180900827246,-0.9755131266262883,-0.5702449523163616,0.37206275066799405,-1.1907652555442216,0,183.52
13118,0.19314810418449307,-0.08364389441418492,-0.13010260080675393,-0.19944064069916323,-0.15278566728954426,-0.08364389441418492,-0.2525907032182239,-0.43039023813698557,0.5691869921755385,-0.6209833289662045,-0.2965392128993507,-0.31581331778865823,0,398.11
13953,-1.0195073534617045,0.25697513141698475,0.1766318297221517,0.2656107517199773,-0.6066451936702594,0.25697513141698475,-0.9683869166907468,0.6709831972919874,0.06956735858320219,-0.043523531359252784,0.20977166665509042,0.17543497921642315,1,911.32
16309,-1.1368611074274655,-0.25395340732976973,-0.1459317195965298,-0.040857723320576994,-0.16696877748894162,-0.25395340732976973,0.010569669381968322,0.061582709297510634,0.14031375575737612,0.6493003012681187,0.24351008402559968,-0.22896623131575417,0,0.0
14456,-0.8108784575225737,-0.08364389441418492,-0.15781588136804417,-0.2988311758746489,2.4001741686019784,-0.08364389441418492,3.133406090904249,-0.08202955789028483,0.31086158296178046,0.7327721189548616,0.34127051288653854,-0.04351021457717454,0,2380.63
14570,1.1319781359105816,-0.25395340732976973,-0.22896278176761783,-0.48752994354667195,-0.3087998794829151,-0.25395340732976973,-0.3315388149982816,-0.5820770906285124,0.5226257677419457,0.21155989973318215,0.5074056101120035,0.2936880054468799,0,0.0
16216,0.9624671579600378,-0.4242629202453546,-0.11051718946619904,0.986229620352572,-0.1953349978877363,-0.4242629202453546,0.8526828617025835,0.13252370875172284,-1.0114727704411306,-0.4096092943518347,0.5922798120656853,-1.17960214349218,0,0.0
12406,-0.13283454572039874,-0.4242629202453546,0.009534600328652413,2.27788597371318,-0.03932078569436549,-0.4242629202453546,1.4842677559430448,1.997752913913693,0.33768778665999766,-0.5833696182299061,-0.7189034798016507,-0.28414108793738996,0,1794.05
14056,-1.12382180143127,2.3006892864040025,0.6405781514204251,-0.11313221417076316,3.1660621193694354,2.3006892864040025,1.1715713132063459,-0.16345394750774506,0.7682420427193418,-1.188050547471729,1.5314627093179154,-0.5312834978390119,1,2818.74
17838,1.2884498078649296,-0.08364389441418492,0.015271019948054718,0.3219253497061903,0.1876089774959921,-0.08364389441418492,0.2210979674621221,0.43243687717603474,-0.08756076774209598,-0.12921973986423974,-0.9800107106167093,-0.5489600574130589,1,1065.8
14075,0.8842313219828637,-0.4242629202453546,-0.21368945830096622,-0.12381727489805462,-0.46481409167628596,-0.4242629202453546,-0.14732655417814702,0.1878922936915958,0.7116240020062394,0.5232833012587532,0.3313051532966625,1.2025285380926352,0,634.34
14530,-0.8499963755111608,0.08666561850139992,0.06668123749710998,0.20799807250312177,0.6840178344748993,0.08666561850139992,0.7605767312925161,-0.026660972950411886,-1.4451040239901343,-0.38117241432509563,0.5438256399144404,0.06128797983246503,1,904.64
16965,0.4278556121160152,-0.4242629202453546,-0.23183014173737534,-0.3189957812325457,-0.35134921008110714,-0.4242629202453546,0.27373004198216055,0.26056356142517906,-0.9268075329635362,-0.32991704679809464,0.22428781238428683,-0.7022540740951555,0,0.0
14834,-0.9543108234807262,-0.25395340732976973,-0.1930587438297647,-0.29438130830776116,-0.46481409167628596,-0.25395340732976973,-0.5420671130784354,-0.4350042868819749,-1.2200297320441071,0.6964772688477884,-0.05097587159467955,-0.2998216616109988,0,1291.0
14591,0.25834463416547143,-0.4242629202453546,-0.2313491323292892,-0.31382052429516527,-0.2520674386853257,-0.4242629202453546,0.8526828617025835,-0.43154375032323283,-1.4967359751074523,-0.2071650622576012,-0.7954687243437443,-0.9810590828278812,0,1116.19
15916,-0.028520097750833362,0.25697513141698475,-0.12207161333959068,-0.3771488450518731,0.1876089774959921,0.25697513141698475,-0.36838126716230846,-0.4744544036516344,0.3662609228989593,-0.03001292886398417,-0.20487481835560692,0.4743609985044312,0,655.91
12408,-0.23714899368996412,-0.08364389441418492,-0.012472854851205679,0.22242509176878142,0.102510316299608,-0.08364389441418492,0.045657719061994013,0.10022536753679682,0.20884027176702658,0.045417159331725264,0.784432949913355,-0.23514153124037662,0,1396.78
14962,1.001585075948625,-0.4242629202453546,-0.24449105721735395,-0.45521659016027205,-0.6491945242684515,-0.4242629202453546,-0.8315435229386468,-0.5941889685841096,0.5104524750766888,3.328015898308523,1.594484134195499,0.21043211881733045,0,0.0
16107,-1.1759790254160525,-0.08364389441418492,-0.01207343007770657,0.22385758338277958,-0.4931803120750806,-0.08364389441418492,-0.7789114484186084,-0.16969648404508372,0.03529718803856919,-0.5095467673274935,-1.4406144674169807,0.4297952783597103,0,1710.04
12623,1.0798209119257989,-0.4242629202453546,-0.2141687680291652,-0.1289742447084478,-0.46481409167628596,-0.4242629202453546,-0.14732655417814702,-0.0854900944490269,0.7489520498125541,0.36198782180971767,-0.48620335819670546,0.7659946392157495,0,0.0
14713,-0.8760749875035521,0.7679036701637393,0.04363527790615419,-0.27045260264499704,0.9960462588616409,0.7679036701637393,0.5039953680073287,-0.25981462359565816,0.2549604405338576,0.5291141327468063,0.5644061296963401,0.03377137352007578,1,840.3199999999999
13637,-0.08067732173561605,-0.25395340732976973,-0.15067722584167687,-0.06638655259472205,0.3436231896893629,-0.25395340732976973,1.3000554951229102,-0.14085867938889984,-0.12945779266206,-0.6884006523325794,-0.9819784972271124,-0.21617426627699435,0,125.65
16509,1.3406070318497123,-0.4242629202453546,-0.20420864388999554,-0.021811680563397974,-0.5357296426732727,-0.4242629202453546,-0.41048692677833926,-0.5249782374092684,0.6059848211637717,-1.222144774666434,-0.018312848903422142,-0.7513916233458843,0,0.0
17694,-0.680485397560617,-0.4242629202453546,-0.21790466442129744,-0.16916934982633514,-0.507363422274478,-0.4242629202453546,-0.30522277773826234,-0.10971385036022131,0.08174320610874158,-0.7110234436690864,-1.089435331453815,0.18201642975723092,0,0.0
15266,1.8882578836899306,-0.4242629202453546,-0.2457488203339044,-0.4687490641308073,-0.6350114140690541,-0.4242629202453546,-0.7789114484186084,-0.6841629191114031,-0.9759643330138338,-2.1651464814762678,2.490293388145747,-1.5102139312546654,0,0.0
15104,0.036676432230145,-0.25395340732976973,-0.09715600587268154,0.22153511825540384,0.21597519789478678,-0.25395340732976973,0.6684706008824489,0.35226778023184363,0.5341919138298643,0.17754822603500253,0.6310536940121081,-0.39301150338116625,0,0.0
16218,-1.0325466594579003,0.4272846443325696,0.18192123353121242,0.11634146811597683,0.003228544903826554,0.4272846443325696,-0.4631190012983777,0.2640240979839211,-0.6752725493419962,0.15634603291107815,-0.80664277049002,-0.5355770574614718,1,449.2
13462,0.7668775680171027,-0.4242629202453546,-0.2402758510970228,-0.4098645152319915,-0.592462083470862,-0.4242629202453546,-0.621015224858493,-0.5318993105267525,0.06321566204420212,1.7505569758596233,0.8621544626640638,-0.4498093295545347,0,0.0
17602,-0.9021535994959434,-0.25395340732976973,-0.11143161724552894,0.14473832847261597,0.8116658262694754,-0.25395340732976973,1.8263762403232946,0.8125191425445375,-1.0120589463183742,0.30382580777768053,0.11471056779509263,0.5149954416777078,0,4144.87
16968,-1.12382180143127,-0.4242629202453546,-0.22297141016513097,-0.22368327537520777,-0.507363422274478,-0.4242629202453546,-0.30522277773826234,-0.4073199944120384,-1.6535148226315997,-0.004542649200585006,-0.5291011386828512,-1.1934732746731622,0,186.12
15223,0.4148163061198195,-0.25395340732976973,-0.13757269391113114,0.004110321940972048,-0.5215465324738753,-0.25395340732976973,-0.5683831503384545,-0.37790543366273094,0.17980750799110307,-0.25035616193026494,-0.363301794791913,0.3074191676119619,0,0.0
14603,1.0537422999334074,-0.4242629202453546,-0.1538471288313614,0.5200358920676307,-0.6917438548666435,-0.4242629202453546,-0.9894397464987621,0.6377620463280635,-0.5703252502178164,-3.3113874531989813,3.888547248883231,0.19708088327106849,0,0.0
16952,-1.0977431894388785,-0.25395340732976973,-0.23753766679869473,-0.5336592213719088,-0.4931803120750806,-0.25395340732976973,-0.6736472993785315,-0.5872678954666255,1.0520493499246892,-0.4890371191700219,0.7164813376396261,-0.3617391213988473,0,0.0
14758,-0.64136747957203,0.08666561850139992,-0.013783308044260256,-0.008434647172253952,0.045777875502018596,0.08666561850139992,-0.16048457280815662,-0.38396137264052954,-0.286013550809347,-1.1287364974432221,0.5101453477360992,-0.9329130549524446,0,0.0
13339,0.0888336562149277,-0.4242629202453546,-0.11983313492810838,0.8859978773356748,0.045777875502018596,-0.4242629202453546,1.747428128543237,0.3816823409811511,0.7790855096282233,-0.11441438196533738,-0.8099002831133477,-0.38553884344277356,0,0.0
12897,0.14099088019971037,-0.25395340732976973,-0.22922793183002577,-0.48895633945167427,-0.6775607446672461,-0.25395340732976973,-0.9894397464987621,-0.556123066437947,-2.48144939340685,0.31689479222825456,-2.195594058137008,-1.609892154377764,0,0.0
15932,-1.12382180143127,0.4272846443325696,0.0545251269436388,-0.11210437006274675,0.20179208769538942,0.4272846443325696,-0.4192589391983456,0.1238723673548677,0.7297897731043556,0.048538159213574544,-0.6657258017741942,-0.1452720021781912,1,609.92
13918,0.7668775680171027,-0.4242629202453546,-0.23233834602365722,-0.3244636322017214,-0.6066451936702594,-0.4242629202453546,-0.6736472993785315,-0.4003989212945543,0.012032701364595146,-0.1582488811800602,-0.18912635396109528,-0.7987020852616663,0,1014.64
14352,-0.47185650162148624,0.08666561850139992,-0.0826373402759602,-0.19363752573522194,-0.09605322649195489,0.08666561850139992,-0.4762770199283873,-0.28101041001795324,-0.029982859450697952,1.4974048417526156,1.0316779098767748,0.7495861574323092,0,0.0
13716,0.9885457699524292,-0.4242629202453546,-0.24252282790794127,-0.434040097109083,-0.4222647610780939,-0.4242629202453546,0.010569669381968322,-0.26889853206235603,-0.17852338052457734,0.3151007623043631,-0.1345497828012874,2.5508769601404495,0,0.0
15752,-1.0195073534617045,0.25697513141698475,0.008106869223378934,-0.0970266338617922,1.8044835402272899,0.25697513141698475,1.7684809583512524,0.16505275240389813,-0.13367377146820994,0.2797742506988392,-0.4201352740725201,-0.21647943010320522,0,1013.75
12609,-0.09371662773181173,-0.25395340732976973,-0.1299275337783692,0.04523807053520708,-0.12441944689074957,-0.25395340732976973,0.036885706641987544,0.14982639154543315,0.5932951957928148,0.7969211182446971,0.7118824879754306,-0.1900379191716494,0,326.12
15708,-0.719603315549204,0.4272846443325696,0.17407891053153177,0.10227866746281254,0.7407502752724887,0.4272846443325696,0.8439108492825772,-0.1760408010694441,-1.347707309359054,-0.4492270042472851,-0.1235139702462675,0.0026742663649966217,1,645.91
15939,-1.12382180143127,1.7897607476572481,0.7300289045255819,0.07856505324604085,-0.3229829896823125,1.7897607476572481,-0.816505787361493,0.3836597904432894,-1.5834880943836667,0.8338703641917202,-0.07006507344103884,1.2626998566109797,1,254.76
17376,1.5361966217926475,-0.4242629202453546,-0.24803488978222918,-0.49334524992860457,-0.5357296426732727,-0.4242629202453546,-0.41048692677833926,-0.6253337976127882,1.4886178234654486,-0.9651231727381957,-0.3933061942718798,-0.21353364170327893,0,97.35
12437,-0.21107038169757278,0.9382131830793241,0.1549388153214312,-0.18366697772119547,0.102510316299608,0.9382131830793241,-0.580079166898463,-0.11471240316729313,0.2644265599990956,1.6835816397314478,0.14197719128842015,-0.03393782721985889,1,2474.68
13835,-0.4979351136138776,-0.25395340732976973,-0.17469540232812839,-0.19559424832285338,-0.3229829896823125,-0.25395340732976973,-0.19995862869818545,-0.24294450787179062,0.005297631337294645,0.27222571183793043,0.17453348707087254,-0.6278881140577143,0,297.23
16552,0.636484508055146,-0.25395340732976973,-0.20148405703076536,-0.33970595254556085,-0.4789972018756833,-0.25395340732976973,-0.6473312621185122,-0.36752382398650474,1.5209630580508333,0.436707026805904,-0.7404523454706416,0.21197010387467322,0,0.0
18075,-1.1368611074274655,0.7679036701637393,0.06672882853395243,-0.23939420334809447,0.32944007948996556,0.7679036701637393,-0.39074989883332484,-0.30739700127836145,-1.379981902433522,-0.5375079806554702,-0.32596013767492316,1.0996587763388612,1,654.0
17456,2.240319145587214,-0.4242629202453546,-0.22355779972622541,-0.22999233418579518,-0.4789972018756833,-0.4242629202453546,-0.19995862869818545,0.021786538871976947,-1.1812946948292347,0.6939184137843866,-1.6659823872129305,-1.1651311384133616,0,0.0
15147,0.6104058960627546,-0.4242629202453546,-0.16005096041975203,0.45328787856431463,-0.3229829896823125,-0.4242629202453546,0.3789941910222374,0.5201038033308335,0.5551689319766514,0.5325133175799844,0.18442939759087293,-0.3256007524584215,0,0.0
15464,1.8882578836899306,-0.4242629202453546,-0.0884689419690474,1.2234502316306588,1.4782720056411507,-0.4242629202453546,7.063267655067119,0.45781414527347647,-0.07263336870795883,-0.4442233317330636,-0.5595400890440615,-0.40032816799898663,0,0.0
14185,1.7969827417165611,-0.4242629202453546,-0.23243182841745488,-0.32546942418601793,-0.6775607446672461,-0.4242629202453546,-0.9368076719787237,-0.725689357816308,0.1426748098173436,-0.31519536541211274,0.5649054616419044,0.07088043187495445,0,0.0
17284,-0.9543108234807262,0.25697513141698475,-0.012936867460419558,-0.14230921770752128,2.385991058402581,0.25697513141698475,1.6842696391191905,0.11037627477577365,-0.26723634507784066,0.15090150558741353,0.032409024420383535,-0.28443693556769367,0,158.44
15068,0.8190347920018853,-0.4242629202453546,-0.22524048281458345,-0.24809658990313296,-0.16696877748894162,-0.4242629202453546,0.9579470107426603,-0.2965828245322925,-0.11773540353104296,0.5996502068554217,0.5951413755363351,0.038721186198930876,0,313.4
16261,-1.0586252714502915,-0.25395340732976973,-0.19634082569200645,-0.3120375294139123,0.21597519789478678,-0.25395340732976973,0.8263668244425643,-0.4107805309707805,-0.36725730618186453,0.020879702548219452,-0.3463772224664297,-0.5411729333771264,0,318.55
16891,-0.680485397560617,-0.25395340732976973,-0.1991317000668386,-0.3270512606704116,0.5989191732785152,-0.25395340732976973,1.4053196441629872,-0.4938334083805899,0.19902450983173195,0.6063309678041132,-0.21864646012446945,-0.11708395604233243,0,348.86
14231,-0.13283454572039874,-0.08364389441418492,-0.10868493454776475,-0.12262861164388601,-0.05350389589376284,-0.08364389441418492,-0.2175026535381982,-0.2746660929935928,-0.14217295784298578,0.21063132955919583,-0.9128667501601587,-0.18266886608471866,0,0.0
12427,2.3185549815643878,-0.4242629202453546,-0.21444071681112203,-0.1319001850264014,-0.5782789732714647,-0.4242629202453546,-0.5683831503384545,-0.4730701890281376,-0.1644078806275785,1.8703333932399022,0.6526619952634527,-0.0811525452092975,0,522.3
18072,-0.1067559337280074,-0.4242629202453546,-0.22396912225893517,-0.2344178189167,-0.46481409167628596,-0.4242629202453546,-0.14732655417814702,0.25018195174895286,1.7775055300280125,-0.9439829925009849,-0.4277128768038567,-0.15025415246626175,0,0.0
17164,-0.5500923375986603,-0.08364389441418492,-0.05009526915504863,0.08749657314815126,0.03159476530262125,-0.08364389441418492,0.2561860171421478,0.17866419620161691,0.3266200681693983,0.6437431737963013,-0.6155963347964362,-0.31199694892129093,0,1196.93
15510,1.7839434357203654,-0.4242629202453546,-0.2235340042078042,-0.22973631440797426,-0.7059269650660409,-0.4242629202453546,-1.0420718210188007,-0.7395315040512761,4.240977272907547,-1.409965265225355,-2.5712599695922225,-0.05194985852464294,0,0.0
12763,-0.719603315549204,-0.25395340732976973,-0.18204821752028674,-0.23514930399618839,-0.4931803120750806,-0.25395340732976973,-0.621015224858493,-0.19968780088751487,0.6411302865583439,3.5907510667416838,1.8335234647356118,0.2475631723644498,0,0.0
13209,-0.8499963755111608,0.25697513141698475,0.44037455718345375,0.8331407654918433,2.116511964614032,0.25697513141698475,1.410582851614991,1.5063567225723205,0.45594904867124053,-0.1432905558946999,0.1996171149111779,0.16359934023378964,1,1735.53
13662,0.24530532816927578,-0.25395340732976973,-0.17824773329243976,-0.21470429602448768,-0.2520674386853257,-0.25395340732976973,-0.19995862869818545,-0.13566787455078677,0.062276359908150274,0.2762952756762665,1.2474722422128899,0.36365262786408736,0,364.82
16317,-0.9673501294769218,-0.08364389441418492,-0.03798844931830711,0.13091630832478326,0.1876089774959921,-0.08364389441418492,0.11583381842204521,0.28017326859138414,0.09145478837692085,-0.18255450104573115,-0.37219400429022537,0.06693318494819045,0,0.0
12700,-0.4848958076176819,-0.25395340732976973,0.09924370477666834,1.2780830235049483,0.8400320466682701,-0.25395340732976973,2.115852650183506,1.6343965752457765,0.7529525669245336,1.167021098454641,0.3316228509432824,-0.0004777360487170845,1,2790.94
13787,2.2272798395910183,-0.4242629202453546,-0.24794140738843148,-0.4923394579443081,-0.6208283038696568,-0.4242629202453546,-0.7262793738985699,-0.552662529879205,1.3741440392772164,-1.784686897017168,0.09460750669082013,1.0998581824891178,0,202.64
16617,0.5452093660817763,-0.4242629202453546,-0.24021636230096974,-0.4092244657874392,-0.6491945242684515,-0.4242629202453546,-0.8315435229386468,-0.43154375032323283,-1.7015261491876468,-1.4052150734606756,0.20095199592945603,6.390986865556732,0,0.0
18281,-0.17195246370898576,-0.4242629202453546,-0.2522891885399666,-0.539117928777591,-0.6208283038696568,-0.4242629202453546,-0.7262793738985699,-0.5595836029966891,-1.1191790363759655,1.326087756131287,-0.19259819169562184,-0.5725471096240792,0,0.0
16828,-1.0586252714502915,-0.4242629202453546,-0.246734634668498,-0.4793555977833891,-0.6208283038696568,-0.4242629202453546,-0.7262793738985699,-0.5457414567617208,-1.847261854529156,0.2195359041547492,-1.6436262139940192,-1.193208572915398,0,15.0
14770,0.5060914480931892,-0.25395340732976973,-0.11706265671192297,0.11444570261830281,-0.02513767549496814,-0.25395340732976973,0.27373004198216055,0.10137887972304431,0.029274224564726975,0.21867660374157286,0.5441343723847217,0.55173924940962,0,0.0
17299,-0.2632276056823555,-0.4242629202453546,-0.24025375525848877,-0.4096267825811578,-0.46481409167628596,-0.4242629202453546,-0.14732655417814702,0.0425497582244293,0.6625045855237247,2.566677669782657,1.6109370027380332,1.3146605463592695,0,388.42
14553,0.3235411641464498,-0.25395340732976973,-0.21294159915058491,-0.40134271405595173,-0.22370121828653103,-0.25395340732976973,-0.06837844239808935,-0.43154375032323283,-0.3905563659705151,0.09438127596221137,-0.9259229591673652,0.14189485677680044,0,546.95
17220,-0.8760749875035521,0.7679036701637393,0.10203967819116218,-0.19190482045318383,2.4852728297983626,0.7679036701637393,0.9382099827976459,-0.22780466042729408,0.6320560925989958,0.08671549663286392,-0.13204555353306038,-0.346284763079825,1,1022.05
16076,-0.9543108234807262,-0.08364389441418492,-0.11512842100025486,-0.14573744444672354,-0.02513767549496814,-0.08364389441418492,-0.12978252933813444,0.07254107506686036,0.5605068853687811,0.9696908213522994,-0.3098274183651777,-0.21006237418696744,0,1346.93
15150,-1.0977431894388785,0.25697513141698475,0.34069513051694483,0.6186473956334612,2.4710897195989654,0.25697513141698475,1.3790036069029679,0.9658209120968109,0.14462719788142547,0.5982905506383117,0.014745994334428832,-0.28407681401566953,1,1721.71
17398,-1.0325466594579003,-0.08364389441418492,-0.15497231691670785,-0.2886330547247816,-0.29461676928351777,-0.08364389441418492,-0.4280309516183521,-0.3888637994320808,1.7024343235615846,-0.5963943891519812,-1.2686492643622787,0.09546268817966956,0,0.0
15171,1.7969827417165611,-0.4242629202453546,-0.04685227993021321,1.6712105359124925,-0.6491945242684515,-0.4242629202453546,-0.8315435229386468,0.257103024866437,-0.25902708127036556,0.49768539478774393,0.14566696213931604,-0.06133663719454998,0,0.0
15906,-0.64136747957203,0.08666561850139992,-0.13044083710431276,-0.3222188873640414,0.07414409590081329,0.08666561850139992,-0.17364259143816624,-0.5370901153648656,1.1504559225368143,-0.8879140278973315,-0.14554502865119695,-0.17247903411226237,0,769.98
13703,1.627471763766017,-0.4242629202453546,-0.24911418651062042,-0.5049575755654829,-0.7059269650660409,-0.4242629202453546,-1.0420718210188007,-0.7118472115813397,-3.550272048597093,0.5914544480439515,-2.1358655914870086,-1.8575949712237902,0,0.0
17890,1.6796289877508,-0.25395340732976973,-0.1662734884869022,-0.15028789121204095,0.5280036222815284,-0.25395340732976973,1.3000554951229102,-0.050884728861606304,1.0663504517961981,-0.6322465673611051,-1.2012691332628578,0.32607860636472186,0,0.0
17799,-0.3936206656443122,0.7679036701637393,0.0957219680503271,-0.20040147682961623,2.4285403890007733,0.7679036701637393,0.7474187126625066,-0.27322420276078363,-0.16474709622490577,-0.25811765557158695,-0.09060315284049021,-0.2904209913278325,1,910.84
14415,-0.9151929054921392,0.7679036701637393,0.2958677731711326,0.06877360296774619,1.733567989230303,0.7679036701637393,0.9382099827976459,-0.05607553369971939,0.09024060742609234,-0.22643773398832168,-0.7075934905376399,0.22330374385976778,1,2549.69
17670,0.4408949181122109,-0.4242629202453546,-0.2310635861082345,-0.310748286961314,-0.5640958630720674,-0.4242629202453546,-0.5157510758184162,-0.36579355570713373,-0.3022176751147418,0.46679449228154773,0.10541762507234283,-0.08323983821213878,0,0.0
15649,1.8621792716975394,-0.25395340732976973,-0.1273321225905685,0.059200291989941804,-0.7059269650660409,-0.25395340732976973,-1.0420718210188007,-0.41424106752952256,-1.8726524078436275,-1.5273811146209704,0.19546449944973968,6.95852029256188,0,0.0
14248,1.627471763766017,-0.4242629202453546,-0.21459708736074723,-0.13358260070922476,-0.6066451936702594,-0.4242629202453546,-0.6736472993785315,-0.3934778481770702,0.013103387450009734,-0.02425931449001061,0.475134982720504,0.015026315973380158,0,0.0
17262,0.4408949181122109,0.08666561850139992,-0.10364538368212688,-0.2501447481257004,-0.6208283038696568,0.08666561850139992,-0.9631237092387429,-0.4635537134915969,-3.195772113234152,0.1638560547150177,-1.4331694541431534,-1.8427869632573224,0,298.0
16987,-0.3023455236709425,-0.08364389441418492,-0.15903965088685,-0.3032200863515792,-0.3087998794829151,-0.08364389441418492,-0.35785485225830077,-0.6276408219852828,-0.11907858543408854,-1.4168324850649094,2.5278084434002857,-0.6765499123327605,0,987.35
14665,1.3406070318497123,-0.08364389441418492,-0.14166722275946897,-0.2409158447061553,-0.13860255709014693,-0.08364389441418492,-0.37539887709831365,-0.43731131125446965,-0.5933931117316205,0.19234654431692985,0.4115826923056922,-0.617123316528727,0,1104.04
16526,-0.28930621767474685,-0.4242629202453546,-0.21667409618294264,-0.15592946988759518,-0.507363422274478,-0.4242629202453546,-0.30522277773826234,-0.37963570194210194,0.6553209224965507,-0.6371866273145997,-0.1860843370142817,0.6251921455419233,0,0.0
15750,-0.3023455236709425,0.08666561850139992,-0.07767087564547323,-0.1802787794710651,1.0527786996592303,0.08666561850139992,0.6421545636224296,0.1645336719200869,0.10023093114055537,1.314001403466228,0.5380319005424705,0.03667399911361944,0,1354.87
13754,-0.5500923375986603,-0.25395340732976973,-0.2179930477754334,-0.42851738475894563,-0.5640958630720674,-0.25395340732976973,-0.7789114484186084,-0.3761751653833599,0.1820374799037634,0.9627310184515214,-0.910957971156515,-0.3269444368930795,0,0.0
15918,-0.04155940374702904,-0.25395340732976973,-0.20921760051766328,-0.3813091664414633,-0.2520674386853257,-0.25395340732976973,-0.04206240513807012,-0.4817215304249927,0.9275662080790755,-0.20152741559241677,-1.005776263755224,-0.3752820236728861,0,0.0
14803,-0.4066599716405079,-0.08364389441418492,-0.12230956852380295,-0.17149181495371074,-0.22370121828653103,-0.08364389441418492,-0.32276680257827517,-0.31965306825723966,2.7772648715034682,-0.8953292263912185,-1.7483502597058513,-0.06244892085006938,0,0.0
17747,-1.0586252714502915,-0.4242629202453546,-0.25389028699373756,-0.5563444023995427,-0.7059269650660409,-0.4242629202453546,-1.0420718210188007,-0.7049261384638555,-0.18728785091610756,-3.8360951998395736,4.974748057540141,-1.791577766520346,0,0.0
16006,0.2322660221730801,-0.4242629202453546,-0.24879124733204663,-0.5014830214379131,-0.6066451936702594,-0.4242629202453546,-0.6736472993785315,-0.45576750623442724,-0.161740074511149,-0.4151606742033341,-1.7800124035338336,-0.08624559294516419,0,0.0
16656,-0.9543108234807262,1.108522695994909,0.7974637040514446,0.4573110465015009,-0.5357296426732727,1.108522695994909,-0.8262803154866429,1.4260722744095045,-1.3067626404598836,0.04225718310276445,0.5478630015834015,-1.1037661235242395,1,2368.8
16096,0.9233492399714508,-0.4242629202453546,-0.21153086484418376,-0.10059262362429809,-0.54991275287267,-0.4242629202453546,-0.4631190012983777,-0.21006941056374104,-0.13806267848118678,-0.529638350083463,0.4156678273095259,-0.31885103388977726,0,0.0
14397,-1.0977431894388785,0.9382131830793241,-0.12053340304164727,-0.5129835924098695,-0.5357296426732727,0.9382131830793241,-0.8900236057386895,-0.4957559286910022,-0.9661593427094778,-0.9178292101651278,0.10794035936786053,4.377742307469337,0,1756.96
14041,0.949427851963842,-0.4242629202453546,-0.24199082810323816,-0.4283162263620863,-0.4222647610780939,-0.4242629202453546,0.010569669381968322,-0.4211621406470067,1.8613994904915887,0.0026353769409320376,-1.698136788402863,-0.41216187504344165,0,0.0
18094,-0.7456819275415953,0.25697513141698475,0.142288097920776,0.19170881413926452,-0.22370121828653103,0.25697513141698475,-0.5052246609144084,0.7720308648072555,-0.9957632040044108,-0.2797465876523726,-0.1850397678677417,0.9869414180726372,1,615.0
16551,-0.8239177635187694,-0.25395340732976973,-0.16112685778836883,-0.12260118095340523,-0.45063098147688857,-0.25395340732976973,-0.5157510758184162,0.2865175856157445,0.1610465699681218,0.3846897955520453,-0.3695733973858728,-0.237754742233066,0,304.95
13026,0.34961977613884115,-0.25395340732976973,-0.22460140317698485,-0.46406755962208157,-0.6491945242684515,-0.25395340732976973,-0.9368076719787237,-0.1443192159476419,-1.1020262464329011,-1.3327263227995279,-0.027815445359198502,5.513096078380175,0,731.64
13345,1.2232532778839513,-0.4242629202453546,-0.19982346978094134,0.02536910706360353,-0.43644787127749124,-0.4242629202453546,-0.04206240513807012,-0.2585169223861299,-0.010840955174943122,0.7447514970631788,-0.17253900344869008,-0.2148282850528802,0,0.0
14019,-0.719603315549204,-0.4242629202453546,-0.20070900300218836,0.015841513903267223,-0.3655323202805045,-0.4242629202453546,0.2210979674621221,0.0598524410181396,1.8239825893465185,-0.29975574097171104,-0.9602427199071626,0.9272548090522493,0,1037.32
13575,-0.7847998455301823,-0.25395340732976973,-0.22884550385539892,-0.48689903766561315,-0.5357296426732727,-0.25395340732976973,-0.7525954111585892,-0.5509322615998339,-0.9707504436367087,0.26240499234081044,-0.2299516191995575,-0.21398471570467242,0,513.32
13081,-0.6544067855682256,0.7679036701637393,2.941290341973685,3.626589019710389,5.293528649279038,0.7679036701637393,3.852711109344775,4.732009362389763,0.24845226178646965,0.530762361278191,-0.14042244344730287,0.08348458614917476,1,9467.26
15303,1.2623711958725383,-0.4242629202453546,-0.1684609765017676,0.36280317423160013,-0.28043365908412043,-0.4242629202453546,0.5368904145823528,0.1117604893992705,-0.14967611431802,-0.48537221607306963,-1.0996854649648384,0.05594095435707593,0,0.0
12831,0.8972706279790594,-0.4242629202453546,-0.22947438541367415,-0.29364982322827277,-0.592462083470862,-0.4242629202453546,-0.621015224858493,-0.27928014173858223,-1.371289113395889,1.3537809323198866,0.19156702703200898,1.6369978480987104,0,0.0
12585,0.5321700600855805,-0.25395340732976973,0.08072569240529404,1.1784638992421224,0.3719894100881576,-0.25395340732976973,1.1947913460828334,1.4665605521467866,0.5424613691760294,0.7090160076034666,0.27370013206644433,0.4755689644709637,1,0.0
12881,1.0667816059296031,-0.4242629202453546,-0.2153755407490987,-0.14195810486936686,-0.6208283038696568,-0.4242629202453546,-0.7262793738985699,-0.673781309435177,1.3032993152518466,-0.4458464598874958,-0.5298818773977777,0.12915848506043698,0,0.0
17470,-0.8630356815073564,0.08666561850139992,-0.12725223763586868,-0.31364222480703996,0.045777875502018596,0.08666561850139992,-0.3315388149982816,0.3565934509302712,0.8867677631184888,0.028760399955231563,-0.6134297614723547,0.004975743815926141,0,308.6
16503,-1.1368611074274655,0.08666561850139992,-0.022643739296391855,-0.03226734541833517,0.2868907488917735,0.08666561850139992,0.010569669381968322,-0.2541912516877023,0.6793171692157628,0.09224836787814325,-0.2707114731967628,0.020531145976893105,0,0.0
14401,-1.12382180143127,0.9382131830793241,0.2041564458159594,-0.12482916259134702,0.3578062998887603,0.9382131830793241,-0.38709489365832217,0.5120292180271021,-1.7050405300295692,0.14343642167997156,-0.2085241380291803,-1.008778932222681,1,1285.18
14891,-0.602249561583443,-0.25395340732976973,-0.17179914780028796,-0.18001361612975061,-0.29461676928351777,-0.25395340732976973,-0.2262746659582047,0.12733290391360977,0.3590902093644847,0.5071962738785615,-0.2455244572960587,-0.12485882347603093,0,0.0
12348,0.71472034403232,-0.08364389441418492,-0.013242809840121005,0.21966373559371263,-0.4080816508786965,-0.08364389441418492,-0.6034712000184802,1.7036073064206179,0.44107774859596927,2.6980168375136193,1.1957226500059002,0.1341109728155901,0,310.0
15351,2.2924763695719967,-0.4242629202453546,-0.219340893926007,-0.18462197213052747,-0.02513767549496814,-0.4242629202453546,1.5895319049831216,-0.3000433610910346,0.11564520302036425,-0.358209791344689,-0.8073916046989046,0.43037124906158875,0,1659.99
13330,-0.1067559337280074,-0.25395340732976973,-0.1422519126406762,-0.021061908356922322,-0.4080816508786965,-0.25395340732976973,-0.38417088951832,-0.054345265420348364,-0.7190049890916138,-0.1606834967342065,0.28229459337058677,-0.4944047435060788,0,412.71
17637,-1.0195073534617045,-0.4242629202453546,-0.20841535161089056,-0.06707231985674242,-0.37971543047990186,-0.4242629202453546,0.16846589294208367,-0.002437217039217469,1.2446213634598697,-0.2994300742382981,0.1393222019521415,-0.14349378044462002,0,208.11
12919,-1.0064680474655088,-0.08364389441418492,-0.19095963916903524,-0.4176975012915131,-0.54991275287267,-0.08364389441418492,-0.813999498098634,-0.5122896033605476,0.6114837514460403,1.067094967674684,0.5821666110201001,0.21041998411581153,0,893.54
14760,1.353646337845908,-0.4242629202453546,-0.2508648567944676,-0.5237933163623091,-0.6491945242684515,-0.4242629202453546,-0.8315435229386468,-0.6080311148190779,0.43906931783868847,-1.3841726760520274,-0.4114301221829548,-1.1233904144806086,0,0.0
15797,-1.0455859654540958,0.08666561850139992,0.1091613369186572,0.32226061370095593,-0.6066451936702594,0.08666561850139992,-0.9894397464987621,0.008809526776694224,0.74497750502161,2.031565663470486,1.2158947335502408,2.2595981325924765,1,0.0
13976,0.16706949219210174,-0.4242629202453546,-0.20518086078549128,-0.03227191720008197,-0.5782789732714647,-0.4242629202453546,-0.5683831503384545,-0.2135299471224831,-0.08925465672754622,-1.8841070114274028,2.0091517213256864,1.2623210554828546,0,0.0
12779,-0.054598709743224706,0.5975941572481545,0.24377768366718516,0.09666539029330987,0.24434141829358147,0.5975941572481545,-0.31274164552683925,-0.061760700903366945,-0.22938827884117316,-0.7676151621037798,-0.15997215126135972,-0.37364593861103274,1,981.95
12990,-0.1067559337280074,-0.25395340732976973,-0.22117144916455406,-0.4456158484919869,-0.6491945242684515,-0.25395340732976973,-0.9104916347187044,-0.5215177008505264,1.7113258626357342,-0.5797570086543223,-0.8134175361286955,0.10400357931494618,0,145.6
16966,-0.3023455236709425,0.08666561850139992,-0.013358388072452678,-0.0072917017355533355,-0.6066451936702594,0.08666561850139992,-0.8052274856786276,0.3955244872161194,0.7474715730050181,0.4909666581453062,0.3191419444950499,0.2306399045332725,0,668.41
15454,2.201201227598627,-0.4242629202453546,-0.23558473460826715,-0.3593920447472923,-0.3938985406792992,-0.4242629202453546,0.2210979674621221,-0.44884643311694317,0.8488012647220653,-0.27549922781567515,-1.8026919115055453,-0.6132734013135798,0,0.0
14913,-0.13283454572039874,-0.08364389441418492,-0.11013986053123391,-0.1278465385442366,0.08832720610021064,-0.08364389441418492,-0.00697435545804443,0.8246310205001347,-0.22678594917903497,0.4108677114753885,1.0904177471959586,-0.36757618463181774,0,310.28000000000003
12791,2.3446335935567792,-0.4242629202453546,-0.2332901667605062,-0.33470442331455896,-0.6917438548666435,-0.4242629202453546,-0.9894397464987621,-0.4107805309707805,-3.1468448311164985,1.0060189007328926,-1.7194653029656313,-1.6595529361371888,0,0.0
13564,-0.64136747957203,-0.08364389441418492,0.027112689722388318,0.3643941542794874,0.24434141829358147,-0.08364389441418492,0.326362116502199,-0.012818826715443647,-0.5673135404568048,-0.15601450326902272,0.16714084064369925,-0.48855607990992794,1,0.0
18231,-0.01548079175463769,0.25697513141698475,0.08610857860815245,0.07081993247761494,0.7832996058706807,0.25697513141698475,0.2000451376541068,-0.17961668884681087,-1.1216063482001153,-0.024292562531758606,0.23496360123064605,-0.5252192002018989,1,0.0
12736,1.8100220477127567,-0.4242629202453546,-0.22625349202737272,-0.25899571758751005,-0.6633776344678488,-0.4242629202453546,-0.8841755974586852,-0.14777975250638398,3.236652715579159,1.407122152388225,-0.34742378393080053,0.23159422524951526,0,0.0
17908,2.3446335935567792,-0.4242629202453546,-0.2265883289651571,-0.2625982816039904,0.003228544903826554,-0.4242629202453546,1.747428128543237,-0.16162189874135222,0.37336142020472857,-0.30417143507689126,-0.4736753896113415,0.1727188396882474,0,0.0
13157,-0.680485397560617,-0.08364389441418492,-0.11760995363561114,-0.15463717958049902,-0.26625054888472305,-0.08364389441418492,-0.34031082741828794,0.1625150255941541,-0.7393107470168714,0.5381077243558867,-0.708600512478266,-0.4026734096705347,0,868.02
17404,-0.9151929054921392,1.108522695994909,3.3040326241466036,3.1541685246863027,0.5989191732785152,1.108522695994909,-0.36838126716230846,6.736265623799196,0.2443486209370196,0.7562086735574315,-0.13957957678947153,0.02464222763090855,1,10902.52
16085,0.5582486720779719,-0.25395340732976973,-0.21077960633402795,-0.3897121012920862,-0.03932078569436549,-0.25395340732976973,0.40531022828225666,-0.3588724825896496,-0.7882809507505399,0.7803891804434687,-0.04717426321423176,0.1283733175257328,0,656.47
13767,-1.1107824954350742,4.174093928475436,1.378647145651316,-0.05493946421240666,-0.010954565295570795,4.174093928475436,-0.5665034333913103,-0.2603707812568845,-0.32389468275157984,-1.1512899044257572,0.7621770136967055,-0.8754686640150068,1,7543.990000000001
15996,-1.0064680474655088,0.25697513141698475,-0.11649496362958804,-0.36514883232286593,0.5705529528797205,0.25697513141698475,0.052675328997999114,-0.5139045204212938,-0.90708042599536,-0.7963120164591745,0.7745092629207508,-1.0712619622675787,0,152.82
15730,0.16706949219210174,-0.4242629202453546,-0.18657786441975552,0.1678806876749301,-0.3087998794829151,-0.4242629202453546,0.4316262655422759,0.3401559022762464,0.8313533654071483,0.5466742561647832,0.19085175834128296,-0.12902148423151172,0,653.45
16016,0.036676432230145,0.08666561850139992,-0.13156942454943368,-0.3252545504439182,0.6840178344748993,0.08666561850139992,0.4974163586923239,-0.4869123352631058,0.23346551432021326,-0.31843618342141194,-0.5713474369357536,-0.2266152977573032,0,674.44
17373,-0.7717605395339867,-0.25395340732976973,-0.21719419822843514,-0.4242199099169513,-0.35134921008110714,-0.25395340732976973,-0.35785485225830077,-0.4003989212945543,0.11290275127313003,0.5008808039587728,-0.13732026164599545,-0.4592901372255683,0,359.62
17863,-0.6283281735758344,0.08666561850139992,0.037414449518891224,0.12927656260493003,0.13087653669840268,0.08666561850139992,0.06320174390200677,0.6524693267027173,0.4378887435120523,0.9866543717720798,0.14231814269445145,0.5249202151966548,1,1374.72
18191,0.8842313219828637,-0.4242629202453546,-0.23070665333191614,-0.3069079902939999,-0.6208283038696568,-0.4242629202453546,-0.7262793738985699,-0.26197745894487195,-0.7831834459828014,-2.018484873708535,2.719084882912065,2.27659030259656,0,0.0
14400,-0.5761709495910516,-0.4242629202453546,-0.16834539826943595,0.3640466988667305,-0.3655323202805045,-0.4242629202453546,0.2210979674621221,0.8246310205001347,0.1908607962811954,0.553276559207259,-0.8835927486226341,-0.5638248610453601,0,0.0
15525,2.3446335935567792,-0.4242629202453546,-0.21929670224893902,-0.18414650682886002,-0.09605322649195489,-0.4242629202453546,1.4316356814230065,-0.35541194603090753,-0.0575870259007886,1.0806555425752844,0.7411501092331125,-0.2005501458444231,0,459.44
16634,0.3756983881312325,-0.25395340732976973,-0.2289899766458135,-0.4876762405625696,-0.592462083470862,-0.25395340732976973,-0.857859560198666,-0.6045705782603358,-0.3848611169523673,0.4525271149228815,1.1474771495471947,0.3523346351841167,0,0.0
12749,-0.8239177635187694,-0.08364389441418492,0.20227490018079541,0.9925935405441211,0.8825813772664621,-0.08364389441418492,1.1509312839828008,0.49934058397838116,1.0906193950972403,-0.6824755259315604,-0.016727581401442357,-0.361049583234921,1,1335.65
13050,-1.1368611074274655,1.6194512347416634,0.500485436075241,-0.05252842709360679,2.2725261768074025,1.6194512347416634,0.22514658857904832,-0.025862387590702196,-0.34428472200927623,-0.06133780636815307,-0.10994688768316928,-0.29584345804929896,1,1327.12
13277,-1.0064680474655088,-0.25395340732976973,-0.24462703160833238,-0.5717970247037351,-0.6633776344678488,-0.25395340732976973,-0.9894397464987621,-0.5976495051428518,0.4724783666284511,1.1829805341505362,0.8793835860813306,0.30120874674884673,0,132.5
14447,0.036676432230145,-0.25395340732976973,-0.16387014112635856,-0.13735889243208357,-0.23788432848592836,-0.25395340732976973,-0.06837844239808935,-0.20487860572562794,0.08044323438341038,-0.41070373474779537,-0.3183306824468607,-0.5930664038883338,0,562.2
13642,0.2844232461578628,-0.4242629202453546,-0.21294839787013384,-0.1158440875316312,0.08832720610021064,-0.4242629202453546,1.9053243521033523,-0.22391155679870928,-0.01828899703322065,-0.22667548994512288,0.6268493003358035,-0.18661792328153357,0,0.0
12857,0.2192267161768844,-0.25395340732976973,-0.07797341866540022,0.3247293758442293,-0.1953349978877363,-0.25395340732976973,0.11583381842204521,-0.15297055734449705,0.8572795487921219,-0.29984978240064386,-1.087057165461571,-0.261403562740702,0,0.0
17830,0.8842313219828637,-0.25395340732976973,-0.21713470943238206,-0.4238998851946751,-0.507363422274478,-0.25395340732976973,-0.6736472993785315,-0.6339851390096434,-2.0674170152783997,-0.8430290423121313,0.26317074911302824,-1.047663831118821,0,111.05
13919,-0.9412715174845304,-0.4242629202453546,-0.2297973245922479,-0.29712437735584263,-0.4931803120750806,-0.4242629202453546,-0.2525907032182239,0.42320877968605586,1.8200800672126156,3.7538284844982814,1.7913306844865813,0.48658933048536906,0,171.66
14334,-0.9282322114883348,0.4272846443325696,0.07620624358514866,-0.07322593808793856,0.5138205120821311,0.4272846443325696,0.028113694221980887,0.07657836771872616,-0.4432108834639274,0.29156874469470884,0.834318300866585,-0.28439018301003444,1,538.7
14888,0.1801087981882974,-0.4242629202453546,-0.20327381995201887,-0.01175376072043254,-0.43644787127749124,-0.4242629202453546,-0.04206240513807012,-0.10971385036022131,-0.22435606298860797,-0.06020823455068896,-0.5053274322649498,-0.25280330560707764,0,0.0
18106,1.7709041297241697,-0.4242629202453546,-0.1943165069463151,0.08461939850216349,-0.2520674386853257,-0.4242629202453546,0.8526828617025835,-0.3104249707672608,-0.6479698760689353,-1.073669198424134,1.0617426186258867,0.8991321994330791,0,0.0
12364,-1.0586252714502915,-0.4242629202453546,-0.15997957386448836,0.4540559378977774,-0.23788432848592836,-0.4242629202453546,0.6947866381424681,1.1741452129330827,-0.11806391336258668,2.4862550713846963,0.46135587070510975,-0.2911985065540767,0,689.18
16272,-1.0064680474655088,-0.4242629202453546,-0.19605018043129005,0.06596652897520944,-0.3655323202805045,-0.4242629202453546,0.2210979674621221,0.028707611989461066,0.6593542804166123,-0.21697996441734993,-0.3121658370892699,0.05444020406399389,0,0.0
13610,-1.0847038834426828,0.25697513141698475,-0.13604128233273663,-0.4072092243934487,1.2655253526501906,0.25697513141698475,0.6105753189104065,-0.4945255156923384,-0.380815592111733,-0.10052410333630318,0.023135176989054783,-0.13760215027717346,0,317.57
14840,0.9624671579600378,-0.4242629202453546,-0.2553435132973195,-0.5719798959736071,-0.6633776344678488,-0.4242629202453546,-0.8841755974586852,-0.6391759438477564,0.16542777858073732,-0.07240751852758019,0.26081950654345953,0.1993084579946951,0,0.0
17574,0.636484508055146,-0.4242629202453546,-0.23447144428213126,-0.3474139765706698,-0.6066451936702594,-0.4242629202453546,-0.6736472993785315,-0.47999126214562166,-1.21037267155708,0.5246501382619485,-0.859244236645087,-0.1888672676896463,0,0.0
14068,1.6535503757584085,-0.4242629202453546,-0.22084001158654418,-0.20075121813324656,-0.4080816508786965,-0.4242629202453546,0.16846589294208367,-0.4938334083805899,0.4585162558364398,0.9800925381366564,-0.3748512390192779,0.8854436986171587,0,0.0
16496,0.1801087981882974,-0.25395340732976973,-0.06460713603222105,0.39663435915793843,0.2868907488917735,-0.25395340732976973,0.7737347499225258,0.610077753858127,-0.7365136592057734,-0.04856418060846593,0.04045441414017706,-0.6053729482024895,0,414.48
15061,-0.8630356815073564,5.7068795447157,5.950553186156307,1.1207927259312418,0.11669342649900534,5.7068795447157,-0.6708023223774483,1.048630616667357,0.19935730671084523,-0.5024112675203612,1.0302968605435534,0.5089502393516275,1,17959.14
17364,-0.7326426215453997,0.4272846443325696,0.1788499119749872,0.11083399503832891,1.449905785242356,0.4272846443325696,0.8439108492825772,0.11522102595801255,-0.06661911004185513,-0.10374751635174438,0.9587247306282228,0.18359683215657288,1,1845.27
15724,0.10187296221112337,-0.25395340732976973,-0.22893048784976044,-0.48735621584029337,-0.5640958630720674,-0.25395340732976973,-0.8052274856786276,-0.6201429927746751,1.050564301059962,-0.3629011597347945,-0.3542575480674513,0.1447396414860279,0,0.0
15076,-0.27626691167855116,-0.4242629202453546,-0.11630969852187993,0.9239070915801609,-0.02513767549496814,-0.4242629202453546,1.4842677559430448,1.2295137978729556,-0.2014238915833018,0.3524825552167923,-1.0080590460502556,-0.18208070057728346,0,0.0
17120,0.5191307540893849,-0.4242629202453546,-0.21376764357577882,-0.12465848273946634,-0.46481409167628596,-0.4242629202453546,-0.14732655417814702,-0.3311881901197131,-0.29119519772927066,-0.5669168070408761,-0.6555397317713093,0.4576922937916316,0,0.0
12967,2.1360046976176483,-0.25395340732976973,0.01627383108152062,0.8317399715646231,-0.45063098147688857,-0.25395340732976973,-0.5946991875984738,0.01140492919575077,1.7982765884463388,-0.3746767350195568,-0.7767198582084908,-0.08144416649796114,1,0.0
14071,0.8711920159866681,-0.25395340732976973,-0.20537972333229726,-0.36066300007290336,-0.4080816508786965,-0.25395340732976973,-0.3315388149982816,-0.23602343475430648,-1.3401609178686786,1.3853468170665435,-0.2725078188438519,-0.13627663845210675,0,1080.76
12645,-1.0977431894388785,-0.08364389441418492,-0.04322176369108928,0.11214762032691021,0.017411655103223903,-0.08364389441418492,-0.059606429978082874,0.2051949764853061,0.11880078073663349,0.30090879557962275,0.1692754061220891,0.06813034595238045,0,464.32
14077,-0.14587385171659442,-0.08364389441418492,-0.2132679376889331,-0.49770368186055636,-0.29461676928351777,-0.08364389441418492,-0.4982070509784033,-0.575732773604152,-0.14938581311015028,-1.0776173505837676,0.9906902026924863,0.42072844690310174,0,189.02
16324,-0.8499963755111608,-0.08364389441418492,-0.1965787808762187,-0.43784991523141836,0.6982009446742966,-0.08364389441418492,0.8526828617025835,-0.4350042868819749,-0.8909477480784255,0.7903984237147522,-0.26520249153988407,0.1045851562781012,0,0.0
14448,2.2142405335948228,-0.4242629202453546,-0.2486297777427598,-0.49974574437412805,-0.46481409167628596,-0.4242629202453546,-0.14732655417814702,-0.5941889685841096,-1.3505798663724824,0.4694812489508886,-0.5305831834790667,-0.6861436715285986,0,273.0
17252,-1.0064680474655088,-0.25395340732976973,-0.20672247044320918,-0.36788641523285126,0.49963740188273376,-0.25395340732976973,1.1684753088228141,-0.41424106752952256,0.19904499146310228,0.014721194326434518,0.5735183259559531,-0.08776301364164475,0,0.0
16477,-0.8108784575225737,0.4272846443325696,0.07378419974584546,-0.0775691307474009,0.6414685038767072,0.4272846443325696,-0.03329039271806365,-0.11259763082583983,-0.20473847002820078,-0.11822489951631421,-0.5677999128756333,-0.09112673482300597,1,495.2
14314,-1.1368611074274655,-0.4242629202453546,-0.24562984274179828,-0.46746896524170267,-0.6066451936702594,-0.4242629202453546,-0.6736472993785315,0.27786624421888934,0.3478427327533127,1.275917404342693,0.8216721808733691,0.22854247027025024,0,0.0
16767,-1.0455859654540958,0.4272846443325696,0.4528230126775285,0.6021207094042201,1.0669618098586278,0.4272846443325696,0.40531022828225666,1.2335510905248213,0.5178166017390365,0.5338535452401174,0.592850412923989,-0.0643837581047365,1,1346.24
12652,1.7969827417165611,-0.4242629202453546,-0.10965885112314772,0.9954646194811131,-0.03932078569436549,-0.4242629202453546,1.4316356814230065,1.0011183849959797,0.30492067808366524,0.15989341862338108,0.48857148112063,-0.36529689148782435,0,0.0
13425,-1.1107824954350742,-0.08364389441418492,0.010037705575272591,0.30315666170831723,0.21597519789478678,-0.08364389441418492,0.27373004198216055,0.5489416079870173,-0.3144547377114754,0.1379731577364687,-0.7095643370914315,-0.035429374663070466,0,0.0
15840,-0.27626691167855116,-0.4242629202453546,-0.22493793979465646,-0.2448414812994096,-0.4789972018756833,-0.4242629202453546,-0.19995862869818545,0.13944478186920697,-0.8025921605643715,1.5387976185340229,-0.49985711913843456,-0.6995947037758435,0,113.82
14414,-1.0977431894388785,0.25697513141698475,-0.07275880077137764,-0.27103596199588903,0.24434141829358147,0.25697513141698475,-0.32627560754627777,0.48965108161390336,0.14586404620205448,-0.4876472750910986,0.5653036011120282,-0.2317092180806552,0,359.9
14426,-0.6935247035568127,0.4272846443325696,0.22443022751084252,0.19256830910766345,1.4215395648435614,0.4272846443325696,0.4316262655422759,0.17808744010849337,-0.34684430910333824,-0.1862462989446161,0.09966321306018147,-0.4891494742459321,1,1596.09
17050,-0.08067732173561605,0.25697513141698475,0.17884651261521275,0.27037637701284395,1.605919997435727,0.25697513141698475,1.8316394477752989,0.17681857670362125,0.5791071117850447,0.5039057233788905,-0.12684542662062884,-0.41883161467309943,1,568.25
18190,-0.01548079175463769,-0.25395340732976973,-0.21767690731640854,-0.4268166819491351,-0.5215465324738753,-0.25395340732976973,-0.6999633366385507,-0.5042150180568161,-0.512233692913566,-1.2926252977134718,0.3551761055487826,0.7486948368744404,0,0.0
13414,-0.7847998455301823,-0.08364389441418492,-0.029685513069187052,0.16069384676895662,-0.3938985406792992,-0.08364389441418492,-0.6736472993785315,1.0691756039845735,-0.9189206322762624,-0.2772692730200602,0.21446910224709664,4.080640483463911,0,0.0
15024,-1.0586252714502915,0.25697513141698475,-0.1248471905954378,-0.38312142072589583,0.15924275709719737,0.25697513141698475,-0.28416994793024697,-0.4668412232224019,-0.8052225640257135,0.3352743136459455,0.5933157245471408,0.5382385030206119,0,805.81
14918,-1.0195073534617045,-0.25395340732976973,0.007647955653826781,0.7853363868345781,-0.16696877748894162,-0.25395340732976973,0.089517781162026,0.4214785114066848,-1.5019509554520718,-0.5462827167248502,0.1855824635099178,-0.6214441078441885,0,0.0
13030,2.279437063575801,-0.4242629202453546,-0.19763768144596314,0.04888635236915546,-0.010954565295570795,-0.4242629202453546,1.9053243521033523,-0.1443192159476419,-0.45497624609617704,0.26711763677078026,-0.13088311669138597,-0.26125617666035833,0,350.08
14092,-0.8108784575225737,0.9382131830793241,0.14832196152044363,-0.19157717609466296,0.5138205120821311,0.9382131830793241,-0.28183074461824525,-0.261208450820707,0.7708008497224356,-0.6055905612852308,0.06477259781433987,0.11260682538549942,1,1639.11
13993,-0.6283281735758344,0.25697513141698475,0.07873876661712184,0.054961335954306585,0.102510316299608,0.25697513141698475,-0.13680013927413937,-0.32841976087271946,0.7818212114569626,-0.8667366088741429,0.6677059977354349,-0.4911427229879491,1,1218.95
12981,-0.7847998455301823,-0.4242629202453546,-0.23421139325938503,-0.34461604614162666,-0.5640958630720674,-0.4242629202453546,-0.5157510758184162,-0.2827406782973243,-0.10664197304207429,0.4757901056852622,-0.45644527158115494,-0.31583054368577496,0,185.04
16235,-0.09371662773181173,-0.08364389441418492,-0.15294799817101656,-0.28137306531085926,-0.23788432848592836,-0.08364389441418492,-0.4631190012983777,-0.4569210184206747,0.055019966337928196,-0.5197833724168461,0.1331621513870638,-0.46733009725087804,0,202.02
16624,0.04971573822634068,-0.4242629202453546,-0.19354655195739978,0.09290346702736962,-0.4222647610780939,-0.4242629202453546,0.010569669381968322,-0.0681874116553166,-1.2389801115396821,0.07116990368305853,-0.2985656887694382,0.3817548341957744,0,384.14
13373,-0.45881719562529055,-0.25395340732976973,0.08335679687072657,1.1926181355302228,0.6272853936773098,-0.25395340732976973,1.6947960540231983,0.8869206785574917,0.012075104670024109,-0.5323999059071276,0.1106733237111962,-0.5079755701060852,1,1256.67
16227,0.4148163061198195,-0.4242629202453546,-0.21261865997201113,-0.11229638489611238,-0.6350114140690541,-0.4242629202453546,-0.7789114484186084,-0.4350042868819749,0.07673591093582861,-0.15165043237015907,-0.011752466781099296,0.31667511024187395,0,0.0
13618,-0.2632276056823555,-0.4242629202453546,-0.23588387826841967,-0.3626105790970412,-0.5357296426732727,-0.4242629202453546,-0.41048692677833926,0.10483941628178638,-1.8598318655774286,0.289433564639242,-1.0455049638277203,-0.9218164177708331,0,0.0
13792,1.2232532778839513,-0.4242629202453546,-0.2533463894298239,-0.5504925217636355,-0.6633776344678488,-0.4242629202453546,-0.8841755974586852,-0.6495575535239826,2.2492912808008203,4.176628736942916,1.8388516296939807,0.5103492266435736,0,120.95
15034,0.5060914480931892,0.25697513141698475,0.18275407667595528,0.27878479800156314,1.5208213362393428,0.25697513141698475,0.8316300318945682,0.17128171820963387,-0.7201192018955109,-0.17374707092581804,-0.16654313859214942,-0.7020896483489893,1,1633.78
16348,-0.8499963755111608,0.08666561850139992,-0.14054033499423527,-0.3493844145035417,0.9251307078646542,0.08666561850139992,0.9184729548526315,-0.4003989212945543,-0.3123610250051633,0.3493309828653697,-0.20284644161360998,-0.4212052399114445,0,677.36
13548,0.6495238140513416,-0.4242629202453546,-0.218263296877503,-0.17302793362063645,0.11669342649900534,-0.4242629202453546,2.115852650183506,-0.1789245815350625,-0.05080494500717717,-0.4700187366615083,-0.36920887828821286,0.2677447231276927,0,397.15
16721,0.8972706279790594,-0.4242629202453546,-0.21631546372673707,-0.15207088609329386,-0.1953349978877363,-0.4242629202453546,0.8526828617025835,-0.15124028906512602,-0.35683442185661596,0.28563027059511537,-0.7110172662818975,0.31677875513767423,0,0.0
12573,0.4408949181122109,-0.4242629202453546,-0.23873934047896658,-0.3933329524355538,-0.35134921008110714,-0.4242629202453546,0.3789941910222374,-0.45576750623442724,-1.0272280206417252,-0.15281304109433666,-0.706417031137927,0.3128981133889399,0,0.0
17176,0.10187296221112337,-0.4242629202453546,-0.21399370100078044,-0.12709067062876522,-0.507363422274478,-0.4242629202453546,-0.30522277773826234,-0.15816136218261015,-1.1623592836703074,-0.7821020334433997,0.2522433059951351,1.838014855144934,0,0.0
13452,0.8581527099904724,-0.25395340732976973,-0.16574488804197357,-0.1474442429655298,-0.7059269650660409,-0.25395340732976973,-1.0420718210188007,-0.7429920406100182,4.240977272907547,-1.409965265225355,-2.5712599695922225,-0.05194985852464294,0,0.0
12910,-0.7717605395339867,0.08666561850139992,-0.013300598956286823,-0.007136261156161985,-0.35134921008110714,0.08666561850139992,-0.621015224858493,-0.028391241229782916,-0.28656090449789634,-0.8300277356286833,0.9181404512034266,-0.5809244558585392,0,1588.14
15527,-0.64136747957203,0.25697513141698475,-0.039834301675839255,-0.20018797462204052,0.24434141829358147,0.25697513141698475,-0.2315378734102086,-0.3941699554888186,0.7096542205269035,-0.3410260158909788,-0.4719346338125441,-0.031084571690532786,0,1097.74
13012,-0.5892102555872473,0.08666561850139992,-0.09396570672435026,-0.22410845107766045,-0.12441944689074957,0.08666561850139992,-0.42364494540834885,-0.3043690317894622,-1.7646488245141452,-0.02703304223034699,-1.0321225575407678,-1.0068708879911403,0,634.53
16902,-1.0064680474655088,-0.4242629202453546,0.0240889592030056,2.4344786421046583,-0.11023633669135223,-0.4242629202453546,1.2211073833428525,1.430224918279995,1.3747479156461577,-0.5950268345517769,-1.2823273198491174,-0.3410097538781549,1,0.0
14292,-0.6283281735758344,0.08666561850139992,0.1742267826817208,0.49727299075030124,-0.010954565295570795,0.08666561850139992,-0.27890674047824315,-0.03271691192821049,0.9994625516407443,-0.34575026905985373,-0.644661304245961,-0.009350557025574377,1,2281.7200000000003
17619,1.549235927788843,-0.4242629202453546,-0.22958996364600584,-0.29489334786340304,0.2868907488917735,-0.4242629202453546,2.8000696189440055,-0.31734604388474486,-0.45108864857582615,0.2763872814521123,-0.7189782961299043,-0.4586218781141092,0,0.0
15549,-0.47185650162148624,-0.25395340732976973,0.009301744184101879,0.7942330741138557,0.6131022834779125,-0.25395340732976973,1.6158479422431409,0.38860341409863525,0.20315597798654073,0.2823554373242071,0.6695706055991678,-0.4857002088819948,0,61.58
17519,-0.7847998455301823,0.25697513141698475,-0.013113634168691504,-0.1426895899488552,-0.010954565295570795,0.25697513141698475,-0.39996051187433157,-0.025276758326915044,0.4257131694837154,2.4209462387263407,1.2952427772252197,0.13187269894477152,0,356.02
18055,-0.8499963755111608,0.5975941572481545,0.3582426256727106,0.2726006141438312,1.0102293690610382,0.5975941572481545,0.16094702515350676,-0.14036431702336527,-0.342067730308039,-0.14375442518157286,-0.5235539066140635,-0.21119013174750434,1,3088.48
13584,1.471000091811669,-0.4242629202453546,-0.24182255979440237,-0.4265058007903525,-0.37971543047990186,-0.4242629202453546,0.16846589294208367,-0.618412724495304,0.4285527704864374,-0.508921359357062,-0.23402229922864934,-0.08211000463991046,0,0.0
14176,1.353646337845908,0.08666561850139992,-0.16797146869424529,-0.4231684001151867,-0.3229829896823125,0.08666561850139992,-0.686805318008541,-0.5656395419744876,-0.8119076650246762,-1.0094710575093997,-0.20042500645491268,1.4454734384371248,0,0.0
16205,-0.18499176970518144,-0.4242629202453546,-0.24693009785552947,-0.4814586173869182,-0.3371660998817098,-0.4242629202453546,0.326362116502199,-0.5249782374092684,0.09111918794209922,-0.677756960016309,0.374769008142576,-0.22800402848133702,0,645.28
16172,-0.8239177635187694,-0.08364389441418492,-0.12999212161408394,-0.1990444196144403,-0.13860255709014693,-0.08364389441418492,-0.23504667837821117,-0.13393760627141574,-1.2873952311543242,0.37409265877464304,-0.7097319738600386,-0.13416498154271606,0,339.86
17744,0.7407989560247114,0.08666561850139992,-0.04694406264412364,-0.09763010905237009,-0.010954565295570795,0.08666561850139992,-0.27890674047824315,0.7121635823410178,-0.09094667005668848,1.3986759762442276,0.4545180520163885,0.2506581518934932,0,1033.44
15098,-0.14587385171659442,-0.08364389441418492,6.518501220474316,23.64502232374388,-0.7059269650660409,-0.08364389441418492,-1.0420718210188007,-0.6068776026328305,-0.18728785091610756,-3.8360951998395736,4.974748057540141,-1.791577766520346,1,0.0
16394,-0.28930621767474685,-0.08364389441418492,-0.10742887111110155,-0.11812388269603659,-0.02513767549496814,-0.08364389441418492,-0.04206240513807012,0.8730785323225235,-0.44606646502711245,-0.9150861856704295,1.6900044502581633,-1.1046432223391045,0,622.24
17796,1.5622752337850387,-0.08364389441418492,-0.16164865951374852,-0.312576999660035,0.13087653669840268,-0.08364389441418492,0.2561860171421478,-0.5641976517416785,1.086876348641886,-0.3165544903461563,-0.9885579548056606,-0.43236761626081416,0,75.9
15793,0.9755064639562334,-0.4242629202453546,-0.21390701732653175,-0.12615802715241753,-0.6775607446672461,-0.4242629202453546,-0.9368076719787237,-0.08202955789028483,-1.1646670691334975,-0.47052485808105204,-1.623840948637254,0.9378715058376158,0,658.97
15145,0.4408949181122109,-0.25395340732976973,-0.1429640785134257,-0.02489306146074284,-0.22370121828653103,-0.25395340732976973,-0.0157463678780509,0.01140492919575077,1.4327648099835502,0.6200836781636389,0.8080742787544821,-0.15036965894345797,0,470.7
17968,2.3446335935567792,-0.4242629202453546,-0.22096748757808646,-0.2021227526572873,0.32944007948996556,-0.4242629202453546,3.168494140584275,-0.22391155679870928,-0.8102268152571884,0.37903019753039396,-0.4860265055662509,0.37774623778847105,0,0.0
17343,2.1099260856252573,-0.4242629202453546,-0.23311340005223427,-0.33280256210788917,-0.4789972018756833,-0.4242629202453546,-0.19995862869818545,-0.552662529879205,-0.14415010080321516,-0.9361196475369876,-0.12108859382466426,-0.060454073646770815,0,0.0
14298,-0.9151929054921392,5.536570031800116,5.783447458363371,1.1210646714352672,8.711658207333798,5.536570031800116,0.5310424063023486,3.36995178547044,-0.46404585751897554,-0.5141273785846482,0.22951185821301978,-0.12758750071701316,1,15935.46
13137,-1.1759790254160525,0.08666561850139992,-0.02318253782064388,-0.033716600232071584,2.2725261768074025,0.08666561850139992,3.0369139542841785,0.010539795056065254,0.07856209049601859,0.1107439867167371,-0.5172059766390165,-0.470535557842898,0,2174.53
15095,-1.1759790254160525,0.08666561850139992,-0.03306787604477539,-0.060306082871474785,-0.29461676928351777,0.08666561850139992,-0.4762770199283873,0.1870271595519103,1.272036655873257,-0.08849707308067338,-0.14464942249917861,0.6180196846870218,0,0.0
14495,-0.9412715174845304,-0.4242629202453546,-0.25912530104640696,-0.612668753520149,-0.6917438548666435,-0.4242629202453546,-0.9894397464987621,-0.670320772876435,2.1530110295085905,-0.7247140058333915,-1.120342405463597,0.07677361397787506,0,83.2
16275,0.036676432230145,-0.4242629202453546,-0.17086602354219851,0.33692688954469824,-0.2520674386853257,-0.4242629202453546,0.6421545636224296,0.4162877065685717,0.2864577112807989,0.6802131924619838,0.968419237171131,0.31299906597902505,0,0.0
18223,-0.6544067855682256,1.108522695994909,0.3466423104423637,-0.02773488099455521,0.4570880712845417,1.108522695994909,-0.22101145850620077,-0.2131838934666089,-0.9541954728716766,-0.345318455347045,-0.24293800641555233,-0.8883116496756321,1,2879.9300000000003
16969,-0.7717605395339867,-0.25395340732976973,-0.18461813350977896,-0.24897437199851907,-0.26625054888472305,-0.25395340732976973,-0.2525907032182239,0.5339459495658018,-0.5510998742761751,1.9960206400988083,0.15284864364893197,-0.2776378310753221,0,171.45
15016,-0.27626691167855116,-0.4242629202453546,-0.2371246445860978,-0.37596018179770446,-0.43644787127749124,-0.4242629202453546,-0.04206240513807012,-0.4834517987043637,-0.7066766253976653,-0.40590884326477694,0.971307959448601,-0.6372453272458768,0,0.0
15414,0.636484508055146,-0.4242629202453546,-0.2598731601967883,-0.6207150893945215,-0.6491945242684515,-0.4242629202453546,-0.8315435229386468,-0.7049261384638555,-1.214386129591657,0.4584955375407615,0.8681378051613977,-1.0338276359452394,0,738.7
14287,0.06275504422253635,-0.25395340732976973,-0.251871067287708,-0.6107668923134792,-0.6633776344678488,-0.25395340732976973,-0.9894397464987621,-0.3727146288246178,1.2990572609150333,3.1231887885619094,0.7928597101559598,0.028350854396622823,0,93.35
13500,-0.9282322114883348,-0.4242629202453546,-0.2105484498693646,-0.09002266422569083,-0.43644787127749124,-0.4242629202453546,-0.04206240513807012,-0.30350389764977664,1.3256263588349801,-1.3127545964353404,-0.5854942736031226,-0.6844758234973972,0,840.37
15910,0.1801087981882974,0.08666561850139992,-0.17243992711777378,-0.4351876143275304,0.9393138180640516,0.08666561850139992,0.6816286195124585,-0.37357976296430334,0.39942438400979724,0.8295583763495908,0.461457664961448,-0.3289987021633078,0,678.27
17672,1.510118009800256,-0.4242629202453546,-0.0658309055510269,1.4670164759733069,-0.13860255709014693,-0.4242629202453546,1.0632111597827372,1.478672430102384,-0.17414593383292104,0.3299784426042412,-0.1123702259952979,-0.3346440790511446,0,2000.33
12917,-0.8499963755111608,-0.4242629202453546,-0.16506501608708146,0.3993408539520455,-0.6917438548666435,-0.4242629202453546,-0.9894397464987621,-0.3311881901197131,0.16542777858073732,-0.07240751852758019,0.26081950654345953,0.1993084579946951,0,0.0
12695,-1.12382180143127,-0.25395340732976973,-0.20927368995394188,-0.38161090403675224,-0.4789972018756833,-0.25395340732976973,-0.5946991875984738,-0.44884643311694317,-0.26065754108466366,-1.602345632017639,2.27389497892827,-1.0213112506649493,0,248.2
15184,-0.04155940374702904,-0.4242629202453546,-0.2260444314012434,-0.25674640096808327,-0.43644787127749124,-0.4242629202453546,-0.04206240513807012,-0.4938334083805899,-0.07811665126180421,-1.0295330332863115,2.2952136717966223,-0.6957840389145761,0,166.97
14692,-0.7326426215453997,0.08666561850139992,-0.1654814376594529,-0.41647073985612115,0.03159476530262125,0.08666561850139992,-0.19995862869818545,-0.5171920301520988,-0.363272475766879,0.6534673173317127,-0.28483737832257827,-0.3306006236419769,0,0.0
17334,1.4188428678268863,-0.25395340732976973,-0.21384242949081697,-0.40618880270756236,-0.5640958630720674,-0.25395340732976973,-0.8052274856786276,-0.2014180691668859,0.8166890107184854,0.6228228333419357,1.8113521198519957,-0.11169082899889263,0,0.0
16990,0.3235411641464498,-0.4242629202453546,-0.23560173140713944,-0.3595749160171644,-0.7059269650660409,-0.4242629202453546,-1.0420718210188007,-0.4003989212945543,0.16542777858073732,-0.07240751852758019,0.26081950654345953,0.1993084579946951,0,0.0
17892,-0.4979351136138776,-0.4242629202453546,-0.2418735501910193,-0.42705441459996885,-0.35134921008110714,-0.4242629202453546,0.27373004198216055,-0.5076755546155581,-0.21706795967941334,-0.4511380659997978,0.7879442376918963,1.571074671536715,0,102.0
15608,-0.9543108234807262,-0.4242629202453546,-0.21746954637016644,-0.1644878453176094,-0.46481409167628596,-0.4242629202453546,-0.14732655417814702,0.04947083134191342,0.3174694597868868,1.2106680541899832,0.4342396619923655,0.3690601123671446,0,808.0
15143,0.4148163061198195,-0.4242629202453546,-0.22192780671437157,-0.21245497940506095,-0.5215465324738753,-0.4242629202453546,-0.35785485225830077,-0.22737209335745134,0.32430136863737613,2.348953010707146,1.166113763218483,-0.21318536901615132,0,0.0
16150,-0.8499963755111608,-0.08364389441418492,-0.026592095674427874,0.17178803714119728,0.21597519789478678,-0.08364389441418492,0.30881809166218627,0.14636585498669108,-0.9342129914759816,-0.31556681401336917,0.04747337555913534,-0.654262916140625,0,644.32
16536,-1.0847038834426828,-0.4242629202453546,-0.17286314740969413,0.3154395153347266,-0.02513767549496814,-0.4242629202453546,1.747428128543237,0.11868156251675462,-0.6440596315308507,0.7246266659607127,1.2802187922261217,-0.7899438391449632,0,0.0
17348,1.353646337845908,-0.4242629202453546,-0.23880562799456856,-0.394046150388055,-0.20951810808713367,-0.4242629202453546,0.800050787182545,-0.057805801979090424,1.4471147507024673,1.8299459080845444,0.6712546353597861,0.1321282663483339,0,996.45
13772,0.5973665900665589,-0.4242629202453546,-0.2272019134044472,-0.2691999344463732,-0.20951810808713367,-0.4242629202453546,0.800050787182545,-0.44884643311694317,-0.754999099344487,0.14425965203612734,-0.7204242100506659,-0.916881849148912,0,894.21
15841,0.3235411641464498,-0.25395340732976973,-0.16179143262427587,-0.12617631427940473,-0.45063098147688857,-0.25395340732976973,-0.4631190012983777,-0.11317438691896338,-2.7636654982848494,0.21294031865588436,-1.644766910238258,-0.5441569297656847,0,610.8000000000001
14226,0.2192267161768844,-0.25395340732976973,0.021559835530806874,0.8601764540297344,-0.15278566728954426,-0.25395340732976973,-0.0157463678780509,1.1135858231550966,1.1699482360883402,-0.5273781743752652,-1.8950268104217245,-0.5397035918310349,1,522.7900000000001
16407,-1.0847038834426828,0.7679036701637393,-0.014070553945202189,-0.3480608836878424,0.3578062998887603,0.7679036701637393,-0.30522277773826234,-0.4237575430660632,-0.21221890851630987,-0.36718013122772836,-0.014329307445249925,-0.15366812815015962,0,597.31
12797,2.240319145587214,-0.4242629202453546,-0.2228490332132504,-0.22236660223212867,-0.5357296426732727,-0.4242629202453546,-0.41048692677833926,-0.33810926323719726,1.2267020458291262,0.6740445242375136,0.19491799350576175,0.23142011531111015,0,0.0
17673,-0.4066599716405079,0.08666561850139992,-0.06620823448599203,-0.14944668337062933,0.8400320466682701,0.08666561850139992,1.036895122522718,0.17231987917725652,-0.7767866965719997,0.25013507621787623,0.6184258266555196,0.15816761888656256,0,419.35
13867,0.3105018581502541,-0.4242629202453546,-0.24242594615436916,-0.43299773087081206,-0.6066451936702594,-0.4242629202453546,-0.6736472993785315,-0.6391759438477564,-0.7711200917993595,-0.7343861592524359,0.6120216730332053,-0.0876248800095162,0,866.24
12510,-0.6674460915644214,-0.25395340732976973,-0.09902055470897318,0.2115046291029193,-0.3087998794829151,-0.25395340732976973,-0.2262746659582047,-0.13566787455078677,1.098404746957962,0.18906963075603037,1.3545840005417005,0.2267874343695983,0,0.0
14998,-0.31538482966713816,-0.25395340732976973,-0.19551138190703807,-0.3075754704290331,0.2727076386923762,-0.25395340732976973,0.8526828617025835,-0.3000433610910346,1.1788349734080896,0.07138569855052582,-0.7652479406247729,-0.15709042836627596,0,0.0
16596,2.2533584515834097,-0.4242629202453546,-0.2455193635491283,-0.466280301987534,-0.6350114140690541,-0.4242629202453546,-0.7789114484186084,-0.5838073589078835,-0.5537184035508939,-2.3374718843417495,2.1187572947875224,-1.5953513940385093,0,129.5
12625,0.2322660221730801,-0.25395340732976973,0.19013748610608378,1.7670533684524596,0.31525696929056823,-0.25395340732976973,1.1684753088228141,2.0427398891773394,0.5996738530659278,1.6501545910498823,0.4211073422308212,0.02169486480771258,1,0.0
12518,-1.0847038834426828,-0.4242629202453546,-0.2108152996116598,-0.09289374316268277,-0.46481409167628596,-0.4242629202453546,-0.14732655417814702,-0.09933224068399514,0.6060080457261533,0.6240859475676377,-0.1868701349500302,-0.06997193465737743,0,1732.06
17639,1.0798209119257989,-0.4242629202453546,-0.24758447461211314,-0.488499161276994,-0.6208283038696568,-0.4242629202453546,-0.7262793738985699,-0.5768862857903994,2.008084611743716,-2.1002098357427923,0.6196230441705984,-0.6525655821247877,0,0.0
18257,-1.0325466594579003,0.25697513141698475,-0.00038813085299817127,-0.11530644599820715,0.21597519789478678,0.25697513141698475,-0.2525907032182239,-0.2474432053981553,0.3682373071126417,-0.24969538384117462,-0.341880001660773,-0.06868662601385113,0,774.76
16700,-0.9412715174845304,1.108522695994909,0.43015438202153783,0.062117088744401826,1.2938915730489853,1.108522695994909,0.24741400472214134,0.37476126786366704,0.41178581575510753,0.237244849107417,-0.040713182815137264,-0.25918582903682413,1,980.6
16282,1.9012971896861264,-0.4242629202453546,-0.23742038888647587,-0.37914214189347895,-0.5640958630720674,-0.4242629202453546,-0.5157510758184162,-0.35195140947216547,-0.8966746377080713,-0.5805670619672632,-0.965654450224679,2.6021639013227063,0,0.0
17742,-1.0455859654540958,-0.25395340732976973,-0.20566866891312638,-0.3622174058668162,-0.5357296426732727,-0.25395340732976973,-0.6999633366385507,-0.5924587003047386,-1.2570489177714206,-0.206601562882876,-0.6375343785848164,0.8788634629362687,0,0.0
16302,-0.8760749875035521,-0.4242629202453546,-0.22638606705857667,-0.26042211349251243,-0.5640958630720674,-0.4242629202453546,-0.5157510758184162,-0.19968780088751487,0.6080776325898353,-0.5621033865828104,-0.6639753548864376,2.7219828497373495,0,0.0
17133,-0.04155940374702904,-0.08364389441418492,0.15528894937820065,0.8240837610659778,-0.592462083470862,-0.08364389441418492,-0.8490875477786596,0.551248632359512,-1.5451552858141384,0.2510740744251805,-0.5345332395333312,1.8990375054228508,1,2413.4500000000003
16957,0.5973665900665589,-0.25395340732976973,-0.1952105385669983,-0.30595705969066506,-0.507363422274478,-0.25395340732976973,-0.6736472993785315,-0.44884643311694317,-0.835771103001969,0.5031505433795294,0.6841262705938668,-0.679987995613704,0,0.0
17442,-0.9412715174845304,0.08666561850139992,0.004299586275983057,0.04020453883197756,0.3719894100881576,0.08666561850139992,0.16846589294208367,0.1299283063326663,0.38143576887328456,0.11574081277713183,-0.06701535474072676,-0.4205573487075159,0,658.11
14177,-0.18499176970518144,-0.4242629202453546,-0.24764736276794064,-0.4891757849755208,-0.45063098147688857,-0.4242629202453546,-0.09469447965810857,-0.614952187936562,-0.26385419657667036,-1.1524239811753696,0.35442555585033164,-0.48216524151591844,0,441.33
15039,-1.0325466594579003,5.536570031800116,2.708848919315616,0.20217311458194595,4.385809596517607,5.536570031800116,0.6947866381424681,0.03418679487413593,-0.1869136752575742,0.014382469978589139,-0.17178370961917547,-0.38922546183830187,1,2264.03
17416,-1.0977431894388785,0.25697513141698475,0.6338678152256397,1.2495057301620351,1.449905785242356,0.25697513141698475,0.8947885213186141,1.525735727301276,0.007435564418786452,-0.23839678041053977,0.09938840416592638,-0.4443476116703472,1,1598.93
13165,2.0577688616404743,-0.4242629202453546,-0.20574855386782623,-0.038379817613810124,-0.5357296426732727,-0.4242629202453546,-0.41048692677833926,0.9699735559673012,-1.3742247447417952,0.12084505848749008,-1.1501719847842573,-0.4401720741567723,0,666.84
16555,-1.0977431894388785,-0.4242629202453546,-0.24019426646243572,-0.4089867331366055,-0.592462083470862,-0.4242629202453546,-0.621015224858493,-0.4350042868819749,0.24806457037227428,-0.3436407117042146,1.328782612502825,-0.5232021159235808,0,133.91
18043,0.16706949219210174,-0.25395340732976973,-0.1943691970228193,-0.3014309957613306,0.5138205120821311,-0.25395340732976973,1.3526875696429488,-0.35022114119279446,0.6906477075181269,0.39992734557076337,0.9398964586192774,-0.2060928791979896,0,107.7
15440,-0.7456819275415953,-0.25395340732976973,-0.2256314091886464,-0.46960855909920624,-0.3655323202805045,-0.25395340732976973,-0.2525907032182239,-0.5301690422473816,0.7084828090643999,1.9683237043894244,1.3051818581481236,0.3488021810062554,0,146.02
17183,-1.1499004134236612,-0.4242629202453546,-0.2099926545462403,-0.08404277370087314,-0.592462083470862,-0.4242629202453546,-0.621015224858493,-0.2585169223861299,2.0846928429618714,-0.7616180855974708,-1.205397937851046,-0.43193251330931504,0,3017.64
17377,-0.8760749875035521,0.9382131830793241,0.08076648472258757,-0.27233719267617895,0.5705529528797205,0.9382131830793241,-0.15317456245815125,-0.33041918199554815,0.06426414661520184,-0.47676618321452596,1.2828311646462711,-0.20960116707564067,1,2017.98
17418,1.6926682937469957,-0.4242629202453546,-0.23757505975621385,-0.3808062704493151,-0.54991275287267,-0.4242629202453546,-0.4631190012983777,-0.26543799550361397,-1.744371044258109,-0.5250138049224213,-0.09971199425535403,-0.008453208216109618,0,296.07
13037,-0.719603315549204,-0.08364389441418492,-0.11627230556436086,-0.1498398566008543,-0.09605322649195489,-0.08364389441418492,-0.2525907032182239,-0.2492888248961511,-0.5466339406231993,-0.25433301125332547,0.32072576917997037,-0.5470076530578736,0,0.0
13669,-0.5761709495910516,-0.4242629202453546,-0.25784204273154804,-0.5988619726448057,-0.6775607446672461,-0.4242629202453546,-0.9368076719787237,-0.7014656019051135,3.1617819239425047,-1.0557833073770346,-1.8213323824534906,0.014582717500726917,0,170.39999999999998
16200,-0.3805813596481165,-0.4242629202453546,-0.1724467258373227,0.3199198614465931,0.102510316299608,-0.4242629202453546,1.9579564266233906,0.05293136790065548,-0.21751459308538942,-0.8438395097441923,0.3498977365752953,0.08177247543894771,0,518.3
12502,-0.8630356815073564,0.08666561850139992,0.1812481602958692,0.5161590211463422,0.428721850885747,0.08666561850139992,0.326362116502199,-0.23948397131304855,0.9202313038286725,0.3416291879954589,1.1048372957538541,-0.06463274557713822,1,1092.35
14681,0.2322660221730801,-0.4242629202453546,-0.19906711223112386,0.0335068785729119,-0.6491945242684515,-0.4242629202453546,-0.8315435229386468,-0.5803468223491414,0.16542777858073732,-0.07240751852758019,0.26081950654345953,0.1993084579946951,0,105.0
17059,-1.0847038834426828,0.08666561850139992,0.1142093861837312,0.33583880548895917,2.570371490994747,0.08666561850139992,3.7474469603046976,0.36005398748901324,-0.3065069385015891,-0.009144131517065621,-0.33988538604511176,-0.3018928691910919,1,843.29
17837,-0.602249561583443,-0.08364389441418492,-0.2020313539544535,-0.4574049496897415,-0.3938985406792992,-0.08364389441418492,-0.5157510758184162,-0.6287943341715302,0.4397224746577249,-0.4489926008455642,-0.16182638978425226,0.36085962351756146,0,1164.72
18064,-0.7847998455301823,-0.25395340732976973,-0.12767205856801458,0.05737157929122082,-0.6208283038696568,-0.25395340732976973,-0.9104916347187044,-0.08202955789028483,0.7555901357248187,2.954072117711729,1.6466443454848827,0.36328599227891467,0,0.0
16007,-0.17195246370898576,-0.25395340732976973,-0.14234539503447388,-0.021564804349070658,1.0953280302574224,-0.25395340732976973,3.089546028804217,0.258833293145808,-0.48217499985044404,0.3777541627171841,0.8140878814412787,-0.11422530406676043,0,966.14
17667,-0.41969927763670356,0.08666561850139992,0.03158964654535295,0.11360906655863799,0.428721850885747,0.08666561850139992,0.19478193020210288,0.03476355096725967,-0.5075054866309262,0.06797858019076415,-0.5107642706519735,-0.28305007838125223,1,304.5
12591,1.6144324577698215,-0.4242629202453546,-0.18905599769533732,0.14121805652757816,-0.35134921008110714,-0.4242629202453546,0.27373004198216055,0.0425497582244293,0.6481435932137221,1.4006884323018518,0.1881888066458745,-0.059854031969666016,0,0.0
12388,-0.5892102555872473,0.08666561850139992,0.01753839291761994,0.07581414685782194,-0.010954565295570795,0.08666561850139992,-0.17364259143816624,-0.08895063100776895,0.3468127909547889,0.15814920665438179,-0.8912511764574322,0.3399801653693762,1,1112.3200000000002
16383,0.9755064639562334,-0.4242629202453546,-0.21342770759833277,-0.12100105734202436,-0.03932078569436549,-0.4242629202453546,1.6947960540231983,0.28478731733637347,0.029038112356458187,2.1261306715155945,0.7294447262216095,0.48631073125342567,0,334.3
16222,1.627471763766017,-0.4242629202453546,-0.13454726371186118,0.7276862190073989,0.9818631486622436,-0.4242629202453546,5.3264091959058515,0.37822180442240905,-0.43953274644117696,-0.5181193654821311,-0.3133319651636655,-0.25137822047436,0,0.0
13557,1.1319781359105816,-0.4242629202453546,-0.22511810586270284,-0.24677991676005384,-0.4931803120750806,-0.4242629202453546,-0.2525907032182239,0.028707611989461066,-0.5596662258564002,0.055794589760257515,1.0148894401562476,0.019568594737488863,0,343.38
14766,-0.32842413566333384,0.08666561850139992,-0.0057506208972098,0.013171593363134513,0.48545429168333637,0.08666561850139992,0.12899183705205483,0.10483941628178638,0.39526374116601254,0.15470267340882077,-0.21408604171454937,-0.3558830490952028,0,942.05
15607,1.8621792716975394,-0.4242629202453546,-0.24822015488993726,-0.49533854677021055,-0.5357296426732727,-0.4242629202453546,-0.41048692677833926,-0.047424192302864245,1.641371859524767,4.2437761192468235,2.1800922236741984,0.5360341054115249,0,0.0
16386,0.7799168740132983,-0.4242629202453546,-0.25564095727758485,-0.5751801431963688,-0.6633776344678488,-0.4242629202453546,-0.8841755974586852,-0.6564786266414667,2.3799653106863037,-0.79919830724061,-1.2780518290981877,0.0627818441085736,0,241.47
15152,-1.0455859654540958,0.4272846443325696,0.13904340901605333,0.03945324269825298,0.8400320466682701,0.4272846443325696,0.06320174390200677,-0.06991767993468763,0.4151668354679935,-0.24811207736463378,-0.2666574190052856,-0.26167266380297094,1,2362.48
13571,-0.8630356815073564,0.4272846443325696,-0.12985614722310554,-0.4427356259915013,0.5421867324809257,0.4272846443325696,0.06320174390200677,-0.3588724825896496,-0.37176274913500507,0.07059416415493817,-0.3826798867591048,-0.39290692093020496,0,1287.79
15346,1.8100220477127567,-0.4242629202453546,-0.22312268167509447,-0.2253108296770695,-0.4789972018756833,-0.4242629202453546,-0.19995862869818545,-0.2481353127099037,-1.6728093257834615,0.4722998736739107,-1.1683479372153822,-0.9804040604725558,0,0.0
13120,0.5843272840703633,-0.4242629202453546,-0.26082498093363726,-0.630955880507359,-0.7059269650660409,-0.4242629202453546,-1.0420718210188007,-0.7049261384638555,-0.18728785091610756,-3.8360951998395736,4.974748057540141,-1.791577766520346,0,0.0
15969,-0.1067559337280074,-0.4242629202453546,-0.21355688326976227,-0.1223908789930523,-0.5782789732714647,-0.4242629202453546,-0.5683831503384545,-0.5941889685841096,1.1751927331273166,-1.5514641575251018,1.5576058938812085,-0.8159518540021735,0,357.4
16471,1.0537422999334074,-0.4242629202453546,-0.22796167031403916,-0.277374280209656,-0.5357296426732727,-0.4242629202453546,-0.41048692677833926,-0.2585169223861299,-1.3310471555694485,0.7897646881571891,-1.0172998258736874,-0.12549179652690157,0,0.0
13404,0.24530532816927578,-0.4242629202453546,-0.2290052737647986,-0.28860257617980284,-0.592462083470862,-0.4242629202453546,-0.621015224858493,-0.40385945785329636,-0.739881586178744,1.4529986575309664,1.4588637856157642,-0.8072768805451309,0,34.68
12621,-1.1107824954350742,1.7897607476572481,1.266303404145054,0.49069811548672104,1.7761173198284952,1.7897607476572481,0.018088537170545215,0.4763527339810231,0.5342176473883888,0.8802585082580658,0.5534751752000531,0.30356508626223944,1,3494.63
13627,-0.22410968769376846,-0.08364389441418492,-0.09146887697000891,-0.06088517522606976,0.15924275709719737,-0.08364389441418492,0.028113694221980887,0.14751936717293837,-0.019887572719763828,-0.2733651303385073,-0.9833739331202409,-0.6741411414846697,0,611.47
16616,-0.47185650162148624,-0.4242629202453546,-0.23031572695785318,-0.3027019510869417,-0.5640958630720674,-0.4242629202453546,-0.5157510758184162,-0.36579355570713373,-0.9619439673098615,0.9421308341546698,-0.11849232995959456,-0.09758612700165854,0,290.32
17671,-0.47185650162148624,-0.08364389441418492,-0.07930766737687604,-0.017270377361574264,-0.18115188768833898,-0.08364389441418492,-0.32276680257827517,-0.14201219157514725,0.40789571588562773,-0.29813012816404366,0.8108283694200752,-0.44093110692867776,0,474.16
16904,-1.1107824954350742,1.6194512347416634,0.23258359192988637,-0.2742514016010709,4.017048731333277,1.6194512347416634,1.1806211721735924,-0.3202741902036805,-0.4325174809638734,-0.2815868196144735,0.3953130504678569,-0.012121117655841371,1,720.2
15198,-0.9021535994959434,-0.4242629202453546,-0.24773064708241493,-0.49007185419789406,-0.6491945242684515,-0.4242629202453546,-0.8315435229386468,-0.5249782374092684,-3.3077299863418705,0.8406922608043658,-1.8855240668562305,-1.7385313049121935,0,86.0
13358,0.9755064639562334,-0.4242629202453546,-0.19140495529948962,0.115945247031254,-0.3087998794829151,-0.4242629202453546,0.4316262655422759,0.23980034207272669,0.1112477414406093,-0.684602231964536,-0.4845620738095184,-0.3485960671975372,0,0.0
14798,-0.64136747957203,-0.25395340732976973,-0.24947111928693877,-0.597856180660509,-0.6208283038696568,-0.25395340732976973,-0.8841755974586852,-0.5665046761141732,-2.0704761895744848,-0.0349557581209342,-0.2733800007699083,3.334501146912125,0,76.34
15325,-1.1759790254160525,-0.4242629202453546,-0.23853537889249896,-0.3911384971970886,-0.05350389589376284,-0.4242629202453546,1.4316356814230065,0.05293136790065548,0.4862812826123069,1.832352589532807,0.5164036968085024,0.29520870354853107,0,0.0
16667,1.1841353598953641,-0.4242629202453546,-0.23196441644846655,-0.32044046426453526,-0.43644787127749124,-0.4242629202453546,-0.04206240513807012,-0.47999126214562166,1.8685408439055535,-0.47493604980459986,-1.9051801832691504,-0.41181091517316276,0,366.78
17213,-0.680485397560617,0.25697513141698475,0.03651871821832085,-0.0358891109181521,0.23015830809418414,0.25697513141698475,-0.05258882004207777,-0.22183523486346407,-0.6396771734579872,-0.9773306978345228,0.6088206131484204,0.1512949088630341,1,1001.22
14755,-1.0586252714502915,0.5975941572481545,0.22138780051270032,0.06225162975009344,0.7407502752724887,0.5975941572481545,0.025607404959122112,-0.1329488815403466,-0.1415646701623215,-0.48654716272912335,-0.03460385431294084,-0.20149420898433057,1,2142.6
16055,0.34961977613884115,-0.4242629202453546,-0.24311431650869741,-0.440404017300632,-0.6066451936702594,-0.4242629202453546,-0.6736472993785315,-0.670320772876435,-1.2190360485144363,-0.5258019512005022,1.0125592078592247,-1.1350842141630417,0,0.0
16619,0.9103099339752551,-0.4242629202453546,-0.22757754265952512,-0.27324138951054655,-0.5215465324738753,-0.4242629202453546,-0.35785485225830077,-0.28620121485606637,-0.4594905087905614,-1.1495160871577215,-0.39343595717840524,0.13800411926124256,0,0.0
16128,-0.6544067855682256,-0.25395340732976973,-0.1479492396226722,-0.05171113318748606,-0.23788432848592836,-0.25395340732976973,-0.09469447965810857,-0.11317438691896338,1.8070187971478204,0.2284660592560054,-0.807137070803957,-0.04036855000850667,0,1185.52
17951,2.1490440036138443,-0.25395340732976973,-0.19642411000648072,-0.3124855640250989,-0.592462083470862,-0.25395340732976973,-0.857859560198666,-0.36579355570713373,-2.0807599216332107,-0.01892345067306749,-0.9491415877482913,0.4640309122767672,0,599.0400000000001
13101,0.5321700600855805,-0.4242629202453546,-0.24882694060967847,-0.5018670511046445,-0.6066451936702594,-0.4242629202453546,-0.6736472993785315,-0.35541194603090753,-0.010157359897869056,-0.6395079568346462,-1.2144631884458816,-0.24368007558540108,0,0.0
15987,-0.9543108234807262,0.4272846443325696,-0.06314711100909019,-0.3231134326591657,0.1876089774959921,0.4272846443325696,-0.4192589391983456,0.040819489945058275,3.39348915582003,-0.7709946511387087,-1.7677902281814464,0.14301168688579752,0,239.14
14623,-1.0064680474655088,-0.08364389441418492,-0.1629982053442094,-0.31741699260264994,0.5280036222815284,-0.08364389441418492,0.7474187126625066,-0.44077184781321166,1.1876625090952744,-0.3308434165168943,-0.9182001596599382,-0.2101738055080633,0,280.54
17375,0.07579435021873202,-0.08364389441418492,-0.19802180910047723,-0.4430251721687988,0.17342586729659473,-0.08364389441418492,0.11583381842204521,-0.3231136048159817,1.1686424398944415,1.1163132230941735,0.36448496270492037,-0.2584359482546375,0,0.0
14628,0.636484508055146,-0.4242629202453546,-0.20966801568777932,-0.080549932446316,-0.54991275287267,-0.4242629202453546,-0.4631190012983777,-0.37963570194210194,-0.06243365468091612,0.04658222479008265,2.4411899151132497,0.4227661828987947,0,340.38
12727,-0.08067732173561605,0.25697513141698475,0.20995235423141476,0.3373109192114297,0.5563698426803232,0.25697513141698475,0.052675328997999114,0.36645598012268615,-0.03538064153359626,2.2185503428820676,1.2298090305557263,-0.16136596353097185,1,1180.3
13232,-0.17195246370898576,0.08666561850139992,-0.11960707750310673,-0.2930783505099224,0.7691164956712834,0.08666561850139992,0.6158385263624104,-0.27322420276078363,0.9810254844222972,-0.5962991819409629,0.07796454323695669,-0.6108303102094272,0,466.9
13634,-1.1368611074274655,-0.08364389441418492,-0.13753530095361208,-0.22609717613751948,0.31525696929056823,-0.08364389441418492,0.5018023649023269,-0.34618384854092865,-0.4380330515602502,0.2387828738551194,1.0280602612491851,-0.5258356166897775,0,791.39
17615,-0.8239177635187694,-0.08364389441418492,-0.21000455230545093,-0.485999920588742,-0.5357296426732727,-0.08364389441418492,-0.8490875477786596,-0.5849608710941309,-1.9683510516099587,-0.23022418398204259,0.0715129442275413,-1.0119162205099763,0,0.0
16091,-0.5109744196100733,-0.25395340732976973,-0.2124758868614838,-0.398837377658704,-0.4931803120750806,-0.25395340732976973,-0.621015224858493,-0.47999126214562166,-0.43162427712868456,0.06442428196508297,-0.6254198961245504,0.5112293841009488,0,0.0
13370,2.3185549815643878,-0.4242629202453546,-0.1377222657412074,0.6935258657952909,-0.16696877748894162,-0.4242629202453546,0.9579470107426603,0.44051146247976614,0.1857951730949286,-0.4295529358408793,0.16258259558148666,0.4501203543873667,0,0.0
14626,-0.9282322114883348,-0.25395340732976973,0.0010429996120497644,0.7498044990984292,0.1876089774959921,-0.25395340732976973,0.7211026754024873,0.7744532403983749,-1.381233225331553,-0.044484941162370124,-1.0400566980823518,0.03799951805807931,0,1219.98
14768,-0.8630356815073564,-0.4242629202453546,-0.24338626529065424,-0.44332995761858557,-0.6633776344678488,-0.4242629202453546,-0.8841755974586852,-0.6080311148190779,2.698877464243349,-0.9038623340424132,-1.4996623299733158,0.043120855834025494,0,59.400000000000006
16168,-1.1759790254160525,2.130379773488418,0.13530241358425937,-0.41704221257447144,-0.16696877748894162,2.130379773488418,-0.8874651021161877,-0.4817215304249927,-0.029011195918152505,0.9238352598555838,0.8715761673851343,1.49730841701,1,1426.4
16744,-0.6283281735758344,-0.25395340732976973,-0.22510790778337947,-0.4667923415431759,-0.05350389589376284,-0.25395340732976973,0.3789941910222374,-0.4955636766599609,-0.597148541344591,-0.5926109527118798,0.7407755106751971,-0.9943371321540238,0,1051.17
17869,-1.12382180143127,0.25697513141698475,-0.1932491079771345,-0.5303108484205508,-0.1953349978877363,0.25697513141698475,-0.6736472993785315,-0.6696286655646866,-0.3816113605212096,-1.0757925855103188,0.7510490517700019,-0.8313170222233751,0,0.0
13937,-0.31538482966713816,-0.4242629202453546,-0.23902658637990853,-0.3964234768963923,-0.592462083470862,-0.4242629202453546,-0.621015224858493,-0.3208065804434869,-0.44822189917426625,1.6123605385530482,0.23141821138426713,1.0416005407789048,0,0.0
17386,-1.0455859654540958,-0.08364389441418492,-0.0040373435708816185,0.25267809551462245,-0.6350114140690541,-0.08364389441418492,-0.9543516968187364,0.2640240979839211,-2.109047234606085,-1.2288141727429234,-0.133045229206976,5.716233906617772,0,1145.02
14583,-0.64136747957203,0.08666561850139992,-0.13995734479291527,-0.3478162933643884,1.7193848790309056,0.08666561850139992,1.707954072653208,-0.26889853206235603,-0.1701387242508954,0.08347510070575372,0.03872797533404297,-0.5022344323890293,0,245.24
17080,0.9885457699524292,-0.4242629202453546,-0.2530540444892203,-0.5473471359218354,-0.7059269650660409,-0.4242629202453546,-1.0420718210188007,-0.497293944939332,-1.8726524078436275,-1.5273811146209704,0.19546449944973968,6.95852029256188,0,211.3
18287,0.10187296221112337,-0.4242629202453546,-0.13595289897860066,0.7125627649889762,-0.3371660998817098,-0.4242629202453546,0.4316262655422759,0.9422892634973646,-1.4358550721327692,0.9581627244116253,-0.5665702661000119,-0.35463160183531767,0,1072.0
17187,0.4278556121160152,-0.4242629202453546,-0.2313610300884998,-0.31394853418407576,-0.5782789732714647,-0.4242629202453546,-0.5683831503384545,-0.2481353127099037,-0.5587175059875746,-1.5958009239159352,0.8923197514771883,1.7979470377358422,0,0.0
17218,0.2713839401616671,0.25697513141698475,-0.10564760658928418,-0.34180714343639124,0.48545429168333637,0.25697513141698475,0.33688853140620667,-0.47376229633988604,-0.03539196829664596,-0.7595322802097594,1.0548478863731188,-0.4275842497439253,0,1008.39
17047,0.15403018619590605,-0.25395340732976973,-0.13864689159986068,-0.0016684101869863187,-0.15278566728954426,-0.25395340732976973,0.036885706641987544,-0.13739814283015778,-0.9855044311643738,-1.1742424636842088,0.547284734315779,-0.3645999653875627,0,351.47
13577,-0.5892102555872473,-0.25395340732976973,-0.12629531785935802,0.06477786572104084,-0.11023633669135223,-0.25395340732976973,0.11583381842204521,-0.16335216702072322,0.09736619567766668,-0.33302851633380565,0.7210900144687156,-0.5961175429224937,0,865.5
17588,-0.27626691167855116,-0.25395340732976973,-0.14666768098770055,-0.04481688631330797,-0.54991275287267,-0.25395340732976973,-0.7789114484186084,-0.2965828245322925,-0.7683257860356043,-2.4073346657341417,2.4756076740357,1.7945925201778783,0,0.0
13652,0.8190347920018853,-0.25395340732976973,-0.15754563226597454,-0.10333569267237958,-0.2520674386853257,-0.25395340732976973,-0.09469447965810857,-0.24467477615116162,-0.8551962712504328,-0.6351441114314319,0.5824750750369118,-0.3785393915745639,0,456.84
15780,-0.13283454572039874,-0.08364389441418492,-0.18524361570827974,-0.3971976319388508,-0.35134921008110714,-0.08364389441418492,-0.5859271751784674,-0.49267989619434255,-0.9867262486751674,-0.43846614813312645,-1.0176326026362659,-1.1597512093656976,0,0.0
16209,-0.9673501294769218,0.08666561850139992,0.09377923393922287,0.2808859888923936,-0.22370121828653103,0.08666561850139992,-0.555225131708445,0.20779037890436264,-0.7078038110705941,-2.523854279351107,3.054684994369948,-0.7198096584601931,1,145.72
13223,0.0888336562149277,-0.25395340732976973,-0.23828722562896332,-0.5376915328725885,-0.6491945242684515,-0.25395340732976973,-0.9631237092387429,-0.5941889685841096,-1.7549723449770032,0.21468757969511462,-1.4797874176201828,-1.0942254906144557,0,0.0
12472,-0.719603315549204,0.25697513141698475,0.5715082598430469,1.1153184497552866,1.8328497606260847,0.25697513141698475,1.5263734155590754,1.3907748015103356,0.7212631927799261,0.8455678567969933,0.2416325355502619,0.0488953630813706,1,1644.51
14636,0.9755064639562334,-0.4242629202453546,-0.21500331085379526,-0.13795322405916788,-0.4931803120750806,-0.4242629202453546,-0.2525907032182239,-0.3415697997959393,-0.234597545670416,0.2325728516250644,-0.14023591238096114,1.1909100997317885,0,309.66
17282,-0.8239177635187694,-0.08364389441418492,0.020448244884558257,0.34049287930720423,0.40035563048695233,-0.08364389441418492,0.46671431522230156,1.4060011623688007,0.991087586835994,1.916425908751697,1.221215439295182,0.1728006619462442,1,0.0
13955,-0.5109744196100733,-0.25395340732976973,-0.21113313975057185,-0.39161396249875613,-0.2520674386853257,-0.25395340732976973,-0.2262746659582047,-0.47999126214562166,-0.40026177909971594,-0.055392081631701305,0.02321767267023693,0.7540897490295391,0,0.0
17802,-0.17195246370898576,-0.25395340732976973,-0.1585348459603426,-0.1086572466256576,0.21597519789478678,-0.25395340732976973,0.8789988989626026,-0.04223338746475115,0.2868469640463955,0.0012048852509160182,0.39264130006806064,-0.05521487121784756,0,652.62
13707,0.949427851963842,-0.25395340732976973,-0.12896211560242238,0.05043161459957464,-0.03932078569436549,-0.25395340732976973,0.16846589294208367,-0.1391284111095288,-0.9357742325776706,0.19143753739469063,-1.0913011885219528,-0.558879073015234,0,0.0
12901,-1.1107824954350742,2.6413083122351724,1.7123113043134983,0.4333616475108302,-0.3087998794829151,2.6413083122351724,-0.8453940688649727,1.5156455312299966,1.8771834772091558,-0.9591118687812625,-0.5523688798678388,-0.25191656824577824,1,6015.07
15998,-0.28930621767474685,-0.08364389441418492,0.09180080655048681,0.5963907429482279,3.2511607805658196,-0.08364389441418492,4.887808574905532,0.8338591179901136,-0.5063883048606624,0.2112497879983217,0.40869711145962634,-0.010426878775956858,1,974.96
15885,1.510118009800256,-0.4242629202453546,-0.2634764815577166,-0.6594837986074064,-0.7059269650660409,-0.4242629202453546,-1.0420718210188007,-0.7429920406100182,0.16542777858073732,-0.07240751852758019,0.26081950654345953,0.1993084579946951,0,364.35
14006,-1.0195073534617045,-0.08364389441418492,-0.10248450231914856,-0.10039146522743876,-0.4080816508786965,-0.08364389441418492,-0.5683831503384545,-0.007051265784207013,-1.2832755421467552,0.2510165953489976,-1.0879259948896347,-0.8157920180352077,0,0.0
13784,-1.0586252714502915,0.7679036701637393,0.06857808025125903,-0.23690715407783391,-0.592462083470862,0.7679036701637393,-0.9236496533487141,0.04644286185301412,-1.4706151320182672,0.10696825477741013,-0.7320289434869045,0.8712116624167846,1,494.16
13948,2.1751226156062358,-0.4242629202453546,-0.24868926653881285,-0.5003857938186804,-0.6775607446672461,-0.4242629202453546,-0.9368076719787237,-0.6080311148190779,1.0729962428996962,-1.7071977223844759,-0.11879640380328939,-1.0085406733425193,0,0.0
12644,-0.8369570695149651,-0.4242629202453546,-0.18479659989793815,0.1870455967575261,-0.28043365908412043,-0.4242629202453546,0.5368904145823528,0.37822180442240905,1.2661981742300192,-0.7679112655198883,-1.0094382389426688,-0.2752308770745889,0,0.0
12616,1.353646337845908,-0.4242629202453546,-0.22258218347095524,-0.21949552329513675,-0.5640958630720674,-0.4242629202453546,-0.5157510758184162,-0.4073199944120384,1.818352920287518,0.81220565021462,-0.012347052526874897,0.224554904767931,0,457.7
15038,-0.08067732173561605,0.08666561850139992,-0.18143293340110936,-0.45937691154986227,0.5563698426803232,0.08666561850139992,0.28688806061217015,-0.6400410779874419,-0.12398276409400545,-0.8923950421178665,-0.22126647807135538,-0.4173060747382802,0,188.04
13116,-0.719603315549204,-0.4242629202453546,-0.18084824351990217,0.22952659274881457,-0.29461676928351777,-0.4242629202453546,0.48425834006231433,0.26056356142517906,-1.0433125129615641,-0.08355013912519176,0.5392049536327272,-0.2017362303958197,0,0.0
14643,-0.3023455236709425,-0.25395340732976973,-0.1481005111326357,-0.052524910338416886,-0.29461676928351777,-0.25395340732976973,-0.27890674047824315,0.663716070518629,-0.28063662864398214,-0.24887220799249546,-0.7015849344905416,-0.4752589355913822,0,0.0
14297,1.0537422999334074,-0.4242629202453546,-0.22649144721158496,-0.2615559153657194,-0.5640958630720674,-0.4242629202453546,-0.5157510758184162,-0.47653072558687964,-0.4584040842725852,-0.7342969497058055,0.5186169598162902,-0.6292437412801924,0,1072.73
17272,0.07579435021873202,-0.25395340732976973,-0.02646631936277283,0.6018159239544333,0.11669342649900534,-0.25395340732976973,0.9842630480026796,1.2623888951810052,0.23707946560446064,0.5779657158083027,0.07053489540082192,-0.15665477826651938,0,739.1899999999999
14595,1.5622752337850387,-0.4242629202453546,-0.2381852448357295,-0.38737134903772336,-0.6491945242684515,-0.4242629202453546,-0.8315435229386468,-0.4834517987043637,-2.946001237825088,-0.17174029064487856,-1.296131309647765,1.3179288417393022,0,1576.8
12891,-0.1067559337280074,-0.08364389441418492,-0.20976659712123868,-0.4851465213293389,-0.6917438548666435,-0.08364389441418492,-1.0420718210188007,0.3493839997662253,1.6297334238537369,5.914462020569954,3.210714113127475,0.6852647592881681,0,0.0
15498,-0.9543108234807262,2.6413083122351724,1.2851647518536489,0.19148070629210848,3.3646256621609982,2.6413083122351724,-0.04760262350860046,0.07770152432112498,-0.19884066872949363,-0.7455027821404036,1.058389873444812,-0.6673404704081003,1,4190.03
17854,-0.1067559337280074,-0.25395340732976973,-0.21312176521863133,-0.4023119317862739,-0.507363422274478,-0.25395340732976973,-0.6999633366385507,-0.6011100417015938,-2.094771385465147,0.3868484772168709,-1.0537349675099572,-0.6979561604321064,0,0.0
15898,0.4278556121160152,0.08666561850139992,-0.09640814672230019,-0.23067810144781553,0.23015830809418414,0.08666561850139992,-0.14732655417814702,-0.3822311043611585,-0.03840312676281473,-1.6534674429860075,2.0841192780624413,-1.0660918920087457,0,385.89
15630,0.14099088019971037,-0.4242629202453546,-0.1985725053839398,0.038828432526190025,-0.4222647610780939,-0.4242629202453546,0.010569669381968322,0.2224976592790164,-0.9504792534005055,-0.20614072698676605,0.11510141291963634,0.23238061870413151,0,789.49
12865,-0.9151929054921392,-0.4242629202453546,-0.0992228166155536,1.1077475791825817,0.102510316299608,-0.4242629202453546,1.9579564266233906,1.1568425301393723,1.1398910018187272,0.3773704916039394,-0.46342196028241756,-0.1710843151687096,0,586.85
13804,-0.680485397560617,-0.08364389441418492,-0.035700680190095146,0.13912113263304468,0.32944007948996556,-0.08364389441418492,0.2561860171421478,0.16597556215289616,0.5745824168918114,0.004819685728913337,-0.7452621989014806,-0.21491132965263957,0,1233.28
14459,-0.4979351136138776,-0.4242629202453546,0.04636156444527161,2.6741131541450565,-0.1953349978877363,-0.4242629202453546,0.8526828617025835,1.8835552074752049,0.8539073753582197,-0.613665810197573,-0.7696901728744416,-0.33214939843388547,1,0.0
18226,-0.9543108234807262,0.9382131830793241,0.4565130177127055,0.17685357131665427,0.797482716070078,0.9382131830793241,0.004721661101964071,0.3862963897261405,-0.40147604862539243,0.1344640880005583,-0.517640218438895,0.03763258041447731,1,977.02
16208,1.2493318898763426,-0.4242629202453546,-0.1814516298798689,0.22303466266835503,-0.15278566728954426,-0.4242629202453546,1.0105790852626988,0.09445780660556019,-1.543242630713988,0.32192292765262687,0.07860295245388513,-0.4140534695561371,0,166.67
16134,2.16208330961004,-0.4242629202453546,-0.217834977545921,-0.16841957761985948,-0.4931803120750806,-0.4242629202453546,-0.2525907032182239,-0.19968780088751487,2.070990194632257,-0.3667673434437062,-2.0385180355209913,-0.4568462535410235,0,334.56
16927,-1.0195073534617045,-0.08364389441418492,-0.1737248851125199,-0.35588701207474377,-0.6491945242684515,-0.08364389441418492,-0.9894397464987621,0.39898502377486145,-2.7862203370302923,-0.03894126877990318,-1.1922387306406306,-1.7328609670235344,0,0.0
14957,0.7668775680171027,-0.4242629202453546,-0.2560845737281519,-0.5799530833400306,-0.54991275287267,-0.4242629202453546,-0.4631190012983777,-0.6287943341715302,0.5125688538871396,-1.188122745553169,-0.23758676310530993,-0.8435530476651127,0,0.0
13711,0.3235411641464498,-0.25395340732976973,-0.22318387015103477,-0.4564418276684151,-0.5640958630720674,-0.25395340732976973,-0.7525954111585892,-0.5042150180568161,-0.347395356493681,-0.23611371832012862,-0.06681538899209911,-0.24897054556337278,0,0.0
13745,-0.4066599716405079,-0.4242629202453546,-0.21502880605210373,-0.138227530963976,-0.3655323202805045,-0.4242629202453546,0.2210979674621221,0.9699735559673012,0.568193270132948,1.8534038716679833,1.2965277859658528,0.049538287603260456,0,0.0
12428,-0.9543108234807262,0.7679036701637393,1.0169127736515247,1.0385033728455115,2.854033694982694,0.7679036701637393,0.7408397033475017,0.7182195213188164,0.9457854744541923,0.4448984865504239,0.7062712776683838,-0.28178017680805373,1,408.34
15743,-1.0455859654540958,-0.25395340732976973,-0.19225139588333032,-0.2900381156482988,-0.28043365908412043,-0.25395340732976973,-0.19995862869818545,-0.5405506519236077,-0.512452786257578,-0.4289856073901509,-0.5456454927952233,0.17574797767583045,0,341.91
18245,-0.5761709495910516,0.4272846443325696,0.018298149827211896,-0.17706634083031192,0.7407502752724887,0.4272846443325696,-0.04206240513807012,0.019479514499482174,0.3355279733371869,0.28605509418292385,0.1570436268361258,0.060783242838632005,1,894.25
17787,-0.5370530316024646,0.08666561850139992,0.042897616835096214,0.1440251305201148,0.6131022834779125,0.08666561850139992,0.5895224891023912,0.028707611989461066,-1.6774866186022397,0.10847721505720187,-0.9050606237315683,-1.0640204212884043,1,0.0
15326,1.8230613537089524,-0.4242629202453546,-0.21304527962370595,-0.11688645376990214,-0.3087998794829151,-0.4242629202453546,0.4316262655422759,0.5893145345056747,0.384666426019284,3.0593096325897595,1.0300764080886438,0.19679573448719162,0,0.0
16180,-0.8630356815073564,0.5975941572481545,1.1836955622658862,1.5413405849427526,0.5563698426803232,0.5975941572481545,0.010569669381968322,1.6813609999715615,0.27471577185844787,-0.08376766944577456,-0.4360802910318332,-0.12067194346986958,1,0.0
18065,-0.13283454572039874,0.7679036701637393,-0.02600570611333341,-0.3641124094008658,0.2868907488917735,0.7679036701637393,-0.5486461223934401,-0.4908054388916906,-0.13540393343237145,-0.4268956559832689,0.8136508389835961,-0.32129752808408546,0,980.68
14079,-0.9021535994959434,-0.4242629202453546,-0.202271008818553,-0.0009643557979786512,-0.54991275287267,-0.4242629202453546,-0.4631190012983777,0.29516892701259967,0.6083593205148238,-1.3002959780378225,3.418970508797233,-0.9297043949249091,0,0.0
16607,-0.8499963755111608,1.108522695994909,0.1193900104800092,-0.2722392549516474,0.6131022834779125,1.108522695994909,-0.5104878683664124,-0.030121509509153946,1.3590109212686745,0.5866098343465203,-0.3153095758280772,-0.08458885638113466,1,1080.13
14779,1.1319781359105816,-0.08364389441418492,-0.2003928625431635,-0.45152868621785136,-0.15278566728954426,-0.08364389441418492,-0.37539887709831365,-0.6495575535239826,1.0385638004112137,0.5158343745576804,0.15266565929675815,-0.040877460696239244,0,0.0
13695,-0.9673501294769218,1.2788322089104938,-0.030530253973140523,-0.4565748249555948,-0.29461676928351777,1.2788322089104938,-0.8554671931750278,-0.4589134485605564,-1.766032443150508,-0.5480704930458182,-0.5553040300759995,3.193620241436586,0,1118.6
17613,-0.9934287414693131,0.9382131830793241,0.23991601096339793,-0.08207995540424597,1.733567989230303,0.9382131830793241,0.31466609994219047,-0.10548430567731433,-0.6828024262613251,-0.24733471906834129,-0.15124003454371512,0.4703471069167177,1,1567.86
12820,1.7317862117355827,-0.4242629202453546,-0.2370532580308341,-0.3751921224642416,-0.5640958630720674,-0.4242629202453546,-0.5157510758184162,-0.24121423959241958,-2.064015646735334,-0.05186582400445976,-0.9177730927403739,0.6031632086613306,0,771.88
17582,0.5582486720779719,-0.4242629202453546,-0.23623571200507634,-0.36639601438339364,-0.3229829896823125,-0.4242629202453546,0.4316262655422759,-0.3208065804434869,-1.7782816328738527,0.3091290662243905,-1.274281426208284,-1.1263349158377955,0,0.0
13078,-1.1368611074274655,1.960070260572833,0.9096680718069537,0.1563841805089709,0.428721850885747,1.960070260572833,-0.203467433666188,-0.16969648404508372,-0.507290599194586,-1.6396025182316696,1.4768293607655165,-0.6283578116554612,1,5710.79
16038,-0.21107038169757278,-0.25395340732976973,-0.19917249238413215,-0.32727070619425813,-0.3938985406792992,-0.25395340732976973,-0.48943503855839693,-0.35022114119279446,-1.1761852801255666,-0.5724827677986708,-0.2373444132914637,1.0928188593743062,0,78.45
13611,-0.3023455236709425,-0.25395340732976973,-0.15780398360883355,-0.10472551432340751,-0.28043365908412043,-0.25395340732976973,-0.2525907032182239,-0.019739899832927767,0.45761370909461085,1.2883617794868036,0.7263212243951128,0.4656138236431045,0,517.68
14023,0.7407989560247114,-0.4242629202453546,-0.2196009449487533,-0.1874199025595706,-0.4931803120750806,-0.4242629202453546,-0.2525907032182239,-0.18584565465254663,-0.25497496377754963,-0.06356043439110462,-0.6041374037011178,-0.3060536335606018,0,310.93
14082,2.2272798395910183,-0.4242629202453546,-0.2350493354437896,-0.3536315997463212,-0.3229829896823125,-0.4242629202453546,0.4316262655422759,-0.36579355570713373,0.47289130860377177,-0.3411079227225907,-0.3974102427500145,-0.3211023159045925,0,0.0
17874,-0.1067559337280074,0.4272846443325696,-0.14985967981591908,-0.47860582557691356,-0.1953349978877363,0.4272846443325696,-0.6911913242185442,-0.6189894805884277,0.8014646926838505,-1.1939464533940891,0.4060857495687675,-0.5975816516815577,0,0.0
16333,-0.9151929054921392,2.3006892864040025,2.176278022170419,0.8587995409389327,-0.6066451936702594,2.3006892864040025,-0.9863437421152305,3.9810474840209804,-0.9157439593836024,0.028490923352798375,-1.2633687540195617,-0.7788297054612928,1,12257.6
12888,0.2713839401616671,-0.25395340732976973,-0.20583693722196222,-0.3631226186526831,-0.6633776344678488,-0.25395340732976973,-0.9631237092387429,-0.614952187936562,-0.3671423598413285,-2.886511991602279,3.6740336148371426,-1.4606383277848298,0,0.0
14761,1.8361006597051481,-0.4242629202453546,-0.24945412248806648,-0.5086150009629249,-0.6208283038696568,-0.4242629202453546,-0.7262793738985699,-0.5457414567617208,-0.954978852546221,-1.7325986275179117,1.9404375001463725,-1.293870028462261,0,158.4
15373,-1.0195073534617045,0.9382131830793241,0.02069299878831943,-0.34415277225795077,0.20179208769538942,0.9382131830793241,-0.5099030675384119,-0.6103381391915725,2.0875971422047304,-0.9914899985714957,-0.41204397737267373,0.010894911049815712,1,729.01
14256,0.8711920159866681,-0.25395340732976973,-0.10131682223662136,0.19915167482305896,0.003228544903826554,-0.25395340732976973,0.3000460792421798,-0.030121509509153946,0.49980936371937057,-0.8267743909594049,-0.9824196682964801,-0.6293350680472086,0,0.0
12922,-0.41969927763670356,-0.4242629202453546,-0.1971243781200196,0.054409064719292806,-0.3229829896823125,-0.4242629202453546,0.3789941910222374,0.5339459495658018,-0.4909093867113466,2.3789089748374934,0.7135374882795799,0.2545161534438121,0,0.0
12590,0.2322660221730801,-0.25395340732976973,1.4105824310524862,8.332534273654524,0.24434141829358147,-0.25395340732976973,0.6947866381424681,6.66428646337736,0.2679453437739529,-0.6283201593651695,0.27386649187716805,0.5922038484541761,1,0.0
16955,-0.11979523972420307,0.08666561850139992,-0.1778687046775874,-0.4497898852268175,-0.46481409167628596,0.08666561850139992,-0.7657534297885987,-0.5163268960124133,1.864945657576957,0.3954313986932925,-1.128865555731153,-0.21811750494924523,0,0.0
14290,2.1881619216024313,-0.4242629202453546,-0.13386569207708182,0.7350193569292701,-0.3938985406792992,-0.4242629202453546,0.11583381842204521,0.014865465754492829,-1.0022287472245184,-0.5352711361748274,-0.14733703651057442,1.5545407501021813,0,1537.09
13833,-0.44577788962909487,-0.4242629202453546,-0.20078378891722648,0.015036880315829991,-0.3229829896823125,-0.4242629202453546,0.3789941910222374,-0.3415697997959393,-0.9618326106649091,-0.5826864158283594,-0.34321597833746864,-1.0416499974442643,0,0.0
14046,1.1841353598953641,-0.4242629202453546,-0.2396826628163794,-0.4034823079134553,-0.5215465324738753,-0.4242629202453546,-0.35785485225830077,0.8453942398525871,-1.485925213582225,0.2019874683408359,-0.9893062626462071,-0.7997648894380053,0,0.0
17217,0.5321700600855805,-0.4242629202453546,-0.246734634668498,-0.4793555977833891,-0.592462083470862,-0.4242629202453546,-0.621015224858493,-0.6633996997589509,0.29850972984278545,-0.011025286398967927,1.6568285594850092,-0.14615069687631277,0,0.0
16253,0.8059954860056897,-0.4242629202453546,0.022987566636080353,2.4226285838169463,0.03159476530262125,-0.4242629202453546,1.6947960540231983,3.8906664115456,-0.001599585467870519,1.5195681425662717,1.6804455504215976,0.2088538612523933,1,1983.46
13501,1.2232532778839513,-0.4242629202453546,-0.03821450674330877,1.764145715261493,0.017411655103223903,-0.4242629202453546,1.6421639795031602,1.1914478957267929,-0.4768690553878219,-0.4386558225056125,0.07161297279941076,0.42769944661475545,0,0.0
14108,-1.202057637408444,-0.4242629202453546,-0.21650922723388133,-0.15415561856983587,-0.4931803120750806,-0.4242629202453546,-0.2525907032182239,-0.023200436391669826,1.5954481369308233,0.4980497108938017,0.017816209909011445,0.025309291751016403,0,306.58
16960,0.7668775680171027,-0.4242629202453546,-0.23177235262120954,-0.3183740189149805,-0.08187011629255754,-0.4242629202453546,1.2737394578628911,-0.4177016040882646,0.8145062635489809,-0.38495997370925067,-0.005575743919768135,-0.31532291016503616,0,305.52
17338,-1.0325466594579003,0.5975941572481545,0.6116750949380736,0.6621320936516765,3.8184851885417133,0.5975941572481545,3.1008243304870824,0.4098609958166225,-0.14139282192957164,-0.38683565679464016,-0.5334089296586965,-0.14666833788381106,1,1329.62
17616,-0.2632276056823555,-0.08364389441418492,-0.16894028622996657,-0.3387275912517451,-0.7059269650660409,-0.08364389441418492,-1.0420718210188007,-0.48806584744935316,-1.8726524078436275,-1.5273811146209704,0.19546449944973968,6.95852029256188,0,0.0
15669,-1.1759790254160525,-0.08364389441418492,-0.16990230504613893,-0.34217776254333215,-0.3087998794829151,-0.08364389441418492,-0.5683831503384545,-0.44423238437195367,0.5804293673131756,-0.02141209737947391,0.0028805824939503507,1.489424093372495,0,118.8
17920,-1.1499004134236612,0.9382131830793241,0.12979545074963322,-0.21372491877917266,2.5278221603965547,0.9382131830793241,0.6889386298624637,-0.1577768581205277,0.9131261801158509,-0.0900593685066301,-0.3730541532298535,0.0034792614567444365,1,1790.7
14461,-0.5892102555872473,-0.08364389441418492,0.0914268769752961,0.5950496869691656,1.733567989230303,-0.08364389441418492,2.0632205756634674,0.1371377574967122,0.7062758739690512,-0.44210225378828744,-0.6806580142643889,-0.3430551612265294,1,0.0
15862,-1.0586252714502915,-0.08364389441418492,-0.1538930201883166,-0.2847622795124888,0.669834724275502,-0.08364389441418492,0.6596985884624426,-0.17084999623133099,-0.6250442761732039,-1.0849698688626257,1.2606676068722418,0.3452143124121435,0,173.15
12381,-0.9673501294769218,-0.4242629202453546,-0.05038081537610334,1.6332464602870447,0.15924275709719737,-0.4242629202453546,2.1684847247035446,1.2191321881967294,0.6205313385814225,1.1684274024186898,0.3945994600221509,0.5551626930708464,0,576.57
17900,-0.04155940374702904,-0.25395340732976973,-0.2469555930538379,-0.5843237066899737,-0.6633776344678488,-0.25395340732976973,-0.9368076719787237,-0.6201429927746751,0.7052187888828101,1.2034271007402595,3.5238434215036762,-0.3730887004336255,0,0.0
16327,0.07579435021873202,0.08666561850139992,0.1537337422813849,0.4421510182291038,0.9676800384628462,0.08666561850139992,1.6684800167631793,0.6533344608424028,-0.1243619768023361,-0.1418021300106317,-0.8178399342283035,0.13452092896041992,1,1350.63
16440,0.2713839401616671,-0.4242629202453546,-0.21971652318108492,-0.18866342719470092,-0.22370121828653103,-0.4242629202453546,0.7474187126625066,-0.3484908729134234,-0.14575474675665895,0.03959169321905849,-0.7825556245466911,-0.48821474777680496,0,3368.21
16882,0.5973665900665589,-0.25395340732976973,-0.22936390622100417,-0.4896878245311626,-0.507363422274478,-0.25395340732976973,-0.6999633366385507,-0.5699652126729152,-0.649428417464324,0.3887370808883224,0.5471193446664332,0.026728597334775832,0,489.42
13884,1.0928602179219946,-0.08364389441418492,-0.23266978360166715,-0.5672862000468899,-0.5782789732714647,-0.08364389441418492,-0.9192636471387109,-0.6714742850626824,-1.6562924224421776,-0.4199811465274755,-0.7210268351742509,0.2819730702675674,0,591.35
17686,-0.9543108234807262,0.25697513141698475,0.5140165876574816,0.9916060356868118,1.7477510994297003,0.25697513141698475,1.2737394578628911,0.610077753858127,-0.1464424365946391,-0.6813985839266933,0.4207898855117683,-0.1850325367214433,1,1150.11
14000,0.2322660221730801,-0.4242629202453546,-0.15798414967688,0.4755250249807618,-0.507363422274478,-0.4242629202453546,-0.30522277773826234,1.7105283795381019,1.133898517811123,0.6096628600754092,0.15129028386577165,2.134943469933057,0,0.0
18120,0.2713839401616671,-0.4242629202453546,-0.2471340594419971,-0.48365307262538343,-0.4789972018756833,-0.4242629202453546,-0.19995862869818545,-0.6391759438477564,-0.18289779649052332,-1.4890043267063275,1.7221658303414495,-1.02534178060396,0,0.0
18229,-1.0847038834426828,1.6194512347416634,0.5607084938395855,-0.0026861591389281715,0.102510316299608,1.6194512347416634,-0.6776959204954575,-0.34236838515564905,0.7037621825181021,-1.5877795643492485,1.0892998080582506,-0.5102370900719101,1,2412.84
13003,-1.1499004134236612,-0.08364389441418492,-0.24069227266939422,-0.5960579465067668,-0.6633776344678488,-0.08364389441418492,-0.9894397464987621,-0.6276408219852828,1.3699091957232798,-0.46770720817559747,-0.5761687586278036,0.1250519746489934,0,0.0
17589,-0.5500923375986603,-0.08364389441418492,0.047236899587195194,0.4365673487890091,1.0385955894598329,-0.08364389441418492,2.080764600503481,0.7611878502565304,0.6438480515083639,0.5124798276446154,-0.35815417906651936,-0.18013164477300594,1,561.1
17314,-0.5892102555872473,0.25697513141698475,-0.00989783982205174,-0.135769741096895,0.08832720610021064,0.25697513141698475,-0.41048692677833926,-0.041887333808876964,-0.7962812497354435,0.06305372067969421,-0.2835838271644652,0.14295654574518238,0,1021.0
16690,0.10187296221112337,-0.4242629202453546,-0.2513237703640198,-0.5287308406488558,-0.6491945242684515,-0.4242629202453546,-0.8315435229386468,-0.5872678954666255,2.8819511536370235,-0.5920393416595824,-1.4297292128921713,1.2481134591937921,0,139.07999999999998
16458,-1.1368611074274655,1.2788322089104938,0.09966012634903974,-0.32923490987929344,-0.11023633669135223,1.2788322089104938,-0.45833426725110143,-0.3186044208151965,0.3151580722636925,-0.4720767263979786,-0.46517813409018766,0.10063859453083829,1,1331.24
13995,-1.0195073534617045,-0.08364389441418492,-0.11783091202095107,-0.1554296217499448,-0.16696877748894162,-0.08364389441418492,-0.14732655417814702,-0.04511716793036967,-0.3422583335838229,0.052866761891126685,0.6465595795432367,-0.5850875694974151,0,521.79
17451,-1.1499004134236612,-0.4242629202453546,-0.20721537761050599,-0.05416160820377224,-0.3938985406792992,-0.4242629202453546,0.11583381842204521,0.17751068401536962,-0.7141371837874686,2.1278825603077327,0.10878294416540846,-0.5096854296117205,0,1375.39
18138,1.3275677258535166,-0.4242629202453546,-0.24008038790999128,-0.4077614956284624,-0.6066451936702594,-0.4242629202453546,-0.6736472993785315,-0.614952187936562,-0.4851629002128435,-2.4061282810510605,2.896747571681959,-0.45152323785737136,0,0.0
14680,-0.9412715174845304,1.6194512347416634,3.846587440949392,2.7167981219373556,0.2727076386923762,1.6194512347416634,-0.19186138646433343,2.3275686674738014,0.5594239608028037,-0.5348268457086426,-1.1348915724457724,0.4088922824066056,1,4557.71
15768,-1.0195073534617045,-0.08364389441418492,-0.1603348069609195,-0.30786501660633064,-0.3938985406792992,-0.08364389441418492,-0.621015224858493,-0.46499560372440607,2.140387940906376,-0.22949810006490892,-0.13139708821581023,-0.12431568923870191,0,0.0
13994,-1.1499004134236612,-0.25395340732976973,-0.19471423203992705,-0.3032871391505324,-0.46481409167628596,-0.25395340732976973,-0.5420671130784354,-0.5163268960124133,-0.9946693494799344,0.08792338580158429,-0.7304578172797622,-0.2914184275472993,0,1854.58
13311,-0.5631316435948559,-0.4242629202453546,-0.18272299043551715,0.20935589168192212,-0.37971543047990186,-0.4242629202453546,0.16846589294208367,0.19135283025033786,-1.2812780526826888,0.8941388497270577,-0.33301376153921236,-0.4521389345995191,0,108.46
15624,-1.0064680474655088,0.08666561850139992,-0.16606272818088566,-0.41803428921352753,-0.35134921008110714,0.08666561850139992,-0.6473312621185122,-0.43759968930103144,-1.3431593889338898,-0.11928972516680507,-0.26086854060107545,0.05818579420214318,0,0.0
17128,1.8361006597051481,-0.4242629202453546,-0.23932573004006105,-0.39964201124614124,-0.5215465324738753,-0.4242629202453546,-0.35785485225830077,-0.4834517987043637,0.35851684890793023,-0.4385686554683146,1.74371033730161,0.10628015282717418,0,0.0
15228,-0.8369570695149651,-0.08364389441418492,0.11198790457112123,0.6687894786905917,0.4570880712845417,-0.08364389441418492,0.46671431522230156,0.9895832631335064,0.5734176939769878,0.1395333349940703,-0.49348555765117696,-0.19258804881614258,1,1162.68
16525,-0.9934287414693131,2.811617825150757,1.4334074322581023,0.22730927860161543,0.23015830809418414,2.811617825150757,-0.7289109776245719,0.22059436417170822,-0.5441325845724609,-1.409095853134498,1.4559947445072008,0.2586829083047485,1,3028.9
15503,2.201201227598627,-0.4242629202453546,-0.2420537162590657,-0.4289928500606131,0.21597519789478678,-0.4242629202453546,2.379013022783698,-0.5042150180568161,1.2095342107385205,-0.2469532235782559,-0.4443508908635717,-0.006517776946919431,0,0.0
14854,-0.7847998455301823,0.4272846443325696,0.1218120543193124,0.00855409379886406,0.6272853936773098,0.4272846443325696,-0.13855454175814055,0.07773187990497345,0.37317256046035585,2.000080654818629,0.6766046874581939,0.08603054249414852,1,458.2
17646,0.33658047014264547,-0.08364389441418492,-0.09463198124014453,-0.0722292896671356,-0.06768700609316018,-0.08364389441418492,-0.19995862869818545,-0.37386814101086513,2.0426324181278552,-0.3445888300069364,-0.5324477051397287,-0.014480413060225968,0,0.0
14130,1.6405110697622127,-0.4242629202453546,-0.18428669593176905,0.19253173485368907,0.21597519789478678,-0.4242629202453546,2.379013022783698,0.14290531842794904,1.8299728633084207,0.24382411663372136,-0.11757576481246648,-0.29222050222364143,0,0.0
15754,0.6886417320399286,-0.4242629202453546,-0.2504229400237878,-0.5190386633456345,-0.6350114140690541,-0.4242629202453546,-0.7789114484186084,-0.6218732610540462,-0.5964884679916693,-0.561559119849315,0.5767956237462926,-0.5158703332485212,0,366.77
17374,0.3235411641464498,-0.25395340732976973,-0.18176097161934482,-0.23360404176576915,-0.37971543047990186,-0.25395340732976973,-0.35785485225830077,-0.5993797734222227,-0.26623985489950713,-2.95131162129978,3.5487301291948072,-1.5158952257593707,0,0.0
12557,-0.45881719562529055,0.08666561850139992,1.2638490663878936,3.4281279740816935,-0.507363422274478,0.08666561850139992,-0.7131213552685604,2.250372082701863,3.2739011232829967,-1.1182270941793262,-2.1290692497869195,-0.09785413014853664,1,2990.0
16466,-1.1759790254160525,0.25697513141698475,-0.09612090082135828,-0.321307274083729,0.24434141829358147,0.25697513141698475,-0.14732655417814702,-0.3803278092538504,-0.5427377233561317,-0.5791588220222325,-1.30755175252047,0.8141189968587651,0,596.33
14701,-0.27626691167855116,0.5975941572481545,0.06395495095799257,-0.17972624699138018,1.9463146422212634,0.5975941572481545,0.6647111669881606,-0.41720724172273005,-0.15165078041398444,0.009752274747574764,-0.03238300550719907,-0.18129803871477182,1,584.66
12948,-1.1499004134236612,0.08666561850139992,-0.023998384166514418,-0.03591105547053675,0.1876089774959921,0.08666561850139992,0.023727688011977933,-0.055210399560033874,0.09278416506125339,0.5138884288807781,0.3727495359247317,-0.14459647323557573,0,640.99
13798,-1.12382180143127,6.38811759637804,4.504336362429328,0.5649169619691188,0.6272853936773098,6.38811759637804,-0.773776611880068,0.7422533697359335,-0.08433235443622734,-0.7464830166318304,-0.49486285799560326,-0.09166295959829053,1,9087.61
15222,1.627471763766017,-0.4242629202453546,-0.16659472798558875,0.3828824396635566,-0.6491945242684515,-0.4242629202453546,-0.8315435229386468,0.7761835086777459,-1.5812687213746532,0.2396643461000629,-0.865827334411034,-0.767611957449892,0,0.0
14076,-0.8369570695149651,-0.4242629202453546,-0.2458559001667999,-0.46990115313100156,-0.11023633669135223,-0.4242629202453546,1.2211073833428525,-0.4730701890281376,0.4675385766584981,0.959567480082014,-0.29857816029501894,0.16550464849872315,0,0.0
16226,0.12795157420351472,-0.08364389441418492,-0.2226637681055423,-0.5314007611889884,-0.6350114140690541,-0.08364389441418492,-0.9543516968187364,-0.5249782374092684,-0.6044386048920858,-0.36375424227505593,-2.015316796023567,-0.18390604814252165,0,0.0
12963,2.240319145587214,-0.4242629202453546,-0.2038517111136772,-0.017971383896083857,-0.4931803120750806,-0.4242629202453546,-0.2525907032182239,-0.15124028906512602,-0.4329228217721413,-1.3235872497415373,0.8326514841483609,-1.052174343715368,0,1490.83
12930,-0.28930621767474685,-0.4242629202453546,-0.22836789380708722,-0.28174490355959914,-0.5215465324738753,-0.4242629202453546,-0.35785485225830077,-0.3727146288246178,-0.2769556549482115,-0.4131990972013229,-1.5433324586635284,0.19191844384334347,0,194.24
17675,-1.202057637408444,3.3225463638975117,2.1261357658172373,0.43211377079055874,1.8186666504266873,3.3225463638975117,0.028876477910677427,0.08934223082307202,-0.768152780318864,-0.6318527136265167,0.09546649190935956,-0.18130308708054604,1,6300.09
17580,0.7668775680171027,-0.08364389441418492,-0.22936050686122972,-0.5554178546321907,-0.11023633669135223,-0.08364389441418492,-0.30522277773826234,-0.6449435047789931,-1.9604254907173153,0.24154738402678047,-1.0826051507272645,-0.7793656114904175,0,0.0
13588,-0.9543108234807262,-0.08364389441418492,-0.08320503335829516,-0.031247838088798212,0.41453874068634966,-0.08364389441418492,0.326362116502199,0.5431740470557807,0.4615735536831462,2.7263562355735926,1.3468405294594568,0.03235958915807504,0,1403.33
16775,-0.9282322114883348,0.7679036701637393,-0.06639010023392566,-0.4184251765528792,0.20179208769538942,0.7679036701637393,-0.42364494540834885,-0.6240360964032599,-0.1924638359368988,-0.8984564063698272,-0.19043984237905015,-0.6418948326753707,0,516.96
12359,-0.054598709743224706,-0.08364389441418492,0.32813619583020004,1.443980791678418,1.1946098016532039,-0.08364389441418492,1.414091656582993,0.3666866825599356,1.15977620280905,-0.5032235398432615,-0.2547641646845061,-0.2695891172137599,1,2814.3
17109,0.5060914480931892,-0.25395340732976973,-0.18706057350772895,-0.26211367273882935,0.017411655103223903,-0.25395340732976973,0.3000460792421798,-0.31734604388474486,-0.7097163442290968,1.5687580700669643,0.18020156032184156,-0.39573497249761524,0,416.7
16105,0.71472034403232,-0.4242629202453546,-0.20875358790844942,-0.0707114581271972,-0.5357296426732727,-0.4242629202453546,-0.41048692677833926,0.3955244872161194,2.7217418723548423,-0.15569410352457702,-1.47316056792763,-0.09405913611361032,0,0.0
15584,-0.4066599716405079,-0.4242629202453546,-0.2404628158846181,-0.4118760992005846,-0.22370121828653103,-0.4242629202453546,0.7474187126625066,-0.5803468223491414,-0.35884876655881504,-0.9350989028559195,0.6994988610873647,-0.3928917054523457,0,570.46
13737,0.0888336562149277,-0.4242629202453546,-0.20830487241822063,-0.06588365660257371,-0.3087998794829151,-0.4242629202453546,0.48425834006231433,-0.31388550732600284,-0.8490657684772851,-0.15228581673340474,-0.4363173172234323,-0.9676834685106455,0,0.0
17817,1.0798209119257989,-0.25395340732976973,-0.22018563482996048,-0.440312581665696,-0.54991275287267,-0.25395340732976973,-0.7525954111585892,-0.7014656019051135,0.052349412104927794,-0.17983901478404507,0.3498858555254877,0.4073726418385632,0,117.98
12494,-0.41969927763670356,0.25697513141698475,-0.11834761470666907,-0.36913542600607774,-0.12441944689074957,0.25697513141698475,-0.5578567354344469,-0.4945255156923384,-0.11337358858206964,0.5336544602929534,-0.7262125521586831,0.15703751873379404,0,377.24
12561,1.4188428678268863,-0.4242629202453546,-0.22542914728206603,-0.2501264609987133,-0.4931803120750806,-0.4242629202453546,-0.2525907032182239,-0.13393760627141574,0.22221802299212579,0.14872245494125655,2.200465526532322,-0.37246562928256743,0,0.0
16765,1.314528419857321,-0.4242629202453546,-0.26024708977197897,-0.6247382573317076,-0.7059269650660409,-0.4242629202453546,-1.0420718210188007,-0.732610430933792,0.16542777858073732,-0.07240751852758019,0.26081950654345953,0.1993084579946951,0,0.0
18099,-0.8630356815073564,-0.4242629202453546,-0.23741868920658865,-0.37912385476649174,-0.45063098147688857,-0.4242629202453546,-0.09469447965810857,-0.23083262991619338,0.725595789027287,-0.710485367533598,0.0038906146512029337,-0.20987117743661382,0,0.0
16369,0.036676432230145,-0.4242629202453546,-0.2057808477856836,-0.03872727302656711,-0.507363422274478,-0.4242629202453546,-0.30522277773826234,-0.057805801979090424,0.2729046266437543,-0.5620358030423969,0.6138191352686219,-0.7774068372404068,0,1190.96
15705,0.10187296221112337,-0.4242629202453546,-0.24170358220229626,-0.42522570190124787,-0.6350114140690541,-0.4242629202453546,-0.7789114484186084,-0.5318993105267525,-0.8458756820863573,-2.355209421372068,2.3284963438444084,2.1485212196639782,0,0.0
16671,-0.3805813596481165,-0.4242629202453546,-0.03098066914325653,1.8419757277190585,-0.6775607446672461,-0.4242629202453546,-0.9368076719787237,1.5236594053660306,1.3527300997739782,4.781923353854175,2.652681290986451,0.5933361983006835,0,309.39
17068,-1.0847038834426828,1.960070260572833,0.2917222539261778,-0.2868543268398256,0.5421867324809257,1.960070260572833,-0.3648724621943059,-0.3985533017965586,0.41729840247994254,-0.25785566815058547,-0.6526787221726822,-0.2769262781257558,1,1270.65
15759,0.3235411641464498,-0.08364389441418492,-0.2230173015220862,-0.5326686686601015,-0.6491945242684515,-0.08364389441418492,-0.9718957216587494,-0.6772418459939191,0.19459352491402804,0.046837748928361636,0.31957491603280275,0.20898763819750532,0,0.0
16586,0.71472034403232,-0.4242629202453546,-0.18716935302051166,0.16151676748338104,-0.6066451936702594,-0.4242629202453546,-0.6736472993785315,-0.4177016040882646,-1.823414834969579,0.11452650566326315,-0.02286484073923898,-1.2333763929283355,0,0.0
15644,-0.3545027476557252,0.08666561850139992,-0.12944992373005748,-0.3195535386056556,1.6342862178345217,0.08666561850139992,1.9579564266233906,-0.2706288003417271,0.570598985094735,-0.19881492249970487,-0.024401257898611337,-0.25319187258074044,0,0.0
15247,-0.9282322114883348,-0.4242629202453546,-0.20551739740316288,-0.035892768343549555,-0.6350114140690541,-0.4242629202453546,-0.7789114484186084,-0.19276672777003073,-1.914817395884118,-0.31425436457012285,-0.044158671517826466,4.324519455250543,0,0.0
13226,1.0407029939372119,-0.4242629202453546,-0.2476337653288428,-0.48902948795962314,-0.4931803120750806,-0.4242629202453546,-0.2525907032182239,-0.4696096524693955,-1.8795455702807118,-0.4018094152633755,-0.14726205794781752,1.3289329351511405,0,0.0
15628,-0.8499963755111608,0.08666561850139992,-0.042764549801424315,-0.08638809773698285,0.03159476530262125,0.08666561850139992,-0.08153646102809896,-0.0015720828995319542,0.20781032544156494,-0.24180807027222953,-0.14965259657310886,0.4738388906450486,0,1556.69
16332,-0.8239177635187694,-0.08364389441418492,-0.15524596537855195,-0.2896144638730952,-0.11023633669135223,-0.08364389441418492,-0.16487057901815977,-0.4361577990682222,-0.3082534305402951,-0.5942591791387974,0.2884376038605217,0.0003416250415914931,0,931.03
14576,2.3185549815643878,-0.4242629202453546,-0.2600091345877667,-0.6221780595534983,-0.7059269650660409,-0.4242629202453546,-1.0420718210188007,-0.7049261384638555,-0.18728785091610756,-3.8360951998395736,4.974748057540141,-1.791577766520346,0,0.0
14022,0.4148163061198195,-0.4242629202453546,-0.19124008635042827,0.11771909834901341,-0.3229829896823125,-0.4242629202453546,0.3789941910222374,0.9388287269386226,-0.7276950494804557,1.4761886234548,0.09851632696581357,0.17315289684540516,0,0.0
14312,-0.09371662773181173,0.08666561850139992,-0.12077305790574673,-0.2962145927882289,-0.12441944689074957,0.08666561850139992,-0.4499609826683681,-0.413375933389837,-1.5833520952745228,-0.8502343004430843,-0.05276496239044412,0.758954340730507,0,757.0
16255,-0.8108784575225737,0.4272846443325696,0.03953395033826743,-0.13898644673394525,1.0102293690610382,0.4272846443325696,0.6246105387824167,-0.06357336291032725,-0.14953161056090875,-0.1491204656892435,-0.2648581696192955,-0.3157267479911915,1,822.16
13062,-0.028520097750833362,-0.4242629202453546,-0.20705050866144464,-0.05238775688601283,-0.5640958630720674,-0.4242629202453546,-0.5157510758184162,0.44051146247976614,-0.5230512830203126,0.7854153954860935,0.07731824229514088,-0.43578207518699846,0,0.0
13972,0.10187296221112337,-0.4242629202453546,-0.24122767183387175,-0.42010530634482907,-0.592462083470862,-0.4242629202453546,-0.621015224858493,-0.6011100417015938,-1.4224745049347522,1.1047762451913266,0.1957056976051241,-0.9434817280247457,0,44.35
17095,1.3797249498382993,-0.25395340732976973,-0.17357021424278193,-0.18954120929008691,-0.2520674386853257,-0.25395340732976973,-0.19995862869818545,-0.3415697997959393,-0.5440066284767717,-0.8658366030455156,0.22900347584556974,0.04260171709076211,0,780.1999999999999
13158,-0.9673501294769218,-0.08364389441418492,-0.11846489261888798,-0.15770332120535457,-0.05350389589376284,-0.08364389441418492,-0.11223850449812132,-0.14777975250638398,0.47452715952276703,-0.11505279744905796,0.033203305923254975,-0.29117053543753946,0,332.89
15952,-0.44577788962909487,-0.25395340732976973,-0.21347189927540075,-0.4041955058659565,-0.3655323202805045,-0.25395340732976973,-0.41048692677833926,-0.5042150180568161,-1.693093245196967,0.14469003993180088,-0.8443758568538617,0.5352314890801668,0,472.71
16714,0.3235411641464498,-0.08364389441418492,-0.07412194404093636,0.0013276307844182105,0.3719894100881576,-0.08364389441418492,0.4316262655422759,-0.0670338994690693,-0.020274607658286314,0.22790041668477215,-0.6085415768229616,-0.22035006816291736,0,0.0
15311,-1.0586252714502915,10.134926880520906,7.381945401906863,0.6192084330785546,5.889219277653726,10.134926880520906,0.3163369594507631,0.8364407881212385,0.6463115626189546,-0.48267782279780364,-0.04107702713317074,0.07790831783658214,1,15636.21
16877,-0.5370530316024646,-0.25395340732976973,-0.23390545087968356,-0.5141194261860751,-0.06768700609316018,-0.25395340732976973,0.2210979674621221,-0.5665046761141732,-0.515273633566776,-0.3592913208063557,0.7425709124023964,-0.831852107174909,0,657.64
14931,0.16706949219210174,-0.25395340732976973,-0.1664247599968657,-0.15110166836297179,-0.5782789732714647,-0.25395340732976973,-0.8315435229386468,-0.5768862857903994,-0.3059511518297334,-0.4178180605166431,-0.04254526308783931,0.15687326331984264,0,671.6800000000001
14460,-1.0847038834426828,-0.08364389441418492,-0.19220210516660063,-0.4221534645673966,-0.5215465324738753,-0.08364389441418492,-0.813999498098634,0.26979165891515794,0.7304405622252588,3.114267300075253,1.9701652791464637,0.24759946542838096,0,0.0
15262,1.6926682937469957,-0.4242629202453546,-0.23561022980657556,-0.3596663516521004,-0.5782789732714647,-0.4242629202453546,-0.5683831503384545,-0.4938334083805899,-2.0680681059594193,-0.38427255675898525,-0.46278500729338323,0.22659476264216608,0,0.0
18069,-0.17195246370898576,-0.08364389441418492,-0.09974291866104606,-0.09055908661731558,2.102328854414634,-0.08364389441418492,3.0105979170241595,-0.02435394857791731,-0.7621413525216015,-0.10995518997321069,-0.06397525323240275,0.9649244927738743,0,1030.92
15829,-0.6935247035568127,-0.4242629202453546,-0.21071161913853872,-0.09177822841646295,-0.35134921008110714,-0.4242629202453546,0.27373004198216055,0.7069727775029048,0.010551071837247005,1.5798187094993106,0.3924410001955338,-0.1820746321110805,0,310.7
16159,1.1450174419067771,-0.4242629202453546,-0.20684314771520254,-0.05015672739357328,-0.5215465324738753,-0.4242629202453546,-0.35785485225830077,0.07023405069436578,-2.2759718508159046,0.3056777093426212,-1.8346024538396097,-1.391250317241331,0,0.0
13781,0.7407989560247114,-0.4242629202453546,-0.24429729371020972,-0.4531318576837301,-0.4789972018756833,-0.4242629202453546,-0.19995862869818545,-0.6426364804064985,-1.48520705608118,0.16100825882053604,-1.3549084823209936,-0.9674465604021979,0,0.0
15874,-0.21107038169757278,0.4272846443325696,0.10922082571471024,-0.014024412321344448,0.40035563048695233,0.4272846443325696,-0.3315388149982816,-0.1322073379920447,1.3092451559858012,-0.19107426787091844,-0.19047974236253004,0.3020747537971551,1,2198.13
18009,0.5452093660817763,-0.4242629202453546,-0.22397762065837135,-0.23450925455163607,-0.28043365908412043,-0.4242629202453546,0.5368904145823528,-0.31388550732600284,-1.3628325091539075,0.21546732192657253,-0.2623794086656358,-0.7289250412687379,0,0.0
14529,-1.0847038834426828,-0.4242629202453546,-0.24303953059365926,-0.4395993837131948,-0.02513767549496814,-0.4242629202453546,1.5368998304630832,-0.45576750623442724,0.0741733342382266,0.4038900044897639,-0.8314019372729001,-0.10765995938207747,0,443.37
16686,-1.1759790254160525,0.25697513141698475,0.07368051927272443,0.04407683797151927,3.265343890765217,0.25697513141698475,2.8000696189440055,0.2820188880893798,0.7431244306363147,0.2438144555779194,0.6728938846029724,0.021372830401260607,1,961.23
17629,-0.9543108234807262,0.25697513141698475,-0.13032695855186832,-0.39491296020724875,0.21597519789478678,0.25697513141698475,-0.34732843735429314,-0.28620121485606637,-0.9431176982434981,0.40934635256489754,-0.6943944359972793,-0.6888829383289077,0,1015.74
16229,0.24530532816927578,-0.4242629202453546,-0.20514346782797221,-0.031869600406363406,-0.54991275287267,-0.4242629202453546,-0.4631190012983777,-0.42808321376449077,0.3872095624030141,0.7448021054157685,0.5020491739990736,0.21667038425080554,0,652.4
17526,1.2623711958725383,-0.08364389441418492,-0.11767794083110035,-0.1548810079403285,-0.592462083470862,-0.08364389441418492,-0.9192636471387109,-0.5849608710941309,-0.8064033905836006,0.04843858406947399,-0.8390356846835563,-0.5558513448257157,0,323.1
14191,-1.1107824954350742,0.5975941572481545,0.11780590882511059,-0.09695609780055575,0.2868907488917735,0.5975941572481545,-0.245071835429647,-0.06027761380676335,0.005314385444561599,0.039882197224496915,0.2160161546881416,-0.20164819262584258,1,2426.5
15681,-0.13283454572039874,-0.08364389441418492,-0.14650111235875196,-0.2582520410900302,-0.4080816508786965,-0.08364389441418492,-0.533295100658429,-0.22737209335745134,0.6533482007401429,0.668504191151361,0.42620610982231233,2.0933178396303758,0,722.94
13417,0.15403018619590605,-0.4242629202453546,-0.22591355604992663,-0.2553382921900681,-0.5782789732714647,-0.4242629202453546,-0.5683831503384545,-0.497293944939332,0.11041507991803547,-1.132138177870932,4.06048721643489,-0.30910824572627016,0,404.83
14653,1.8882578836899306,-0.4242629202453546,-0.2074193391969736,-0.056356063442237404,-0.3087998794829151,-0.4242629202453546,0.4316262655422759,0.3090110732475679,-0.6992091753876475,0.9583532132682067,0.857105312774624,0.10334336953502571,0,1581.84
18061,-1.12382180143127,0.7679036701637393,0.038813286066081774,-0.27693767505283634,-0.46481409167628596,0.7679036701637393,-0.824964513623642,-0.3567096472404358,0.8432165223130056,-1.7187280268005802,0.6062896227403883,0.2774162629411856,1,325.9
16136,1.0928602179219946,-0.4242629202453546,-0.23895010078498316,-0.3956005561819678,-0.6066451936702594,-0.4242629202453546,-0.6736472993785315,-0.5180571642917843,0.053831632280518654,-0.7795478201714531,-1.425526372397298,-1.1114478324270982,0,550.08
17204,-0.23714899368996412,0.08666561850139992,-0.00010088495205623918,0.028368195889505926,-0.09605322649195489,0.08666561850139992,-0.3446968336282912,-0.18757592293191766,0.4056181927398635,1.2981407546148074,0.0654123821644234,-0.31848241047375225,0,0.0
15456,1.1710960538991686,-0.08364389441418492,-0.19215961316941987,-0.42200107184250313,-0.03932078569436549,-0.08364389441418492,-0.077150454818096,-0.016279363274185707,-1.2298934280206488,0.3334370238842942,-0.6734627098645145,0.08675329216380227,0,0.0
18189,0.9624671579600378,-0.4242629202453546,-0.15841926772801093,0.4708435204720362,-0.15278566728954426,-0.4242629202453546,1.0105790852626988,0.4716562915084447,-0.08828901071998274,-0.10605762065326221,0.14278260370978454,-0.14760359410485646,0,457.14
12564,0.8842313219828637,-0.4242629202453546,-0.18836762734100904,0.14862434295739807,-0.4222647610780939,-0.4242629202453546,0.010569669381968322,-0.28620121485606637,0.2858329403654886,0.5705506859332053,-0.08784068939076126,-0.07697878703669181,0,0.0
12464,-1.1368611074274655,0.4272846443325696,-0.13335748779079998,-0.44901420625711,-0.6350114140690541,0.4272846443325696,-0.9104916347187044,-0.6997353336257425,0.9631656674918916,1.0329308001385544,0.5451487347385482,0.2719369085985834,0,431.5
15990,1.2232532778839513,-0.4242629202453546,-0.19780594975479898,0.04707592679742166,-0.3938985406792992,-0.4242629202453546,0.11583381842204521,-0.15470082562386808,0.5774051268493781,0.3673235388780061,0.6039852858420824,-0.03453216736802802,0,390.74
13615,1.627471763766017,-0.4242629202453546,-0.19503207217883908,0.07692051804054817,-0.3938985406792992,-0.4242629202453546,0.11583381842204521,-0.09241116756651102,-1.520213429029991,0.5711002217507956,-0.6269276696565773,-1.0867173142196702,0,0.0
14646,-1.1499004134236612,6.2178080834624545,29.708838419771016,7.3756941852336935,6.257980142838058,6.2178080834624545,0.6461019692114327,10.21747888847974,0.2940745082220915,0.001848525280088741,-0.4187844969493067,-0.03267043387091127,1,103850.08
15620,0.34961977613884115,-0.25395340732976973,-0.11730231157602244,0.11315646016570453,0.11669342649900534,-0.25395340732976973,0.48425834006231433,0.2917083904538576,0.8804051841569336,-0.5153797712272984,0.19529732588241527,0.17776279816352222,0,678.17
18133,0.24530532816927578,-0.4242629202453546,-0.10770081989305841,1.016531389770379,-0.7059269650660409,-0.4242629202453546,-1.0420718210188007,3.9252717771330206,4.240977272907547,-1.409965265225355,-2.5712599695922225,-0.05194985852464294,0,0.0
17490,-0.22410968769376846,-0.4242629202453546,-0.2141517712302929,-0.12879137343857575,-0.46481409167628596,-0.4242629202453546,-0.14732655417814702,-0.26197745894487195,2.49530847410456,-1.1032589970519628,-1.1050197014475713,-0.02479319827691529,0,1787.12
18179,0.7668775680171027,0.08666561850139992,-0.07852411494886284,-0.18257381390795996,0.045777875502018596,0.08666561850139992,-0.38417088951832,-0.11576978933801992,0.8592515175997896,0.5012114592049631,-0.32553450323479255,0.08972053326488415,0,690.01
14740,0.036676432230145,-0.08364389441418492,-0.01987666043998091,0.19587218338335272,0.48545429168333637,-0.08364389441418492,0.46671431522230156,0.10137887972304431,1.0141662385927683,1.0187237179075077,0.7936747499483245,0.19239775890204253,0,0.0
15625,-1.1759790254160525,0.08666561850139992,-0.005250915010364079,0.014515697196694464,-0.09605322649195489,0.08666561850139992,-0.2525907032182239,0.2813267807776314,0.7599581042347767,-0.04922956341739664,-0.4652728023201209,0.4887911437044129,0,0.0
14655,0.3756983881312325,-0.4242629202453546,-0.1282567484492218,0.7953668759870626,-0.5215465324738753,-0.4242629202453546,-0.35785485225830077,1.0599475064945947,0.3735247745156148,-0.07845404838889121,-0.22222792963313365,0.1924745228332373,0,1121.67
18018,-1.12382180143127,-0.25395340732976973,-0.24526611124593098,-0.5752350045773305,-0.3087998794829151,-0.25395340732976973,-0.3315388149982816,-0.6512878218033537,-0.34671307730213585,0.06900066867056374,-0.6309843681665243,-0.03152390750129335,0,0.0
16637,-0.9151929054921392,-0.25395340732976973,-0.1758494849715578,-0.20180272793501122,-0.3087998794829151,-0.25395340732976973,-0.2525907032182239,-0.1391284111095288,-0.6240440242108148,0.4752062793893193,-0.2872522273913827,-0.6861327420514473,0,623.92
12989,-0.47185650162148624,0.7679036701637393,0.493584735733086,0.3346821447070183,-0.5215465324738753,0.7679036701637393,-0.9236496533487141,0.13857964772952144,-1.4712325539349203,-0.9515269447364145,0.36372829575109034,-1.3823694589287145,1,2454.9700000000003
15719,-0.8760749875035521,1.108522695994909,0.3368164610142853,-0.03830666910586125,2.854033694982694,1.108522695994909,2.53164603889181,-0.08133745057853646,0.10485069861788836,-0.24487411337040085,-0.10207259101034302,-0.004220071177603605,1,1483.27
12909,0.10187296221112337,-0.08364389441418492,-0.00625202646394275,0.24473538669317746,0.05996098570141595,-0.08364389441418492,0.045657719061994013,0.16020800122165932,0.8639527852973197,-0.25166737644402426,-0.5433326893866008,-0.20552599815834366,0,650.3
16788,-0.9151929054921392,-0.25395340732976973,-0.16499872857147949,-0.14343021859183724,1.237159132251396,-0.25395340732976973,2.8000696189440055,-0.2204510202399672,-0.15411711301297742,-0.13670999184813346,-0.7363773550463768,0.29236338349832447,0,0.0
16885,2.1360046976176483,-0.4242629202453546,-0.2357801977952986,-0.36149506435082146,-0.3371660998817098,-0.4242629202453546,0.3789941910222374,-0.6253337976127882,0.6580487429127427,-0.8804324911286736,0.20047859284724198,-0.3308512667245265,0,272.46
15164,0.19314810418449307,-0.25395340732976973,-0.20428852884469537,-0.35479283231000897,0.017411655103223903,-0.25395340732976973,0.3526781537622182,-0.500754481498074,-1.5218728513299171,-0.07051618802726003,-1.1190631216154394,-0.5915807454199907,0,461.35
14309,-0.32842413566333384,0.4272846443325696,-0.04336453680161661,-0.28763945415847647,0.08832720610021064,0.4272846443325696,-0.4982070509784033,-0.19045970339753607,0.5328238639647584,-0.1533495867454124,-0.5049671739356435,1.600982678601352,0,1042.51
17935,-0.719603315549204,-0.25395340732976973,-0.2412463683126313,-0.5536104769149548,-0.3229829896823125,-0.25395340732976973,-0.3315388149982816,-0.6045705782603358,0.5994140635125439,0.4562916213809661,0.3445430092317352,0.21961637313750484,0,0.0
15789,2.1490440036138443,-0.4242629202453546,-0.20631624695016115,-0.04448771802753818,-0.3655323202805045,-0.4242629202453546,0.2210979674621221,0.7692624355602617,1.2557001053396073,-0.5572719680317443,-0.31693464214065337,-0.2839727364633291,0,0.0
16808,1.0407029939372119,-0.4242629202453546,-0.23772633126617732,-0.3824338247511767,-0.45063098147688857,-0.4242629202453546,-0.09469447965810857,-0.34503033635468133,0.5465141368995953,1.1729572919555487,-0.2719406240641102,-0.23668854341519777,0,121.92
17345,0.036676432230145,-0.25395340732976973,-0.24471541496246835,-0.5722724900054025,-0.45063098147688857,-0.25395340732976973,-0.5420671130784354,-0.6409062121271274,-0.03190355240750773,0.9074811158390155,1.3142589606796713,2.2829029657693023,0,394.31
14693,0.9233492399714508,-0.4242629202453546,-0.2366385361383499,-0.3707300634793624,-0.6066451936702594,-0.4242629202453546,-0.6736472993785315,-0.6287943341715302,-0.4381881929168686,-0.37804312587495975,0.2845510854348819,0.6316961986008067,0,0.0
12876,0.036676432230145,-0.4242629202453546,-0.14255615534049043,0.6415172766436659,-0.23788432848592836,-0.4242629202453546,0.6947866381424681,1.5063567225723205,1.0779054129500503,1.2062365430227566,0.12006141041326462,0.24303154645225386,0,1491.59
15192,-0.9673501294769218,-0.08364389441418492,-0.08852503140532603,-0.05032740724545396,-0.20951810808713367,-0.08364389441418492,-0.19995862869818545,0.31247160980630995,0.34724224144436056,1.0760252983304854,0.29724311107006884,0.20138019103177932,0,0.0
17173,-1.0064680474655088,-0.25395340732976973,-0.10264257254866099,0.19201969529804713,-0.5357296426732727,-0.25395340732976973,-0.43680296403835844,-0.3346487266784552,2.628680342156124,-0.8730079776140226,-2.0932296880406245,0.24495012768530539,0,2805.34
16009,-0.44577788962909487,-0.4242629202453546,-0.19096983724835867,0.12062675153997973,0.05996098570141595,-0.4242629202453546,1.9579564266233906,-0.0681874116553166,-0.09000078544893171,1.4608275851798413,0.30591835598119044,-0.2792303892385296,0,530.52
16283,-0.9543108234807262,-0.08364389441418492,-0.16636527120081263,-0.32949259212320414,0.11669342649900534,-0.08364389441418492,0.20355394262210935,-0.23775370303367752,0.25591861652230424,0.17210347873410273,1.7024200662437208,-0.4714023455217446,0,984.46
15267,-0.4979351136138776,-0.25395340732976973,-0.026751865583827535,0.6002798052875077,-0.6208283038696568,-0.25395340732976973,-0.9104916347187044,0.4716562915084447,0.8825435636632187,0.06630705758167123,-0.9229548393413425,0.9839942014052641,0,309.6
15786,-1.0325466594579003,-0.4242629202453546,0.2689720386356001,5.069214749913908,1.6201031076351242,-0.4242629202453546,7.5895884002675045,7.164333996115588,0.08131329413282853,0.3749552502721528,-0.061596236738458945,-0.16836623176295681,1,1771.36
12766,-0.5761709495910516,0.25697513141698475,0.5756877726857462,1.1243120588075963,1.563370666837535,0.25697513141698475,1.2947922876709064,0.9803551656435273,0.9433174763806327,0.43497670558016344,-0.2335667142647759,-0.22483799524551262,1,2037.44
16985,-0.47185650162148624,0.5975941572481545,0.34221124497635425,0.2479600167519222,-0.010954565295570795,0.5975941572481545,-0.5082322080298393,-0.11020821272575577,-1.0157023078566625,-1.3036202659112064,1.1933156690441853,0.36376246568426185,1,1885.58
15967,1.627471763766017,-0.4242629202453546,-0.23850818401430324,-0.3908459031652933,-0.26625054888472305,-0.4242629202453546,0.6421545636224296,-0.5388203836442367,0.23689722898560775,-0.018469380915586055,-0.31487117476204457,-0.4630502370690393,0,235.78
13551,1.6405110697622127,-0.4242629202453546,-0.2504229400237878,-0.5190386633456345,-0.6633776344678488,-0.4242629202453546,-0.8841755974586852,-0.7049261384638555,0.16542777858073732,-0.07240751852758019,0.26081950654345953,0.1993084579946951,0,0.0
13933,-1.0977431894388785,-0.25395340732976973,-0.1625511895338678,-0.13026348716104605,-0.3938985406792992,-0.25395340732976973,-0.48943503855839693,-0.39174757989769915,0.6938147337717967,-0.662361532320315,-1.0320838797507403,-0.7445657594010147,0,0.0
16450,-0.5761709495910516,-0.4242629202453546,-0.2130095863460741,-0.11650242410317067,-0.5640958630720674,-0.4242629202453546,-0.5157510758184162,-0.054345265420348364,-1.7928927763669846,-0.13542887682679322,-0.7187743489673794,0.9055389123249201,0,0.0
15935,0.5973665900665589,-0.25395340732976973,-0.19517314560947918,-0.3057559012938057,-0.54991275287267,-0.25395340732976973,-0.7789114484186084,-0.5474717250410919,0.26844976591687547,0.1967963931955766,0.11524367456037521,0.034556879780259245,0,0.0
12576,-0.5761709495910516,-0.08364389441418492,-0.15370265604094682,-0.28407956010496627,-0.12441944689074957,-0.08364389441418492,-0.2876787528982495,-0.2123764349362357,0.04144469837818582,-0.03147519317110412,-1.0130877014177,-0.5128805917479944,0,654.98
15734,-1.0325466594579003,-0.25395340732976973,-0.03836237889349779,0.5378201230626923,-0.3655323202805045,-0.25395340732976973,-0.41048692677833926,-0.14777975250638398,-0.8904509621689312,-0.7009563181728846,-0.7676823948091954,-1.3209897505185269,0,0.0
15574,-0.21107038169757278,0.08666561850139992,-0.15118882948773318,-0.37802662714725915,1.1378773608556143,0.08666561850139992,0.9053149362226219,-0.4592280427931693,0.27958219505270765,0.4311203564227369,0.47533825367279997,0.2274924755156815,0,0.0
15116,-0.7717605395339867,-0.25395340732976973,-0.13158642134830598,0.036313952565448664,-0.43644787127749124,-0.25395340732976973,-0.48943503855839693,-0.30523416592914765,3.2143535218884964,-1.096898494554092,-2.1282970090294624,-0.23664914485006106,0,561.7800000000001
12875,-0.6544067855682256,-0.25395340732976973,-0.207687888619156,-0.3730799592972188,-0.7059269650660409,-0.25395340732976973,-1.0420718210188007,2.7469590788813485,-3.550272048597093,0.5914544480439515,-2.1358655914870086,-1.8575949712237902,0,0.0
13492,-0.7456819275415953,-0.08364389441418492,-0.05019385058850802,0.08714302202639844,-0.18115188768833898,-0.08364389441418492,-0.2175026535381982,-0.27581960517984017,0.11079002598684545,-2.202747652777557,1.9212287310695435,-1.2148346141775463,0,0.0
16139,-1.0586252714502915,-0.25395340732976973,-0.21395290868348696,-0.4067831343346467,-0.5357296426732727,-0.25395340732976973,-0.6999633366385507,-0.47826099386625065,1.2178801792042024,-0.7030602617412802,-0.41428437243343524,-0.11039192112126651,0,329.04
16926,2.3185549815643878,-0.4242629202453546,-0.22689087198508406,-0.26585339020771376,-0.5215465324738753,-0.4242629202453546,-0.35785485225830077,-0.6253337976127882,1.6442914699602509,-1.9540662946710103,0.26692457653710033,-0.8205887677406144,0,0.0
13301,-1.1759790254160525,0.08666561850139992,-0.16097048723874363,-0.40433723110010733,0.3436231896893629,0.08666561850139992,-0.02890438650806051,-0.44798129897725764,-1.7514404933473393,0.4865898034110254,-0.5272054495127759,-0.41276760983866345,0,0.0
16225,-0.5761709495910516,0.08666561850139992,-0.10393772862273049,-0.2509310945861505,0.8116658262694754,0.08666561850139992,0.6026805077324008,-0.35627708017059306,-0.8814789682009516,-0.0881799828481033,-0.6242881577061142,-0.2795741580003645,0,142.68
12527,1.314528419857321,-0.25395340732976973,-0.21759872204159594,-0.42639607802842927,-0.507363422274478,-0.25395340732976973,-0.6999633366385507,-0.36406328742776267,-0.9474832437491695,0.5854162784898514,0.34383744949406947,2.929899196171051,0,63.790000000000006
13249,0.8842313219828637,-0.4242629202453546,-0.21642254355963256,-0.15322297509348806,-0.6917438548666435,-0.4242629202453546,-0.9894397464987621,0.08407619692933402,0.16542777858073732,-0.07240751852758019,0.26081950654345953,0.1993084579946951,0,419.5700000000001
12710,-0.41969927763670356,-0.25395340732976973,-0.13169010182142704,0.035756195192338754,-0.05350389589376284,-0.25395340732976973,0.16846589294208367,0.026977343710090036,0.5414271215002474,1.3006730686225545,-0.03336779924965814,-0.1490912398295554,0,358.66
13614,-0.3805813596481165,-0.25395340732976973,-0.13364133433196743,0.025259384301680267,0.4429049610851444,-0.25395340732976973,1.1684753088228141,-0.32599738528160005,0.28068831253597876,-0.41863802856941695,0.04310705207637489,-0.5202229990595607,0,806.58
17134,-1.1368611074274655,-0.25395340732976973,-0.1957952284482055,-0.30910244553246513,-0.4222647610780939,-0.25395340732976973,-0.48943503855839693,-0.5768862857903994,-1.2713271274992628,-1.5664861675607251,1.796746984395008,-0.8192119167944163,0,0.0
17430,2.240319145587214,-0.4242629202453546,-0.2468876058583487,-0.4810014392122379,-0.6491945242684515,-0.4242629202453546,-0.8315435229386468,-0.5388203836442367,-0.37827148140612077,-0.6394087989816135,0.8503377498380151,1.8315982299211064,0,153.16
14859,0.14099088019971037,-0.4242629202453546,-0.21556930425624293,-0.14404283734590875,-0.5640958630720674,-0.4242629202453546,-0.5157510758184162,-0.023200436391669826,0.7993927207515198,0.46417405943950585,0.2649414387619263,0.6899113742193246,0,1056.88
16583,2.3446335935567792,-0.4242629202453546,-0.22634697442117035,-0.2600015095718066,-0.5215465324738753,-0.4242629202453546,-0.35785485225830077,-0.36233301914839167,0.2503242575113056,0.19605166051843487,-0.6117180503641962,-0.25948713110486415,0,0.0
16942,-0.7456819275415953,0.5975941572481545,-0.021367279701081893,-0.3108684595100871,0.9109475976652568,0.5975941572481545,0.36395645544508365,-0.45329569440675443,-0.3697555637225883,-0.4525321981941483,-0.11742919163034041,-0.3102592890782048,0,465.55
17070,-1.0325466594579003,-0.4242629202453546,-0.214314940499467,-0.13054693762934785,0.15924275709719737,-0.4242629202453546,2.1684847247035446,-0.29312228797355044,0.24870726643426716,-0.2060746928386081,0.12653521856850725,-0.3159817501170941,0,0.0
14903,-0.9021535994959434,0.08666561850139992,0.1416626157222752,0.40968222426331263,2.045596413617045,0.08666561850139992,2.7211215071639483,0.4041758286129745,-0.9314087675171228,-0.5688532747362084,-0.15816283390948285,0.14512409738346682,1,396.71
17696,-1.1107824954350742,0.5975941572481545,0.05956297812938942,-0.18647680929637306,0.2868907488917735,0.5975941572481545,-0.38793032341260847,-0.09241116756651102,-0.3785747452709732,0.2872834097874228,-0.32162908169885707,-0.34135775905000454,1,370.12
13827,-0.7847998455301823,-0.25395340732976973,-0.21490642910022315,-0.41191267345455906,0.11669342649900534,-0.25395340732976973,0.5105743773223336,-0.5820770906285124,-0.2974225638836257,-1.232480159896578,0.23659343189086166,-0.09594526141282825,0,109.04
12665,1.7057075997431914,-0.4242629202453546,-0.25531801809901106,-0.571705589068799,-0.6775607446672461,-0.4242629202453546,-0.9368076719787237,-0.618412724495304,-0.30088961495503175,1.7961890084935084,0.5330072279411622,-0.1515857962115707,0,0.0
14915,1.0928602179219946,-0.4242629202453546,-0.24184295595304914,-0.42672524631419906,-0.6066451936702594,-0.4242629202453546,-0.6736472993785315,-0.4834517987043637,-2.884329220420015,0.47247440764773235,-1.7063219451573985,-1.4889483768670893,0,165.20000000000002
14013,-1.0847038834426828,-0.08364389441418492,-0.18562774336279378,-0.3985752621718873,-0.29461676928351777,-0.08364389441418492,-0.4982070509784033,-0.2135299471224831,-0.07171472398139106,-0.028627936559852785,-0.1976656068360995,-0.1867492680118092,0,0.0
15921,-0.27626691167855116,-0.4242629202453546,-0.21112124199136123,-0.09618542602038047,-0.37971543047990186,-0.4242629202453546,0.16846589294208367,-0.18584565465254663,0.6779759507246961,0.4457188649267079,0.8479491530223151,-0.36500660589397776,0,0.0
15208,-0.3936206656443122,-0.25395340732976973,-0.21103795767688696,-0.39110192294311424,-0.4931803120750806,-0.25395340732976973,-0.6736472993785315,-0.47999126214562166,1.347970621391116,1.2648179408610594,1.0862651991117547,-0.04730814482918802,0,546.6
12539,0.8972706279790594,-0.08364389441418492,0.501836681585589,2.066937868206718,1.0527786996592303,-0.08364389441418492,2.9404218176641086,1.1233906767381991,0.28434518331822467,-0.19712349201332544,-0.46629717691758904,-0.43493056137374203,1,1050.66
13482,0.5060914480931892,-0.4242629202453546,-0.23464311195074156,-0.34926097639637804,-0.5640958630720674,-0.4242629202453546,-0.5157510758184162,-0.34503033635468133,0.2816708259571363,0.5640406577907884,0.3167822412893595,0.4737574243031846,0,0.0
15653,-1.0195073534617045,-0.4242629202453546,-0.2578675379298565,-0.5991362795496138,-0.6633776344678488,-0.4242629202453546,-0.8841755974586852,-0.5803468223491414,-3.550272048597093,0.5914544480439515,-2.1358655914870086,-1.8575949712237902,0,829.4399999999999
12350,1.5231573157964517,-0.4242629202453546,-0.20918870595958036,-0.07539296263592293,-0.4789972018756833,-0.4242629202453546,-0.19995862869818545,-0.06472687509657454,-0.05691739167871594,0.5357791973782781,-0.2072660258742017,0.21123547264556114,0,0.0
12461,-0.5109744196100733,-0.4242629202453546,-0.15947646861786818,0.4594689274859916,-0.23788432848592836,-0.4242629202453546,0.6947866381424681,0.2294187323965005,-0.15378345193141651,-1.4100600123526883,2.3765088638617087,-0.953986068643017,0,200.0
15424,0.7929561800094941,-0.25395340732976973,-0.20087047259147522,-0.3364051261243695,-0.4789972018756833,-0.25395340732976973,-0.6473312621185122,0.2121160496027902,0.713259037078082,0.7484506390163284,0.15784746799784874,-0.05907671925404441,0,0.0
13139,-1.0977431894388785,-0.08364389441418492,0.024779029237221094,0.35602474582834115,-0.16696877748894162,-0.08364389441418492,-0.2175026535381982,0.09099727004681814,0.24829461962791316,-1.405066787219943,1.3001440809344575,-0.6277348798955956,1,3354.0
12353,0.12795157420351472,-0.4242629202453546,-0.25089885039221227,-0.5241590589020533,-0.6633776344678488,-0.4242629202453546,-0.8841755974586852,-0.6772418459939191,0.97595840835135,-0.338416193994441,-0.30241427691273776,0.14933910740601777,0,0.0
14525,-0.9673501294769218,0.4272846443325696,0.1751514085403741,0.10420186365096747,1.5208213362393428,0.4272846443325696,0.5018023649023269,0.17289663527038027,-1.4253540257409445,-0.5460644251935699,-0.2432088435728873,1.0548890576845424,1,1395.61
13967,-0.6283281735758344,-0.4242629202453546,-0.2523095846986134,-0.5393373743014375,-0.6917438548666435,-0.4242629202453546,-0.9894397464987621,-0.6011100417015938,-0.9710481618045963,-0.8837310851224075,0.22437619403766787,3.968385689165988,0,0.0
12716,-0.7847998455301823,-0.4242629202453546,-0.15080470183321915,0.5527698493747364,-0.08187011629255754,-0.4242629202453546,1.2737394578628911,0.9941973118784956,0.12073835668811983,0.8389244198871312,-0.1871649400609068,-0.5031291046138007,0,375.59
14221,-1.0586252714502915,0.5975941572481545,0.17878192477949806,-0.0032345719911052377,0.5705529528797205,0.5975941572481545,-0.06461900850380081,0.01783163994770042,-1.6746708312282819,0.1557893843333643,-0.83952199312127,-0.5047703335544665,1,815.79
12734,2.0708081676366703,-0.4242629202453546,-0.24726153543353935,-0.4850246071494242,-0.6633776344678488,-0.4242629202453546,-0.8841755974586852,-0.44192535999945903,3.0553523761568417,-1.1054013958148083,-2.50500430335882,-0.3267219408919043,0,0.0
18008,0.12795157420351472,0.5975941572481545,0.08502758219987396,-0.14733713265031909,-0.4080816508786965,0.5975941572481545,-0.8916944652472621,0.00349513134719742,1.6779789094483546,-0.5886066504703319,-0.8209442990595971,0.047466337090353264,1,50.78
14393,0.3105018581502541,-0.4242629202453546,-0.254476676554832,-0.56265346121013,-0.6491945242684515,-0.4242629202453546,-0.8315435229386468,-0.7014656019051135,1.6297334238537369,5.914462020569954,3.210714113127475,0.6852647592881681,0,0.0
17331,-0.9151929054921392,-0.4242629202453546,-0.23624760976428694,-0.3665240242723042,-0.7059269650660409,-0.4242629202453546,-1.0420718210188007,-0.6910839922288873,0.16542777858073732,-0.07240751852758019,0.26081950654345953,0.1993084579946951,0,0.0
16756,0.2713839401616671,-0.4242629202453546,-0.2253356648882683,-0.2491206690144167,-0.5357296426732727,-0.4242629202453546,-0.41048692677833926,-0.37963570194210194,-0.08217003114799683,-0.7532199550270987,-1.216587980313137,0.3110342217683506,0,0.0
15042,0.07579435021873202,-0.4242629202453546,-0.24292225268144038,-0.4383375719510773,-0.6491945242684515,-0.4242629202453546,-0.8315435229386468,-0.6426364804064985,-3.550272048597093,0.5914544480439515,-2.1358655914870086,-1.8575949712237902,0,0.0
15165,2.3446335935567792,-0.4242629202453546,-0.18312411488890354,0.20504012971294058,-0.3371660998817098,-0.4242629202453546,0.326362116502199,-0.19276672777003073,0.3766446071445551,-0.5905644226041108,0.22072889367090298,-0.2781821076875316,0,0.0
17864,1.0667816059296031,-0.4242629202453546,-0.2318879308535412,-0.3196175435501108,-0.3087998794829151,-0.4242629202453546,0.5368904145823528,0.4543536087147344,0.8551246060347832,0.8037722496070411,1.878579722694901,-0.3069231278516528,0,354.0
18237,-0.9673501294769218,-0.25395340732976973,-0.16972383865797974,-0.16884932510405895,-0.28043365908412043,-0.25395340732976973,-0.2262746659582047,-0.12182572831581852,-0.16531625532008723,-0.3757680824011517,-0.19267574569218684,-0.5963574909608137,0,420.51
17965,-0.7717605395339867,1.108522695994909,0.054827669963565785,-0.34170290681256416,2.0030470830188527,1.108522695994909,0.11583381842204521,-0.35575799968678173,0.045006269242851275,-0.4440384047500121,1.1275988134872594,-0.3685853416915369,1,711.46
17388,-0.8108784575225737,-0.08364389441418492,-0.10404140909585155,-0.10597513466753353,-0.54991275287267,-0.08364389441418492,-0.8666315726186725,0.15213341591792792,3.1620510810796363,-1.197212653586422,-2.265285661159763,0.15369855832848434,0,306.53000000000003
15861,-0.7717605395339867,-0.08364389441418492,-0.07502277438116842,-0.0019030949833222773,1.7477510994297003,-0.08364389441418492,2.4491891221437494,0.257103024866437,0.03902890247537448,1.1789491046851246,0.21299787216996746,-0.2728920663895774,0,2023.16
16983,-0.17195246370898576,0.08666561850139992,-0.11556693841116028,-0.282211225297773,0.045777875502018596,0.08666561850139992,-0.29206475910825275,-0.2844709465766953,0.013494952173690684,-0.46056892482447687,1.213999705559419,-0.6256630454756781,0,1020.65
16558,-0.9412715174845304,1.6194512347416634,0.4754423526167895,-0.07325477548049535,1.5208213362393428,1.6194512347416634,-0.009673436202661777,0.054262343500171666,0.06961018174178316,0.019916169276345295,-0.6070446341087368,-0.42448637396828537,1,3976.09
15838,-1.1107824954350742,1.4491417218260785,2.139615927002861,1.469975942690737,0.003228544903826554,1.4491417218260785,-0.642945255908509,1.5599950392328223,1.5653191409727447,-0.18584286662764785,-1.1520193532283936,-0.23624361676059363,1,19489.58
15438,-0.8108784575225737,-0.4242629202453546,-0.2394124137143098,-0.40057465472248893,-0.3655323202805045,-0.4242629202453546,0.2210979674621221,-0.5422809202029788,0.2718690662706037,0.14962164914810439,-0.2380085705728278,-0.5820979342754126,0,0.0
14631,0.5452093660817763,-0.25395340732976973,-0.15893257105395447,-0.11079684048316117,-0.37971543047990186,-0.25395340732976973,-0.43680296403835844,-0.13739814283015778,1.1364094157022913,0.02694822356725601,1.247871944513286,-0.21985321540200964,0,376.9
15063,0.25834463416547143,-0.4242629202453546,-0.20300187117006205,-0.008827820402478918,-0.6491945242684515,-0.4242629202453546,-0.8315435229386468,-0.552662529879205,-2.3233992767523532,1.0068653634441573,-1.4234176999599952,-1.3476688101772476,0,0.0
13435,-1.0847038834426828,-0.08364389441418492,-0.08108043349925727,-0.023628201844127394,-0.28043365908412043,-0.08364389441418492,-0.44557497645836486,0.28478731733637347,0.656271939719135,-1.7045068171859423,0.39008572071021336,0.9863227519159441,0,2721.77
17722,-0.054598709743224706,-0.08364389441418492,0.09105634675987992,0.5937208224080952,0.5989191732785152,-0.08364389441418492,0.5544344394223654,0.8949952638612233,0.5273901774637755,0.36382101570826036,0.002404003080477985,0.07811927600530116,1,323.16
14978,0.5452093660817763,0.08666561850139992,-0.006445789971086984,0.01130173462869234,0.9818631486622436,0.08666561850139992,1.2211073833428525,-0.3874219091992716,-0.4969146986324632,-1.2412641744973267,1.141917316770191,-0.8938315335735002,0,394.14
12523,-1.12382180143127,0.5975941572481545,-0.09304108086569696,-0.42103272492775184,-0.02513767549496814,0.5975941572481545,-0.621015224858493,-0.4696096524693955,1.1806514833310267,1.1964859336324227,-0.03803323055701319,-0.17460277546355685,0,772.02
16393,-0.6674460915644214,0.7679036701637393,-0.010508024901567447,-0.34326965641719337,0.6131022834779125,0.7679036701637393,0.11583381842204521,-0.35800734844996407,0.1557813659893363,-0.09970567905599083,-0.48185530665801257,-0.20614161192015462,0,1537.63
16812,2.1751226156062358,-0.4242629202453546,-0.184551845994177,0.18967894304368432,-0.507363422274478,-0.4242629202453546,-0.30522277773826234,-0.46614911591065344,0.09864821437887177,-0.2237129191156242,-1.2450188008237564,-0.5092881527026775,0,0.0
14407,-1.12382180143127,0.4272846443325696,0.10071902691878423,-0.02926978051968171,0.23015830809418414,0.4272846443325696,-0.4543469888783713,0.06965729460124204,0.30484259044342027,0.31028750565053587,-0.7040756213029725,-0.14213691936829798,1,0.0
17211,-0.17195246370898576,0.4272846443325696,-0.017041594388080738,-0.24043733154998995,0.7832996058706807,0.4272846443325696,0.14214985568206442,-0.28908499532168475,-0.2844769967147608,-0.14448332718836096,0.40813558889208196,-0.38071629145661945,0,852.33
12722,-1.0325466594579003,-0.08364389441418492,-0.10801526067219601,-0.12022690229956579,-0.03932078569436549,-0.08364389441418492,-0.2175026535381982,-0.1016392650564899,-1.5702277319856242,0.43207740277465906,-0.23015428511035194,0.16082187693510266,0,67.98
12449,-0.8369570695149651,-0.25395340732976973,0.01219119999239341,0.8097771320529841,0.2868907488917735,-0.25395340732976973,1.1947913460828334,0.3903336823780063,1.275699490011874,0.8535040335770362,0.9531788897078919,-0.09271098278436286,1,2430.41
17704,-0.32842413566333384,-0.25395340732976973,-0.11557203745082197,0.12246460780219443,-0.3371660998817098,-0.25395340732976973,-0.27890674047824315,-0.15297055734449705,-0.015030130966100425,0.7753121855595702,-0.4533500414952476,-0.05469010955289318,0,0.0
16029,-1.12382180143127,7.239665160955964,8.608553386124363,1.3888032289414878,-0.11023633669135223,7.239665160955964,-0.8956173527891284,1.0896629834664016,-0.6752450412301654,0.4523467973185474,0.0646847880239514,0.8319654211445917,1,28637.6
16232,-0.6544067855682256,-0.08364389441418492,-0.14279241084481545,-0.24495120406133286,-0.3938985406792992,-0.08364389441418492,-0.5508391254984417,-0.24121423959241958,-1.0851383369984335,-0.16750600461633636,-1.621028477299416,-0.24522185133198982,0,265.84
13262,0.9103099339752551,-0.4242629202453546,-0.2319831129272261,-0.32064162266139457,-0.5640958630720674,-0.4242629202453546,-0.5157510758184162,-0.31388550732600284,0.288737827524109,-1.1382069822230905,0.9769599105554688,-0.4750797862009307,0,0.0
12556,-0.5500923375986603,-0.4242629202453546,-0.21354838487032612,-0.12229944335811622,0.13087653669840268,-0.4242629202453546,2.32638094826366,-0.18238511809380456,-0.5390155576065279,0.20143517200368752,-0.6696556883525258,0.15447946449353023,0,290.81
16133,-1.202057637408444,3.3225463638975117,1.5389099622182625,0.1574156804833798,1.2513422424507932,3.3225463638975117,-0.6233035759245816,0.1898482491378414,0.2539613012725371,-0.37593277225761157,-0.5026900474698702,-0.2906107421638049,1,3969.77
14536,0.8581527099904724,-0.4242629202453546,-0.23696997371635983,-0.3742960532418684,-0.46481409167628596,-0.4242629202453546,-0.14732655417814702,-0.6114916513778199,0.46058791556297785,-1.2508800968183063,0.6231427016371208,-0.2206116216597972,0,0.0
17255,1.3797249498382993,-0.4242629202453546,-0.24762526692940667,-0.48893805232468707,-0.20951810808713367,-0.4242629202453546,0.8526828617025835,-0.4938334083805899,-0.957901601429602,0.6500785978198067,-0.5005523749703217,-0.5481463054070129,0,183.22
15839,-0.5892102555872473,-0.4242629202453546,-0.21517497852240552,-0.13980022388487606,-0.43644787127749124,-0.4242629202453546,-0.04206240513807012,0.06331297757688166,1.3024150532059597,3.583461997738498,1.9423224326043258,0.48818730421606166,0,749.31
17212,0.7668775680171027,-0.4242629202453546,-0.2274687631467424,-0.27207101338336515,-0.6633776344678488,-0.4242629202453546,-0.8841755974586852,-0.23775370303367752,0.5431401609239419,-0.45500262550441617,-2.319268079538678,-0.8881131979594171,0,0.0
16933,0.5973665900665589,-0.4242629202453546,-0.2278290952828352,-0.2759478843046536,-0.45063098147688857,-0.4242629202453546,-0.04206240513807012,-0.3069644342085187,-0.5246017277180178,0.4023334340877242,0.2567222761379315,0.9230526794801293,0,338.5
16033,-1.1107824954350742,2.130379773488418,0.730759766877091,-0.016628423007960632,4.485091367913389,2.130379773488418,1.257291934575379,-0.2816592606227174,0.08160853247826871,-0.7338818047571511,0.26532678334685833,-0.5520556761634774,1,2914.27
13168,0.07579435021873202,-0.08364389441418492,-0.10403631005618985,-0.10595684754054634,0.6131022834779125,-0.08364389441418492,0.782506762342532,-0.11778843566395292,-0.9742882095945311,0.055954397822943064,0.07778054599189362,0.27215234410853445,0,346.53000000000003
15241,-0.8630356815073564,0.4272846443325696,-0.03744285207450621,-0.2770207290879033,0.31525696929056823,0.4272846443325696,-0.296450765318256,0.15213341591792792,1.1087982696605703,0.3711635447827737,-0.44614667724103446,-0.08191218083246161,0,411.58
17654,1.0928602179219946,-0.4242629202453546,-0.2460462643141697,-0.47194931135356905,-0.4080816508786965,-0.4242629202453546,0.06320174390200677,-0.6045705782603358,1.0468903370049005,-0.4994719719748294,-1.5863221639511689,-0.4219094698719522,0,0.0
16813,-1.0455859654540958,0.4272846443325696,-0.09106775251662258,-0.3731805384956486,1.9321315320218662,0.4272846443325696,1.5719878801431084,-0.11663492347770543,0.17685788192793306,0.3491214220312544,-0.287793337436874,-0.375130179952987,0,622.82
17085,-0.9151929054921392,0.25697513141698475,-0.00046801580769796196,-0.11547834499188692,0.9109475976652568,0.25697513141698475,0.8632092766065913,-0.20314833744625693,-1.1918785074048746,-0.254913474136353,-0.7063144878111713,0.1541577551673959,0,0.0
15460,2.0968867796290613,-0.4242629202453546,-0.22960866012476536,-0.29509450626026235,0.03159476530262125,-0.4242629202453546,1.8526922775833137,-0.3761751653833599,0.48997678341860396,-0.8604070957206879,0.4580064552543792,-0.03231923157116617,0,0.0
16652,-1.0977431894388785,0.25697513141698475,0.5032270197333435,0.9683886992638501,0.03159476530262125,0.25697513141698475,-0.2525907032182239,0.6910543093326912,-0.7912072283036774,-0.7052657482781878,0.04855310720362449,-0.1535784641585786,1,2248.1
13963,1.4970787038040603,0.08666561850139992,-0.15307547416255884,-0.3831013048862099,-0.22370121828653103,0.08666561850139992,-0.6341732434885027,-0.3484908729134234,0.5724169596345536,-0.7651713392312048,0.9870199921789508,-0.8385302150231011,0,0.0
15230,0.5973665900665589,-0.25395340732976973,-0.1930077534331478,-0.294107001402953,-0.3938985406792992,-0.25395340732976973,-0.48943503855839693,-0.1391284111095288,-0.7967084493018007,3.1043817375284757,0.7556665853054546,0.15273267283127612,0,0.0
14152,0.5321700600855805,-0.4242629202453546,-0.21256936925528147,-0.11176605821348336,-0.3087998794829151,-0.4242629202453546,0.4316262655422759,0.5304854130070596,0.20999967788557625,1.404552922350227,0.719021389404453,0.07382032239549913,0,306.78000000000003
14157,1.1971746658915599,-0.4242629202453546,-0.22027401818409645,-0.1946616048465057,-0.20951810808713367,-0.4242629202453546,0.8526828617025835,-0.1027927772427372,-0.8315579318174331,1.5210223773783307,0.6177673158395495,0.3822639727562851,0,155.71
13894,1.5231573157964517,-0.4242629202453546,-0.23868665040246245,-0.39276605149895033,-0.5782789732714647,-0.4242629202453546,-0.5683831503384545,-0.383096238500844,-2.013313479065767,-0.6187091759417743,-1.0502987130648318,2.56949133705494,0,403.77
14684,0.2844232461578628,-0.25395340732976973,-0.18215699703306948,-0.2357344920597791,1.2655253526501906,-0.25395340732976973,3.2474422523643325,-0.27928014173858223,-0.10734798400604678,-0.07186214955081259,0.11594158542372618,0.07675055034050651,0,708.07
16729,-1.0325466594579003,2.130379773488418,0.5831833609884318,-0.11586580349492846,1.1946098016532039,2.130379773488418,0.2572825186946485,0.05141738315620583,-0.31673281645854595,-0.9471833181226926,0.9098222465678543,-0.7150634526246867,1,2209.04
12968,-1.0586252714502915,-0.4242629202453546,-0.2429188533216659,-0.4383009976971029,-0.6491945242684515,-0.4242629202453546,-0.8315435229386468,-0.4938334083805899,2.297093807439846,0.027437243688900416,0.7812382259220577,-0.2287335899745719,0,0.0
16117,-0.054598709743224706,-0.4242629202453546,-0.22655773472718693,-0.2622691133182206,-0.29461676928351777,-0.4242629202453546,0.48425834006231433,-0.2965828245322925,-1.4247597582463085,0.03241103726586517,-0.34391914702951837,1.3958525973882867,0,0.0
12386,1.8752185776937351,-0.25395340732976973,-0.19771586672077573,-0.3194346722802387,-0.5782789732714647,-0.25395340732976973,-0.8315435229386468,-0.13393760627141574,1.0170311434548658,0.13086906548498223,-0.03480472698630257,0.1898199789441568,0,0.0
13149,-1.1368611074274655,-0.08364389441418492,-0.07351685800108237,0.0034977031869005545,0.102510316299608,-0.08364389441418492,0.028113694221980887,0.2732521954739,-0.6309369469639325,0.218218103771668,-0.37496305354461285,0.20868127800208394,0,543.4399999999999
13239,0.8842313219828637,-0.4242629202453546,-0.21001135102499985,-0.08424393209773247,-0.4222647610780939,-0.4242629202453546,0.010569669381968322,0.3851428775398932,3.1222457239644896,-1.0721420884988144,-2.056722986299372,-0.10367412498919872,0,0.0
13617,-1.0455859654540958,-0.25395340732976973,-0.2038687079125495,-0.3525343721270886,-0.3938985406792992,-0.25395340732976973,-0.35785485225830077,-0.4211621406470067,0.8381505713734512,-1.114150144539868,-1.0234520848749695,0.169804911710024,0,178.48000000000002
12429,-0.27626691167855116,-0.08364389441418492,0.2175125303698152,1.0472415716909,0.15924275709719737,-0.08364389441418492,0.1333778432620578,0.45896765745972373,-0.15625131949920948,-0.38865130138273996,1.4795470079181816,-0.1852679164917231,1,905.52
13473,1.8100220477127567,-0.4242629202453546,-0.2250195244292435,-0.24571926339479572,-0.54991275287267,-0.4242629202453546,-0.4631190012983777,-0.06126633853783248,0.6981270142950106,-1.6348654714175836,0.9923198495021293,-0.9681533337614296,0,181.38
12843,-0.44577788962909487,0.5975941572481545,0.021612525607311004,-0.24480751949214766,0.24434141829358147,0.5975941572481545,-0.32777938110399313,-0.36084993205178784,0.1444643062478126,-0.2379605360148903,-0.6877290740336991,-0.3492442821816362,1,9.95
17517,1.4970787038040603,-0.4242629202453546,-0.2398611292045386,-0.40540245624711235,-0.5640958630720674,-0.4242629202453546,-0.5157510758184162,-0.3934778481770702,-0.1854922913502164,0.9133152925254854,0.33070714815710456,-0.04290658874572855,0,0.0
14573,-0.18499176970518144,0.9382131830793241,0.012690905879239092,-0.35371897157526,1.081144920058025,0.9382131830793241,0.2327939840221306,-0.5411274080167313,0.07773839251144471,-0.3614891745475549,-0.47012526380600594,-0.5193772561628687,1,0.0
17578,0.3105018581502541,-0.4242629202453546,-0.24164239372635596,-0.42456736532970835,-0.6491945242684515,-0.4242629202453546,-0.8315435229386468,-0.26889853206235603,2.8347337209127264,-0.9484491041941279,-1.594068180461341,0.03474529460310856,0,0.0
13439,0.8059954860056897,-0.4242629202453546,-0.21780438330795082,-0.1680904093340898,0.045777875502018596,-0.4242629202453546,1.747428128543237,0.09099727004681814,-0.9969116336793261,0.07478928404420498,-0.3365462045087837,-0.047298473581827455,0,0.0
16003,-0.7717605395339867,-0.08364389441418492,0.03887957358168378,0.4065947476569722,0.07414409590081329,-0.08364389441418492,-0.077150454818096,-0.06011282635158519,1.4089084687076816,-0.255934245695312,-0.517188270375806,-0.17846499742421498,1,941.47
14584,-0.32842413566333384,0.08666561850139992,-0.09043887095834735,-0.21462200395304531,0.24434141829358147,0.08666561850139992,0.19478193020210288,-0.4168364699485791,-0.5561605162150189,0.05985190911855974,-1.1806370493900589,-0.4564725582087623,0,0.0
14195,0.10187296221112337,-0.25395340732976973,-0.09401839680085439,0.2384141364645986,-0.6208283038696568,-0.25395340732976973,-0.9104916347187044,0.5685513151532223,0.4494036268792054,-1.1593729932790395,0.6485804349861524,-0.532742767637178,0,0.0
12915,-0.5892102555872473,-0.25395340732976973,-0.2042171422894317,-0.3544088026432776,-0.45063098147688857,-0.25395340732976973,-0.5157510758184162,-0.5855376271872544,0.23423938623046153,0.0666017413023835,-0.179673410784435,-0.4301497671648815,0,0.0
12418,-1.0586252714502915,-0.4242629202453546,-0.15238880348811779,0.5357262470226568,-0.23788432848592836,-0.4242629202453546,0.6947866381424681,0.661985802239258,0.3210587833322292,0.08250129602967551,0.26062899382619786,-0.2735460412368221,0,0.0
12517,-0.8760749875035521,-0.25395340732976973,-0.0074282049459061,0.7042329786463022,1.733567989230303,-0.25395340732976973,3.6948148857846594,0.6965911678266785,-0.006965157996463742,0.21790083416606695,-0.26090165127011716,0.12401034222369027,0,960.15
16625,1.0537422999334074,-0.4242629202453546,-0.20941306370469479,-0.07780686339823463,-0.3938985406792992,-0.4242629202453546,0.11583381842204521,-0.1789245815350625,-0.3904804699267735,-0.569026872009254,-0.5194278481025946,-0.3263208767724463,0,0.0
14241,-0.13283454572039874,-0.4242629202453546,-0.22970384219845025,-0.2961185853715461,-0.5782789732714647,-0.4242629202453546,-0.5683831503384545,-0.24121423959241958,-0.35340207691247333,0.21059342736794737,-0.37632042410865163,0.6968035791511541,0,0.0
16411,2.2924763695719967,-0.4242629202453546,-0.24417661643821637,-0.4518334716676382,-0.45063098147688857,-0.4242629202453546,-0.04206240513807012,-0.5076755546155581,1.36399964189436,-0.3929866215663452,-1.158786782981712,-0.17255892592655614,0,83.15
16365,-0.9151929054921392,0.5975941572481545,-0.11941841303562419,-0.46157528545839616,-0.23788432848592836,0.5975941572481545,-0.82402465515007,-0.5857848083700218,0.9436993298744856,-0.2305959953245518,-0.4209829882771087,-0.1342733117473031,0,677.8599999999999
14353,0.2844232461578628,-0.4242629202453546,-0.2506269016102554,-0.5212331185840997,-0.6350114140690541,-0.4242629202453546,-0.7789114484186084,-0.5249782374092684,-1.4585338111744923,1.5832997010046685,-0.348396392311736,-0.7706174556846144,0,0.0
17053,-0.8239177635187694,-0.4242629202453546,-0.1813003583699054,0.2246622169702168,-0.5357296426732727,-0.4242629202453546,-0.41048692677833926,-0.324267117002229,2.592909192878926,-0.6299564219496344,-1.9033015126858444,0.2607172922136943,0,0.0
16431,0.25834463416547143,-0.08364389441418492,-0.1600883533772711,-0.30698113880194877,0.003228544903826554,-0.08364389441418492,0.23864199230213468,-0.23660019084743014,0.3404646465039409,1.1777616933306063,-0.21166481823968344,-0.07805490777269544,0,0.0
15587,-0.6674460915644214,-0.25395340732976973,-0.18837782542033243,-0.2691999344463732,-0.6775607446672461,-0.25395340732976973,-0.9631237092387429,-0.47653072558687964,-0.18728785091610756,-3.8360951998395736,4.974748057540141,-1.791577766520346,0,456.84
15421,0.2844232461578628,-0.08364389441418492,-0.14035846924630163,-0.23622214877943806,-0.22370121828653103,-0.08364389441418492,-0.37539887709831365,-0.30927145858101346,0.4724972201043828,-0.24171340580129388,0.13350491322288074,-0.1426649669016822,0,211.0
14282,-1.0977431894388785,0.9382131830793241,0.15337680950506655,-0.18553429657688944,0.102510316299608,0.9382131830793241,-0.5566871337784461,-0.0589593141653379,0.4085157123612314,-0.1968141303834066,-0.24211704097353445,0.07285132665529999,1,1233.9
15826,0.2192267161768844,-0.4242629202453546,-0.14364904950797952,0.6297586539908899,-0.3229829896823125,-0.4242629202453546,0.3789941910222374,0.9422892634973646,-0.12993819271287324,0.18677156483487783,-1.108977841203255,0.038593316697577644,0,934.31
17764,0.2322660221730801,-0.4242629202453546,-0.2268194854298204,-0.26508533087425096,-0.4789972018756833,-0.4242629202453546,-0.19995862869818545,-0.35541194603090753,0.9256672370000455,-0.04330855475089233,1.2969154029976102,-0.4201464310845152,0,541.88
13236,-1.1368611074274655,-0.4242629202453546,-0.191370961701745,0.11631098957099828,-0.4222647610780939,-0.4242629202453546,0.010569669381968322,-0.16508243530009425,-0.6154421414839709,-0.7360132868593132,-0.8596832843149447,-0.1499882398462881,0,305.62
16401,-0.8108784575225737,0.5975941572481545,0.15131679748174343,-0.045449098417722926,0.017411655103223903,0.5975941572481545,-0.29018504216110846,0.4004681108714652,-0.7449977716707554,-0.09995963917754047,-0.9564272432378758,-0.7260110100880216,1,1642.9
14852,-0.6935247035568127,0.08666561850139992,0.011737385462502904,0.060210655755985165,0.045777875502018596,0.08666561850139992,-0.055220423768079736,0.1299283063326663,-0.48490297746646643,-0.060917109688070924,0.3211743546980982,0.1145570533312636,1,1202.48
17516,-0.9673501294769218,0.08666561850139992,-0.16308488901845813,-0.41002452759312963,0.6272853936773098,0.08666561850139992,0.3789941910222374,-0.4237575430660632,-0.1312105004090453,0.24389224264613044,0.4342139936466328,-0.3462646149435072,0,159.23
13394,-1.0195073534617045,0.25697513141698475,-0.0036889091939994122,-0.12240916612003949,0.3578062998887603,0.25697513141698475,-0.09469447965810857,0.27440570766014727,-0.39509854286793494,0.8854532298370427,-0.48172604695717,-0.11109293981967167,0,976.57
14970,-0.7326426215453997,-0.08364389441418492,-0.07570434601594776,-0.00434747429061252,-0.5782789732714647,-0.08364389441418492,-0.7964554732586211,-0.556123066437947,-0.18728785091610756,-3.8360951998395736,4.974748057540141,-1.791577766520346,0,472.31
16980,0.8059954860056897,-0.25395340732976973,-0.09122072370647329,0.25346444197507234,0.2868907488917735,-0.25395340732976973,1.036895122522718,0.5322156812864307,-0.5657211619904429,-0.20322758512927197,0.14791291151526845,1.177208704160285,0,0.0
12435,0.9624671579600378,-0.4242629202453546,0.4102749260604921,6.589515051995601,-0.45063098147688857,-0.4242629202453546,-0.09469447965810857,2.29535905796551,-0.1205740038251254,-0.5312678227683255,-1.3441374720303687,0.7011858830782794,1,3850.9
17775,0.7929561800094941,-0.4242629202453546,-0.25643980682458306,-0.5837750928803576,-0.6775607446672461,-0.4242629202453546,-0.9368076719787237,-0.497293944939332,-3.550272048597093,0.5914544480439515,-2.1358655914870086,-1.8575949712237902,0,0.0
13515,-0.9934287414693131,-0.08364389441418492,-0.17696957401724256,-0.36752372054760496,-0.29461676928351777,-0.08364389441418492,-0.4806630261383905,-0.20084131307376224,-0.5199910468708812,1.0308944588540734,0.845223880543125,0.18063318604862452,0,367.16
12492,-1.1499004134236612,-0.4242629202453546,-0.24454374729385808,-0.45578349109687555,-0.592462083470862,-0.4242629202453546,-0.621015224858493,-0.5076755546155581,1.406986329914819,2.0154998971000473,-0.12796769893799795,-0.16451969972257777,0,136.82
13508,0.6495238140513416,-0.4242629202453546,-0.24716465367996723,-0.4839822409111531,-0.54991275287267,-0.4242629202453546,-0.4631190012983777,-0.6633996997589509,-0.04115310250348512,-1.215593204698109,2.532137064626918,0.07620846989288942,0,0.0
15680,2.2533584515834097,-0.4242629202453546,-0.1846300312689896,0.1888377352022726,-0.29461676928351777,-0.4242629202453546,0.48425834006231433,0.39898502377486145,-1.359677525518294,0.0973300846680729,-0.29942561529362277,-0.1203966634868377,0,854.79
12814,-1.202057637408444,-0.4242629202453546,-0.2446236322485579,-0.45664298606527437,-0.6917438548666435,-0.4242629202453546,-0.9894397464987621,-0.5768862857903994,-0.7600774930731815,0.8366097161258289,1.1532947452177622,4.965745345524487,0,0.0
15365,1.58835384577743,-0.4242629202453546,-0.23056897926105044,-0.3054267330080359,-0.54991275287267,-0.4242629202453546,-0.4631190012983777,-0.4523069696756852,-0.18003289395744285,-0.77262191739337,0.5226520880197467,-0.08649815265117551,0,2105.71
12956,1.471000091811669,-0.4242629202453546,-0.24765756084726404,-0.48928550773744406,-0.45063098147688857,-0.4242629202453546,-0.09469447965810857,-0.6287943341715302,-1.3261599721326,0.14748086476685215,-0.578817793771005,-0.24662951747122128,0,0.0
13931,1.1319781359105816,-0.4242629202453546,-0.20174240837362437,0.004722940695043542,-0.43644787127749124,-0.4242629202453546,-0.04206240513807012,-0.016279363274185707,-0.1958284374040295,1.1396381867431666,-0.20254536580905155,-0.3489616495767263,0,859.32
15769,-1.202057637408444,2.6413083122351724,6.849466287475576,3.3423863730012413,-0.45063098147688857,2.6413083122351724,-0.8564745056060334,3.2859831812811975,1.1626747319974915,-0.4725995473933713,-0.8560488399534799,-0.08056702805045601,1,14389.0
15866,-1.202057637408444,-0.4242629202453546,-0.23001148425803894,-0.29942855535623114,-0.11023633669135223,-0.4242629202453546,1.1684753088228141,-0.31734604388474486,-0.13182990907270495,0.25930651845538183,0.7384732871569791,-0.5478554086866103,0,0.0
18168,-0.23714899368996412,0.4272846443325696,-0.06885633575029684,-0.3333511759175054,0.6556516140761046,0.4272846443325696,0.045657719061994013,-0.4050129700395437,1.081497927825407,0.18545630024406087,-0.22726663815528275,-0.4165482017865808,0,0.0
13678,-0.5500923375986603,-0.4242629202453546,-0.22649144721158496,-0.2615559153657194,-0.4931803120750806,-0.4242629202453546,-0.2525907032182239,2.4510832031089027,0.8397575173856497,-1.2999273131430866,1.9680699723043904,-0.7471860677352238,0,0.0
16174,-0.8760749875035521,-0.08364389441418492,-0.09443481837322582,-0.07152218742363006,-0.45063098147688857,-0.08364389441418492,-0.6911913242185442,0.00448385607826665,0.5549540685415096,1.3566603872167118,0.9714546675099599,0.07561205790772157,0,0.0
17550,0.04971573822634068,-0.08364389441418492,-0.22061735352131698,-0.5240615275581215,-0.12441944689074957,-0.08364389441418492,-0.35785485225830077,-0.647250529151488,-0.4861575330867818,-0.5727616934037671,1.0456184451532868,-0.48456703038265836,0,0.0
12412,-0.7326426215453997,-0.25395340732976973,-0.11462871511340915,0.12753928554114513,-0.23788432848592836,-0.25395340732976973,0.089517781162026,0.28997812217448654,1.7093010238508444,-0.03609513468655782,-0.8438442655299546,-0.05735201637899585,0,336.14
16203,-0.602249561583443,-0.08364389441418492,-0.2017271112546393,-0.45631381777950464,-0.45063098147688857,-0.08364389441418492,-0.6736472993785315,-0.5641976517416785,0.5175799786023348,-1.572317390200811,2.1540182774910392,-0.6728167744682509,0,214.6
12681,-0.5500923375986603,1.960070260572833,1.4109767567863236,0.5159615201748804,2.385991058402581,1.960070260572833,0.5684696592943759,0.5037239302861211,0.722359899187377,0.16658782090263896,0.5338000412763113,0.0981180977669979,1,3920.96
14934,1.1580567479029729,-0.4242629202453546,-0.1251497336153648,0.8287957441196824,-0.16696877748894162,-0.4242629202453546,0.9579470107426603,0.8419337032938451,-0.14188496935287248,0.7826595234283619,0.16133355549557363,-0.5814602919940685,0,1062.1
16080,1.0537422999334074,-0.4242629202453546,-0.24388597117749997,-0.44870637295282534,-0.6491945242684515,-0.4242629202453546,-0.8315435229386468,-0.5180571642917843,-2.0352205622256125,-0.24565876290629052,-0.7696488718504754,1.4370609049926235,0,86.9
12451,0.3105018581502541,-0.25395340732976973,0.6361334885153177,4.166324429174395,1.5775537770369321,-0.25395340732976973,4.036923370164909,6.356298709649317,0.6075646672307317,0.8080373347659411,0.3015606233572228,0.010499031634977217,1,3727.7
15661,1.6144324577698215,-0.25395340732976973,-0.21336991848216694,-0.4036468920563402,-0.6633776344678488,-0.25395340732976973,-0.9631237092387429,-0.33810926323719726,-3.550272048597093,0.5914544480439515,-2.1358655914870086,-1.8575949712237902,0,0.0
17045,-1.0455859654540958,-0.08364389441418492,-0.2083320672964163,-0.4800017429369372,-0.43644787127749124,-0.08364389441418492,-0.7087353490585572,-0.6241802854265408,-0.23074843878531967,-0.23437729609793032,-0.8678811567245841,0.5352012667797131,0,0.0
16315,1.7839434357203654,-0.4242629202453546,-0.22755034778132946,-0.27294879547875117,-0.5215465324738753,-0.4242629202453546,-0.35785485225830077,-0.4869123352631058,-0.573191548206,0.2881718589773128,-1.3866220734790515,-0.8215175509779494,0,0.0
12574,1.58835384577743,-0.4242629202453546,-0.22889649425201583,-0.28743220005262143,-0.5640958630720674,-0.4242629202453546,-0.5157510758184162,-0.5353598470854947,1.103712047173324,-0.014479220020619988,0.8805410982980272,-0.6585621240342968,0,0.0
13742,-0.4066599716405079,1.108522695994909,0.18142662668402842,-0.2054930701610301,1.5917368872363296,1.108522695994909,0.2632036270781529,-0.4128568529060257,0.4460898551226052,-0.5682235017677053,0.507216969962465,-0.05511618492579988,1,475.3
16214,-0.3023455236709425,-0.08364389441418492,-0.08539252137316054,-0.039093015566311284,-0.20951810808713367,-0.08364389441418492,-0.32276680257827517,-0.26197745894487195,1.5684854681389495,-0.36453974779343884,-1.2482757499588528,-0.12518036714366934,0,0.0
16124,1.6144324577698215,-0.4242629202453546,-0.22370397219652724,-0.23156502710669524,-0.5640958630720674,-0.4242629202453546,-0.5157510758184162,-0.5803468223491414,0.529345439293161,0.4172720596993929,0.3596290626158964,1.069606976708928,0,0.0
13672,1.4058035618306906,-0.25395340732976973,-0.23434566797047626,-0.5164876091309187,-0.6633776344678488,-0.25395340732976973,-0.9368076719787237,-0.6478272852446115,-1.385520736052193,-1.1796206462162244,0.21108532441902575,5.342967488066101,0,0.0
13268,-0.31538482966713816,0.4272846443325696,0.09393390480896081,-0.04143681567517207,2.2016106258104156,0.4272846443325696,1.4842677559430448,0.6896700947091944,-0.5095305942771352,1.254110814010809,-0.008193440696935788,0.13282852765146802,1,1056.94
14143,-0.7847998455301823,-0.4242629202453546,-0.246343708294435,-0.4751495585763308,-0.6208283038696568,-0.4242629202453546,-0.7262793738985699,-0.6426364804064985,0.7069423112519958,-1.9586917597324816,1.8526604605447048,-0.7204679851603135,0,0.0
16858,2.279437063575801,-0.4242629202453546,-0.2021707277052064,0.00011458469426678976,-0.592462083470862,-0.4242629202453546,-0.5683831503384545,-0.43154375032323283,3.0030003546202275,-1.5823607266031163,-1.659189671669003,0.9348358405309345,0,0.0
12619,-1.0064680474655088,0.25697513141698475,0.08877537635121682,0.07655843292620146,-0.3229829896823125,0.25697513141698475,-0.6841737142825391,0.468887862261451,1.048117421346408,0.3958330455252137,-0.4375243167252764,0.22900635649770612,1,1553.78
12747,-1.0977431894388785,0.7679036701637393,0.20468334658100076,-0.05385987060848324,-0.23788432848592836,0.7679036701637393,-0.6341732434885027,-0.37357976296430334,-0.2894514484371594,-0.5816883340661979,0.9890071278648984,0.3082179635340266,1,1426.61
14676,-0.602249561583443,0.08666561850139992,0.02137627010298601,0.08613723004210198,-0.45063098147688857,0.08666561850139992,-0.7262793738985699,0.8315520936176188,0.4249834745485338,-0.36077282936648325,-0.024865363185160326,-0.32909925702773113,1,857.32
15917,0.7016810380361244,-0.4242629202453546,-0.2451029419767569,-0.46179995587566763,-0.54991275287267,-0.4242629202453546,-0.4631190012983777,-0.6011100417015938,1.1623718651949806,-2.1788748183313316,1.3917081348883948,-0.8655633501128024,0,0.0
13108,2.3315942875605837,-0.4242629202453546,-0.2065270072561777,-0.046755321773952224,-0.5782789732714647,-0.4242629202453546,-0.5683831503384545,0.28478731733637347,0.6945789644546858,2.091047308347349,1.3268129583313752,0.37491684545291465,0,0.0
16769,0.8711920159866681,-0.4242629202453546,-0.20457577474563732,-0.025761699992635247,-0.2520674386853257,-0.4242629202453546,0.9053149362226219,-0.4696096524693955,-0.7680452889877887,-1.0863929609477183,0.607239154657613,-0.3312279370170529,0,0.0
14719,-0.18499176970518144,-0.25395340732976973,-0.183061226733076,-0.24059886783837692,0.2727076386923762,-0.25395340732976973,0.9316309734826411,-0.057805801979090424,0.6967027717682484,1.9742304273551416,1.1795508915946302,0.2263882811814283,0,1093.72
16148,1.3406070318497123,-0.4242629202453546,-0.2530540444892203,-0.5473471359218354,-0.7059269650660409,-0.4242629202453546,-1.0420718210188007,-0.497293944939332,4.240977272907547,-1.409965265225355,-2.5712599695922225,-0.05194985852464294,0,0.0
14672,0.5321700600855805,-0.25395340732976973,-0.13590700762164545,0.013071014164704846,0.102510316299608,-0.25395340732976973,0.5105743773223336,0.03908922166568724,-1.123588386749311,-0.8291013588451857,0.4618115210415362,1.6306817031334566,0,0.0
18112,-0.3545027476557252,-0.4242629202453546,-0.23260349608606518,-0.32731642401172617,-0.54991275287267,-0.4242629202453546,-0.4631190012983777,-0.36579355570713373,3.711127410985465,-1.4126450262460244,-1.9996727505888472,-0.11088872163944759,0,156.05
16156,-0.5500923375986603,0.25697513141698475,-0.02549240278738986,-0.16932661911842517,0.15924275709719737,0.25697513141698475,-0.38943409697032383,-0.29381439528529885,-0.2953904585898389,0.7191138725769008,-0.6148960910778367,-0.12915090184391173,0,1676.87
13089,-1.0586252714502915,10.98647444509883,6.237749796381499,0.3421319975276018,6.300529473436249,10.98647444509883,-0.1032084917128206,0.3342017437854696,-0.3204191891132332,-0.054581656077061294,-0.11193633945885981,0.34283297222176634,1,19815.18
16114,-0.3023455236709425,-0.4242629202453546,-0.24295284691941052,-0.43866674023684704,-0.6066451936702594,-0.4242629202453546,-0.6736472993785315,-0.5976495051428518,2.0323276851121257,0.024941361850099097,-1.71296878527205,-0.3887826370371325,0,0.0
13334,-0.04155940374702904,-0.25395340732976973,0.19434759318675326,1.789701975226119,1.7761173198284952,-0.25395340732976973,4.510612040845255,1.5772977220265325,0.5598036409432864,-0.4338996730069744,-0.4463537635867694,-0.12311310791096326,1,793.73
17061,-1.0847038834426828,1.108522695994909,0.5258259635139577,0.1650516691300087,-0.03932078569436549,1.108522695994909,-0.6789105068305353,-0.25920902969787823,-0.3661263766637119,-0.3488891075404778,-0.7286592654703125,-0.5914630360880524,1,573.4
17763,0.9103099339752551,-0.4242629202453546,-0.2634764815577166,-0.6594837986074064,-0.7059269650660409,-0.4242629202453546,-1.0420718210188007,-0.7049261384638555,-0.18728785091610756,-3.8360951998395736,4.974748057540141,-1.791577766520346,0,0.0
16717,-0.4066599716405079,-0.08364389441418492,-0.07291517132100281,0.0056555841713913325,0.14505964689780004,-0.08364389441418492,0.028113694221980887,-0.15124028906512602,-0.32280551348640835,-0.6418832504479802,0.46504600610654145,0.10486577055548242,0,2706.92
15611,-1.1759790254160525,0.7679036701637393,-0.1050425205494302,-0.47040862090489666,-0.4789972018756833,0.7679036701637393,-0.9368076719787237,-0.6352828402191716,0.553079847275311,-0.3179579090939504,-0.19148586743467633,1.9919080556328752,0,644.3100000000001
13681,-0.4979351136138776,-0.4242629202453546,-0.23144431440297408,-0.314844603406449,-0.5357296426732727,-0.4242629202453546,-0.41048692677833926,-0.41424106752952256,-2.7912580429131806,-0.1462793362923243,-0.964438530769555,-0.9595411175387154,0,624.37
13008,1.6926682937469957,-0.4242629202453546,-0.22702344701628804,-0.26727978611271613,-0.5215465324738753,-0.4242629202453546,-0.35785485225830077,-0.14085867938889984,-1.6298098371252376,0.20770468136077172,-1.2612429362528328,-0.9616623660018427,0,0.0
12726,-0.11979523972420307,0.25697513141698475,-0.016628572175483802,-0.15025314567076525,-0.15278566728954426,0.25697513141698475,-0.38943409697032383,0.5976198222466556,0.024995454736809825,1.2996800272849989,0.4441753651715705,0.4413657561062205,0,1141.78
17514,-0.8499963755111608,-0.4242629202453546,-0.23056218054150154,-0.3053535845000871,-0.15278566728954426,-0.4242629202453546,1.0105790852626988,-0.27928014173858223,-0.9262842335217817,-0.17408916949077277,-0.8928199615095412,0.256990452228241,0,0.0
15854,-0.6935247035568127,0.9382131830793241,0.1408246735378707,-0.20053990022139426,0.2727076386923762,0.9382131830793241,-0.5274470923784246,-0.4603815549794167,-0.0009548945423701458,-0.3871319605026806,0.0009441248934688534,1.03154389861662,1,575.4300000000001
12782,-0.5761709495910516,0.08666561850139992,0.08728135773034139,0.2634080672743677,0.31525696929056823,0.08666561850139992,0.07635976253201637,0.08234592864996299,0.9989398834093616,1.3489308146077572,0.24444625091005412,0.1335709310676027,1,252.25
13700,-0.22410968769376846,0.4272846443325696,-0.05708265317145247,-0.31223868781077163,0.49963740188273376,0.4272846443325696,-0.10346649207811523,0.13944478186920697,-0.7709635993723086,0.8992572053056297,-0.40205452994210417,-0.6267331747071371,0,1019.32
16186,-1.1759790254160525,0.9382131830793241,0.1922977792427535,-0.1390057498124317,0.23015830809418414,0.9382131830793241,-0.21165464525819397,0.11560553002009502,-0.30120088539918927,0.8957759626797753,0.8436610688771,0.5365114871580174,1,1310.41
13093,1.0667816059296031,0.7679036701637393,1.0652431712449186,1.1035026798306757,0.6556516140761046,0.7679036701637393,-0.048641414453074926,0.9669455864784019,0.18514870105554154,-0.5416765253026795,0.6948290187153918,0.15092442336082365,1,0.0
13517,-1.1368611074274655,-0.25395340732976973,0.00799299067093453,0.7871925302237799,0.6840178344748993,-0.25395340732976973,1.747428128543237,0.9509406048942198,0.9722257481562941,-0.27654832966914045,0.0013184351674854233,-0.3879627034694486,0,516.24
12748,-1.202057637408444,21.034735707118337,2.0011854985873883,-0.4948413385065346,15.434452441848142,21.034735707118337,-0.30107851990203877,-0.5142696479007202,-0.39340714137579846,0.0728195005277808,-0.09441579186755439,-0.08555930198184465,1,19714.14
16249,-1.0586252714502915,0.08666561850139992,-0.021141222276080274,-0.028225890354161825,-0.03932078569436549,0.08666561850139992,-0.4499609826683681,-0.08722036272839792,-0.6330572543569059,0.2501625462122722,0.7177642397554546,-0.6304088996186569,0,359.3
15117,-0.9543108234807262,-0.25395340732976973,-0.15117353236874811,-0.06905647313485465,-0.28043365908412043,-0.25395340732976973,-0.17364259143816624,1.130888505948807,0.20195660788010195,0.20707736239530602,-0.23814255926385722,0.014769215069429353,0,876.0500000000001
16145,-0.9151929054921392,0.5975941572481545,0.12189193927401226,-0.09067577590380543,0.5989191732785152,0.5975941572481545,-0.10221334744668546,0.19926262809889111,-0.13168839644941416,0.4398843341900265,-0.0064596860498381,-0.09983216717981257,1,1517.19
16041,-0.680485397560617,-0.25395340732976973,0.19965229411479907,1.8182390368896602,-0.6491945242684515,-0.25395340732976973,-0.9631237092387429,1.0599475064945947,0.7480977043007326,1.7378928587611975,2.7710500836115712,-0.06897468212034598,1,426.6
18196,1.2623711958725383,-0.4242629202453546,-0.189407831431994,0.1374326212412256,0.38617252028755494,-0.4242629202453546,3.0105979170241595,0.08753673348807607,-1.0942932728062489,-0.4121007631485343,-0.8158136454683599,-0.1794726453246258,0,235.85
17428,-1.0847038834426828,2.811617825150757,1.5460180235066596,0.2878890441721455,2.1874275156110183,2.811617825150757,-0.43153975658635463,0.41957521629937666,0.12652058437728764,0.008389023957619937,-0.44695927531531654,0.1407485365709289,1,6595.76
17759,-0.31538482966713816,-0.25395340732976973,-0.23761585207350733,-0.5340798252926147,-0.46481409167628596,-0.25395340732976973,-0.621015224858493,-0.613221919657191,-0.10646952743181362,-1.4724945329198251,0.5813004351660841,0.5192288858375379,0,652.8100000000001
13110,-0.7326426215453997,0.25697513141698475,-0.08887856482186991,-0.3057229844652287,0.40035563048695233,0.25697513141698475,4.3254477960670414e-05,-0.5568151737496955,-0.5122614759444728,-0.7195317310736097,0.7596062450013009,0.6660694261817774,0,446.43
14924,0.675602426043733,-0.4242629202453546,-0.21332742648498618,-0.11992211684977892,-0.5782789732714647,-0.4242629202453546,-0.5683831503384545,-0.5249782374092684,-0.7611635913542809,0.09374886403300144,0.1757391437694584,-0.47929847259857855,0,0.0
13593,-1.1107824954350742,0.25697513141698475,0.07592919576353013,0.04891561177233492,0.3719894100881576,0.25697513141698475,0.2421507972701374,-0.24882742002165206,-0.724413939124539,-1.0654425415759436,0.7918184522351525,-0.16149107794716955,1,0.0
17071,-0.7717605395339867,0.4272846443325696,-0.027659494643608507,-0.2594772785981732,0.20179208769538942,0.4272846443325696,-0.32276680257827517,-0.38771028724583334,-1.1576608746159696,-0.4538699526439791,0.2637510015215862,-0.6484437387690101,0,1026.61
17527,-1.0977431894388785,-0.25395340732976973,-0.1629200200693968,-0.1322476404391584,-0.3655323202805045,-0.25395340732976973,-0.43680296403835844,-0.39001731161832814,-0.024996889519167224,0.1939536310570797,1.025814762855062,-0.21987834694212505,0,332.75
15983,2.1751226156062358,-0.08364389441418492,-0.07253954206592494,0.007002735859449045,0.08832720610021064,-0.08364389441418492,0.30881809166218627,0.05408488008690277,-2.169499296108194,0.0276153359692258,-0.9420360545443103,0.2604068807955447,0,326.75
15706,-1.0064680474655088,-0.4242629202453546,-0.1895319080637618,0.13609766097115936,-0.3087998794829151,-0.4242629202453546,0.4316262655422759,-0.19276672777003073,-0.7275934798646344,0.3782194791937051,-0.2206531602211757,-0.2200971762743434,0,610.51
17288,0.1801087981882974,0.25697513141698475,-0.15321824727308617,-0.44417116545999724,-0.5357296426732727,0.25697513141698475,-0.8210171080346391,-0.2882775367913116,0.32348537727367066,-0.22880886516721474,-0.2324812742134008,-0.1983722321970227,0,753.93
14406,-0.9673501294769218,-0.4242629202453546,-0.23938351915622688,-0.40026377356370635,-0.6066451936702594,-0.4242629202453546,-0.6736472993785315,-0.47999126214562166,-0.12068340465424174,-0.9036948091399434,0.42852291024029154,-0.6530222730696676,0,0.0
12473,-1.0325466594579003,-0.25395340732976973,-0.06618613864745801,0.3881399886723795,0.13087653669840268,-0.25395340732976973,0.5895224891023912,0.7294662651347281,0.5520549998333284,2.124253528780631,1.0010267863253421,0.14628346988201488,0,2752.3
17123,-0.41969927763670356,-0.4242629202453546,-0.20733605488249934,-0.05545999421986421,-0.592462083470862,-0.4242629202453546,-0.621015224858493,0.10483941628178638,-2.4975610336686906,-0.7806805639595326,-0.09700170040865151,-0.48625780235376365,0,0.0
14907,-0.602249561583443,0.08666561850139992,0.06232155858636422,0.1962714523225734,0.49963740188273376,0.08666561850139992,0.11583381842204521,0.06071757515782512,-0.5260812524352662,0.1827687654798718,-0.6906319934564015,-0.7214550872143307,1,1569.28
15694,-0.22410968769376846,0.9382131830793241,0.2958507763722603,-0.015212059624013794,-0.3938985406792992,0.9382131830793241,-0.8607835643386681,-0.4623040752898289,-0.20860417251063845,-1.2850432086907895,1.5534995246782344,-0.5966538016199074,1,3173.62
15261,-0.7587212335377911,-0.4242629202453546,-0.22271475850215922,-0.2209219192001391,-0.45063098147688857,-0.4242629202453546,-0.09469447965810857,0.1878922936915958,1.468577840284529,0.9832525536535807,-0.6236986937996392,-0.17752262484715065,0,0.0
15882,0.06275504422253635,0.08666561850139992,-0.17826133073153758,-0.45084596681032885,-0.3938985406792992,0.08666561850139992,-0.792069467048618,-0.5076755546155581,-1.386210050228043,-0.12346551054861739,-0.782864522895223,0.18280030704299832,0,0.0
13155,1.7317862117355827,-0.25395340732976973,-0.16928022220741262,-0.16646285503222805,0.05996098570141595,-0.25395340732976973,0.563206451842372,-0.29312228797355044,-0.3101756370624502,0.10765951485219673,1.0956105875179902,-0.31396045056382405,0,402.56
13227,0.10187296221112337,-0.4242629202453546,-0.22222525069463686,-0.21565522662782266,-0.592462083470862,-0.4242629202453546,-0.621015224858493,-0.40385945785329636,1.2069822750968227,-1.4303889268581582,0.7075796103593217,-0.3920770346292932,0,0.0
13035,0.8711920159866681,-0.4242629202453546,-0.2094266611437926,-0.07795316041413228,-0.54991275287267,-0.4242629202453546,-0.4631190012983777,-0.012818826715443647,1.0038072781847753,4.298107012723809,2.252336761153327,0.4285582630489645,0,588.88
13002,1.627471763766017,-0.4242629202453546,-0.24546837315251138,-0.4657316881779177,-0.6208283038696568,-0.4242629202453546,-0.7262793738985699,-0.4938334083805899,-2.158602779915087,-0.21683662522316302,-1.2903800755007568,-1.625311052890182,0,0.0
17142,0.5843272840703633,-0.4242629202453546,-0.1676145359179269,0.3719101634712307,-0.507363422274478,-0.4242629202453546,-0.30522277773826234,-0.46614911591065344,0.2727694509342277,0.7137908109864473,0.8580303316952467,-0.2196339523444247,0,0.0
16161,-0.6935247035568127,1.4491417218260785,0.25010899124711805,-0.22414959711338162,1.7193848790309056,1.4491417218260785,0.12021982463204817,-0.3210949584900487,0.09127900688079096,-0.08369498219275308,-0.5630977503227749,-0.1606472984839034,1,2497.01
15213,1.627471763766017,-0.25395340732976973,-0.21021701229135473,-0.386685581775703,-0.4080816508786965,-0.25395340732976973,-0.4631190012983777,-0.27581960517984017,-0.003092559421110815,0.9677595709127367,-0.9332395242144309,-0.6261598077258279,0,0.0
17987,-0.1067559337280074,-0.4242629202453546,-0.23227545786782972,-0.32378700850319464,-0.5357296426732727,-0.4242629202453546,-0.41048692677833926,0.15674746466291728,0.7408171625050669,2.2029547441768256,1.1764469404423956,0.28878054529930136,0,0.0
13549,-0.6674460915644214,0.25697513141698475,-0.13650189558217607,-0.40820038667615544,-0.23788432848592836,0.25697513141698475,-0.6420680546665084,-0.4619964720401629,-0.27345961033557126,-0.3833991399770876,-0.5798036313222772,0.03921236023081572,0,156.15
14515,-0.028520097750833362,-0.25395340732976973,-0.13589001082277313,0.013162449799640916,-0.3655323202805045,-0.25395340732976973,-0.30522277773826234,-0.10452304552210823,-0.4882690196622816,-1.572411433728158,1.8446995584450752,1.0499707383649712,0,1311.24
12438,-0.6935247035568127,-0.4242629202453546,-0.1147425936658536,0.9407678226623682,-0.02513767549496814,-0.4242629202453546,1.4842677559430448,1.2814218462540865,1.0291659897927894,1.0634720379701434,0.47167712710906107,0.13265560028725287,0,2016.78
13841,0.7668775680171027,-0.4242629202453546,-0.2515787223471044,-0.5314739096969372,-0.7059269650660409,-0.4242629202453546,-1.0420718210188007,-0.4003989212945543,0.16542777858073732,-0.07240751852758019,0.26081950654345953,0.1993084579946951,0,0.0
17781,-0.44577788962909487,-0.25395340732976973,-0.23406862014885768,-0.5149972082814611,-0.54991275287267,-0.25395340732976973,-0.7789114484186084,-0.6876234556701453,-0.1515588463949693,-0.01577340543425314,0.05635812492230926,0.023833875478662378,0,0.0
18218,0.2322660221730801,-0.25395340732976973,-0.1569201500674738,-0.09997086130673301,-0.4789972018756833,-0.25395340732976973,-0.5683831503384545,0.1809712205741117,-1.2558298493429711,0.00631158665130789,-0.3764613225484293,-0.7849861320976255,0,0.0
14548,-0.5631316435948559,-0.25395340732976973,-0.1550708983501672,-0.09002266422569083,-0.6917438548666435,-0.25395340732976973,-0.9894397464987621,-0.30350389764977664,-1.8726524078436275,-1.5273811146209704,0.19546449944973968,6.95852029256188,0,0.0
12709,-0.7587212335377911,1.108522695994909,0.8284165744777957,0.49061373345790865,0.3436231896893629,1.108522695994909,-0.4631190012983777,0.141175050148578,1.5047809334731135,0.06228022830999327,-0.03153774848613937,-0.17862691892890037,1,3267.41
16233,1.7709041297241697,-0.25395340732976973,-0.2105314530704923,-0.3883771410220199,-0.592462083470862,-0.25395340732976973,-0.857859560198666,-0.5907284320253676,-0.08312914837849526,2.9517545116599773,1.056820701303019,-0.09309879835931469,0,210.18
12987,0.04971573822634068,-0.4242629202453546,-0.2143047424201436,-0.1304372148674246,-0.5215465324738753,-0.4242629202453546,-0.35785485225830077,-0.3727146288246178,-1.1824020448240735,-0.5163963924645429,-0.7697807833874148,0.2726301733086274,0,254.4
15563,0.0888336562149277,-0.25395340732976973,-0.14099414952412576,-0.014295671371654689,0.05996098570141595,-0.25395340732976973,0.5368904145823528,0.5374064861245438,0.5294272505962009,0.9501533421720043,0.13015812112334219,0.28511859047361027,0,664.8199999999999
17372,-0.3545027476557252,0.4272846443325696,-0.08660269345286851,-0.3651738247297484,1.7903004300278924,0.4272846443325696,0.650926576042436,-0.4050129700395437,0.21968123912490178,-0.19269563794535044,-0.23366681102727976,0.1646184525025728,0,281.55
18010,0.8190347920018853,-0.4242629202453546,-0.23631559695977616,-0.3672555093517925,-0.5215465324738753,-0.4242629202453546,-0.35785485225830077,-0.5388203836442367,1.7819625189732404,0.4007712186009654,0.1729135039123141,-0.10464067630567982,0,0.0
17496,2.1490440036138443,-0.4242629202453546,-0.21995617804518441,-0.19124191209989744,-0.5782789732714647,-0.4242629202453546,-0.5683831503384545,-0.4730701890281376,0.9536111849771876,-0.9308244389142735,-1.6402607268406248,1.2049812965243918,0,0.0
17715,0.0888336562149277,-0.4242629202453546,-0.2105484498693646,-0.09002266422569083,-0.7059269650660409,-0.4242629202453546,-1.0420718210188007,0.5823934613881906,-0.18728785091610756,-3.8360951998395736,4.974748057540141,-1.791577766520346,0,0.0
12358,-0.5631316435948559,-0.4242629202453546,-0.18361532237631306,0.19975515001363695,-0.54991275287267,-0.4242629202453546,-0.4631190012983777,-0.4003989212945543,-0.129173832308497,0.885714246984999,0.5637233770966139,-0.07622302662067572,0,683.2
16795,2.240319145587214,-0.4242629202453546,-0.1955096822271508,0.07178183535714219,0.1876089774959921,-0.4242629202453546,2.379013022783698,0.08061566037059197,-0.3799693130816904,0.5280948710329352,-0.10345372111173577,-0.2982445100485571,0,0.0
15791,0.14099088019971037,-0.4242629202453546,-0.05811435886300126,1.55004003249524,0.045777875502018596,-0.4242629202453546,1.747428128543237,1.1845268226093089,-0.008996729452229768,-0.2554689727972676,-0.2529061681586561,0.35024228774167865,0,389.4500000000001
15594,0.5321700600855805,-0.4242629202453546,-0.2204898775297747,-0.19698406997388132,-0.507363422274478,-0.4242629202453546,-0.30522277773826234,-0.24467477615116162,0.0839309878928603,1.5762703889772791,-0.3674373977623657,-0.07439110383911363,0,1503.87
13581,1.510118009800256,-0.4242629202453546,-0.24596977871924433,-0.47112639063914463,-0.5782789732714647,-0.4242629202453546,-0.5683831503384545,-0.6426364804064985,-0.9818633865693819,0.16083514403154198,1.3341530632973897,0.23728436556914884,0,0.0
12757,-0.6674460915644214,0.5975941572481545,0.6315885444968639,0.6927395193348407,0.5421867324809257,0.5975941572481545,-0.17740202533245478,-0.2926279256080159,0.2809425003868519,-0.1019227184160963,0.036201972501783544,0.08734461327762205,1,2553.57
15187,-0.8369570695149651,0.08666561850139992,-0.0022288841708685875,0.02264432514250924,-0.3087998794829151,0.08666561850139992,-0.7131213552685604,-0.25159584926864575,-0.3548337771987761,1.6644272583869713,0.6788877934065006,0.7869340442444599,0,3225.14
13011,2.3315942875605837,-0.4242629202453546,-0.2574341195586128,-0.5944730621678752,-0.6775607446672461,-0.4242629202453546,-0.9368076719787237,-0.7014656019051135,-1.0606565745302736,-1.1932649361467558,1.200211373648984,-1.1081542049567097,0,0.0
15124,-0.028520097750833362,-0.4242629202453546,-0.25060140641194695,-0.5209588116792916,-0.592462083470862,-0.4242629202453546,-0.621015224858493,-0.43846482344071697,0.9109277411793605,-0.3170737289428206,-0.2572247833061529,0.15334825905011093,0,93.44
13975,-0.8499963755111608,0.08666561850139992,-0.01673905136815375,-0.01638497562994339,1.6342862178345217,0.08666561850139992,1.6421639795031602,0.07369458725310785,0.08796506446107785,-0.013527049115198694,-0.320492068662995,-0.3703398924010882,0,994.57
16814,-1.1107824954350742,2.130379773488418,0.6061970266615302,-0.10039032228200213,0.8400320466682701,2.130379773488418,-0.2262746659582047,-0.28598493132114494,-0.3105386913192005,-0.9029853036416209,0.6084208222075517,-0.5419435488706714,1,1285.01
15953,0.2322660221730801,0.08666561850139992,-0.12596557996123534,-0.3101813860247105,-0.3087998794829151,0.08666561850139992,-0.5946991875984738,-0.35714221431027854,-1.748731221432609,-1.1031515342807774,0.08998756096082114,2.9013230101336034,0,833.24
17082,1.627471763766017,-0.4242629202453546,-0.1577665906513145,0.47786577723512486,-0.37971543047990186,-0.4242629202453546,0.16846589294208367,0.34707697539373056,1.5252498604327078,-0.9523620351913843,-0.6573615605442177,-0.18096978128323535,0,1366.91
14496,1.5361966217926475,-0.25395340732976973,-0.17444554938470555,-0.19425014448929342,-0.4931803120750806,-0.25395340732976973,-0.5946991875984738,-0.4713399207487665,0.09891735675255364,-0.49943937422131357,-1.5007389291283837,-0.6831761404110449,0,0.0
16893,2.2533584515834097,-0.4242629202453546,-0.24122257279421006,-0.42005044496386745,-0.09605322649195489,-0.4242629202453546,1.2737394578628911,-0.5318993105267525,-0.45063539689547727,-0.601201436860334,0.432174067039523,-0.7791311715617096,0,0.0
15795,-0.5761709495910516,-0.4242629202453546,-0.16234382858762572,0.4286185442585685,-0.12441944689074957,-0.4242629202453546,1.1158432343027758,1.2641191634603761,-0.20568246922948616,1.195462143311897,-0.02276898621544762,-0.2758358260751171,0,0.0
13643,-0.1067559337280074,-0.4242629202453546,-0.25108581517980755,-0.5261706428706464,-0.6350114140690541,-0.4242629202453546,-0.7789114484186084,-0.5388203836442367,1.1646331443687234,-0.4540641199199213,-0.9149683431042587,-0.08334851381843024,0,431.54
12409,-0.14587385171659442,-0.4242629202453546,0.7889789020543908,10.664051528888846,0.1876089774959921,-0.4242629202453546,2.2737488737436213,10.12655329039879,0.38628175783787405,-0.5962368451029405,-0.6665764589834821,-0.4874762512456723,1,4865.59
13871,-1.0586252714502915,0.7679036701637393,0.42646437698636086,0.24441231411640338,0.9251307078646542,0.7679036701637393,0.30662508855718457,0.008809526776694224,0.5848675998421684,-0.6688516476272489,0.2821444512675099,0.021350287617119063,1,2329.01
13266,-1.0586252714502915,0.7679036701637393,0.16494143145778156,-0.10730857101035095,0.045777875502018596,0.7679036701637393,-0.32495980568327676,0.5772026565500775,1.3688138443665143,0.4019655510158584,-0.11468946107302876,0.02034360841333459,1,1298.68
17323,-0.9021535994959434,0.08666561850139992,-0.17578149777606858,-0.44417573724174403,0.669834724275502,0.08666561850139992,0.4974163586923239,-0.3182111780244304,-0.448044721711396,1.1691189028371458,0.02216912583110249,-0.18852987395283088,0,375.57
14739,0.33658047014264547,-0.08364389441418492,-0.043772459974551904,0.11017261061229157,-0.3938985406792992,-0.08364389441418492,-0.6736472993785315,0.492419510860897,-0.04236699873363168,0.685583754905096,2.848086773271514,-0.10553494172348955,0,2594.66
14355,2.240319145587214,-0.4242629202453546,-0.23638358415526536,-0.3679869944312809,-0.5640958630720674,-0.4242629202453546,-0.5157510758184162,-0.42808321376449077,-0.1965365033753499,-0.5435910449616517,0.2762137141484363,2.290156599353498,0,0.0
14159,-0.64136747957203,0.4272846443325696,0.10116264336935137,-0.028474290495738075,4.144696723127852,0.4272846443325696,3.879027146604794,0.358612097256204,-0.27839183764680125,-0.01509464944287372,-0.8674958445833858,-0.16560085056706844,1,2470.01
12982,0.636484508055146,-0.4242629202453546,-0.1996467030726694,0.027270968270273394,-0.3229829896823125,-0.4242629202453546,0.3789941910222374,0.25018195174895286,0.33435694478034983,0.07645011389294541,-0.5647433937706401,0.21431200944877268,0,0.0
13509,-0.5761709495910516,0.08666561850139992,-0.15299388952797177,-0.38288185936236335,-0.37971543047990186,0.08666561850139992,-0.7131213552685604,-0.08289469202997035,0.29834223868414267,0.6861668298254473,-0.8036004700011509,0.18861478134353035,0,314.7
12951,-0.2632276056823555,0.25697513141698475,-0.13824746682636158,-0.4119565625593284,-0.16696877748894162,0.25697513141698475,-0.621015224858493,-0.5173650569800359,0.03857983672947116,0.8655289185907264,0.2952814392094144,0.1926898497307059,0,312.29
14047,0.07579435021873202,-0.08364389441418492,-0.157939957999812,-0.2992761626313377,-0.507363422274478,-0.08364389441418492,-0.7789114484186084,-0.5042150180568161,-0.09019382545257705,-0.314880185525828,-0.23409878885035124,0.8447645633522637,0,672.69
14711,-1.0977431894388785,0.7679036701637393,0.08355226005775807,-0.21676845548316906,1.3506240138465746,0.7679036701637393,0.3526781537622182,-0.44149279292961624,-0.3329530304710061,-0.04836734781298681,0.40249265413062635,-0.40084983114928185,1,782.89
14165,1.0667816059296031,-0.4242629202453546,-0.24555505682676013,-0.4666643316542654,-0.3938985406792992,-0.4242629202453546,0.16846589294208367,-0.5630441395554311,0.3430307707258775,-0.7405345416739274,-0.47688424881029645,-0.4128745884294049,0,0.0
13144,1.8100220477127567,-0.4242629202453546,-0.2471680530397417,-0.4840188151651276,-0.6775607446672461,-0.4242629202453546,-0.9368076719787237,-0.673781309435177,1.8992352245674466,-0.6414271277581792,-0.943994835715253,0.09241893532941566,0,0.0
14784,1.6926682937469957,-0.4242629202453546,-0.24653407244180478,-0.4771977167988983,-0.6633776344678488,-0.4242629202453546,-0.8841755974586852,-0.552662529879205,-3.1122160522294244,0.5131895911548069,-1.8533125523749412,-1.6150999035307843,0,175.31
17542,0.9885457699524292,-0.4242629202453546,-0.23700396731410445,-0.3746617957816125,-0.37971543047990186,-0.4242629202453546,0.2210979674621221,-0.2827406782973243,0.24936844274644407,1.0730116766497402,0.10509899741744336,-0.1913486258202406,0,0.0
15074,-1.1499004134236612,-0.4242629202453546,-0.1409856511246896,0.6584145819798478,-0.13860255709014693,-0.4242629202453546,1.0632111597827372,0.7450386796490673,-0.8768797723849094,0.023112030527127368,-0.9233276659684897,-0.8084066564151461,0,0.0
14540,1.510118009800256,-0.4242629202453546,-0.23272927239772018,-0.3286696714087797,-0.5640958630720674,-0.4242629202453546,-0.5157510758184162,-0.324267117002229,-1.5032033348577358,-0.4503047369763086,-0.9854195469885594,-1.4124136556235902,0,756.76
16065,2.240319145587214,-0.4242629202453546,-0.20362395400878835,-0.01552090887979778,0.2868907488917735,-0.4242629202453546,2.7474375444239674,0.0425497582244293,-0.9233746219017399,0.6769758158141221,-0.18148680653343033,0.785383562642954,0,0.0
15087,1.1450174419067771,-0.4242629202453546,-0.2138560269299148,-0.1256094133428012,-0.507363422274478,-0.4242629202453546,-0.30522277773826234,0.8799996054400077,-0.7706528410989301,1.3285265593670426,0.25602412616707443,0.48025343462284326,0,0.0
17469,-1.1107824954350742,-0.08364389441418492,-0.08751372187242398,-0.04670046039299064,-0.09605322649195489,-0.08364389441418492,-0.16487057901815977,-0.23544667866118285,-0.4090118463765372,-0.7261878186421374,0.18840832351924114,-0.3350628698123956,0,820.7
14532,0.5582486720779719,0.08666561850139992,-0.1074713631082823,-0.26043582883775285,-0.08187011629255754,0.08666561850139992,-0.2525907032182239,-0.500754481498074,-0.0785387639914515,-2.872778049031079,3.813009615594577,-1.030150695580704,0,0.0
15321,1.2754105018687338,-0.4242629202453546,-0.06895321750386896,1.4334230236978025,-0.18115188768833898,-0.4242629202453546,0.9053149362226219,1.1395398473456622,-0.09626649373045333,-0.175563062977264,0.11175801392284136,-0.36050966686132896,0,1588.84
14534,-0.9673501294769218,1.6194512347416634,0.2268386739110479,-0.27900605461774547,2.9249492459796804,1.6194512347416634,0.4154317810745718,-0.36100204354887544,0.058585695564479415,-0.22271865960381645,0.7765797667801078,-0.3978195228411575,1,1497.55
17860,2.279437063575801,-0.4242629202453546,-0.2275367503422316,-0.27280249846285354,-0.02513767549496814,-0.4242629202453546,1.6421639795031602,-0.4246226772057487,-0.8703530938340317,-0.21932309982433648,-0.5267249037975741,-0.9029030731444837,0,0.0
12468,-0.08067732173561605,-0.25395340732976973,-0.1420275548955618,-0.01985495797576653,-0.20951810808713367,-0.25395340732976973,-0.09469447965810857,-0.11317438691896338,1.0806509404376492,1.5445623191195732,0.4626855043792595,0.2784118329507931,0,0.0
14410,-0.680485397560617,0.5975941572481545,-0.1002766181456364,-0.4321539105826879,1.0244124792604357,0.5975941572481545,-0.01198693398376236,-0.5071811922500236,-0.957392346658353,0.0439704197492358,-0.22354942839376707,-0.7658620828629652,0,125.09
13769,-0.9282322114883348,0.4272846443325696,0.028059411419575592,-0.15956251244905423,0.05996098570141595,0.4272846443325696,-0.3490828398382944,-0.33810926323719726,-1.658785217041607,-0.2992944418451612,-0.5656293321441926,1.4358215895700215,1,1066.27
15622,0.04971573822634068,0.25697513141698475,0.17623070526876533,0.2647475993261808,1.081144920058025,0.25697513141698475,0.35794136121422215,0.10137887972304431,-0.4816114865661366,0.24670862101966223,-0.08127302550425561,-0.39143382665850607,1,1107.56
16287,-0.31538482966713816,-0.4242629202453546,-0.24180556299553008,-0.42632292952048045,-0.6066451936702594,-0.4242629202453546,-0.6736472993785315,0.28478731733637347,-0.7159386600919923,1.9319825734162324,0.2850765724282531,-0.3845473554939405,0,0.0
17560,-0.4979351136138776,-0.08364389441418492,-0.14605749590818487,-0.2566610610421429,-0.43644787127749124,-0.08364389441418492,-0.6911913242185442,-0.23544667866118285,-1.8934737379288757,0.17459512865892896,-1.1741501744025729,-0.9136249933168312,0,149.12
16086,0.0888336562149277,-0.08364389441418492,-0.16624459392881927,-0.3290597967845068,-0.4931803120750806,-0.08364389441418492,-0.6911913242185442,-0.4603815549794167,1.0079165262344705,-0.7214345859461401,-0.2838628956657322,0.9853950942087748,0,534.33
12567,-1.1107824954350742,0.7679036701637393,0.9166384590244852,0.9036449548783323,2.627103931792336,0.7679036701637393,0.9776840386876747,0.5616302420357382,0.5382839325175499,0.16958591018920247,0.4967878701917621,-0.27499564536030247,1,2443.12
14348,0.8711920159866681,-0.4242629202453546,-0.19641221224727012,0.06207137092693374,-0.46481409167628596,-0.4242629202453546,-0.14732655417814702,-0.11317438691896338,-0.7313959714639834,0.16583077478770555,-0.307989453484664,0.44744644377717235,0,0.0
13991,-0.6544067855682256,-0.4242629202453546,-0.24455054601340703,-0.4558566396048244,-0.6208283038696568,-0.4242629202453546,-0.7262793738985699,-0.4592280427931693,-0.9030367641972783,0.02299053271786092,-1.2841171263663558,-0.7850853586512564,0,726.53
13984,-0.8760749875035521,0.08666561850139992,-0.1267661291881208,-0.31233469522745444,-0.5782789732714647,0.08666561850139992,-0.9368076719787237,-0.18671078879223213,-0.7509664248663974,-2.4637863880422306,2.4956296497868298,1.1538899355161603,0,101.18
13786,2.2663977575796053,-0.4242629202453546,-0.2268653767867756,-0.2655790833029056,-0.6208283038696568,-0.4242629202453546,-0.7262793738985699,-0.27581960517984017,-0.7877272294090539,-0.9832777789296999,1.261637557626804,3.220624287819476,0,0.0
15048,-1.0064680474655088,-0.08364389441418492,-0.21138469237388194,-0.4909496362932802,0.32944007948996556,-0.08364389441418492,0.27373004198216055,-0.5503555055067103,0.032107448623099825,0.05737163882207039,-0.23933965265755794,0.272952587299685,0,59.52
14477,-0.11979523972420307,-0.25395340732976973,-0.17713274328641668,-0.2087061183726829,-0.6775607446672461,-0.25395340732976973,-1.0157557837587814,-0.22737209335745134,0.16542777858073732,-0.07240751852758019,0.26081950654345953,0.1993084579946951,0,786.6
13208,-0.4979351136138776,0.08666561850139992,-0.12515313297513928,-0.3079960743497389,0.6556516140761046,0.08666561850139992,0.3658361723922278,-0.25159584926864575,-1.4146030231446018,0.004312786063765173,-0.03184554643208332,-0.029585811504829723,0,388.83
18220,0.4278556121160152,-0.4242629202453546,-0.21413817379119504,-0.128645076422678,-0.6917438548666435,-0.4242629202453546,-0.9894397464987621,0.25018195174895286,-1.6924221350081783,0.25952346475818566,-0.9375230424717745,-0.8291432566145476,0,0.0
16623,0.675602426043733,-0.4242629202453546,-0.24402364524836562,-0.4501876302387893,-0.6491945242684515,-0.4242629202453546,-0.8315435229386468,-0.6114916513778199,-1.7229137084867454,-0.1087470416931608,-1.9063961293712344,-0.28181190508884485,0,0.0
15869,1.0928602179219946,-0.25395340732976973,-0.24059199155604766,-0.5500902049699169,-0.5357296426732727,-0.25395340732976973,-0.6999633366385507,-0.44365562827883004,-0.9910638342248062,1.1244099921968305,0.43684990096141246,0.8453552903252092,0,0.0
16696,-0.7587212335377911,0.08666561850139992,-0.15420406160767974,-0.3861369679660867,-0.6208283038696568,0.08666561850139992,-0.9631237092387429,-0.6201429927746751,1.6616580720811136,-0.7473885612429032,-2.4271212014643675,-0.6497147248354412,0,0.0
15810,-0.3023455236709425,-0.08364389441418492,-0.03466727481865909,0.1428273237024526,0.1876089774959921,-0.08364389441418492,0.4316262655422759,0.24095385425897398,0.47905127758643024,0.47793161321205985,-0.7663779198933774,-0.3453111160624289,0,30.79
14762,0.9103099339752551,-0.4242629202453546,-0.21494722141751668,-0.13734974886859,-0.4222647610780939,-0.4242629202453546,0.010569669381968322,0.433590389362282,0.1885772595942906,0.8927914045429549,0.586850327924546,0.1617614600717506,0,0.0
13922,2.0577688616404743,-0.4242629202453546,-0.23674901533101989,-0.37191872673353105,-0.6208283038696568,-0.4242629202453546,-0.7262793738985699,-0.4246226772057487,-0.5794861390267432,-1.1457664867961068,-0.16217398218803686,-0.3742460785016109,0,0.0
13799,-1.0064680474655088,-0.25395340732976973,-0.1489418526768147,-0.057050974267751374,-0.26625054888472305,-0.25395340732976973,-0.06837844239808935,-0.050884728861606304,-0.34417475606981307,-0.4220831710179897,-0.27905881006978583,-0.09773771108442701,0,0.0
18127,-0.7847998455301823,-0.4242629202453546,-0.24229847016282688,-0.4316261963467713,-0.6066451936702594,-0.4242629202453546,-0.6736472993785315,-0.6495575535239826,-2.211658334470031,-0.7733530414714725,0.04166888738265686,-0.5364902389522325,0,207.48
16838,0.04971573822634068,-0.25395340732976973,-0.16594035122900505,-0.14849575276729435,-0.37971543047990186,-0.25395340732976973,-0.43680296403835844,-0.42635294548511976,-0.5585691784486986,-0.5478276885655081,-0.0874904907103402,0.562739719388047,0,0.0
15292,0.10187296221112337,-0.4242629202453546,-0.2357054118802605,-0.3606904307633842,-0.37971543047990186,-0.4242629202453546,0.16846589294208367,-0.556123066437947,-0.6523137041094614,-0.09901865646626443,-0.6269231147795701,-0.09875446124528726,0,0.0
17440,-0.4848958076176819,-0.08364389441418492,-0.23434056893081454,-0.573278281989699,-0.6775607446672461,-0.08364389441418492,-1.0069837713387748,-0.4626885793519114,-1.8726524078436275,-1.5273811146209704,0.19546449944973968,6.95852029256188,0,0.0
17410,0.2844232461578628,-0.4242629202453546,-0.21462768159871737,-0.13391176899499455,-0.507363422274478,-0.4242629202453546,-0.30522277773826234,-0.4003989212945543,0.6593683535693019,-1.7913500655721142,2.0877608357612636,-0.8440523257289583,0,912.32
18024,-0.5370530316024646,-0.25395340732976973,-0.1997758787440989,-0.3305166712344879,-0.4222647610780939,-0.25395340732976973,-0.5420671130784354,-0.42808321376449077,-0.39377551432103286,2.6516130416761867,0.6234350088002937,-0.30390931726894743,0,0.0
13491,-0.602249561583443,0.9382131830793241,-0.08102434406297863,-0.4657520072079035,0.21597519789478678,0.9382131830793241,-0.6385592496985059,-0.43423527875780993,0.1737321491410248,-0.4922080192922343,-0.6278317395404065,0.2259057928863511,0,127.37
12626,-1.0586252714502915,0.4272846443325696,0.5454011767751892,0.7681312481941113,1.691018658632111,0.4272846443325696,0.712330662982481,0.6014264124612719,0.3311143431488734,0.8615453343449154,0.10516019044806348,-0.20601588270179128,1,1846.48
12407,-0.7717605395339867,0.08666561850139992,-0.026819852779316762,-0.043500213170228806,-0.010954565295570795,0.08666561850139992,-0.2525907032182239,0.3237183536222216,0.7871565921988289,1.002061348300797,0.3054615334112109,-0.1264809953378967,0,300.76
17990,0.5582486720779719,-0.08364389441418492,-0.15880339538252497,-0.30237278280117186,-0.3371660998817098,-0.08364389441418492,-0.5859271751784674,-0.26889853206235603,1.0454649011039887,-0.07843737745290845,0.32596568031453155,0.09355786032513282,0,0.0
13590,-0.5631316435948559,0.08666561850139992,-0.07627713813794436,-0.17652991843868707,-0.06768700609316018,0.08666561850139992,-0.42364494540834885,0.03216814854820312,0.2406185129001899,-0.8199821571907859,0.0924931689306604,0.9535577192614734,0,865.54
12489,1.8621792716975394,-0.4242629202453546,-0.20909862292555714,-0.07442374490560076,-0.507363422274478,-0.4242629202453546,-0.30522277773826234,-0.383096238500844,1.7260290885091383,0.5099337907719192,-0.13670981624844938,0.06119665096578698,0,0.0
18193,-0.3675420536519209,-0.4242629202453546,-0.22459460445743593,-0.24114748164799324,-0.4931803120750806,-0.4242629202453546,-0.2525907032182239,-0.31734604388474486,-0.7111508266858578,1.32359844789875,0.09318409927042239,-0.3503327438982644,0,0.0
14463,-0.3023455236709425,-0.25395340732976973,-0.2134345063178817,-0.4039943474690972,-0.6633776344678488,-0.25395340732976973,-0.9894397464987621,-0.5267085056886395,-0.8128153633756636,-0.3463221038084762,-0.062031711940798796,1.6032567206057593,0,220.2
18036,-1.1499004134236612,-0.25395340732976973,-0.22290682232941622,-0.4549514268189575,0.045777875502018596,-0.25395340732976973,0.4579423028022951,-0.4817215304249927,-0.3824437723614222,0.41524778514610794,0.12346648649907585,1.2668478413869038,0,149.43
17460,0.4148163061198195,0.25697513141698475,-0.18740220916506223,-0.5177293050533502,-0.5215465324738753,0.25697513141698475,-0.8631227676506698,-0.6239495829892914,-1.1254955847108943,-0.26220540467666864,0.3748015593711984,0.7611885501520056,0,159.85000000000002
15572,-1.0977431894388785,0.08666561850139992,-0.002101408179326314,0.022987208773519428,0.8258489364688728,0.08666561850139992,0.6289965449924201,-0.15210542320481155,-0.09754186635670356,-0.2575585167438984,1.052634098861982,-0.5111400970534293,0,980.63
14386,1.3406070318497123,-0.4242629202453546,-0.24182255979440237,-0.4265058007903525,-0.6208283038696568,-0.4242629202453546,-0.7262793738985699,-0.5595836029966891,-0.2689762403821743,-0.8949929375130156,2.3952362894338437,-0.8683675572722382,0,0.0
14662,0.5321700600855805,-0.08364389441418492,-0.17895480012552759,-0.3746435086546253,0.4429049610851444,-0.08364389441418492,0.4316262655422759,-0.3750216531971126,0.2491934976528431,0.05116144820087478,1.6527380183921536,-0.21055558270480304,0,229.09
12697,-0.8108784575225737,-0.25395340732976973,-0.14128479478484215,-0.015859220729061166,-0.3371660998817098,-0.25395340732976973,-0.3315388149982816,-0.12528626487456057,0.9092860913826628,1.3100763356259648,-0.6276599283479651,-0.36198303563834705,0,223.68
13218,-0.8630356815073564,-0.4242629202453546,-0.25537920657495133,-0.5723639256403386,-0.6491945242684515,-0.4242629202453546,-0.8315435229386468,-0.44192535999945903,-1.845858479944741,-0.04287568412619251,0.3350479091648502,-1.3745438672435437,0,0.0
15289,-0.7326426215453997,-0.25395340732976973,-0.14739174461966065,-0.04871204436158367,-0.13860255709014693,-0.25395340732976973,0.16846589294208367,0.5823934613881906,-0.3971050916833303,0.5116148489944539,-0.7929250282182416,0.2577574974118415,0,241.8
13198,-0.9543108234807262,0.25697513141698475,0.24543827091700918,0.4136706466592232,1.8612159810248794,0.25697513141698475,1.031631915070714,0.8931496443632276,0.11800456024482352,0.6778560711756868,0.20749290048589922,0.23939412272054134,1,392.06
17353,-0.8369570695149651,-0.25395340732976973,0.029718298989512375,0.9040655587990382,-0.6491945242684515,-0.25395340732976973,-0.8841755974586852,1.3298693580764753,-2.1119034050117844,0.25829423806384677,-1.8907042514963521,-1.374776403484086,1,0.0
15626,1.7709041297241697,-0.4242629202453546,-0.21811542472731396,-0.17143695357274918,-0.43644787127749124,-0.4242629202453546,-0.04206240513807012,0.3332348291587623,-0.5426407212411054,-1.2864970530693332,0.6486298162092036,-1.1369430130733436,0,393.92
14769,-1.1107824954350742,0.4272846443325696,0.8021956128574939,1.2286132971500476,6.059416600046495,0.4272846443325696,4.572016127785301,1.7503245499636355,-0.2023902333971015,-0.05825132355413714,-0.037498703251702986,-0.11866121732219499,1,4132.14
15032,0.8190347920018853,-0.08364389441418492,0.5768622514878223,2.3360085589875292,-0.3087998794829151,-0.08364389441418492,-0.1824146038581727,2.677171591613384,0.32841192218520837,-0.15142475430893326,-0.08118823092324506,0.08422933360315056,1,0.0
16611,-0.09371662773181173,-0.4242629202453546,-0.2440168465288167,-0.45011448173084045,-0.592462083470862,-0.4242629202453546,-0.5683831503384545,-0.5838073589078835,0.7082525699282507,0.8688854975751935,1.1481546565752634,0.7767432821207548,0,0.0
18171,-0.4066599716405079,-0.08364389441418492,-0.14969651054674496,-0.2697119740020151,-0.2520674386853257,-0.08364389441418492,-0.44557497645836486,-0.49267989619434255,-1.104706941519002,-0.7659368283338832,0.8766022507044684,-0.4496863979404253,0,546.89
16034,0.036676432230145,-0.08364389441418492,-0.19163101272449123,-0.42010530634482907,-0.46481409167628596,-0.08364389441418492,-0.7087353490585572,-0.4673026280969008,-1.3796902912334306,-1.3663878657728212,0.6418750364184568,0.2153873055050504,0,0.0
15062,0.3105018581502541,-0.08364389441418492,-0.12766525984846566,-0.19069939399927696,-0.18115188768833898,-0.08364389441418492,-0.30522277773826234,-0.12240248440894226,0.2918885923963862,-0.033013143535131566,0.14465694808358107,-0.15792052826621997,0,173.82
14482,0.5973665900665589,-0.4242629202453546,-0.2255566232736083,-0.25149799552275404,-0.507363422274478,-0.4242629202453546,-0.30522277773826234,-0.36233301914839167,0.6347718944791472,-0.22523607997692663,-0.24107031386149927,-0.08055324705577335,0,1784.71
17138,1.0667816059296031,-0.4242629202453546,-0.20135318167944863,0.00891069277511464,-0.37971543047990186,-0.4242629202453546,0.16846589294208367,-0.3104249707672608,-0.007121522633832727,-0.46940474963324746,-0.8332921205577521,-0.6428268901747998,0,0.0
14828,0.036676432230145,-0.08364389441418492,0.09766470216143139,0.6174209389835192,-0.4789972018756833,-0.08364389441418492,-0.7964554732586211,1.7589758913604907,0.19037832720742176,0.13691554352811422,-0.2649813243787604,1.3024828381275788,1,0.0
16279,-0.22410968769376846,-0.4242629202453546,-0.20499389599789597,-0.030260333231488842,-0.4931803120750806,-0.4242629202453546,-0.2525907032182239,-0.20660887400499897,1.1035483028148878,-0.6852923761501897,-1.394008276178669,0.4020133951100887,0,1143.7
17340,-0.9543108234807262,0.5975941572481545,1.0246514161780842,1.2968861087178682,1.5066382260399456,0.5975941572481545,0.8677205972797373,1.234951783893836,-0.4262888805273054,-0.32171957759163133,-0.10931081764744516,0.18895758502669555,1,4759.64
15279,2.0968867796290613,-0.4242629202453546,-0.2166486009846342,-0.15565516298278706,-0.45063098147688857,-0.4242629202453546,-0.09469447965810857,-0.09241116756651102,-0.37450259630416544,0.062087810920209055,-1.3076915147857895,-0.6958696889740221,0,0.0
14451,0.010597820237753656,-0.4242629202453546,-0.20483752544827077,-0.028577917548665607,0.017411655103223903,-0.4242629202453546,1.6421639795031602,-0.040503119185380125,-0.04777378289307838,0.12002833894352884,-0.9063893168971082,-0.3311472785906982,0,283.9
15065,-0.3805813596481165,-0.08364389441418492,0.2198699863734036,1.0556963200679865,1.1520604710550117,-0.08364389441418492,1.3263715323829295,0.6158453147893639,0.8717484861891396,-0.23251855052912024,-0.5890135129895252,-0.3220364516367682,1,299.38
16873,-0.8630356815073564,0.08666561850139992,0.3919999679129918,1.0830370988411142,0.6556516140761046,0.08666561850139992,0.8921569175926123,1.0313980798849727,1.359470671993887,-0.8204980156903876,-0.49220611911210327,-0.14138506500967,1,3252.15
14029,-0.64136747957203,-0.4242629202453546,-0.23794728965151726,-0.384811151259514,-0.6350114140690541,-0.4242629202453546,-0.7789114484186084,-0.6633996997589509,0.47920755971066575,1.2104930969933203,0.8929397793828915,0.3034419511290108,0,302.46
17054,-0.7326426215453997,0.08666561850139992,-0.06082024924347193,-0.1349541352332655,0.102510316299608,0.08666561850139992,-0.1341685355481374,-0.10711844794116476,-0.6653790318714696,0.10539152992122529,0.20000023210216727,-0.6217716502236976,0,149.01
13658,0.14099088019971037,-0.4242629202453546,-0.10739487751335695,1.0198230726280766,-0.26625054888472305,-0.4242629202453546,0.5895224891023912,0.2917083904538576,0.24978711379704882,-0.36527517865314024,0.2603249268888673,-0.28639779098519874,0,1705.87
17181,2.3446335935567792,-0.4242629202453546,-0.2395925797823562,-0.40251309018313314,-0.6917438548666435,-0.4242629202453546,-0.9894397464987621,0.0010233195195245904,1.1275547503027823,-1.4697603737138625,-1.1622799159134454,3.5181969776768263,0,84.39999999999999
12725,2.3185549815643878,-0.4242629202453546,-0.19331369581284927,0.09540880342461738,-0.37971543047990186,-0.4242629202453546,0.16846589294208367,-0.1789245815350625,-1.9898987913235109,0.7538535042585813,-1.0431307189193426,0.21628488688953376,0,0.0
13630,-1.1499004134236612,0.25697513141698475,-0.034621383461703875,-0.18897065092808593,-0.02513767549496814,0.25697513141698475,-0.45259258639437006,-0.07303216283755551,-0.9270015037447066,-0.9287772395206418,0.5387431085378921,2.314740311516953,0,670.3199999999999
18268,-0.7847998455301823,-0.4242629202453546,-0.2616918176761247,-0.640282315270836,-0.7059269650660409,-0.4242629202453546,-1.0420718210188007,-0.7395315040512761,4.240977272907547,-1.409965265225355,-2.5712599695922225,-0.05194985852464294,0,0.0
14387,-1.0977431894388785,-0.4242629202453546,-0.19111091067899877,0.11910892000004135,-0.15278566728954426,-0.4242629202453546,1.0105790852626988,-0.023200436391669826,0.19076558158830192,-0.23739686219683684,1.3357454537005127,-0.011449278347757219,0,1286.84
17438,0.7799168740132983,-0.4242629202453546,-0.20000193616910053,0.023448958729946682,-0.4789972018756833,-0.4242629202453546,-0.19995862869818545,-0.39001731161832814,1.8984022519534836,-0.33524236488398373,0.7851716410999592,-0.2553397590585554,0,0.0
16713,-1.0195073534617045,1.2788322089104938,0.40887778919318885,-0.02678744157000875,2.6412870419917334,1.2788322089104938,0.8144049893243737,-0.07196254244667158,0.345511723937426,-0.16132533962735965,0.42195945440964144,-0.30745767028812127,1,2940.01
14470,1.2232532778839513,-0.4242629202453546,-0.215436729225039,-0.14261644144090643,-0.22370121828653103,-0.4242629202453546,0.7474187126625066,-0.26889853206235603,-0.2389316875716474,1.0294973308685962,0.501771414581736,-0.35355977864052995,0,163.55
14223,-0.47185650162148624,-0.25395340732976973,-0.15442671967290691,-0.0865572536616145,-0.22370121828653103,-0.25395340732976973,-0.06837844239808935,-0.06991767993468763,-0.47827913084781914,-0.36240893460624796,-0.26869299463534957,-0.6231980180294108,0,334.54
16170,-1.0586252714502915,0.25697513141698475,-0.000763760108076038,-0.11611473701104194,0.5705529528797205,0.25697513141698475,-0.02100957533005482,0.27994256615413465,0.493297557495556,0.33352956659817523,-0.24837243867731928,0.3028186980478122,0,324.39
14220,0.7016810380361244,-0.25395340732976973,-0.15853824532011707,-0.1086755337526449,-0.4222647610780939,-0.25395340732976973,-0.5420671130784354,-0.27581960517984017,-1.7676447753756972,0.411767114450461,-1.5911376484760982,-0.9159557271630514,0,0.0
17026,-0.1067559337280074,-0.25395340732976973,-0.23970985769457512,-0.545344695516736,-0.6633776344678488,-0.25395340732976973,-0.9894397464987621,-0.5786165540697704,2.878807524077467,-1.0361176683701558,-2.280676370586369,-0.2691662685449298,0,0.0
14404,-1.1107824954350742,0.25697513141698475,-0.04123993694257872,-0.20321266542572503,0.1876089774959921,0.25697513141698475,-0.17890579889017016,-0.21422205443423148,-0.03862767749117333,-0.6809832289833274,0.6630079145721907,-0.5881486201682505,0,126.79999999999998
14976,-1.202057637408444,0.08666561850139992,-0.17085072642321344,-0.4309129983942701,-0.18115188768833898,0.08666561850139992,-0.38417088951832,-0.6063008465397068,0.006923185438637428,0.24162245873884305,-0.3429349807208027,-0.3294870048438237,0,230.9
17236,-0.18499176970518144,0.25697513141698475,-0.1474342366168414,-0.43172494683250223,0.15924275709719737,0.25697513141698475,-0.32627560754627777,-0.4696096524693955,-0.6521801699538449,-0.06161336076177273,-0.14328434568748175,-0.5330581124380975,0,218.4
13898,1.718746905739387,-0.4242629202453546,-0.23952289290697976,-0.40176331797665754,-0.54991275287267,-0.4242629202453546,-0.4631190012983777,-0.28620121485606637,0.2180279156472465,0.2821140584802517,-1.1805708671088253,-0.5582298328171238,0,0.0
12583,-1.1368611074274655,0.9382131830793241,0.4533142201649381,0.17302952987332895,0.47127118148393904,0.9382131830793241,-0.2408946866582154,0.5850849898227677,0.46737498566637203,0.8734626319784096,1.547486603106485,-0.07618945952345738,1,3049.17
18172,-0.8630356815073564,1.108522695994909,0.6397878002728629,0.28766502686655226,0.6131022834779125,1.108522695994909,-0.39996051187433157,0.00794439263700871,-0.6686585726346386,-0.40705734278385364,0.3929424383535033,1.372675247090437,1,2232.36
13837,0.2322660221730801,-0.25395340732976973,-0.2207142352748891,-0.4431562299122071,-0.4789972018756833,-0.25395340732976973,-0.621015224858493,-0.43154375032323283,-0.0014509303461255566,-0.3689555164945066,-1.3038991571251621,1.1275317175907913,0,0.0
13599,-0.4848958076176819,0.7679036701637393,0.12725272963833667,-0.15799591523714987,0.2868907488917735,0.7679036701637393,-0.5289090944484257,-0.08419239323949862,0.011577627674344377,-0.03782222039992187,-0.1355552526438964,0.02210554192802398,1,2836.08
17961,-0.9151929054921392,4.685022467222191,-0.0655283625310999,-0.6173278415506324,2.045596413617045,4.685022467222191,-0.7194881384766295,-0.6940980079413401,0.3763484038604971,-0.2614146775378036,0.15931009376421437,-0.3150370073581779,0,116.82
16807,-0.6674460915644214,-0.08364389441418492,-0.0753916049166974,-0.0032258638353970656,0.08832720610021064,-0.08364389441418492,0.08074576874201933,0.15097990373168044,0.5259436630359964,-0.39482464515030147,0.2720857480751274,-0.3124614137922584,0,0.0
12778,-0.13283454572039874,0.08666561850139992,-0.18239155285750727,-0.4619553964550589,-0.3655323202805045,0.08666561850139992,-0.686805318008541,-0.35022114119279446,0.22325070950650586,1.2696841294739385,0.0053933900655686205,-0.3499919102954346,0,330.17
12462,1.431882173823082,-0.4242629202453546,-0.13649169750285267,0.7067657457340308,-0.15278566728954426,-0.4242629202453546,1.0105790852626988,0.24672141519021082,-0.44853157220854745,0.7862550586972388,0.6814031787057607,0.24003866781147315,0,427.48
16782,-0.719603315549204,0.9382131830793241,0.011089807425468164,-0.3556330241999213,0.5421867324809257,0.9382131830793241,-0.21165464525819397,-0.5538160420654523,0.30558241825010346,-0.26536894655107596,-0.5567663461215611,0.30525961873452967,1,637.5500000000001
13018,-0.9282322114883348,2.3006892864040025,0.5479252014077263,-0.1717715004252798,2.49945593999776,2.3006892864040025,-0.13803854102755203,-0.01851853398866599,0.15074990726500312,0.7165232848103711,-0.010094781946764882,-0.07401434984639024,1,2488.85
17389,-0.9412715174845304,3.4928558768130964,1.2488612891422968,-0.007793073800452736,-0.1953349978877363,3.4928558768130964,-0.8315435229386468,-0.47422370121438495,-0.5667687489388182,-0.5696929270271781,0.37036825695900505,-0.38428661630289535,1,22920.9
16298,-0.09371662773181173,-0.4242629202453546,-0.24659866027751956,-0.47789262762441226,-0.6208283038696568,-0.4242629202453546,-0.7262793738985699,-0.5734257492316572,-1.7386378727151002,-1.2387963275757479,0.9781142044594375,-1.561669112519221,0,483.9
17886,0.2192267161768844,-0.25395340732976973,-0.20182739236798589,-0.3415529523712691,-0.09605322649195489,-0.25395340732976973,0.089517781162026,-0.3692540922658758,1.1747278241433048,-0.29651752091636335,-1.006724639401625,-0.21759696017503521,0,491.57
13021,-0.3545027476557252,0.08666561850139992,-0.07014299342493018,-0.160030358114477,-0.03932078569436549,0.08666561850139992,-0.3315388149982816,-0.2905268855544939,0.4841132838582147,-0.7352428697736477,-0.07241000564674815,-0.2907988597493174,0,1463.91
14731,0.15403018619590605,-0.25395340732976973,-0.2233606368593067,-0.45739275827175,-0.3938985406792992,-0.25395340732976973,-0.30522277773826234,-0.43154375032323283,-0.34938093836705697,-0.9212826943964532,0.434580056819287,-0.7792811825361237,0,129.0
17293,-0.9673501294769218,0.25697513141698475,-0.11865865612603223,-0.3698047348538096,-0.08187011629255754,0.25697513141698475,-0.5578567354344469,-0.3886330969948313,-1.1678707485072022,-0.20814935680518531,0.25688128079272393,0.32240296398086854,0,987.03
15709,1.1710960538991686,-0.4242629202453546,-0.24337776689121812,-0.44323852198364955,-0.6350114140690541,-0.4242629202453546,-0.7789114484186084,-0.32772765356097106,0.17587597190339913,0.8593398360312829,0.08689872182280782,1.9035663208812776,0,0.0
13379,-0.7456819275415953,-0.4242629202453546,-0.2428610642055001,-0.4376792353795378,-0.5357296426732727,-0.4242629202453546,-0.41048692677833926,-0.1720035084175784,1.5257642064502517,1.0713952008081293,-0.9084748436784613,-0.32131054593945557,0,436.27
16094,0.33658047014264547,-0.4242629202453546,-0.22317707143148585,-0.2258960177406602,-0.4931803120750806,-0.4242629202453546,-0.2525907032182239,-0.1789245815350625,0.1954271472056719,-0.6124899267950386,-0.5235327385846799,0.17271079686446766,0,826.13
14618,1.8752185776937351,-0.4242629202453546,-0.230026781377024,-0.299593139499116,-0.6491945242684515,-0.4242629202453546,-0.8315435229386468,-0.42808321376449077,0.8177050553087194,-0.7912359354703393,-0.986769313235648,1.3483137878366018,0,341.64
15555,-1.1759790254160525,1.108522695994909,0.21152115876732833,-0.17311388311747627,2.9674985765778725,1.108522695994909,1.4947941708470527,0.09376569929381183,-0.38395731802274635,0.20847617347351946,0.4593287557660196,-0.3991796361921136,1,1985.23
13880,-0.6283281735758344,0.7679036701637393,0.01964939533756,-0.3027110946504353,0.2585245284929788,0.7679036701637393,-0.5157510758184162,-0.37790543366273094,-0.8073772625516554,0.2822489085362542,-0.8267178348270443,-0.15587266669419036,1,1539.01
18113,2.279437063575801,-0.4242629202453546,-0.2530540444892203,-0.5473471359218354,-0.7059269650660409,-0.4242629202453546,-1.0420718210188007,-0.497293944939332,4.240977272907547,-1.409965265225355,-2.5712599695922225,-0.05194985852464294,0,0.0
16493,-0.2632276056823555,-0.08364389441418492,-0.1330617434904219,-0.2100532700607407,-0.3655323202805045,-0.08364389441418492,-0.4982070509784033,0.067927026321871,0.24206866302826427,2.70554270417345,1.0223037845953036,0.745640349304515,0,569.34
15073,-0.1067559337280074,-0.25395340732976973,-0.11952039382885798,0.10122410980655014,-0.4080816508786965,-0.25395340732976973,0.06320174390200677,-0.005897753597959529,-2.852003329322293,0.527214396926874,-1.293124769174177,0.11122010215532857,0,181.45
12405,-0.5892102555872473,-0.4242629202453546,0.024685546843423438,2.4408974236771694,0.045777875502018596,-0.4242629202453546,1.747428128543237,2.2192272536731847,0.32559717778575037,1.3220791965651468,0.18382666610156992,0.046931858925449176,1,0.0
17190,0.1801087981882974,-0.4242629202453546,-0.23288224358757093,-0.33031551283762856,-0.7059269650660409,-0.4242629202453546,-1.0420718210188007,-0.7429920406100182,0.16542777858073732,-0.07240751852758019,0.26081950654345953,0.1993084579946951,0,249.74
17980,-0.3675420536519209,-0.08364389441418492,-0.1281054769392583,-0.19227818262917276,-0.3938985406792992,-0.08364389441418492,-0.5683831503384545,0.04024273385193453,0.15972290203205575,-0.81289681298501,-0.38891819326088267,4.087348182285027,0,0.0
16146,-0.47185650162148624,-0.08364389441418492,-0.1412474018273231,-0.23941020458420825,-0.35134921008110714,-0.08364389441418492,-0.5859271751784674,-0.25390287364114045,-1.5882368176628958,0.2746114192150982,-0.665935362419168,0.2724800587755998,0,0.0
17408,-0.3936206656443122,-0.4242629202453546,-0.26047654655675506,-0.627207019474981,-0.6917438548666435,-0.4242629202453546,-0.9894397464987621,-0.7360709674925341,0.16542777858073732,-0.07240751852758019,0.26081950654345953,0.1993084579946951,0,0.0
14060,-1.1107824954350742,1.7897607476572481,0.43131526338451615,-0.15099978294118596,0.23015830809418414,1.7897607476572481,-0.572142584232743,0.18542048186392288,-0.2826251526499511,0.4753179387442734,0.599762570378767,0.7109028882593081,1,2037.64
15111,2.3315942875605837,-0.4242629202453546,-0.2169902366419675,-0.15933087550721622,-0.4931803120750806,-0.4242629202453546,-0.2525907032182239,-0.37963570194210194,0.6665929754029305,-0.7871256805746204,-0.22547761363805366,-0.8110456146635897,0,1278.98
14315,-0.8369570695149651,0.25697513141698475,-0.002550123669555095,-0.1199586911037533,-0.02513767549496814,0.25697513141698475,-0.3789076820663162,-0.26959063937410443,-1.0241885368551937,-0.6869490753794567,-0.15072088702761902,-0.9662457020967501,0,930.98
16325,-0.4979351136138776,-0.25395340732976973,-0.19531591872000656,-0.30652396062726855,-0.5640958630720674,-0.25395340732976973,-0.7525954111585892,-0.5388203836442367,1.598804869648928,0.24096876617411342,-0.6024560080597458,0.012939616728461506,0,178.22
16809,-0.7456819275415953,-0.08364389441418492,-0.18602376877651844,-0.3999955623678939,0.14505964689780004,-0.08364389441418492,0.5018023649023269,-0.3184995560709922,-0.528621492957521,0.28937331136045535,-0.21797220106348625,-0.5008648219175936,0,444.0
15691,0.7668775680171027,-0.4242629202453546,-0.24277438053125136,-0.43674659190319004,-0.6917438548666435,-0.4242629202453546,-0.9894397464987621,-0.497293944939332,-3.550272048597093,0.5914544480439515,-2.1358655914870086,-1.8575949712237902,0,0.0
13523,0.07579435021873202,-0.08364389441418492,0.13666895621359254,0.7573052690176829,0.5847360630791179,-0.08364389441418492,0.6947866381424681,0.20865551304404817,0.7681713723980649,-1.076973764060843,0.36096655380477644,-0.39590390496478906,1,1595.64
13623,0.2192267161768844,0.08666561850139992,-0.17438436090876525,-0.4404177326458725,0.14505964689780004,0.08666561850139992,-0.2657487218482335,-0.6175475903556186,-0.3571474973896827,-1.8363662279190425,1.961619539266469,-0.6882100523177684,0,188.57
13049,1.627471763766017,-0.4242629202453546,-0.23988832408273428,-0.4056950502789077,-0.6208283038696568,-0.4242629202453546,-0.7262793738985699,-0.47653072558687964,0.63856215716472,0.2483858923534938,-1.59451257406571,-0.6644071044040307,0,502.9
15028,2.279437063575801,-0.4242629202453546,-0.23441705452573988,-0.3468287885070791,-0.5215465324738753,-0.4242629202453546,-0.35785485225830077,-0.3346487266784552,0.1537652461396493,-1.631038888765361,2.0687582901464285,-0.6105660658503697,0,441.16
15235,0.3105018581502541,1.4491417218260785,0.11597875294633801,-0.34441031596302063,1.1520604710550117,1.4491417218260785,-0.4675050075083809,-0.3646400435208864,0.20177100258559313,-0.3180045349158213,-0.6736534402048235,-0.2890277712248794,1,0.0
13791,-0.8630356815073564,-0.25395340732976973,-0.008354530484446628,0.6992497365422875,-0.6208283038696568,-0.25395340732976973,-0.8052274856786276,1.3298693580764753,0.1971577602708922,-0.13596182616056654,-0.23742507378500718,-0.021293253625004702,0,0.0
13418,-0.9021535994959434,1.7897607476572481,0.4719971014853737,-0.11973532690983817,1.733567989230303,1.7897607476572481,-0.2638690049010892,-0.08301828262135406,0.7693930521215133,-0.5150512957833164,0.748130306976471,-0.42363918915744125,1,1785.3
12530,-0.9151929054921392,-0.08364389441418492,-0.05838460796507087,0.05776780037594375,-0.16696877748894162,-0.08364389441418492,-0.2876787528982495,-0.054345265420348364,0.9352479512459344,0.6402108546679046,-0.22367051527077125,0.023938566805176732,0,440.63
13059,0.7277596500285156,-0.4242629202453546,-0.23485387225675808,-0.35152858014279204,-0.6066451936702594,-0.4242629202453546,-0.6736472993785315,-0.6253337976127882,1.220091575762552,-0.6735350577394253,-0.46509985723749425,0.14651023988908832,0,0.0
15203,-1.1499004134236612,0.08666561850139992,-0.040254122607985145,-0.07963557609695561,0.31525696929056823,0.08666561850139992,0.28688806061217015,0.4119620358701441,-0.6330863844056736,0.9069387940466517,-0.2728949379136518,-0.4880581249836492,0,499.48
17083,-1.0977431894388785,-0.08364389441418492,-0.027088402201499138,0.17000809011444212,-0.37971543047990186,-0.08364389441418492,-0.1824146038581727,0.1440588306141963,3.4928900636405897,-0.730517196705779,-1.766623534143637,-0.12682215442112282,0,0.0
18167,-1.1499004134236612,-0.4242629202453546,-0.1813003583699054,0.2246622169702168,-0.5357296426732727,-0.4242629202453546,-0.41048692677833926,-0.324267117002229,2.592909192878926,-0.6299564219496344,-1.9033015126858444,0.2607172922136943,0,886.3800000000001
12484,-1.1759790254160525,-0.08364389441418492,0.33203186213173197,1.457952156696647,2.4285403890007733,-0.08364389441418492,3.800079034824736,1.389851991761338,0.07471667536760777,1.168704043487811,0.33312848224358677,-0.14150036429091667,1,868.6700000000001
16042,-1.12382180143127,-0.25395340732976973,-0.1911585017158412,-0.2841588043219108,-0.35134921008110714,-0.25395340732976973,-0.41048692677833926,-0.2965828245322925,-0.43177319600760833,-0.07590216125723662,0.6002394881317467,-0.01758333581761439,0,736.99
13663,-0.18499176970518144,-0.4242629202453546,-0.2338221665652093,-0.34042829406155567,-0.5357296426732727,-0.4242629202453546,-0.41048692677833926,-0.43154375032323283,0.6553665569180592,-2.5581443215768456,2.211526194009316,-1.1746586980701619,0,0.0
16889,0.010597820237753656,-0.08364389441418492,0.0022973633688257535,0.27539680294173274,0.8683982670670648,-0.08364389441418492,1.2737394578628911,0.32054619511004134,0.6769892295458069,0.32590573772871073,0.5963839904687841,-0.24288158105246177,0,0.0
15210,0.4148163061198195,-0.4242629202453546,-0.20973600288326852,-0.08128141752580446,-0.43644787127749124,-0.4242629202453546,-0.04206240513807012,0.0425497582244293,-1.0231210745227748,-0.4614764655819898,-0.5489359845716408,1.670575320068621,0,0.0
12360,-1.0586252714502915,-0.25395340732976973,0.009029795402145005,0.7927701039548788,0.17342586729659473,-0.25395340732976973,0.8789988989626026,0.4197482431273138,0.6111630267377337,1.090394083011879,-0.490250489244837,-0.3116027111369214,0,1043.78
16712,-1.1107824954350742,0.5975941572481545,0.07576432681446879,-0.161574967233218,1.364807124045972,0.5975941572481545,0.7098243737196219,-0.25159584926864575,0.5912969150020849,-0.24488117443786736,0.5731342438988364,-0.45622726881871084,1,1600.4
12818,0.8842313219828637,-0.4242629202453546,-0.003921765338549985,2.1331067893554394,-0.5215465324738753,-0.4242629202453546,-0.35785485225830077,2.468385885902613,-0.36170953319408955,1.3925206285482201,-0.39931095381293225,-0.5302263435609273,0,0.0
14224,-1.0847038834426828,0.08666561850139992,-0.09440422413525566,-0.22528797076833545,0.7691164956712834,0.08666561850139992,0.39215220965224706,-0.3285927877006566,1.09465086426323,-0.39199787908064376,-0.9911627717703154,-0.2516694435222445,0,0.0
14443,-0.719603315549204,-0.08364389441418492,-0.09749934120990207,-0.08251275074294329,0.102510316299608,-0.08364389441418492,0.045657719061994013,0.021786538871976947,-0.5625537873964573,0.6003588580720647,-0.19304299325578866,0.27336509116154706,0,428.68
14870,0.8842313219828637,-0.4242629202453546,-0.21040397707895003,-0.08846825843177795,-0.5357296426732727,-0.4242629202453546,-0.41048692677833926,-0.3346487266784552,-0.6795328213689807,-0.09788201432918914,-1.3182405386770937,-0.515256681504783,0,0.0
17889,0.24530532816927578,-0.25395340732976973,-0.23179954749940523,-0.5027905510174985,-0.43644787127749124,-0.25395340732976973,-0.5683831503384545,-0.613221919657191,0.6601936453325695,-1.670710169339668,0.19426210376022685,0.25400051296759785,0,0.0
17888,-0.41969927763670356,0.08666561850139992,-0.21554550873782174,-0.5511325712081878,-0.26625054888472305,0.08666561850139992,-0.6341732434885027,-0.28101041001795324,0.024407585792582318,0.7674610005664406,1.8421080817892521,0.11385515067389206,0,419.0
17248,-0.9543108234807262,-0.4242629202453546,-0.2118657017819681,-0.1041951876407785,0.24434141829358147,-0.4242629202453546,2.5369092463438134,-0.009358290156701587,0.7221857068632906,0.1690952980479991,-0.21309060489426104,-0.1947101007383801,0,0.0
17707,-0.1067559337280074,-0.25395340732976973,-0.24012287990717204,-0.5475665814456819,-0.6775607446672461,-0.25395340732976973,-0.9631237092387429,-0.497293944939332,4.240977272907547,-1.409965265225355,-2.5712599695922225,-0.05194985852464294,0,0.0
15108,-0.680485397560617,0.08666561850139992,-0.04502512405144062,-0.09246856746023012,-0.010954565295570795,0.08666561850139992,-0.30522277773826234,-0.3147506414656883,-0.06919094950097839,0.9864497361668871,0.1385372334429069,-0.4222213469119411,0,0.0
16681,-0.64136747957203,0.08666561850139992,-0.03951306217715271,-0.07764227925534968,-0.507363422274478,0.08666561850139992,-0.6473312621185122,0.16193826950103035,1.6173766580812252,-1.0057966360210067,0.4340609548538411,-0.2868775633389617,0,437.66
17245,0.14099088019971037,-0.4242629202453546,-0.2368849897219983,-0.3733816968925079,-0.592462083470862,-0.4242629202453546,-0.621015224858493,-0.4869123352631058,-0.9173743109737809,1.0923262142643997,1.234339682487161,-0.8902832702682013,0,0.0
17444,-0.602249561583443,-0.08364389441418492,0.2336866841766988,1.1052483384943295,1.1520604710550117,-0.08364389441418492,1.2737394578628911,1.6978397454893812,1.0425722065322616,1.523987839258464,0.5959193882169791,-0.009184836685360217,1,0.0
15301,-1.0455859654540958,0.9382131830793241,0.3675126797776647,0.0704570346020689,1.123694250656217,0.9382131830793241,-0.10639049621811707,0.021786538871976947,0.6871982656170949,-0.16220850472077725,-0.7968145090716561,-0.44828520726706234,1,1322.55
13838,-0.9934287414693131,-0.08364389441418492,-0.186559167940996,-0.40191571070155097,0.7832996058706807,-0.08364389441418492,0.9053149362226219,-0.5572765786241943,0.29864281393660375,-0.04389666764733416,0.48257660209232195,-0.5245042698254782,0,207.28
16258,-0.8630356815073564,0.08666561850139992,0.3698344425036213,1.0234164930810634,0.30107385909117085,0.08666561850139992,0.07635976253201637,1.282286980393772,-0.17470555895605186,-0.1319649304199781,-0.16321360791322398,-0.8616743858283484,1,1462.45
13925,-0.9412715174845304,-0.25395340732976973,-0.1817133805825024,-0.23334802198794818,-0.3655323202805045,-0.25395340732976973,-0.2262746659582047,-0.2844709465766953,0.4023431964005078,0.1433187670458044,-0.8872439410311186,-0.3501953171700379,0,182.2
13192,0.15403018619590605,-0.4242629202453546,-0.18710646486468416,0.16219339118190781,-0.2520674386853257,-0.4242629202453546,0.6421545636224296,0.28478731733637347,-0.5613118020268106,-0.09336835895333866,-0.17162927702704497,1.346217075195762,0,447.62
16449,0.04971573822634068,-0.25395340732976973,-0.14574135544916003,-0.03983364420929324,-0.15278566728954426,-0.25395340732976973,-0.04206240513807012,-0.11144411863959235,-1.8215990050812794,-0.17186504356646415,-0.5819239482175093,-0.7004924742356899,0,0.0
15482,-0.3675420536519209,0.08666561850139992,0.06172327126605916,0.19466218514769895,-0.4789972018756833,0.08666561850139992,-0.8183855043086372,-0.16248703288103772,0.7737562675939959,-1.0793637270264147,0.271434661863011,0.8071821712451335,1,8951.46
12913,1.1580567479029729,-0.08364389441418492,-0.11876743563881496,-0.15878835740659564,-0.54991275287267,-0.08364389441418492,-0.8315435229386468,-0.3484908729134234,1.2643423412807075,1.7953768990208017,0.7083911726807423,0.3769740879171864,0,1617.24
13225,-0.6544067855682256,0.25697513141698475,0.46476156420543435,0.8856175050943409,-0.507363422274478,0.25697513141698475,-0.8736491825546776,0.7512676454548032,-0.8063124330825713,-0.7796126214490788,-0.11304427941613368,-0.032641318458143026,1,2164.28
14702,-1.0064680474655088,0.9382131830793241,0.014633639990343351,-0.3513965064478844,0.7832996058706807,0.9382131830793241,-0.07130244653809156,-0.5019079936843214,0.6404386648365024,0.527095108821728,0.046100080951873415,0.20363423479309206,1,1600.54
14133,-0.8369570695149651,-0.08364389441418492,-0.16308658869834536,-0.3177339694704282,-0.3655323202805045,-0.08364389441418492,-0.6034712000184802,-0.34503033635468133,-0.8807112853047092,0.07430446874785075,-0.996055692699889,-0.06804719146380883,0,0.0
17898,0.1801087981882974,-0.4242629202453546,-0.2490563973944546,-0.5043358132479178,-0.43644787127749124,-0.4242629202453546,-0.04206240513807012,-0.31734604388474486,0.5932370478329446,1.6420852723850152,1.1526096238038364,0.37866497344159816,0,52.22
17891,-0.41969927763670356,-0.4242629202453546,-0.23137632720748486,-0.3141131183269606,-0.23788432848592836,-0.4242629202453546,0.6947866381424681,0.6135382904168691,-0.13514913659294553,3.719775310673722,1.39158990289078,-0.12400956959898603,0,0.0
15480,-1.0064680474655088,-0.4242629202453546,-0.11211998759985721,0.9689848596036332,-0.08187011629255754,-0.4242629202453546,1.2737394578628911,0.30209000013008375,1.968852569124076,-0.42885303032635574,-1.165723206953611,-0.21865661598834796,0,0.0
16929,-0.8630356815073564,-0.25395340732976973,-0.19313013038502835,-0.29476533797449256,-0.3938985406792992,-0.25395340732976973,-0.35785485225830077,-0.18238511809380456,0.17246341229819248,-0.23670073704091335,-1.1956119049225398,-0.46760206249333935,0,866.51
15489,0.2322660221730801,-0.4242629202453546,-0.20683294963587917,-0.05004700463165002,-0.3938985406792992,-0.4242629202453546,0.11583381842204521,0.014865465754492829,-0.17534111813458317,0.6985631099982961,0.7132451491953073,0.465113175174096,0,786.02
16023,-0.01548079175463769,-0.25395340732976973,-0.1809247291148275,-0.22910540852691552,0.11669342649900534,-0.25395340732976973,0.6158385263624104,-0.3536816777515365,0.5188644013393184,0.29414109414297634,-0.6706772463143299,-0.4078199246951715,0,219.12
12949,-1.0325466594579003,0.5975941572481545,0.3202649782724365,0.21422810480065732,1.32225779344778,0.5975941572481545,0.2511734386164299,0.26600154744605936,-0.1889144695797234,0.4062155660084124,-0.446601245710052,0.3025028692136785,1,717.8
17974,0.33658047014264547,-0.4242629202453546,-0.2381393534787743,-0.38687759660906873,-0.46481409167628596,-0.4242629202453546,-0.09469447965810857,-0.4523069696756852,0.6082939126809404,0.5130971161904817,-0.006420148816334018,-0.1222858735142983,0,539.92
14644,1.3666856438421036,-0.4242629202453546,-0.23415700350299365,-0.34403085807803596,-0.6066451936702594,-0.4242629202453546,-0.6736472993785315,-0.5180571642917843,1.4984575117379142,-0.7054655261545592,-2.418001148499187,-0.6875369381947425,0,643.26
15218,-1.0064680474655088,0.7679036701637393,0.39095976382200687,0.19666233966192503,0.24434141829358147,0.7679036701637393,-0.2328536752732095,0.23028386653618604,0.3167619191572813,-1.4532726387760855,1.5772647949318888,-0.041314948502668154,1,1891.54
13285,-0.41969927763670356,-0.08364389441418492,0.06882793319468185,0.5140011401618513,1.0102293690610382,-0.08364389441418492,1.308827507542916,0.9307541416348915,0.048032311800332725,0.2840281765056227,-0.03444689490987915,-0.2546767908674733,1,739.02
16614,-0.14587385171659442,-0.4242629202453546,-0.17998990517685082,0.23876159187735557,-0.35134921008110714,-0.4242629202453546,0.27373004198216055,0.025247075430719006,-1.31552296264252,-1.6403152331110993,1.6718959528178419,-1.4803804725668686,0,0.0
16766,1.0407029939372119,-0.25395340732976973,-0.07131067350745743,0.3605721447391605,-0.4789972018756833,-0.25395340732976973,-0.19995862869818545,0.1809712205741117,0.690245348733576,-0.6153600633339563,-0.7674782007760889,-0.8286148855994396,0,0.0
16836,-1.0064680474655088,-0.4242629202453546,-0.2505045246583748,-0.5199164454410206,-0.6917438548666435,-0.4242629202453546,-0.9894397464987621,-0.45576750623442724,3.236767404190206,-1.4292517056648448,-2.1168045706037266,1.099572833835167,0,160.55
16374,0.8972706279790594,-0.4242629202453546,-0.2398169375274706,-0.4049269909454449,-0.35134921008110714,-0.4242629202453546,0.27373004198216055,-0.5699652126729152,-0.890657772111842,-0.30076817856198407,-0.11784094833761889,-0.12191825626404812,0,312.53000000000003
14499,-0.7847998455301823,-0.25395340732976973,-0.2035100754563439,-0.3506050802299379,0.2868907488917735,-0.25395340732976973,1.1684753088228141,-0.4211621406470067,-0.9044410832716144,-0.28091525937635575,-0.6741408278718386,0.6051355424283482,0,440.63
17659,-1.0977431894388785,0.7679036701637393,-0.0024821364740659057,-0.33247567971299274,0.24434141829358147,0.7679036701637393,-0.5815411689684642,-0.40429202492313915,-0.2539710813860463,0.13797631638514352,1.1969854292710582,0.3025366621182224,0,1346.43
14034,-0.47185650162148624,-0.25395340732976973,-0.18547647185283025,-0.2535918715627895,-0.3938985406792992,-0.25395340732976973,-0.43680296403835844,-0.21526021540185414,-2.142971692751855,-0.2338695602280893,0.3653522345341725,-1.6234084706313048,0,174.98
15457,0.8972706279790594,-0.4242629202453546,-0.22573169030199303,-0.25338156960243663,0.07414409590081329,-0.4242629202453546,1.9579564266233906,-0.28966175141480843,-2.547275025041523,0.39613002508054906,-1.5649099248378369,-1.044244882028063,0,0.0
16144,0.6886417320399286,-0.4242629202453546,-0.23624760976428694,-0.3665240242723042,-0.7059269650660409,-0.4242629202453546,-1.0420718210188007,-0.6910839922288873,0.16542777858073732,-0.07240751852758019,0.26081950654345953,0.1993084579946951,0,0.0
14116,-0.9412715174845304,-0.4242629202453546,-0.2116413440368537,-0.1017812868784667,-0.4789972018756833,-0.4242629202453546,-0.19995862869818545,-0.18584565465254663,0.42243143375214454,0.29246075046214554,0.9632909507016364,-0.20828916198887057,0,1062.77
14265,-1.0977431894388785,-0.25395340732976973,-0.17591237312738534,-0.20214103978427458,-0.28043365908412043,-0.25395340732976973,-0.27890674047824315,-0.17546404497632045,1.162252922556412,1.6240800868842467,0.7696587437100919,0.3719913626248911,0,0.0
17652,-0.64136747957203,0.4272846443325696,0.19519403377059394,0.14014216388983067,0.7123840548736939,0.4272846443325696,0.2649580295621539,0.10080212362992057,0.19315076726203526,-0.2108396878661014,-0.8311015750891809,0.020428455631449717,1,2154.15
17259,-0.5892102555872473,-0.25395340732976973,-0.16723550730307457,-0.15546314814942133,0.754933385471886,-0.25395340732976973,1.9579564266233906,-0.07510848477280072,-0.19362334557390642,0.475839297720175,0.48378498266353925,1.0047178055329047,0,0.0
14099,-0.9543108234807262,0.7679036701637393,0.12658645512254235,-0.15889198445952318,1.3080746832483825,0.7679036701637393,0.2210979674621221,0.0001581853798390756,-1.1495431338723079,0.060045474276380455,-0.7118287524351419,-0.1653608712470749,1,794.25
15288,-0.4979351136138776,0.08666561850139992,0.07499097246577896,0.230349513463239,0.32944007948996556,0.08666561850139992,-0.055220423768079736,-0.12269086245550404,-0.05602250543925993,-1.2554943269683505,0.7391086206990546,-0.9438426146111376,1,300.16
12597,-0.13283454572039874,-0.25395340732976973,-0.023174039421207732,0.619527006441546,0.30107385909117085,-0.25395340732976973,0.9579470107426603,0.4214785114066848,0.5812243713995876,1.1799937280816115,0.7660695652930364,-0.06125197608485542,0,2382.41
17862,1.6926682937469957,-0.4242629202453546,-0.20978359392011095,-0.08179345708144639,-0.5640958630720674,-0.4242629202453546,-0.5157510758184162,-0.4003989212945543,3.2145690798518887,-1.1727608995980225,-1.743220811501322,-0.040371121637004716,0,0.0
13340,-1.1499004134236612,0.25697513141698475,1.302700349250204,2.6887209111824393,0.8542151568676675,0.25697513141698475,0.08425457371002207,2.816515863712064,0.2661784128855219,-0.24649227115475875,-0.27358889171200534,-0.34957994533132764,1,1506.94
14930,-1.1107824954350742,-0.08364389441418492,0.13560155724441195,0.7534771637683605,0.9251307078646542,-0.08364389441418492,1.1333872591427887,0.5916215588781695,-0.2963212588661801,-0.6404049054316987,0.6795575541851396,-0.5186093998315042,1,0.0
13573,0.7799168740132983,-0.4242629202453546,-0.2606261183868313,-0.6288162866498554,-0.6775607446672461,-0.4242629202453546,-0.9368076719787237,-0.7118472115813397,0.62721045872815,1.577640362095653,1.0451158203077513,0.33135708164937294,0,258.48
14475,-0.09371662773181173,-0.25395340732976973,-0.16027701784475368,-0.11802939920660276,-0.3938985406792992,-0.25395340732976973,-0.35785485225830077,-0.32599738528160005,-0.2540462373243479,-1.5866882476899205,1.2813051995587488,-0.47262491052674666,0,303.68
13928,-1.1368611074274655,-0.25395340732976973,-0.22770671833095463,-0.4807728501248978,-0.5357296426732727,-0.25395340732976973,-0.7525954111585892,-0.5959192368634807,-0.9923573526604302,0.009101835329364679,-0.4095648690812351,1.367929748537453,0,239.12
13173,2.2663977575796053,-0.4242629202453546,-0.2378215133398622,-0.3834579038624605,-0.3938985406792992,-0.4242629202453546,0.11583381842204521,-0.35195140947216547,0.6136758312926675,-1.1173188339688804,-0.24213441558287085,-0.17384321028852948,0,187.71
13302,-0.5109744196100733,-0.4242629202453546,-0.2551905421074688,-0.5703340545447582,-0.7059269650660409,-0.4242629202453546,-1.0420718210188007,-0.72914989437505,4.240977272907547,-1.409965265225355,-2.5712599695922225,-0.05194985852464294,0,0.0
14350,1.0537422999334074,-0.4242629202453546,-0.21793695833915477,-0.16951680523909213,-0.46481409167628596,-0.4242629202453546,-0.14732655417814702,-0.11317438691896338,-1.5334034920102089,-0.26429299296989345,-0.33283819548374094,0.12009298822100875,0,0.0
14311,0.636484508055146,-0.4242629202453546,-0.21329173320735434,-0.11953808718304755,-0.43644787127749124,-0.4242629202453546,-0.04206240513807012,-0.24121423959241958,0.11664737179752599,-1.058948942755419,-0.25262866398553224,-0.40204854043454125,0,0.0
13221,0.6104058960627546,-0.25395340732976973,-0.1219934280647781,0.08792022492335488,0.15924275709719737,-0.25395340732976973,0.6421545636224296,-0.324267117002229,0.7234825069273161,0.07376469883397288,-0.621101875694669,-0.06815050369114506,0,0.0
13461,-0.719603315549204,-0.25395340732976973,-0.11574030575965777,0.12155939501632752,-0.54991275287267,-0.25395340732976973,-0.6473312621185122,0.7000517043854206,0.6763768535268162,0.12243504956802594,-0.4724273997176881,-0.08950473576439086,0,560.8
17457,-0.8760749875035521,0.25697513141698475,0.02932737261544941,-0.051363677774729076,-0.5215465324738753,0.25697513141698475,-0.8947020123626929,-0.17477193766457208,-1.2604089639019762,-0.3540875373893347,0.3087363598505366,3.938300361349307,1,0.0
15256,-0.5892102555872473,-0.4242629202453546,-0.24929265289877958,-0.50687772389914,-0.6350114140690541,-0.4242629202453546,-0.7789114484186084,-0.556123066437947,0.2523641108574311,-0.38536847955980835,-2.348366351953799,-0.9763227755387315,0,0.0
14129,0.8711920159866681,-0.4242629202453546,-0.20502449023586608,-0.03058950151725863,-0.4931803120750806,-0.4242629202453546,-0.2525907032182239,-0.1789245815350625,0.2882319291124854,0.0019033302926656016,-1.4599740766976042,-0.620604788106054,0,764.96
15757,0.3105018581502541,-0.4242629202453546,-0.22160316785591055,-0.20896213815050382,-0.4931803120750806,-0.4242629202453546,-0.2525907032182239,-0.16854297185883632,-0.7613122297428316,0.24410993525988622,0.40873501293978287,-0.06568452202204028,0,453.06
14373,2.1490440036138443,-0.4242629202453546,-0.253014951851814,-0.5469265320011295,-0.6633776344678488,-0.4242629202453546,-0.8841755974586852,-0.6876234556701453,0.5753473955904386,-0.7221103780829656,-0.9951663267979663,1.2472791724876047,0,0.0
17436,0.4278556121160152,-0.4242629202453546,-0.245221919568863,-0.46308005476477226,-0.6633776344678488,-0.4242629202453546,-0.8841755974586852,-0.5803468223491414,-3.550272048597093,0.5914544480439515,-2.1358655914870086,-1.8575949712237902,0,93.9
17893,0.4148163061198195,-0.4242629202453546,-0.24780373331756583,-0.4908582006583441,-0.507363422274478,-0.4242629202453546,-0.30522277773826234,-0.23083262991619338,0.9955223167099517,2.949435849354535,1.8410872359983768,0.3566898763956627,0,0.0
12535,-0.09371662773181173,-0.4242629202453546,-0.20289139197739206,-0.007639157148310319,-0.46481409167628596,-0.4242629202453546,-0.14732655417814702,-0.3484908729134234,1.4109704568945451,-0.1114982487951957,-0.4910608991483336,-0.3646813616524046,0,344.9
13644,-1.1499004134236612,-0.4242629202453546,-0.12136794586627735,0.8694846016662243,-0.03932078569436549,-0.4242629202453546,1.4316356814230065,1.5340410150422568,-1.2051241554228584,0.7190203173293928,-1.4975116878390353,-0.9722125505531188,0,1773.17
17812,2.279437063575801,-0.4242629202453546,-0.2331711891684001,-0.3334243244254542,-0.3371660998817098,-0.4242629202453546,0.4316262655422759,-0.3069644342085187,-0.8981347860637243,-0.00978859316891581,-1.071463036504525,0.9550925119089663,0,506.51
15835,-0.7326426215453997,-0.08364389441418492,-0.15121092532626718,-0.2751432507172164,-0.26625054888472305,-0.08364389441418492,-0.4806630261383905,-0.36233301914839167,-0.45799086389627136,-0.08904573458544844,-0.35173936900985414,-0.4415156478206473,0,278.58
14243,-0.6935247035568127,0.5975941572481545,0.07234287120147415,-0.1668338224653972,0.49963740188273376,0.5975941572481545,-0.2525907032182239,-0.318334768615814,0.06888209051173046,-0.7954213438731902,-0.25411656609124805,-0.352021253137281,1,597.99
15535,-0.2632276056823555,0.08666561850139992,-0.1805490998597496,-0.456999585041525,0.05996098570141595,0.08666561850139992,-0.14732655417814702,-0.6296594683112158,-1.4394277055530136,-1.0793043766466237,0.946469984035842,-0.9280353544037663,0,0.0
13802,-0.719603315549204,-0.08364389441418492,0.5157281653039224,2.1167580978288743,0.05996098570141595,-0.08364389441418492,-0.04206240513807012,2.220380765859432,1.4402798310231821,-0.5730949755999274,-0.24299182094359636,-0.1725104415124203,1,0.0
12541,-0.2632276056823555,-0.25395340732976973,-0.17489936391459607,-0.19669147594208602,-0.3371660998817098,-0.25395340732976973,-0.35785485225830077,-0.021470168112298797,0.2873552781320634,1.6329288994265163,-0.18445094924770958,-0.3428668444623564,0,445.04
13495,0.5060914480931892,-0.08364389441418492,-0.0837472312423216,-0.033192369258438194,-0.43644787127749124,-0.08364389441418492,-0.6034712000184802,-0.186999166838794,-0.41593609579947527,-0.21197420335493586,-0.6966868133490757,1.8416324335632341,0,972.44
17746,0.6104058960627546,-0.4242629202453546,-0.24728703063184782,-0.4852989140542323,-0.6350114140690541,-0.4242629202453546,-0.7789114484186084,-0.6460970169652406,-1.8004299892411466,0.20917446133404388,-1.631289620188585,-1.1754891583885918,0,0.0
17677,-0.8760749875035521,2.4709987993195877,1.4448513769388236,0.33573009867853515,0.9960462588616409,2.4709987993195877,-0.5654591461984525,0.4135961781339946,0.4862334477596426,-0.4368326435625322,-0.312920941300194,0.013165377844657402,1,4678.88
18149,0.2844232461578628,-0.25395340732976973,-0.1725979973472862,-0.18431109097174497,-0.592462083470862,-0.25395340732976973,-0.7262793738985699,-0.26197745894487195,-1.5376241948059486,0.03612398464971369,-1.6498479864065356,-0.7238446133177379,0,62.400000000000006
13466,-0.11979523972420307,-0.4242629202453546,-0.21369285766074067,-0.12385384915202911,-0.4789972018756833,-0.4242629202453546,-0.19995862869818545,0.14982639154543315,-0.5530952287803477,1.8607876387446856,0.643791681240292,0.8436942464468444,0,0.0
12977,-0.4848958076176819,-0.4242629202453546,-0.2593564575110703,-0.6151558027904096,-0.592462083470862,-0.4242629202453546,-0.621015224858493,-0.7049261384638555,0.8266773480552982,-0.322555424877063,-0.4955749551421822,0.022222583509842336,0,0.0
12785,2.2272798395910183,-0.4242629202453546,-0.21300448730641242,-0.11644756272220909,-0.5215465324738753,-0.4242629202453546,-0.35785485225830077,-0.29312228797355044,0.7292266714822714,1.6293787294450885,0.5953488116623481,0.12474976374532018,0,0.0
17179,-0.19803107570137712,-0.08364389441418492,-0.1450444866953956,-0.25302801848068396,0.07414409590081329,-0.08364389441418492,0.30881809166218627,-0.41193404315702775,2.698620919316161,-0.5225601249789279,-1.2809248522145293,-0.022433952433824494,0,0.0
12417,-1.1368611074274655,0.5975941572481545,0.21269223820962999,0.04888635236915546,1.1520604710550117,0.5975941572481545,0.018088537170545215,-0.1388812299267615,1.0663334212051432,0.6277811172191133,0.01943679914367352,-0.20073643924393667,1,832.58
14085,-0.680485397560617,1.4491417218260785,0.2814306922089983,-0.19606666577002296,2.5136390501971575,1.4491417218260785,0.4140822407022631,-0.1149046551983344,-0.2671670885513057,0.18098634452619977,0.36823296476879,-0.2884415795434404,1,1200.35
13885,-0.054598709743224706,-0.25395340732976973,-0.17988622470372978,-0.22351869123232287,-0.3229829896823125,-0.25395340732976973,-0.35785485225830077,-0.43154375032323283,-1.0108441848755219,-0.4383485343595314,-0.8445947141377281,-0.01798428810518275,0,0.0
13706,1.4188428678268863,-0.4242629202453546,-0.20980229039887052,-0.08199461547830562,-0.43644787127749124,-0.4242629202453546,-0.04206240513807012,-0.09241116756651102,-1.4337842655573307,0.18041792095343004,0.15908981261146413,-0.09085941198805629,0,0.0
14487,2.279437063575801,-0.4242629202453546,-0.24476300599931083,-0.4581425304782256,-0.5357296426732727,-0.4242629202453546,-0.41048692677833926,-0.618412724495304,0.6801244520808387,-0.3670127032490277,-1.2231188985844907,-0.34955415602678835,0,1040.38
14326,0.636484508055146,-0.4242629202453546,-0.23477738666183273,-0.3507056594283676,-0.6066451936702594,-0.4242629202453546,-0.6736472993785315,-0.39001731161832814,-1.351938801631895,-0.15383049107578667,-1.0130677505418741,0.4172622578217623,0,0.0
12352,0.8972706279790594,0.25697513141698475,-0.0005682969210445752,-0.11569413309033598,-0.35134921008110714,0.25697513141698475,-0.6947001291865469,-0.5706573199846637,0.012292358828740193,0.18720695011065092,-0.14003120029539498,0.07126469330646334,0,944.23
15146,-0.3805813596481165,-0.25395340732976973,-0.040451285474903835,0.5265826835290519,0.5563698426803232,-0.25395340732976973,1.3000554951229102,1.8022325983447665,0.25806279948234145,0.8674516147880125,0.15326572453095624,0.3115661355119375,0,0.0
16461,-0.21107038169757278,-0.4242629202453546,-0.24173417644026637,-0.42555487018701765,-0.28043365908412043,-0.4242629202453546,0.5895224891023912,-0.5803468223491414,0.1268061428314303,-0.087587235666085,0.7330133444124242,-0.1069263120522566,0,0.0
18016,-0.09371662773181173,-0.08364389441418492,-0.18395525835375912,-0.39257708452008244,-0.02513767549496814,-0.08364389441418492,-0.09469447965810857,-0.5099825789880529,-0.006750399540751038,-1.451101519071749,0.6431688867098816,-0.6016365125879619,0,994.8
16781,2.3315942875605837,-0.4242629202453546,-0.21312346489851855,-0.11772766161131376,-0.4789972018756833,-0.4242629202453546,-0.19995862869818545,-0.35541194603090753,0.44285427625965257,-1.0675027655041465,0.21043642928229506,-0.6064462832965062,0,0.0
14239,-0.8239177635187694,0.5975941572481545,-0.025429514631562355,-0.31711220715286303,0.17342586729659473,0.5975941572481545,-0.5458265469727238,-0.4231395901091449,-0.007927971716530275,-0.34709266657652416,0.17183168865522172,0.1563659184608026,0,965.31
13812,-1.1499004134236612,-0.4242629202453546,-0.2186491242119043,-0.17717911144673304,-0.43644787127749124,-0.4242629202453546,-0.04206240513807012,-0.0854900944490269,1.352628804437198,1.9236776103840467,0.361252215486766,0.07919723811971602,0,260.26
13533,-0.14587385171659442,-0.08364389441418492,-0.22028931530308155,-0.5228850557219443,0.14505964689780004,-0.08364389441418492,0.2210979674621221,-0.5134431155467949,-0.24408749139376487,0.16051008796838692,-0.4109161219411054,-0.4840582188971238,0,0.0
15358,-0.9543108234807262,1.960070260572833,0.692561161091477,0.0006583219366864596,2.6838363725899255,1.960070260572833,0.21057155255811444,0.3916025457828784,0.6808292507568079,1.3966592736089998,0.7967184954269054,-0.12751397666607134,1,2707.39
16546,1.2623711958725383,-0.25395340732976973,-0.13223569906522797,0.032821111310891535,-0.3655323202805045,-0.25395340732976973,-0.43680296403835844,0.20346470820593507,-1.0886408661663367,1.1842760006712227,-0.553791130738502,-0.7111275917036495,0,0.0
17027,-0.18499176970518144,0.08666561850139992,-0.15635755602480056,-0.39192941543928544,0.6272853936773098,0.08666561850139992,0.5368904145823528,-0.500754481498074,0.2528452168570164,1.254347619034034,0.7339460516928381,-0.4218849184506026,0,232.33
16557,-0.7326426215453997,-0.4242629202453546,-0.2488337393292274,-0.5019401996125933,-0.6350114140690541,-0.4242629202453546,-0.7789114484186084,-0.7014656019051135,1.1078719372513146,-1.0950821061681875,0.4276715495009112,-0.228886714412257,0,180.7
16242,-0.3675420536519209,-0.08364389441418492,-0.12213280181553098,-0.17085786121815422,0.13087653669840268,-0.08364389441418492,0.30881809166218627,-0.31388550732600284,-0.34438901633209484,-0.731837455422236,0.27735472652275533,-0.7271387675994525,0,2733.27
14368,1.6405110697622127,-0.4242629202453546,-0.23968096313649218,-0.4034640207864681,-0.6066451936702594,-0.4242629202453546,-0.6736472993785315,-0.6218732610540462,-0.4460840379776572,-0.7457752943322944,0.8769880250009385,-0.5064426418410641,0,0.0
13328,1.6013931517736257,-0.4242629202453546,-0.04362628750425007,1.705919502934217,-0.4789972018756833,-0.4242629202453546,-0.19995862869818545,1.60671228277584,0.35700083272871413,-0.39797337810783423,-1.2442427108543181,-0.647651068599919,0,0.0
12423,-0.028520097750833362,0.4272846443325696,-0.01928517183922476,-0.2444604994871761,0.40035563048695233,0.4272846443325696,-0.2525907032182239,-0.17719431325569146,0.31644975892474364,0.7112760306070576,-0.19987354436812607,0.10952705000397511,0,208.64
13842,-0.4979351136138776,0.5975941572481545,0.10200058555375588,-0.12124923977970785,0.6414685038767072,0.5975941572481545,-0.10221334744668546,-0.3049869847463804,-1.1759663080405376,-0.17550294631604735,-0.07700963289350471,-0.482922407864921,1,1220.35
15850,-0.32842413566333384,-0.4242629202453546,-0.2462825198184947,-0.4744912220047913,-0.13860255709014693,-0.4242629202453546,1.2211073833428525,0.08061566037059197,0.4799743640437263,1.868864588511753,0.9367066865235827,0.17063861486316761,0,118.72
17329,1.58835384577743,-0.4242629202453546,-0.22466259165292513,-0.24187896672748158,-0.4931803120750806,-0.4242629202453546,-0.2525907032182239,-0.5145966277330423,-1.573196566733179,-0.5641819460348371,-0.47400255499191113,-1.3706018079148772,0,279.75
15562,2.0577688616404743,-0.4242629202453546,-0.24315680850587817,-0.4408611954753123,-0.7059269650660409,-0.4242629202453546,-1.0420718210188007,-0.6114916513778199,0.16542777858073732,-0.07240751852758019,0.26081950654345953,0.1993084579946951,0,0.0
13805,-0.8369570695149651,-0.4242629202453546,-0.18100121470975286,0.2278807513199657,-0.6350114140690541,-0.4242629202453546,-0.7789114484186084,1.772818037595459,-1.8702702737481756,2.317835282376709,-0.4018397413417709,-1.0328837072739658,0,424.36
14304,0.3756983881312325,-0.4242629202453546,-0.20085177611271568,0.014305395236341533,-0.4789972018756833,-0.4242629202453546,-0.19995862869818545,-0.26543799550361397,0.42749676909012485,-1.1135591903599342,1.575827016680963,-0.8025940674615931,0,0.0
14403,-0.8239177635187694,0.08666561850139992,-0.015185543951225264,-0.01220636711336599,-0.4789972018756833,0.08666561850139992,-0.8315435229386468,-0.29744795867197804,-0.7010319222821745,-0.03505831695924481,0.10037724880286948,-0.4579013695921404,0,0.0
16833,0.8581527099904724,-0.08364389441418492,-0.15192819023867837,-0.2777156399134173,-0.26625054888472305,-0.08364389441418492,-0.533295100658429,-0.3934778481770702,0.1394760294397568,-0.34536655723882964,0.8475760744893417,-0.10734331740746643,0,435.24
15716,-0.6283281735758344,0.08666561850139992,-0.07887254932574508,-0.18351102916605444,0.7123840548736939,0.08666561850139992,0.4447842841722855,-0.10798358208085028,-1.312135049552822,0.13114779120176462,-0.6082537225884137,-0.01662163915358079,0,0.0
14051,-1.0586252714502915,1.960070260572833,1.2105607025634488,0.3722076340702227,-0.12441944689074957,1.960070260572833,-0.6596120795065211,-0.23983002496892272,1.0058685540955912,-1.2127233613229682,0.6158596163374661,-0.46428966330285715,1,6922.95
17175,-0.6935247035568127,-0.08364389441418492,-0.07351515832119511,0.0035037988958961817,-0.12441944689074957,-0.08364389441418492,-0.11223850449812132,-0.0035907292254649535,-1.1869088046210763,0.943999550072399,-0.48528548089485474,-0.6415750934256695,0,311.06
13027,-1.0455859654540958,0.4272846443325696,0.90879273666503,1.4197625398383567,-0.6350114140690541,0.4272846443325696,-0.8666315726186725,9.219892712008372,0.4568200515007926,-0.2683557980891394,-0.8406007346885218,-0.23140176368126383,1,0.0
16913,1.2623711958725383,-0.4242629202453546,-0.24674483274782136,-0.4794653205453123,-0.6066451936702594,-0.4242629202453546,-0.6736472993785315,-0.4626885793519114,-1.3148559996461746,-1.7630795382001139,1.9417049459633513,-1.5734462689863773,0,0.0
16571,-0.22410968769376846,-0.25395340732976973,-0.11360040878163483,0.13307114145477608,0.045777875502018596,-0.25395340732976973,0.4579423028022951,0.7952164597508272,0.0006861737225684871,1.447255203348118,0.5189381122367674,-0.169784059223117,0,524.9
12373,1.5361966217926475,-0.4242629202453546,-0.20405567270014485,-0.020165839134549023,-0.5215465324738753,-0.4242629202453546,-0.35785485225830077,-0.06472687509657454,1.0269450004820286,0.35438872625012385,0.09741961929621162,0.20941365713341267,0,0.0
13539,0.6104058960627546,-0.25395340732976973,-0.2123756057481372,-0.3982979074125813,-0.4222647610780939,-0.25395340732976973,-0.5420671130784354,-0.3467606046340524,1.1394667805344307,-0.40714862659792295,0.29930622408584956,-0.12656258179196495,0,315.69
12402,1.6926682937469957,-0.4242629202453546,-0.2276812231326462,-0.27435690425676634,-0.5640958630720674,-0.4242629202453546,-0.5157510758184162,-0.4211621406470067,-0.009191882941896308,1.2799471748773636,0.5721999624475452,0.03400329289130505,0,0.0
17937,-1.0325466594579003,0.25697513141698475,0.34832669321060894,0.6350692356679757,-0.45063098147688857,0.25697513141698475,-0.7473322037065853,0.23357137626699095,1.6967455929026762,-0.28725332579913126,-0.626785633743505,0.13053737887812222,1,686.7
17515,0.16706949219210174,-0.08364389441418492,-0.16891139167188365,-0.3386239641988176,-0.05350389589376284,-0.08364389441418492,0.2561860171421478,-0.49267989619434255,-1.3190108975871386,-0.1413323716753352,-0.7571127026296381,-1.0726177821282783,0,67.65
13238,-0.3936206656443122,-0.25395340732976973,-0.21183170818422353,-0.3953719670946277,-0.5215465324738753,-0.25395340732976973,-0.6736472993785315,-0.5094058228949292,0.36136711683179157,-0.4232699362865732,0.005398165087568321,-0.12120395683563237,0,381.88
16726,0.036676432230145,0.08666561850139992,-0.13393367927257105,-0.3316138988537205,0.2868907488917735,0.08666561850139992,0.18162391157209326,-0.30350389764977664,-0.042101960765231254,-0.6340946622009879,1.0392192146915968,-0.567439199267352,0,581.58
13969,-1.12382180143127,1.2788322089104938,0.3939987914603747,-0.04134066971964839,2.414357278801376,1.2788322089104938,0.5608140848187338,-0.12670193892131867,-0.0381760692970893,0.05723358765960372,0.09642380698191398,-0.37507087378454795,1,5140.9400000000005
15601,-0.9282322114883348,1.2788322089104938,0.6833234009043802,0.24164929547524497,2.116511964614032,1.2788322089104938,0.5177514783932481,0.5128681359807363,0.4527024570765736,-0.537668083638717,0.6549367864095647,0.26151983949341284,1,1191.1
15687,-0.09371662773181173,0.25697513141698475,0.01942673727233284,-0.07266818071482864,0.2585245284929788,0.25697513141698475,-0.07364164985009326,-0.29173807335005364,0.547924348500653,-0.17758765905515392,-1.0371368966374575,-0.5144021807800787,1,1313.65
13263,-1.12382180143127,3.3225463638975117,0.559132890584123,-0.3009137881045837,4.3574433761188125,3.3225463638975117,1.5391881815291717,-0.3259221562259752,-0.1252137120460565,0.06770871392599552,-0.6665779551412416,-0.2327729703572085,1,2582.14
17381,-0.9673501294769218,3.3225463638975117,2.602294287505261,0.6548557480496414,-0.15278566728954426,3.3225463638975117,-0.8887522995908624,2.485839026807573,0.3988037345431979,0.4109324131617308,0.32756208037169937,0.5525451846884808,1,3399.96
15334,-0.4848958076176819,-0.08364389441418492,-0.2063978315847482,-0.4730648260997889,0.23015830809418414,-0.08364389441418492,0.6246105387824167,-0.43154375032323283,-0.8563141421294957,0.2991366661377887,-0.38767099650284936,0.0501415409092475,0,0.0
18147,-1.1107824954350742,-0.4242629202453546,-0.24921956666362868,-0.5060913774386899,-0.6633776344678488,-0.4242629202453546,-0.8841755974586852,-0.4696096524693955,-0.961908334033896,0.12900691307786027,-0.46633009844151263,-0.42475204844295217,0,80.46
12738,2.3185549815643878,-0.4242629202453546,-0.23962147434043912,-0.4028239713419158,-0.5640958630720674,-0.4242629202453546,-0.5157510758184162,-0.23429316647493545,0.8495009385519854,1.1939596061262496,0.008903740282188296,-0.043307864068802784,0,0.0
13720,-1.0064680474655088,0.08666561850139992,-0.1300686072090093,-0.3212176671614917,-0.12441944689074957,0.08666561850139992,-0.5289090944484257,-0.3130203731863173,-1.2959378994247233,-0.023173892230574113,-0.5215435496566391,0.9085603535731678,0,0.0
14817,0.0888336562149277,-0.25395340732976973,-0.0773037447898315,0.32833193986070947,0.017411655103223903,-0.25395340732976973,0.563206451842372,0.38687314581926424,-0.7776675659271427,-0.37402831721296825,-0.20314248085116432,-0.22202977096406326,0,0.0
16871,0.2192267161768844,0.08666561850139992,0.08033816539100554,0.2447323388386796,0.754933385471886,0.08666561850139992,0.3000460792421798,-0.0015720828995319542,-0.4386264963539896,-0.11794383169127204,0.38405715140987234,-0.5446212269292152,1,774.52
12598,-0.41969927763670356,0.08666561850139992,0.0032678805844342683,0.0374294673116685,-0.08187011629255754,0.08666561850139992,-0.2657487218482335,0.09359267246587469,0.9552444793538745,0.22936769937977547,0.4923945149241983,-0.21570868575504942,0,1438.7
15299,-0.3805813596481165,0.25697513141698475,0.24982854406572513,0.42311777646081594,-0.6491945242684515,0.25697513141698475,-1.0420718210188007,1.0378000725186456,-1.4469282903591247,-0.5678148173261072,-0.24113617396201067,2.703823857990659,1,1472.0
17562,-1.0977431894388785,0.08666561850139992,-0.15366016404376606,-0.3846739978071099,-0.22370121828653103,0.08666561850139992,-0.555225131708445,-0.2265069592177658,-0.6842423142266427,0.5737194867062017,-0.6723898377815534,-0.45027317502313524,0,461.28
13448,0.3235411641464498,0.08666561850139992,-0.02411736175862055,-0.036231080192812945,0.20179208769538942,0.08666561850139992,-0.16048457280815662,-0.12355599659518955,0.09368688438889448,-0.3568978942741368,-0.8058600490607771,-0.6124275050919021,0,2111.4300000000003
17238,-0.7456819275415953,1.2788322089104938,0.06431868245385984,-0.36380256728338933,2.2867092870067998,1.2788322089104938,0.5033972762514192,-0.463946956282363,0.8736058020484848,-0.28355726744911225,-0.6398640864712045,-0.16502431653394556,1,1775.53
18260,-0.27626691167855116,0.4272846443325696,0.18070936177161717,0.11416834785899672,0.49963740188273376,0.4272846443325696,0.07197375632201324,0.10426266018866263,-0.11616272921442072,0.3924178725025019,-0.295764674480964,0.6475767947592596,1,0.0
14700,-0.054598709743224706,-0.25395340732976973,-0.004088333967498559,0.7222000809112358,0.07414409590081329,-0.25395340732976973,0.9053149362226219,0.7208149237378729,1.7122004905580752,0.15286443630080931,-0.49169340827218183,0.2625469897607896,0,654.0
13317,0.06275504422253635,0.25697513141698475,-0.0426914635662734,-0.20633610671514052,0.07414409590081329,0.25697513141698475,-0.3789076820663162,-0.4003989212945543,0.5335147576068574,-0.8596976179045688,-0.6680137010112036,-0.02664742391188817,0,959.7
18150,-0.6935247035568127,-0.25395340732976973,-0.19578163100910767,-0.3090292970245163,-0.4080816508786965,-0.25395340732976973,-0.41048692677833926,-0.33810926323719726,-0.11032730101615797,-0.724383584254942,1.0103416640607,-0.4433937457549608,0,153.3
15434,-1.12382180143127,-0.08364389441418492,-0.16620720097130023,-0.32892569118660064,-0.26625054888472305,-0.08364389441418492,-0.533295100658429,-0.19392023995627813,0.7783302977328354,1.1539664569535413,0.2644069089457953,-0.088536113885703,0,454.2000000000001
15547,-1.0847038834426828,0.7679036701637393,0.20056332253435447,-0.05940087008560789,2.627103931792336,0.7679036701637393,1.2605814392328814,0.04990339841175618,-0.7336223209591584,-0.39289606383318354,-0.15037057159846523,0.14223518137309654,1,2165.44
16014,-0.5370530316024646,-0.25395340732976973,-0.17859786734920918,-0.21658787010417035,0.9109475976652568,-0.25395340732976973,2.32638094826366,-0.36233301914839167,0.14609988462479526,0.3507178282996745,0.025692368777721717,-0.16015143140475183,0,132.45000000000002
12559,1.5231573157964517,-0.25395340732976973,-0.17055328244294812,-0.17331138408893815,-0.4222647610780939,-0.25395340732976973,-0.5420671130784354,-0.2567866541067588,0.15752657559875627,0.28349252689652027,0.8361079621556653,-0.6946359658599431,0,0.0
18236,-0.8369570695149651,0.08666561850139992,-0.1570442266992416,-0.39377641526499363,-0.28043365908412043,0.08666561850139992,-0.621015224858493,-0.47826099386625065,1.4305618062331797,0.359775034902085,0.26937083334352596,-0.07222725487272431,0,241.05
15897,0.010597820237753656,-0.25395340732976973,-0.23057237862082494,-0.49618889817511574,-0.4789972018756833,-0.25395340732976973,-0.5157510758184162,-0.3606027508690206,-0.8615911409761909,-0.791179080857185,0.5297803802013138,3.3367970387625827,0,0.0
14066,0.949427851963842,-0.4242629202453546,-0.2400973847088636,-0.40794436689833447,-0.6208283038696568,-0.4242629202453546,-0.7262793738985699,-0.5907284320253676,-0.0031898338552356006,-1.1199753661994984,-0.32389410762066456,-1.0637475635268954,0,0.0
18232,-0.47185650162148624,-0.08364389441418492,-0.18093662687403814,-0.38175110534365425,-0.3087998794829151,-0.08364389441418492,-0.533295100658429,-0.4269297015782435,-0.12015547632823186,-0.14844388039809261,-0.616216081047547,-0.5657290580164361,0,92.35
12656,-1.0064680474655088,-0.08364389441418492,0.2133976053628306,1.0324838602122217,0.003228544903826554,-0.08364389441418492,0.11583381842204521,0.7300430212278518,0.4962500490616879,0.37292923983599746,-0.5747155930846832,-0.2231451696048537,1,1230.5
14346,-0.9543108234807262,-0.25395340732976973,-0.09239010346888774,0.24717367029147216,0.05996098570141595,-0.25395340732976973,0.48425834006231433,0.30035973185071274,0.07686256381413083,-0.22761740537571734,-0.06891254206762003,0.0404905175306018,0,0.0
14088,-0.8499963755111608,0.5975941572481545,4.06949875847976,5.976885848137221,2.570371490994747,0.5975941572481545,1.1233621020913527,2.750666796622858,0.6760445543580198,-0.9104863535132994,0.1609793313528381,-0.27838994920942384,1,24983.92
13569,2.2663977575796053,-0.4242629202453546,-0.24736011686699874,-0.4860852605146823,-0.3938985406792992,-0.4242629202453546,0.11583381842204521,-0.5976495051428518,0.7288959894873404,-0.5205319627713929,-0.7163579118261909,-0.6335929096177759,0,228.8
13397,-1.0847038834426828,0.08666561850139992,-0.05727301731882225,-0.1254128267276887,-0.4080816508786965,0.08666561850139992,-0.7131213552685604,-0.43673455516134596,-0.7309794077363211,-1.7299252197934234,1.1243043915550426,-1.4717827740685874,0,315.94
12643,-0.8499963755111608,0.4272846443325696,0.3024557324140372,0.3324831176868061,-0.5640958630720674,0.4272846443325696,-0.8841755974586852,0.29632243919884693,-0.49474971361047815,2.087967320748364,0.07489057703144307,-0.47267201148553534,1,0.0
12842,1.4970787038040603,-0.4242629202453546,-0.21321184825265452,-0.11867859221464863,-0.5215465324738753,-0.4242629202453546,-0.35785485225830077,-0.20314833744625693,-0.4473686113011055,-0.4468156200452686,2.30531935921872,-0.953687437596696,0,808.26
16883,-0.08067732173561605,-0.25395340732976973,-0.21971312382131047,-0.4377706710144738,-0.2520674386853257,-0.25395340732976973,-0.1210105169181278,-0.5682349443935442,0.5750460467862579,0.10724948868431095,1.4296273765361662,0.27741731285119886,0,0.0
17855,2.3315942875605837,-0.4242629202453546,-0.2305077907851102,-0.3047683964364964,-0.4789972018756833,-0.4242629202453546,-0.19995862869818545,-0.06472687509657454,0.05080225180942013,2.3270245667813336,0.9503869956293214,0.012256410841754406,0,0.0
14215,-0.09371662773181173,0.08666561850139992,-0.07935525841371849,-0.18480941518214639,0.102510316299608,0.08666561850139992,-0.27890674047824315,-0.23688856889399199,1.309119860017221,-0.06868417523954433,-0.24544947365988404,0.002982153900805845,0,691.45
18102,-0.8760749875035521,3.8334749026442663,21.921124435187174,8.494435132329558,0.045777875502018596,3.8334749026442663,-0.7748628273016823,3.218923026469786,0.08690931784058188,-0.9468998472032539,2.802821215536184,-0.7553186898129293,1,129120.07
18037,-0.5109744196100733,0.4272846443325696,-0.2541248428181754,-0.6655734118941472,-0.45063098147688857,0.4272846443325696,-0.9280356595587173,-0.7349174553062867,0.6491863354262655,0.04611619264430568,-0.173497632234494,0.06483123580945413,0,0.0
16923,-0.5370530316024646,1.6194512347416634,0.4550495933298003,-0.090132386987614,2.1448781850128262,1.6194512347416634,0.326362116502199,-0.23083262991619338,0.2602727112164314,-0.4081850707139695,-1.157230541906215,-0.3158297764880261,1,2826.66
14229,1.2754105018687338,-0.25395340732976973,-0.1364882981430782,0.009943915449891995,-0.3938985406792992,-0.25395340732976973,-0.41048692677833926,-0.22218128851933824,-1.356611533031168,0.10769714182067794,-0.7253079576685447,-0.7300589524442354,0,785.0699999999999
16839,-1.0977431894388785,3.152236850981927,1.5814036590789071,0.21657598190969052,0.6556516140761046,3.152236850981927,-0.6401541610475979,0.15391611656940105,-0.24959539370660924,-0.5273224322779587,-0.7338021338660558,1.1432949710149947,1,5725.07
16256,0.949427851963842,-0.4242629202453546,-0.1381369876336916,0.6890638068104117,-0.5357296426732727,-0.4242629202453546,-0.41048692677833926,1.2641191634603761,0.06250033887371818,3.624442794377623,1.2826277188280064,-0.09332646480838265,0,0.0
14522,0.06275504422253635,-0.4242629202453546,-0.21866782069066382,-0.1773802698435924,-0.6208283038696568,-0.4242629202453546,-0.7262793738985699,-0.16508243530009425,0.6266499428092712,-2.5708552098393302,1.7562384827517477,0.7307192856495369,0,695.91
12365,1.2754105018687338,-0.25395340732976973,-0.15701193278138423,-0.10046461373538763,-0.4080816508786965,-0.25395340732976973,-0.5157510758184162,-0.4453858965582011,0.17215164793808557,-0.03316315594011355,-0.5661367902524926,-0.09955270911731166,0,0.0
18241,-1.1368611074274655,1.108522695994909,-0.06108199994610539,-0.4664119693018419,-0.09605322649195489,1.108522695994909,-0.7420689962545814,-0.5325914178385011,0.8602463267442169,-0.26009085889228234,0.18690345608844003,0.2810060501310934,0,867.3100000000001
13280,-0.9282322114883348,-0.08364389441418492,-0.13031336111277048,-0.2001965086146345,0.23015830809418414,-0.08364389441418492,0.34390614134221154,-0.14893326469263135,1.2506927793764133,-0.19141298796826245,-0.8628807349293459,-0.29063404316920166,0,0.0
13497,1.1580567479029729,-0.25395340732976973,-0.206868642913511,-0.36867276169330127,-0.45063098147688857,-0.25395340732976973,-0.5946991875984738,-0.4644188476312824,-0.6202609641797676,1.0078585193968113,-0.5234823939788547,0.12705396819036482,0,0.0
17700,0.25834463416547143,-0.25395340732976973,-0.07471513232157974,0.3422575870614698,0.08832720610021064,-0.25395340732976973,0.5895224891023912,0.11695129423738358,-0.6222620623486195,0.6363926849320505,0.22089069551713128,0.6643002893689008,0,1409.07
17750,-1.0586252714502915,0.08666561850139992,-0.09388922112942488,-0.2239027208990543,0.5138205120821311,0.08666561850139992,0.48425834006231433,1.1032042134788704,-0.14550062960132829,-1.34576790016716,1.8592204626706865,-0.7529011761844798,0,697.69
15005,-1.1107824954350742,2.6413083122351724,0.4672549946000011,-0.271678321393324,3.151879009170038,2.6413083122351724,1.0549008322269418,-0.22136168775542567,-0.3511486303273026,-0.15161311671683672,-0.1986533100576671,-0.4419791636761198,1,1981.14
14036,1.1841353598953641,-0.4242629202453546,-0.1595155612552745,0.45904832356528574,-0.18115188768833898,-0.4242629202453546,0.9053149362226219,0.1809712205741117,-0.24154721107128907,-0.43598297871489977,-0.41592074866785333,-0.4193870601652604,0,0.0
17611,-0.9151929054921392,0.9382131830793241,0.19308303135065388,-0.13806701062708826,4.797119792300131,0.9382131830793241,1.747428128543237,-0.03089051763331887,0.046354754902900655,-0.05488795542196402,0.4645989259200062,0.4793859515978595,1,1259.97
16498,-0.41969927763670356,-0.25395340732976973,-0.24886433356719756,-0.5945919284932921,-0.507363422274478,-0.25395340732976973,-0.6999633366385507,-0.6685905045970639,0.25363093503733564,-0.4865024052789321,-0.5448881345038087,-0.9566424358858961,0,0.0
13743,-1.12382180143127,0.25697513141698475,-0.11099479951451074,-0.3533134037367437,-0.6066451936702594,0.25697513141698475,-0.7789114484186084,0.09238148467031498,-0.35979156344347524,0.1395631720617569,0.7635217872088782,-0.35734447082816667,0,429.48
12712,-1.1368611074274655,1.2788322089104938,0.3990723359237571,-0.03637820844175547,0.045777875502018596,1.2788322089104938,-0.5492442141493497,-0.4497902158147819,0.3433804616865447,-0.05318104181679822,1.6077029703913979,0.02211749375948024,1,483.05
16031,0.7016810380361244,-0.4242629202453546,-0.21407868499514196,-0.1280050269781257,-0.16696877748894162,-0.4242629202453546,0.9579470107426603,0.01140492919575077,-0.8576661074588656,0.058506335181857716,0.32590952186744093,-0.49755744237455873,0,242.27
15513,-1.1368611074274655,1.960070260572833,1.2515960740808503,0.4016413745270366,1.3364409036471774,1.960070260572833,-0.3508372423222957,0.11106838208752212,0.09815115361624492,0.009246749899426268,0.7571608145466251,0.08757022653407874,1,5829.35
16774,-1.0064680474655088,-0.08364389441418492,-0.17386935790293445,-0.35640514733938133,-0.43644787127749124,-0.08364389441418492,-0.533295100658429,-0.4857588230768584,0.3115840639458123,0.6916454744511293,-0.6881411420308444,0.5236208944411587,0,119.32
18212,1.7317862117355827,-0.4242629202453546,-0.22930101806517666,-0.2917845362755774,-0.29461676928351777,-0.4242629202453546,0.6947866381424681,-0.42808321376449077,-1.243424903578777,0.21351960629217553,-0.4824459924453523,0.44121800006856293,0,0.0
16395,-0.32842413566333384,-0.08364389441418492,-0.10212586986294299,-0.09910527062933835,0.5138205120821311,-0.08364389441418492,0.800050787182545,0.2870943417088682,0.647837895799242,1.691652639940673,1.2119478004666566,0.04791031851624926,0,517.76
16048,2.3446335935567792,-0.25395340732976973,-0.22243941036042789,-0.4524369468582161,-0.6066451936702594,-0.25395340732976973,-0.8841755974586852,-0.497293944939332,-1.6137565308264206,0.11372122732177498,-2.067373716648539,-1.3276656126352613,0,0.0
15312,-1.1759790254160525,-0.08364389441418492,-0.13093544395149678,-0.20242753810707417,-0.2520674386853257,-0.08364389441418492,-0.4280309516183521,-0.2735125808073455,-0.1813562552361042,1.186820083333634,0.14371377472085609,1.0403412780133057,0,130.05
17368,-0.2632276056823555,0.25697513141698475,0.0032491841056747134,-0.10747955564768137,0.03159476530262125,0.25697513141698475,-0.4210133416823469,0.13667635262221328,0.2626053853136314,1.22855437650968,1.2227217388526923,-0.03549612833486082,0,294.6
14189,-1.0455859654540958,1.108522695994909,0.22806414310974094,-0.1553150224208249,0.9676800384628462,1.108522695994909,-0.2315378734102086,0.10137887972304431,-0.05531643553350695,0.29363029468595786,1.2606542342435951,-0.23450609148751764,1,1747.12
13141,0.2713839401616671,0.08666561850139992,-0.027895750147933537,-0.04639415101595484,0.3719894100881576,0.08666561850139992,0.07635976253201637,0.06850378241499475,0.7473798728039454,0.046137407553228794,-0.44298788584949594,0.4975780442376553,0,987.72
14030,-0.9412715174845304,0.4272846443325696,0.015695939919862296,-0.18173260606654834,1.364807124045972,0.4272846443325696,0.34390614134221154,-0.2504423370823984,0.7090870186074248,-0.5872166458449747,-0.006606254601436449,-0.5176078196702145,1,701.34
18235,-0.9543108234807262,-0.25395340732976973,-0.13858400344403318,-0.001330098337722932,-0.02513767549496814,-0.25395340732976973,0.3000460792421798,0.47511682806718675,0.0052825140792642075,0.0003483734472614574,-0.5401387684329221,0.28421858596288124,0,1046.68
17242,-1.1107824954350742,-0.25395340732976973,-0.07310553546837262,0.3509165416899137,-0.29461676928351777,-0.25395340732976973,-0.04206240513807012,0.31074134152693894,2.4933521152285523,-0.6477785576939035,-1.3759688775158443,0.007575168120028281,0,0.0
13474,0.5582486720779719,-0.4242629202453546,-0.22747046282662964,-0.27208930051035235,0.11669342649900534,-0.4242629202453546,2.1684847247035446,-0.3000433610910346,-0.4014022517802611,0.32669932172153954,-0.8748507374180156,-0.5016084837718109,0,0.0
17858,-1.0064680474655088,0.9382131830793241,0.35286993754917556,0.05295219026931173,0.20179208769538942,0.9382131830793241,-0.46896700957838194,0.17097411495996787,0.528220137951471,-0.5834409386584386,-0.31294986953019016,-0.3061037896817123,1,1499.41
14483,1.1450174419067771,-0.4242629202453546,-0.24272339013463445,-0.4361979780935738,-0.592462083470862,-0.4242629202453546,-0.621015224858493,-0.4107805309707805,-0.9517371313822457,1.308424743488481,-0.9793341731230778,-0.9138494150112746,0,0.0
14389,-0.04155940374702904,-0.4242629202453546,-0.2131421613772781,-0.11792882000817309,-0.45063098147688857,-0.4242629202453546,-0.09469447965810857,-0.09241116756651102,-0.8113119225063438,0.13809496938966256,-0.9211628648366268,-0.6149975287526168,0,732.32
14825,-0.8630356815073564,0.5975941572481545,-0.03937878746606152,-0.3385525573220104,0.24434141829358147,0.5975941572481545,-0.47815673687553156,-0.47949689978008714,-0.3766130917226259,0.6595157594062971,-0.14792874257133776,0.36007040567298354,0,887.54
17714,1.6535503757584085,-0.4242629202453546,-0.24002089911393823,-0.40712144618391005,-0.5782789732714647,-0.4242629202453546,-0.5683831503384545,-0.42808321376449077,-1.5611484906622146,-0.3622736936874636,-1.0183565039787046,1.3330050354202139,0,0.0
15044,-0.7456819275415953,1.6194512347416634,0.6097646547448268,0.03791407617682953,1.364807124045972,1.6194512347416634,0.006521048265042302,-0.33677828763768103,-0.007487212275066161,-0.6442918409951931,0.6326749164192034,-0.24526443267833464,1,2482.05
18129,0.6495238140513416,-0.4242629202453546,-0.24689610425778485,-0.481092874847174,-0.5357296426732727,-0.4242629202453546,-0.35785485225830077,-0.5803468223491414,-0.46988716659713115,-0.05148777387021677,-0.9786526637548782,-0.533333456912307,0,0.0
14622,-0.11979523972420307,-0.4242629202453546,-0.2115376635637327,-0.10066577213224687,-0.4222647610780939,-0.4242629202453546,0.010569669381968322,-0.24121423959241958,1.1627733418471289,-0.6601843411709658,0.6582781827763303,0.16896475578083137,0,0.0
18004,2.201201227598627,-0.4242629202453546,-0.23918465660942093,-0.39812417970620284,-0.26625054888472305,-0.4242629202453546,0.8526828617025835,-0.4869123352631058,0.952497051687009,0.9373125199461695,1.1949130758447317,-0.03831593162501518,0,0.0
17454,-0.01548079175463769,0.08666561850139992,-0.17806246818473165,-0.450311068345953,0.08832720610021064,0.08666561850139992,-0.29206475910825275,-0.5362249812251801,-0.16478738082964162,-0.05964412261271091,-0.4024245595450242,0.19660189213982865,0,0.0
15163,-0.01548079175463769,-0.4242629202453546,-0.23968096313649218,-0.4034640207864681,-0.5782789732714647,-0.4242629202453546,-0.5683831503384545,-0.5803468223491414,-1.4112886466042047,0.11886738975603645,-1.5665106345655293,-1.0455764022558012,0,149.47
12610,-1.1368611074274655,-0.25395340732976973,-0.052503715555254,0.46174567479589923,0.24434141829358147,-0.25395340732976973,0.800050787182545,0.33496509743813335,0.002341562644737542,1.2588897959447596,0.0950080503903393,0.14411617945753444,0,843.29
15333,0.19314810418449307,-0.4242629202453546,-0.091203726907601,1.194026244308238,-0.4931803120750806,-0.4242629202453546,-0.2525907032182239,0.4439719990385082,-0.4938286130408518,-0.05228389681524846,-0.03830032427032035,-0.21146328177045912,0,0.0
14032,-0.32842413566333384,0.4272846443325696,0.04762782596125816,-0.12447256361509633,-0.11023633669135223,0.4272846443325696,-0.2525907032182239,0.017749246220111144,1.3486059237567596,-0.7692274671411833,-0.4766988039907037,0.0861092807018422,1,1130.22
17505,-0.41969927763670356,-0.25395340732976973,-0.07126988119016389,0.360791590263007,-0.03932078569436549,-0.25395340732976973,0.27373004198216055,0.21557658616153227,-0.6109678126423123,0.5011276385928956,-0.6202207569328225,-0.6711420085773789,0,0.0
18119,2.2663977575796053,-0.4242629202453546,-0.23531278582631027,-0.35646610442933874,-0.3087998794829151,-0.4242629202453546,0.4316262655422759,-0.31734604388474486,0.26734258716746295,0.6079240325595656,0.437898766389695,0.01738185901419665,0,0.0
13887,0.14099088019971037,-0.4242629202453546,-0.20661369093042645,-0.047687965250299905,-0.45063098147688857,-0.4242629202453546,-0.09469447965810857,-0.23775370303367752,0.38696805792968925,-1.2128390058552418,1.0098415587133251,0.12360962922286352,0,0.0
15738,-1.0977431894388785,1.4491417218260785,0.3387897893633597,-0.14463869290024198,-0.12441944689074957,1.4491417218260785,-0.5596111379184482,-0.11865356980363843,0.8806422543651244,2.0941932086034485,0.520748079446128,-0.031483172728219155,1,1254.01
17669,-0.9282322114883348,0.25697513141698475,0.14754350813209208,0.20301757346815516,-0.18115188768833898,0.25697513141698475,-0.5578567354344469,0.22111344465551966,-0.05854380065752611,-0.10827088529742912,-0.3796729876580069,-0.07577834285676997,1,973.5
15675,-0.5109744196100733,-0.25395340732976973,-0.22771691641027803,-0.4808277115058595,-0.4931803120750806,-0.25395340732976973,-0.6736472993785315,0.09272753832618917,-0.9323624349259745,0.4347698346699348,-0.7570966216791808,0.3802703705522732,0,98.3
16247,-0.3023455236709425,-0.4242629202453546,-0.24655446860045158,-0.47741716232274484,-0.4931803120750806,-0.4242629202453546,-0.2525907032182239,-0.11663492347770543,-1.0559092678721667,0.8245587357516622,-0.9479790947704729,-0.8201227544911229,0,0.0
12506,0.5060914480931892,-0.4242629202453546,-0.25353335421741924,-0.5525041057322286,-0.3938985406792992,-0.4242629202453546,0.11583381842204521,-0.6668602363176929,0.6036868301586964,0.025682895444471738,-0.4380306089345754,-0.2876040455554905,0,0.0
17932,-0.2632276056823555,-0.25395340732976973,-0.10718921624700208,0.16756066295265393,0.17342586729659473,-0.25395340732976973,0.5895224891023912,0.2795965124982604,1.0535648691112123,-0.3152391065241275,-0.7279847630439477,0.1155937669757038,0,397.06
16907,-0.602249561583443,0.08666561850139992,-0.15401879649997166,-0.38563864375568524,0.32944007948996556,0.08666561850139992,0.3395201351322086,-0.5587184688570035,-1.661869689250721,-0.1013387530249609,-0.509799587343865,1.009343194313738,0,269.77
12754,0.5452093660817763,-0.08364389441418492,0.24570342097941708,1.1483450010941878,-0.02513767549496814,-0.08364389441418492,0.010569669381968322,6.729459901900335,0.02448696520941779,-0.03111512215654516,0.1608573428595109,0.10872232982016773,1,0.0
12514,0.9624671579600378,-0.4242629202453546,-0.09305297862490758,1.1741298501461535,0.003228544903826554,-0.4242629202453546,1.5895319049831216,0.7761835086777459,-0.03371005427971032,0.6406343753396412,0.08205826339124965,-0.0059880688984203165,0,0.0
14880,-0.1067559337280074,-0.25395340732976973,-0.20693323074922573,-0.36902021710605826,-0.3655323202805045,-0.25395340732976973,-0.43680296403835844,-0.3363789949578262,1.5568132699779764,-1.5960428079299982,0.3505219318852191,-0.7987672918101588,0,342.92
14875,-1.12382180143127,-0.25395340732976973,-0.016968508152929825,0.6529101567566978,-0.06768700609316018,-0.25395340732976973,0.14214985568206442,0.21903712272027434,1.2004199464918939,0.09926614571637449,0.014043416068323265,-0.07305231543947005,0,0.0
15234,1.0798209119257989,-0.4242629202453546,-0.23254230761012487,-0.3266580874401866,-0.5215465324738753,-0.4242629202453546,-0.35785485225830077,-0.0681874116553166,-1.0012390575104542,-0.4444691041542604,-1.2659383583380506,1.0431509954997848,0,0.0
13357,0.8320740979980811,-0.4242629202453546,-0.1624475090607468,0.4275030295123487,0.48545429168333637,-0.4242629202453546,3.5895507367445822,0.36437965818744084,-0.1356088872179147,0.3127611492759612,0.3892440333339303,-0.6688473423682203,0,0.0
13451,-0.8760749875035521,0.08666561850139992,0.13943263571022907,0.40368404661150786,3.307893221363409,0.08666561850139992,3.6816568671546497,0.7614762283030921,0.02262098523312363,0.2144389870257257,-0.4254149800833373,-0.43217444408656097,1,512.76
15315,-1.0064680474655088,-0.4242629202453546,-0.2263316773021853,-0.25983692542892173,-0.4931803120750806,-0.4242629202453546,-0.2525907032182239,0.16020800122165932,-2.19557498070025,-0.21076703194605367,-1.188008749492824,-0.6081887086090191,0,336.96
16081,-0.1067559337280074,-0.08364389441418492,-0.09735486841948748,-0.08199461547830562,0.08832720610021064,-0.08364389441418492,0.010569669381968322,-0.19738077651502017,-1.5614720527278831,-0.3335341121443684,-0.4452139762400663,-0.6904524198023477,0,1807.05
16245,-0.9412715174845304,-0.25395340732976973,-0.13520164046844485,0.01686559301455098,-0.02513767549496814,-0.25395340732976973,0.24741400472214134,-0.002437217039217469,-1.0441224410139769,-0.13825317638141815,-0.941679799039345,0.16586954414312507,0,643.96
13034,2.2924763695719967,-0.4242629202453546,-0.23783511077896002,-0.3836042008783581,-0.5640958630720674,-0.4242629202453546,-0.5157510758184162,-0.34503033635468133,-2.4477828627704086,-0.22470406271636106,-1.1992814615719836,-0.916069818082314,0,476.91
14383,-0.3936206656443122,-0.4242629202453546,-0.2248784509986034,-0.24420143185485726,-0.507363422274478,-0.4242629202453546,-0.30522277773826234,-0.050884728861606304,0.39681395728070135,-0.7506920939417133,-0.3146448772653133,-0.2422743031117492,0,1005.6
16353,-1.1759790254160525,1.6194512347416634,0.29927223198525493,-0.21905803894951958,-0.08187011629255754,1.6194512347416634,-0.8274949018217208,-0.42409028696594225,-1.0489460773471746,-1.1621342081224244,-0.3598329661416077,3.7713770947312852,1,3349.8
17491,-0.7847998455301823,0.25697513141698475,0.016173549968174005,-0.07966849292553255,-0.010954565295570795,0.25697513141698475,-0.5157510758184162,-0.030813616820902317,-0.5412053861987655,0.5962571668856139,-0.9994293080738886,-0.4796921268877565,1,1898.56
15291,-0.27626691167855116,1.2788322089104938,0.29593406068673456,-0.13725831323365392,0.08832720610021064,1.2788322089104938,-0.6975709696149125,-0.37963570194210194,-0.004978902843772543,-0.8410359856146868,0.5312278500975639,0.029376294954702134,1,1362.03
16005,-0.14587385171659442,-0.25395340732976973,-0.21921511761435197,-0.43509160691084753,0.3719894100881576,-0.25395340732976973,1.0895271970427565,-0.5440111884823498,0.2517936241014384,-0.6220317947193954,0.4057580985070493,0.10581803389770457,0,303.3
17964,2.3315942875605837,-0.4242629202453546,-0.22153518066042135,-0.20823065307101546,-0.22370121828653103,-0.4242629202453546,0.7474187126625066,-0.07164794821405866,0.6113921914748204,0.27427129143513146,0.7212307713590324,0.3064714942879891,0,201.45
13117,-0.9412715174845304,0.5975941572481545,-0.122952047521176,-0.46700656217359754,0.08832720610021064,0.5975941572481545,-0.5984586214927623,-0.3989158341979505,-0.9772649077159234,0.591777572283661,-0.013930332058620687,-0.03760857655089109,0,143.14
16444,0.010597820237753656,-0.25395340732976973,-0.22522008665593668,-0.4673958167337538,-0.1953349978877363,-0.25395340732976973,0.089517781162026,-0.5145966277330423,-0.05546683466855414,0.43634736140702507,0.02658121045397117,-0.11900473098909232,0,414.59
14669,0.6234452020589503,-0.08364389441418492,-0.05199551126897213,0.08068157049091758,1.5208213362393428,-0.08364389441418492,1.8176042279032887,0.14175180624170175,-0.21644966510750047,-0.1469332860062848,-0.29476778719278746,-0.48525625561274077,0,0.0
17643,2.3446335935567792,-0.4242629202453546,-0.2487657521337382,-0.5012087145331049,-0.6066451936702594,-0.4242629202453546,-0.6736472993785315,-0.500754481498074,-1.546594701726283,0.16775817628350242,-1.4323006709836428,-1.0187831245157302,0,0.0
15984,-1.0847038834426828,0.4272846443325696,-0.02397288896820599,-0.25286648219229685,1.5917368872363296,0.4272846443325696,0.5544344394223654,-0.3127319951397555,-0.1581082027633752,0.5920966346845216,0.3094279070698081,-0.02595733882853086,0,973.12
13892,0.6886417320399286,-0.4242629202453546,-0.25675934664338235,-0.587213072753953,-0.6775607446672461,-0.4242629202453546,-0.9368076719787237,-0.26197745894487195,-1.5438681514231176,0.07604849106851017,-2.2479884284018508,-1.392604923859593,0,578.4499999999999
18122,-0.5631316435948559,-0.4242629202453546,-0.24576751681266393,-0.46895022252766666,-0.3938985406792992,-0.4242629202453546,0.11583381842204521,-0.5076755546155581,-0.18232999269397718,0.03670058252892472,-0.23667348896722393,0.6265445761050684,0,1673.87
13437,-0.8369570695149651,-0.08364389441418492,0.07803169978403401,0.5470094043737653,0.7691164956712834,-0.08364389441418492,0.8702268865425964,-0.0082047779704543,-0.09647448372373632,-0.9297895497203336,0.053690257973148,-0.7235673745058983,1,1383.81
16620,0.8711920159866681,-0.4242629202453546,-0.24974986678844455,-0.5117969610586994,-0.6491945242684515,-0.4242629202453546,-0.8315435229386468,-0.5803468223491414,1.7968102835609097,0.4189068704016768,-0.5800711896507366,0.02766045620712241,0,83.2
17843,1.431882173823082,-0.4242629202453546,-0.23110097906575355,-0.3111506037550327,-0.20951810808713367,-0.4242629202453546,0.8526828617025835,-0.35541194603090753,0.6727899222816955,-0.4294017028500615,-0.2800351374148962,-0.3285131771692266,0,0.0
15493,-0.5761709495910516,-0.08364389441418492,-0.04728569830145693,0.09757278011810389,1.0669618098586278,-0.08364389441418492,2.256204848903608,-0.33349521449220787,-0.07092004893374897,-1.0216295875536492,0.2233881102892829,-0.6473288961395737,0,666.46
12770,0.2192267161768844,-0.4242629202453546,-0.03632276302882141,1.7844992875982577,-0.54991275287267,-0.4242629202453546,-0.4631190012983777,1.82472608597659,0.6629454938232441,0.7319164602946847,0.22554947000196804,0.11832046702091302,0,0.0
15214,-0.13283454572039874,-0.25395340732976973,-0.15526976089697317,-0.09109246115444257,-0.06768700609316018,-0.25395340732976973,0.11583381842204521,0.21557658616153227,-0.49212629582822537,0.8634204421706461,-0.5599963474669865,-0.07183775386574254,0,1009.81
14868,-0.9543108234807262,0.08666561850139992,-0.04556562225557988,-0.09392239405571333,0.11669342649900534,0.08666561850139992,-0.14732655417814702,-0.1503751549254405,-0.09043983523239461,0.5112696431050214,0.6061533101805336,-0.19748552092544708,0,1656.52
16244,0.2322660221730801,-0.25395340732976973,-0.007207246560566167,0.7054216419004709,0.5280036222815284,-0.25395340732976973,1.3000554951229102,0.7329268016934701,-0.21501385059946554,0.3116407054026208,-0.7641560548398774,-0.5575516352772637,0,0.0
15827,-1.0325466594579003,1.6194512347416634,0.005610039469037634,-0.46210099011991856,0.13087653669840268,1.6194512347416634,-0.6938904049631617,-0.547072432361237,1.201966941055408,-0.09172207099556545,-0.9361729970383206,-0.18529927245240113,0,237.93
16835,-0.8499963755111608,-0.25395340732976973,-0.23528729062800183,-0.5215531433063758,-0.5782789732714647,-0.25395340732976973,-0.8315435229386468,-0.6409062121271274,0.8757888731107415,-1.3287627082890274,0.9458665541426006,-0.3753259456175905,0,0.0
15518,-0.9021535994959434,0.5975941572481545,0.006578857004758882,-0.26791461066384353,1.0527786996592303,0.5975941572481545,0.3038055131364683,-0.19424981486663445,0.6784184032345071,-0.6255778393855365,0.5901862583318881,-0.3727542217120442,0,317.69
13475,-0.028520097750833362,0.08666561850139992,-0.022669234494700326,-0.032335922144537246,0.1876089774959921,0.08666561850139992,0.036885706641987544,0.1290631721929808,-0.6249484860609176,-0.39963690565566523,-0.20623933802326314,0.3833981522331088,0,0.0
18259,2.2533584515834097,-0.4242629202453546,-0.20206704723208532,0.0012300994404866171,-0.6208283038696568,-0.4242629202453546,-0.7262793738985699,-0.34503033635468133,1.526566467568035,-0.7126861676712596,-2.41957194681892,-0.681022604405212,0,1962.3
16610,0.33658047014264547,-0.4242629202453546,-0.25316622336177746,-0.5485540863029913,-0.6350114140690541,-0.4242629202453546,-0.7789114484186084,-0.5180571642917843,-1.8726524078436275,-1.5273811146209704,0.19546449944973968,6.95852029256188,0,0.0
16984,-0.8369570695149651,-0.4242629202453546,0.2801134402963948,5.189086867315069,2.9958647969766674,-0.4242629202453546,13.326484522951695,4.769642697466083,-0.8779414596735633,-0.4267049267341091,-0.6108153966038526,-0.13484237974500293,1,1246.33
17939,-0.44577788962909487,-0.4242629202453546,-0.2491753749865607,-0.5056159121370225,-0.54991275287267,-0.4242629202453546,-0.4631190012983777,-0.6080311148190779,2.292577054055465,-1.0320902223279287,-1.399799641439832,0.8851535547207552,0,0.0
15811,-1.1499004134236612,0.25697513141698475,0.035463217008350825,-0.0381603720899636,0.5421867324809257,0.25697513141698475,0.010569669381968322,-0.2204510202399672,1.0161944540558072,-0.3288670101884416,0.12896317712435515,-0.2204626128293801,1,444.82
17692,-0.8630356815073564,0.08666561850139992,-0.14008991982411925,-0.348172892340639,-0.23788432848592836,0.08666561850139992,-0.48943503855839693,-0.16508243530009425,0.4907437332904208,-0.0897046347518208,-1.3873356078766375,-0.17421172012399,0,0.0
13174,1.6013931517736257,-0.25395340732976973,0.07969908575340694,1.1729411868919848,1.8044835402272899,-0.25395340732976973,4.721140338925409,0.8575061178081843,-1.0693515502027848,0.11656931079512188,-0.15494220913989165,0.22328335283958273,1,708.76
15605,0.7668775680171027,-0.08364389441418492,-0.1487174949317003,-0.2662008456204707,-0.1953349978877363,-0.08364389441418492,-0.41048692677833926,-0.4396183356269643,-0.21971286836793655,-0.23933628967346668,-0.026516145690995724,-0.34500263495338795,0,508.05
15389,-0.27626691167855116,-0.4242629202453546,-0.1810420070270464,0.22744186027227267,-0.7059269650660409,-0.4242629202453546,-1.0420718210188007,0.6377620463280635,0.16542777858073732,-0.07240751852758019,0.26081950654345953,0.1993084579946951,0,0.0
17581,-1.0977431894388785,2.3006892864040025,0.8425545117797776,0.014696954896538427,1.847032870825482,2.3006892864040025,-0.2278226681499706,-0.03500697288620154,0.3007818849400407,0.05517245363565131,-0.20231935259017492,-0.08540773046079829,1,4502.95
12589,-0.64136747957203,-0.4242629202453546,-0.24367521087148342,-0.4464387692064113,-0.5782789732714647,-0.4242629202453546,-0.5683831503384545,-0.4592280427931693,1.422190071341603,0.3581611256711044,-0.44803662601056193,0.026866023450682012,0,515.1800000000001
15052,1.6405110697622127,-0.4242629202453546,-0.23071855109112674,-0.30703600018291044,-0.3371660998817098,-0.4242629202453546,0.3789941910222374,-0.4730701890281376,0.6309872176047163,0.2287077148095926,0.09320831802848566,0.1364665936232242,0,0.0
15856,-1.1759790254160525,1.7897607476572481,1.3373024323944387,0.5452616775231307,1.9321315320218662,1.7897607476572481,0.20230079799067976,0.805350888244286,-0.4017917210358115,-0.10068698277456042,-1.0524123191138905,0.16598327953561334,1,6204.16
14737,-0.8499963755111608,-0.25395340732976973,-0.08216312958742296,0.302190491832493,-0.5357296426732727,-0.25395340732976973,-0.6999633366385507,-0.22218128851933824,0.7842950982187255,2.6777369198513967,1.081645240639156,0.15385785165007973,0,82.8
16719,-0.5892102555872473,0.25697513141698475,-0.047807500026836626,-0.2173449571614408,0.48545429168333637,0.25697513141698475,0.35794136121422215,-0.23636948841018068,0.1642237483532478,-1.0651283328934298,2.0034412223499274,0.6167556465902416,0,486.34
18159,1.4058035618306906,-0.4242629202453546,-0.17591747216704698,0.2825775481387104,-0.3938985406792992,-0.4242629202453546,0.11583381842204521,-0.26543799550361397,0.5893255021649926,-0.36074995143353905,0.5193402064368232,0.0029760753151083447,0,0.0
17724,-0.719603315549204,-0.4242629202453546,-0.2026109447959991,-0.004621781195420627,-0.5640958630720674,-0.4242629202453546,-0.5157510758184162,-0.47653072558687964,0.8383196804672367,-1.4957053836854834,-0.10921578135441466,-0.9238079687438667,0,659.9
17391,-0.3936206656443122,-0.25395340732976973,-0.17954628872628373,-0.2216899785336019,-0.6917438548666435,-0.25395340732976973,-1.0157557837587814,0.08407619692933402,-1.8726524078436275,-1.5273811146209704,0.19546449944973968,6.95852029256188,0,0.0
13499,0.4148163061198195,-0.25395340732976973,-0.18719654789870735,-0.26284515781831774,-0.46481409167628596,-0.25395340732976973,-0.5420671130784354,-0.28793148313543737,-1.2847857414015165,-0.14960400140794547,-0.8966450070744445,-0.9946445203718898,0,695.3199999999999
15506,-0.719603315549204,-0.4242629202453546,-0.2305417843828548,-0.3051341389762406,-0.08187011629255754,-0.4242629202453546,1.6421639795031602,-0.2481353127099037,-1.0885459743564108,-0.2905614595795271,0.7480876554759238,-0.5270560263161925,0,763.31
16818,-1.1368611074274655,0.7679036701637393,0.09131469810273891,-0.20632879186434558,0.8400320466682701,0.7679036701637393,-0.32495980568327676,-0.2074740081446845,-1.7258689187753296,0.07529334554998905,-0.6723009846346926,0.052019712014104026,1,1247.17
12651,1.8361006597051481,-0.4242629202453546,-0.24664965067413647,-0.4784412414340286,-0.592462083470862,-0.4242629202453546,-0.621015224858493,-0.47653072558687964,1.7880633703996287,0.2564075076682346,0.7249951550171474,-0.08280460531668815,0,0.0
14367,-0.7326426215453997,1.108522695994909,0.6551495070936505,0.3041929322375926,2.2441599564086077,1.108522695994909,0.6684706008824489,0.14013688918095535,0.0023317549637509242,0.00823712535030641,0.046263379912750854,-0.11521343674411273,1,3808.12
13402,-0.8630356815073564,-0.25395340732976973,-0.16043678775415332,-0.11888889417500156,-0.26625054888472305,-0.25395340732976973,-0.06837844239808935,0.08234592864996299,0.9761220118479714,0.3264552348686572,-1.0496402451890936,-0.3483956717318451,0,0.0
16230,-0.054598709743224706,-0.25395340732976973,-0.1738982524610174,-0.19130591704435274,-0.26625054888472305,-0.25395340732976973,-0.17364259143816624,-0.1149046551983344,-1.2237392464262875,-1.0883815411985363,0.22183542158652414,1.4105701367914119,0,0.0
17371,2.1881619216024313,-0.4242629202453546,-0.2503651509076219,-0.5184169010280694,-0.6208283038696568,-0.4242629202453546,-0.7262793738985699,-0.6114916513778199,1.2027690370938062,-1.272398255821902,-1.059645374722408,2.820027300902728,0,326.26
15756,-0.5370530316024646,-0.08364389441418492,-0.20485622192703032,-0.4675360180406558,0.9534969282634489,-0.08364389441418492,1.2737394578628911,-0.5549695542516996,-0.25478573572632207,-0.7670513848435271,0.5737374040798491,-0.4579627921207974,0,168.12
17769,-0.719603315549204,0.08666561850139992,0.04295540595126207,0.14418057109950616,1.1095111404568196,0.08666561850139992,1.1947913460828334,0.17837581815505513,-0.16425645290573984,-0.02194239516378862,0.1700301086062143,-0.0845027636853016,1,2139.55
12672,1.7709041297241697,-0.4242629202453546,-0.22763023273602925,-0.27380829044715005,-0.5782789732714647,-0.4242629202453546,-0.5683831503384545,-0.47653072558687964,1.872746929904764,-0.23749499633514753,-1.04036366397111,-0.04299836579079392,0,0.0
17618,0.71472034403232,-0.25395340732976973,-0.15971442380208042,-0.11500287969021947,-0.03932078569436549,-0.25395340732976973,0.3526781537622182,-0.33983953151656826,0.2891577282370207,-0.7786535717743455,0.6589868223786913,-0.42086584833586754,0,304.8
16494,1.3406070318497123,-0.4242629202453546,-0.12554235966931498,0.8245714177856367,-0.05350389589376284,-0.4242629202453546,1.5368998304630832,1.5894095999821298,-2.2456521630956785,0.7524235501743418,-1.141726133155292,-1.0446125555481185,0,0.0
12833,-0.6283281735758344,-0.4242629202453546,-0.1950847622553432,0.07635361710394466,-0.37971543047990186,-0.4242629202453546,0.16846589294208367,-0.20660887400499897,-0.8124977252322425,-0.4474746793304967,0.21214125201333658,-0.5388028350164787,0,0.0
13692,0.25834463416547143,-0.25395340732976973,-0.11788530177734242,0.11002021788739809,-0.26625054888472305,-0.25395340732976973,-0.2525907032182239,0.5252946081689466,-0.11671567905103518,2.9395266161412534,1.1887347938976929,0.2658704408661011,0,616.74
13029,-0.719603315549204,-0.25395340732976973,-0.13460675250791426,0.02006584023731271,-0.6350114140690541,-0.25395340732976973,-0.9104916347187044,-0.5872678954666255,3.8704248550969234,-1.288353380081985,-2.3137649008230317,-0.02910523921358571,0,474.3
12548,-0.3545027476557252,-0.4242629202453546,-0.24984504886212944,-0.5128210401699832,-0.6491945242684515,-0.4242629202453546,-0.8315435229386468,-0.5768862857903994,2.0411689042718795,4.76040309948876,2.2996887849678584,0.5691069938764858,0,0.0
12679,0.15403018619590605,-0.25395340732976973,-0.11197041576978095,0.14183981884514324,-0.11023633669135223,-0.25395340732976973,0.06320174390200677,-0.04223338746475115,1.3664814807077377,0.966328771070474,0.1401891937639317,0.530084815619564,0,206.64
13809,1.4579607858154733,-0.4242629202453546,-0.23967246473705603,-0.403372585151532,-0.5640958630720674,-0.4242629202453546,-0.4631190012983777,-0.6460970169652406,-1.653651523756448,-0.7752353184402926,0.07607564391068618,-0.02040554356674936,0,0.0
16427,0.9103099339752551,-0.25395340732976973,-0.22505351802698811,-0.4664997475113805,-0.6066451936702594,-0.25395340732976973,-0.857859560198666,-0.47653072558687964,-0.23130322510657214,-0.6822493729596383,-1.377314835210788,1.3110894358386946,0,0.0
14869,-1.1759790254160525,-0.4242629202453546,-0.20023819167342555,0.020907048078724323,-0.03932078569436549,-0.4242629202453546,1.4842677559430448,0.4785773646259288,-0.3437340335084256,0.15184012580417727,0.6633962477282617,0.14873710815864433,0,334.39
15388,1.001585075948625,-0.4242629202453546,-0.2421387002534272,-0.4299072064099736,-0.5782789732714647,-0.4242629202453546,-0.5683831503384545,-0.44192535999945903,-1.0460498393970519,-0.8690450928179911,0.07434714706113384,0.9569758567921118,0,0.0
15314,0.07579435021873202,-0.4242629202453546,-0.21028160012706945,-0.08715158528869879,-0.37971543047990186,-0.4242629202453546,0.16846589294208367,0.33669536571750436,-0.8291200684876698,-0.5945217238637583,-0.03897693039450805,0.4555451314945388,0,0.0
18144,-1.0977431894388785,0.9382131830793241,0.10204817659059837,-0.24689573523097283,-0.37971543047990186,0.9382131830793241,-0.901719622298698,-0.3373402551130323,-2.292094510419604,0.08182449851501752,-1.3212918654872503,-1.1428819047639367,1,723.2
15342,-0.8369570695149651,-0.4242629202453546,-0.19700370084802626,0.05570745073538467,-0.37971543047990186,-0.4242629202453546,0.16846589294208367,0.23287926895524258,-0.5914099276599033,0.029619544095424756,-0.4366591513725767,-0.26762560706823146,0,0.0
18116,0.5321700600855805,0.5975941572481545,-0.05534218096692863,-0.36308865684542113,2.4001741686019784,0.5975941572481545,1.4241168136344289,-0.4167128793571955,0.25036611707381884,-0.9042363601089977,-0.31233281763711784,0.10606218746282609,0,163.56
14379,1.3275677258535166,-0.4242629202453546,-0.24716295400008,-0.48396395378416596,-0.4789972018756833,-0.4242629202453546,-0.19995862869818545,-0.30350389764977664,0.48400236193605467,0.9444370989193956,1.9775628455014416,0.5158876183916608,0,237.12
15252,-0.13283454572039874,-0.4242629202453546,-0.21494212237785498,-0.1372948874876283,-0.5215465324738753,-0.4242629202453546,-0.35785485225830077,-0.40385945785329636,-0.025585879355372244,0.2958337031338922,-1.0716982536847677,-0.5586520886879226,0,440.23
16692,0.8190347920018853,-0.25395340732976973,-0.04914684777797413,0.47980421269576895,-0.6917438548666435,-0.25395340732976973,-1.0157557837587814,-0.4834517987043637,0.3375640221473124,0.6313780855983049,0.60759395089111,0.25643498244141993,0,0.0
15436,0.5321700600855805,-0.4242629202453546,-0.1837444980477426,0.198365328362609,1.0385955894598329,-0.4242629202453546,5.484305419465967,0.10483941628178638,0.18245399085929814,-0.3934780255670779,0.04115419181714776,-0.6853976900890586,0,583.65
13846,0.636484508055146,-0.25395340732976973,-0.15317915463567985,-0.07984587805730844,-0.11023633669135223,-0.25395340732976973,0.036885706641987544,-0.149510020785755,-0.2953502976583666,0.8535160939962445,0.7827032327462696,0.07682420379274643,0,201.13
15135,0.5843272840703633,-0.4242629202453546,-0.24239195255662455,-0.4326319883310678,-0.592462083470862,-0.4242629202453546,-0.621015224858493,-0.5976495051428518,-0.22331840525878754,-0.8285631850538145,1.0761854963524775,-0.4032974884800081,0,0.0
16378,0.7016810380361244,-0.08364389441418492,-0.20433611988153783,-0.46567073108796037,-0.4080816508786965,-0.08364389441418492,-0.6911913242185442,-0.43846482344071697,0.152239297469113,1.5018129820615504,0.9729875902354265,-0.10853615831233132,0,0.0
13476,-0.19803107570137712,-0.25395340732976973,-0.05552574639474949,0.44548841890426966,0.07414409590081329,-0.25395340732976973,0.4316262655422759,-0.024930704671040856,2.1661240183155064,-0.656844886925739,-1.582480746650886,0.10980473246917595,0,0.0
12347,-0.8369570695149651,0.25697513141698475,0.20833085961899703,0.33382173538227,0.4429049610851444,0.25697513141698475,0.21057155255811444,0.35399804851121464,0.3448023754518276,-0.0008389779934018274,0.7646721846568884,0.4589378394981028,1,1519.14
16178,-0.719603315549204,-0.4242629202453546,-0.23238933642027412,-0.3250122460113377,-0.6066451936702594,-0.4242629202453546,-0.6736472993785315,-0.4211621406470067,0.49996743149108164,-0.34468708357610617,0.36762931177784014,-0.4527950941383107,0,0.0
13568,-0.2632276056823555,-0.4242629202453546,-0.23423348909791902,-0.34485377879246043,-0.13860255709014693,-0.4242629202453546,1.1684753088228141,-0.5180571642917843,-0.3937057981013062,-0.6219019108212,0.14632840655755353,-0.029397482468190246,0,0.0
17720,-1.0455859654540958,-0.08364389441418492,-0.11516241459799947,-0.14585935862663826,-0.26625054888472305,-0.08364389441418492,-0.44557497645836486,-0.2642844833173666,-0.002041116506532885,-0.28800395596946315,-1.17234190584403,-0.208403827307817,0,308.34
15219,-0.22410968769376846,-0.4242629202453546,-0.21405828883649522,-0.12778558145427918,-0.592462083470862,-0.4242629202453546,-0.621015224858493,-0.5907284320253676,4.240977272907547,-1.409965265225355,-2.5712599695922225,-0.05194985852464294,0,0.0
14606,-1.1759790254160525,11.156783958014415,1.3112854323606042,-0.4409645574974139,9.307348835708487,11.156783958014415,0.387384811597896,-0.5090798303205549,0.043137539981245594,-0.25644619060614293,0.02638440306931689,0.3276948469402488,1,2796.1
17979,-0.32842413566333384,-0.08364389441418492,-0.18197003224547414,-0.3854572964130621,0.47127118148393904,-0.08364389441418492,0.5544344394223654,-0.43269726250948015,-0.060263957311004764,1.2839894363548796,0.616454885808919,-0.3322113377044282,0,237.87
16779,-1.1368611074274655,1.960070260572833,0.8178139713412532,0.09049931939945112,1.123694250656217,1.960070260572833,-0.28416994793024697,0.08176917255683924,-0.008349444946999724,-0.15013463241448674,-0.6732425209745014,0.14885580303707,1,4234.99
15033,-1.0977431894388785,0.4272846443325696,0.007443994067359135,-0.19652993965369894,2.159061295212224,0.4272846443325696,1.3263715323829295,-0.2256418250780803,-0.14230004359918294,0.32511008176058853,-0.6234952207434906,-0.3273398938068196,0,948.23
15623,-0.6935247035568127,-0.4242629202453546,-0.21486053774326794,-0.1364171053922423,-0.45063098147688857,-0.4242629202453546,-0.09469447965810857,-0.31388550732600284,-0.043715848703920084,-1.3628685765753654,0.39457728019118127,0.035414233694363625,0,0.0
14341,-0.8239177635187694,0.4272846443325696,-0.07234407887889344,-0.3396053733471312,0.045777875502018596,0.4272846443325696,-0.5157510758184162,-0.3375325071440735,0.33216114445563993,-0.13627271095189603,-0.40497933168460637,0.6391842916949413,0,1027.46
18086,1.0537422999334074,-0.4242629202453546,-0.24880144541137006,-0.5015927441998362,-0.6208283038696568,-0.4242629202453546,-0.7262793738985699,-0.37963570194210194,0.3535828430984379,-0.6039178777113877,-0.17709673571493179,-0.3576117391859,0,0.0
15211,2.240319145587214,-0.4242629202453546,-0.20091636394843046,0.013610484410827567,-0.3938985406792992,-0.4242629202453546,0.11583381842204521,-0.3415697997959393,-0.03152061356173556,-0.11305445534716854,1.092603977886869,-0.13341455836365665,0,511.34
15880,2.2924763695719967,-0.4242629202453546,-0.21010143405902304,-0.08521314982805454,0.6272853936773098,-0.4242629202453546,3.9579752583848515,-0.047424192302864245,-1.2838868603199716,0.5520859043639184,-0.49822895638465825,-0.5380313035620516,0,0.0
13505,-0.3545027476557252,-0.08364389441418492,0.1730217096416745,0.887680293018498,0.8400320466682701,-0.08364389441418492,1.0632111597827372,0.708126289689152,1.4129894701141357,1.1271866913486563,0.13050918012145923,0.09315159427916227,1,1810.51
13538,-0.9543108234807262,0.25697513141698475,-0.1144570474447989,-0.360763579271333,-0.6066451936702594,0.25697513141698475,-0.9052284272667006,-0.6599391632002087,-0.18022760534670057,-3.7607581377578025,4.88039019419807,-1.75172655361584,0,389.1
14541,-0.32842413566333384,0.5975941572481545,-0.04381835133150712,-0.3453762681349521,0.2727076386923762,0.5975941572481545,-0.32777938110399313,-0.451318244944616,1.569172571141522,0.25146072999106395,-0.5252903809802395,-0.06338499734313616,0,146.0
12872,1.7317862117355827,-0.25395340732976973,-0.16405030719440494,-0.13832811016240565,0.102510316299608,-0.25395340732976973,0.6421545636224296,-0.19449699604940177,-1.055303806088793,0.29720377954571303,-0.3015772674008923,0.9024161534621947,0,0.0
13486,-0.8499963755111608,-0.25395340732976973,-0.12671853815127837,0.06250111841113319,0.017411655103223903,-0.25395340732976973,0.27373004198216055,0.16885934261851449,-0.7207216752363816,0.27483213012721186,0.14754209518852213,0.08393403350090252,0,302.8
14862,-0.5892102555872473,-0.4242629202453546,-0.21433873601788822,-0.13080295740716877,-0.4222647610780939,-0.4242629202453546,0.010569669381968322,0.7415781430903253,0.42082845866840446,2.788669764601218,1.057168479385759,0.044394555168019253,0,537.1
14948,-1.0977431894388785,-0.08364389441418492,-0.1713759275083676,-0.34746274224263574,-0.22370121828653103,-0.08364389441418492,-0.4806630261383905,-0.33003467793346586,1.073874376697597,0.1812260425893338,-1.012003114775531,0.27445767459239884,0,545.1
13583,-0.4979351136138776,-0.4242629202453546,-0.13327590315621293,0.7413649899938318,0.03159476530262125,-0.4242629202453546,1.6947960540231983,1.7624364279192328,0.30914814618853126,0.009078690506863217,-0.13893556549134817,-0.2885840419638193,0,0.0
14587,-0.11979523972420307,0.7679036701637393,-0.019116903530388956,-0.35484769369097063,1.6342862178345217,0.7679036701637393,1.2145283740278479,-0.43673455516134596,0.5944401595177315,-0.5670090446357203,-0.46159723169865613,-0.21061772132028583,0,127.61
15449,-0.1067559337280074,-0.25395340732976973,-0.15593773509265466,-0.09468588160742927,-0.29461676928351777,-0.25395340732976973,-0.04206240513807012,0.14636585498669108,0.662228413331477,-0.3723393774651103,-0.37696291628525463,1.56832649858686,0,326.82
14053,-0.9021535994959434,-0.25395340732976973,-0.22179183232339314,-0.4489532491671527,-0.6917438548666435,-0.25395340732976973,-0.9894397464987621,-0.37444489710398887,1.4651572850478378,5.241586193409136,2.8791697625315766,0.6306471922840026,0,0.0
17124,-0.1067559337280074,-0.4242629202453546,-0.2160146203866973,-0.14883406461655774,-0.28043365908412043,-0.4242629202453546,0.5368904145823528,-0.3000433610910346,-0.902685104571031,-1.0446640216244933,1.363207739369102,0.5618640177900817,0,0.0
17135,1.2493318898763426,-0.25395340732976973,-0.18094852463324873,-0.22923341841582598,-0.45063098147688857,-0.25395340732976973,-0.5420671130784354,-0.019739899832927767,-0.4680327334403529,0.03347348921035776,-1.1486753867180786,-0.007237490480100784,0,639.18
14632,0.8972706279790594,-0.4242629202453546,-0.24655446860045158,-0.47741716232274484,-0.6066451936702594,-0.4242629202453546,-0.6736472993785315,-0.41424106752952256,0.9200654912406595,-0.9545349104666684,-0.5038331723174877,-0.5216492659199439,0,0.0
14796,-1.12382180143127,1.6194512347416634,0.7109703939500684,0.12167474458655449,3.8894007395387002,1.6194512347416634,2.2899433582113256,0.42054682848702346,-0.6021672196823159,0.04071518669450566,-0.8165940768336548,-0.47724846096297496,1,2227.37
14816,0.04971573822634068,-0.4242629202453546,-0.219820203654206,-0.18977894194092063,-0.6633776344678488,-0.4242629202453546,-0.8841755974586852,-0.72914989437505,3.913404139006349,-1.3024587845729863,-2.343630995696454,-0.03175491934514125,0,0.0
16323,0.036676432230145,-0.4242629202453546,-0.23075764372853302,-0.3074566041036162,-0.7059269650660409,-0.4242629202453546,-1.0420718210188007,-0.5734257492316572,-3.550272048597093,0.5914544480439515,-2.1358655914870086,-1.8575949712237902,0,0.0
14985,0.06275504422253635,-0.25395340732976973,-0.21639364900154967,-0.4199132915114634,0.38617252028755494,-0.25395340732976973,1.0895271970427565,-0.30350389764977664,1.0947667424034357,0.4968772562254443,-0.23405011577712084,0.10686934404014566,0,0.0
15965,2.2663977575796053,-0.4242629202453546,-0.23947870122991177,-0.4012878526749901,-0.4931803120750806,-0.4242629202453546,-0.2525907032182239,-0.49037287182184786,1.2746206082430307,-0.5803770793984987,-0.30004823787472856,0.6694087263845278,0,652.6800000000001
15046,-0.8630356815073564,1.108522695994909,0.3836732361454505,0.01210728257247891,0.9676800384628462,1.108522695994909,-0.27890674047824315,0.1017249333789185,-2.2584099675824154,0.32589067465635224,-0.963656081137248,-0.7893198110636194,1,1267.94
15254,-0.8630356815073564,-0.4242629202453546,-0.21497441629571235,-0.1376423429003853,-0.46481409167628596,-0.4242629202453546,-0.14732655417814702,0.2051949764853061,-1.1942284831381382,0.9232815275616988,-0.17721912565209105,0.24660228664951278,0,0.0
14712,-1.0586252714502915,-0.4242629202453546,-0.24635730573353284,-0.4752958555922284,-0.6208283038696568,-0.4242629202453546,-0.7262793738985699,-0.3934778481770702,2.789050057538965,-0.8579777748767974,-1.323675901824657,-0.002530670488397745,0,801.35
18136,0.2322660221730801,-0.25395340732976973,-0.1639007353643287,-0.13752347657496844,-0.29461676928351777,-0.25395340732976973,-0.2525907032182239,-0.23602343475430648,1.5483093114953983,-0.6828014149808633,-1.4525995991641394,-0.2988148721029192,0,183.48
18176,2.1490440036138443,-0.4242629202453546,-0.1850617499603461,0.18419280494752135,-0.29461676928351777,-0.4242629202453546,0.48425834006231433,0.23287926895524258,-2.2678996873854587,0.397060678616254,-1.071427151878199,-0.49274368001838165,0,0.0
15226,1.5231573157964517,-0.4242629202453546,-0.23978124424983877,-0.4045429612787135,-0.6066451936702594,-0.4242629202453546,-0.6736472993785315,-0.500754481498074,-0.6562691372395497,-0.046367581298084,-1.3513894174730863,-0.7524526693796676,0,0.0
14198,-0.6283281735758344,-0.25395340732976973,-0.20535592781387602,-0.36053499018399293,-0.4222647610780939,-0.25395340732976973,-0.5420671130784354,-0.4574977745137983,-0.46239282068466375,-0.7531803504921989,1.3102130614523155,0.09940575441575832,0,344.45
13741,-0.13283454572039874,-0.25395340732976973,-0.20430552564356766,-0.35488426794494504,-0.43644787127749124,-0.25395340732976973,-0.5683831503384545,-0.499024213218703,-0.03262467021329555,-0.29987169984724615,-1.4973630932958233,-0.35682657091480213,0,305.3
17162,-0.8108784575225737,0.9382131830793241,-0.01725065501421007,-0.3895129747982255,0.3436231896893629,0.9382131830793241,-0.5742311586184589,-0.4138565634674401,-0.8232417105299772,0.10428658668631112,-0.015394237320744027,-0.8516525840299867,0,251.8
17841,-1.1759790254160525,12.689569574254678,3.51005082327779,-0.16605022242328585,13.860127209715037,12.689569574254678,1.715713929793983,-0.2132637520025799,-0.014042804270068958,-0.241879261308549,0.4098935063662261,0.39617113121558795,1,18303.44
15149,-0.7847998455301823,-0.4242629202453546,-0.17750667286160732,0.26547908440566936,-0.3938985406792992,-0.4242629202453546,0.11583381842204521,-0.30350389764977664,0.3849733630312392,-1.392752674426688,-0.2866221100627331,-0.014069222543465869,0,0.0
16996,-0.9412715174845304,0.25697513141698475,-0.08895675009668252,-0.3058912260335111,-0.5640958630720674,0.25697513141698475,-0.8210171080346391,-0.47653072558687964,-0.9039336411071318,-0.42693227125742944,-1.3184895859944727,-1.2154368845060808,0,415.18
17231,-0.8760749875035521,0.5975941572481545,0.05790239087956541,-0.18902916973444508,2.2441599564086077,0.5975941572481545,1.4391545492115834,-0.23577625357153914,-0.5122176093995698,0.45086392944961706,0.16721722526403918,-0.4273629747060856,1,1218.9
17042,-0.9412715174845304,0.08666561850139992,-0.11050189234721396,-0.26858731569230165,0.2585245284929788,0.08666561850139992,0.06320174390200677,0.021786538871976947,-0.4775708612496304,0.58128722004193,-0.016350120235884266,0.23178559418380076,0,121.56
15552,0.3105018581502541,-0.4242629202453546,-0.2507084862448425,-0.5221109006794857,-0.4789972018756833,-0.4242629202453546,-0.19995862869818545,-0.5388203836442367,0.2051457400177855,0.16105222574189712,-1.3458215470837978,0.06293897982328997,0,0.0
15370,-0.6935247035568127,0.08666561850139992,-0.008786249175803122,0.005006391163345348,0.045777875502018596,0.08666561850139992,-0.19995862869818545,-0.21785561782091067,0.8447397042678039,-1.0481990229821219,-0.4406041369685675,-0.6230394073581548,0,872.5899999999999
14428,0.5973665900665589,-0.25395340732976973,-0.20983118495695344,-0.3846099928626547,-0.3655323202805045,-0.25395340732976973,-0.35785485225830077,-0.4955636766599609,-0.7174678656081053,-1.0932654897748857,0.32093932177349793,1.5581821983839461,0,893.44
16938,-0.18499176970518144,-0.08364389441418492,0.13952611810402676,0.7675521558395164,2.1874275156110183,-0.08364389441418492,2.659717420223903,1.9273886705526042,0.5514894967354321,0.026911769237279733,-0.15163570477950886,0.17880539170673462,1,325.63
14214,-0.4848958076176819,-0.08364389441418492,-0.11319758464836124,-0.1388127190275667,0.07414409590081329,-0.08364389441418492,-0.059606429978082874,0.02755409980321358,0.5715294027606911,0.1547913216122009,0.060816374341414445,0.17312414508360754,0,105.22
13267,-1.0847038834426828,1.7897607476572481,0.21004413694532517,-0.3210491643485381,0.1876089774959921,1.7897607476572481,-0.5984586214927623,-0.44686898365480476,-0.03300652533245722,-1.1558401745977036,0.6154844537859263,0.6056253206689847,1,1720.55
15281,-0.7456819275415953,0.7679036701637393,0.10650643693480347,-0.18589749923788534,0.8825813772664621,0.7679036701637393,-0.2394326845882143,-0.2585169223861299,0.621821646739971,-0.6720298408349599,-0.5156969456529968,-0.4351566683123574,1,140.37
17367,0.5843272840703633,-0.4242629202453546,-0.23754786487801816,-0.38051367641751965,-0.2520674386853257,-0.4242629202453546,0.6421545636224296,-0.23083262991619338,-0.8705999833873216,1.0586461478271447,-0.39930812480082134,-0.7277778195777597,0,0.0
18071,0.8320740979980811,-0.25395340732976973,-0.18903050249702885,-0.27271106282791746,-0.3938985406792992,-0.25395340732976973,-0.43680296403835844,-0.2965828245322925,-1.0039627648692244,-0.6527026058266295,-0.8555294038514762,0.4020521743591313,0,0.0
16859,-0.64136747957203,-0.25395340732976973,-0.138922239741592,-0.003149667472950323,-0.010954565295570795,-0.25395340732976973,0.27373004198216055,0.6844792898710813,-0.3563956352658996,0.6808629968729998,0.6635386346251775,2.3446280352228834,0,0.0
15433,0.25834463416547143,-0.25395340732976973,-0.17538207300256947,-0.19928824797426986,-0.15278566728954426,-0.25395340732976973,-0.0157463678780509,0.17751068401536962,0.9264373276063347,0.45071814127409626,-0.4487313511007564,-0.09452830876844126,0,0.0
15747,-0.9543108234807262,-0.25395340732976973,-0.1767299191531431,-0.2065390938246985,-0.35134921008110714,-0.25395340732976973,0.036885706641987544,-0.2602471906655009,-0.40042797816809017,0.01859898490849346,-0.19459713690974262,-0.15545418441015016,0,421.27
12500,-1.1368611074274655,0.4272846443325696,0.03547001572789974,-0.1462738668383483,-0.43644787127749124,0.4272846443325696,-0.813999498098634,-0.013972338901691132,-2.014183309435532,0.8147374326683736,-0.7595711312288105,-1.2024544359657203,1,2483.98
14145,-0.4848958076176819,-0.08364389441418492,0.21858672805854468,1.0510940597762055,-0.6350114140690541,-0.08364389441418492,-0.9543516968187364,-0.08202955789028483,0.5050569031079714,-0.18387066408572805,0.024812883532152788,0.17837026495141692,1,891.0
13308,0.12795157420351472,-0.4242629202453546,-0.1275105889787277,0.8033949247344478,-0.35134921008110714,-0.4242629202453546,0.27373004198216055,1.0495658968183685,-0.07686715870309921,0.8522140712880869,0.4719480270470152,1.3043012389507385,0,570.5600000000001
17358,1.431882173823082,-0.25395340732976973,-0.20469985137740512,-0.3570055746754614,0.05996098570141595,-0.25395340732976973,0.4316262655422759,-0.4177016040882646,1.0826954164735543,-0.1805938153678486,-0.5070387194521825,1.01085140136127,0,0.0
13863,0.7016810380361244,-0.4242629202453546,-0.21405318979683352,-0.12773072007331762,-0.43644787127749124,-0.4242629202453546,-0.04206240513807012,0.028707611989461066,-1.9025409347841982,0.5326094790664593,-0.7940774126219042,-1.0234434905909358,0,0.0
14960,-0.28930621767474685,-0.4242629202453546,-0.2510178279843184,-0.5254391577911579,-0.6917438548666435,-0.4242629202453546,-0.9894397464987621,-0.6772418459939191,0.16542777858073732,-0.07240751852758019,0.26081950654345953,0.1993084579946951,0,132.97
17633,-1.1759790254160525,-0.25395340732976973,-0.1557830642229167,-0.09385381732951126,-0.29461676928351777,-0.25395340732976973,-0.2262746659582047,-0.2706288003417271,-0.3727198754236061,-1.353285966746805,1.3035742566462336,0.04549279559220717,0,676.23
15671,-0.8760749875035521,0.08666561850139992,-0.03920542011756403,-0.07681478675917845,-0.09605322649195489,0.08666561850139992,-0.35785485225830077,-0.05348013128066285,-1.2106946568503454,1.8144969872070553,-0.37185877558518604,-0.7197483628225724,0,1322.64
14175,-0.28930621767474685,-0.25395340732976973,-0.06104630666847355,0.4157901246770408,0.102510316299608,-0.25395340732976973,0.4579423028022951,0.33669536571750436,-1.1187849344436707,0.07027025331659699,-0.983798842277213,-0.8040643477937148,0,2016.31
12683,-1.1499004134236612,1.2788322089104938,0.7908145563325997,0.3467869759229838,1.4215395648435614,1.2788322089104938,0.08712541413838781,0.43925308554931447,0.3452225268036725,1.008355106554129,-0.09864504983669342,-0.3164696347755483,1,2258.69
13014,-1.0455859654540958,0.25697513141698475,0.07773085644399425,0.052792482693623424,0.03159476530262125,0.25697513141698475,-0.43153975658635463,-0.3201144731317385,0.4947680735018498,0.049954104852618406,0.15771828657565254,-0.21661601918820364,1,1443.8
17443,0.33658047014264547,-0.4242629202453546,-0.1752223030931698,0.2900569830764793,-0.7059269650660409,-0.4242629202453546,-1.0420718210188007,0.9976578484372376,4.240977272907547,-1.409965265225355,-2.5712599695922225,-0.05194985852464294,0,0.0
13874,2.1360046976176483,-0.4242629202453546,-0.17416680188319977,0.3014132889355367,-0.46481409167628596,-0.4242629202453546,-0.14732655417814702,-0.12355599659518955,-0.9021282573936662,-0.5237496846304852,-0.09070870265980349,0.5109103998974658,0,0.0
13023,-0.8369570695149651,-0.4242629202453546,-0.20884876998213428,-0.07173553723848085,-0.43644787127749124,-0.4242629202453546,-0.04206240513807012,-0.1962272643287728,-0.16799414525532594,1.4964668344898184,-0.20704917208590262,-0.4191740239732314,0,353.5
17396,-0.5892102555872473,0.4272846443325696,0.5501262868616895,0.7766042836981855,-0.46481409167628596,0.4272846443325696,-0.9368076719787237,-0.10913709426709776,1.7607108405997745,-1.3991936819807704,0.077524147950558,-0.31575098458168543,1,2529.0
18044,-0.3545027476557252,0.5975941572481545,-0.07812129081558927,-0.3981006676857907,0.17342586729659473,0.5975941572481545,-0.5157510758184162,-0.4246226772057487,1.0611367431152303,-0.2544362354434397,0.6733458498913304,-0.27817594088392034,0,983.07
14155,0.949427851963842,-0.4242629202453546,-0.24584230272770205,-0.46975485611510387,-0.6350114140690541,-0.4242629202453546,-0.7789114484186084,-0.6599391632002087,1.1418115681326282,1.2138008656814467,0.567929167555725,0.2822621416855353,0,0.0
17158,0.5060914480931892,-0.25395340732976973,-0.14729486286608853,-0.048190861242448244,-0.20951810808713367,-0.25395340732976973,-0.06837844239808935,0.051201099621284454,-0.24275519823811775,-0.36537891052638594,-0.14414891160134444,0.302633368545539,0,568.42
14961,-0.5109744196100733,0.4272846443325696,0.39803553119254664,0.5038761675199328,1.2655253526501906,0.4272846443325696,0.44917029038228845,0.49472653523339183,0.5303973544937852,0.3679636276595677,-0.815902672375901,-0.12350293336496908,1,3137.7
17096,-0.6544067855682256,-0.25395340732976973,-0.1905704124748595,-0.28099513135312354,-0.4080816508786965,-0.25395340732976973,-0.48943503855839693,-0.43846482344071697,-0.3460995345336757,-1.652643827053598,1.5816801257857749,-0.6811356243986095,0,578.19
14037,-0.22410968769376846,-0.25395340732976973,-0.2410067134485318,-0.5523212344623565,-0.3371660998817098,-0.25395340732976973,-0.35785485225830077,-0.6668602363176929,0.25842899785630796,-0.5797813491921563,-0.07899438677455525,-0.3469588480249431,0,0.0
15110,-0.8760749875035521,-0.25395340732976973,-0.20202455523490462,-0.3426136057365272,-0.5357296426732727,-0.25395340732976973,-0.5946991875984738,-0.5370901153648656,-0.11023229735585995,-1.755425161573471,1.4388508440500338,-1.0793906464198109,0,619.5500000000001
17325,1.1319781359105816,-0.4242629202453546,-0.2495731000801726,-0.5098950998520295,-0.6350114140690541,-0.4242629202453546,-0.7789114484186084,-0.5388203836442367,-0.5293136879794574,1.2259420742695817,-0.7079360973740595,-0.6790756157922022,0,0.0
15696,0.34961977613884115,0.4272846443325696,0.011013321830542792,-0.19012944520817548,0.5421867324809257,0.4272846443325696,-0.19118661627817898,-0.3329184583990841,0.7547773941514884,-0.18790338000473766,-0.35385813339452904,-0.13286574577474014,1,1081.16
17235,2.3315942875605837,-0.4242629202453546,-0.2079139460441576,-0.06167761739551553,-0.5782789732714647,-0.4242629202453546,-0.5683831503384545,-0.3104249707672608,1.1240600973689685,2.070955978008654,0.8266267713679537,0.077913522911058,0,208.16
16149,-0.6674460915644214,-0.4242629202453546,-0.23820564099437624,-0.3875907945615699,-0.5640958630720674,-0.4242629202453546,-0.5157510758184162,-0.16508243530009425,-3.550272048597093,0.5914544480439515,-2.1358655914870086,-1.8575949712237902,0,116.84
13752,-0.9021535994959434,0.4272846443325696,-0.06624902680328552,-0.3286757671177754,0.1876089774959921,0.4272846443325696,-0.43680296403835844,-0.24236775177866696,-0.7942842959368424,0.020950551231878015,0.21611329714601227,2.1983734225533724,0,0.0
15415,1.5622752337850387,-0.4242629202453546,-0.1709102152192665,0.33645142424303076,-0.06768700609316018,-0.4242629202453546,1.3790036069029679,1.1603030666981144,-0.31328567713448857,0.1554547065781873,-0.7161457195935516,0.20639394501512925,0,0.0
16725,1.4188428678268863,0.5975941572481545,-0.13714437457954912,-0.48882049222262636,0.8400320466682701,0.5975941572481545,-0.0044680661951854665,-0.6040762158948012,0.7957558254270586,-1.1198055780082479,-0.46832486557785374,0.945062553381062,0,0.0
13203,-0.9543108234807262,-0.25395340732976973,-0.21335972040284354,-0.4035920306753785,-0.43644787127749124,-0.25395340732976973,-0.5683831503384545,-0.2723590686210981,-1.2840110237773659,0.33773747457359127,-0.042520222559340716,0.18458521625201593,0,559.6
17931,-0.7847998455301823,-0.25395340732976973,-0.19661787351362495,-0.3135279302633699,0.17342586729659473,-0.25395340732976973,0.6158385263624104,-0.31561577560537385,0.2483351976008925,0.7373689184823419,0.3975010876777112,1.0752860076748298,0,0.0
17905,-0.4848958076176819,-0.08364389441418492,-0.16102997603479668,-0.3103581615855869,-0.26625054888472305,-0.08364389441418492,-0.533295100658429,-0.42231565283325395,1.1373681054712748,2.693322920009108,1.426315653843179,0.641966861422318,0,181.25
17693,-0.7326426215453997,-0.4242629202453546,-0.23195251868925595,-0.3203124543756248,-0.4931803120750806,-0.4242629202453546,-0.2525907032182239,0.05293136790065548,1.1520882727109618,0.4186091479786834,-0.044091780212566746,-0.21821401871575893,0,0.0
13715,1.1319781359105816,0.25697513141698475,-0.08290419001825536,-0.2928671341932202,0.5421867324809257,0.25697513141698475,4.3254477960670414e-05,-0.35748826796615274,-0.16551053665403007,-0.31827769177353593,-0.15040113303456834,-0.046168301165589655,0,0.0
15641,-1.1499004134236612,0.08666561850139992,0.05473758692954259,0.17587216216834084,0.7265671650730913,0.08666561850139992,0.47110032143230474,0.6048869490200139,-0.7764276664685406,-0.1400739848679759,-0.5659998594534738,-0.7830840831477844,1,0.0
12676,-0.9151929054921392,0.08666561850139992,-0.09638945024354068,-0.23062781184860076,-0.4222647610780939,0.08666561850139992,-0.6999633366385507,-0.3190763121641159,-0.4824692242150008,2.1398750448461494,0.44930419065189003,-0.30032794328989787,0,333.34000000000003
16217,0.5452093660817763,-0.25395340732976973,-0.21431324081957975,-0.40872156979529095,-0.5357296426732727,-0.25395340732976973,-0.6999633366385507,-0.5889981637459966,-1.3988651221668797,0.48429539992906023,-1.0676199135296898,-0.8779882258844203,0,0.0
17894,1.1971746658915599,0.4272846443325696,-0.11866375516569391,-0.42266550412303844,0.6272853936773098,0.4272846443325696,0.159693880522077,-0.5618906273691837,-0.40666495976844347,-0.3990106840409085,-0.0956376346410354,-0.09862701219216263,0,251.96
16054,-0.6283281735758344,-0.4242629202453546,-0.13278809502857783,0.746613395439161,0.2727076386923762,-0.4242629202453546,2.589541320863852,0.5685513151532223,1.3351276034322712,0.32995247497208885,0.9391888207624591,-0.20651294239308624,0,0.0
17850,2.3315942875605837,5.195951005968945,0.6503071190949313,-0.39694466001552775,-0.4222647610780939,5.195951005968945,-0.6349472445843856,-0.570066993159937,-0.3022102923894493,-0.6392255515689441,-0.24472009685816984,0.5479525449222189,1,0.0
16398,-0.5109744196100733,-0.25395340732976973,0.023905393775184698,0.8727945716509092,0.3436231896893629,-0.25395340732976973,1.0632111597827372,0.5650907785944803,-0.4321325569680508,-0.4011147878435487,0.5470243433285078,-0.8734453890722295,1,0.0
15508,-0.054598709743224706,0.4272846443325696,-0.09601212130857555,-0.3820467472299474,0.38617252028755494,0.4272846443325696,-0.2876787528982495,-0.49267989619434255,0.9904756747175558,-0.9117532516200947,-0.9407803321500933,0.09974045322426227,0,0.0
12993,-0.9543108234807262,-0.08364389441418492,-0.20272992238810517,-0.45991028608698925,-0.3938985406792992,-0.08364389441418492,-0.6736472993785315,-0.5111360911743003,0.9588300442970201,1.0221366337495612,-0.23957746176863154,-0.10513336680072505,0,42.36000000000001
16510,2.3315942875605837,-0.4242629202453546,-0.223856943386378,-0.23321086853554415,-0.5357296426732727,-0.4242629202453546,-0.41048692677833926,-0.42808321376449077,1.027871982798245,-0.6271072859740002,1.5822264296664053,-0.6221560848141167,0,0.0
13060,0.7799168740132983,-0.4242629202453546,-0.21375574581656823,-0.12453047285055588,-0.507363422274478,-0.4242629202453546,-0.30522277773826234,-0.3208065804434869,-1.7702262317967201,-1.24973573327507,0.7624376334513131,0.1355167291813919,0,0.0
15319,1.1710960538991686,-0.4242629202453546,-0.23126754769470212,-0.3129427421997792,-0.4931803120750806,-0.4242629202453546,-0.2525907032182239,-0.14085867938889984,0.7169171131462593,1.0083673278580638,0.4786356324202957,-0.09486878027451469,0,0.0
13013,-1.12382180143127,0.7679036701637393,0.3089400111838209,0.08635438967507506,1.123694250656217,0.7679036701637393,-0.02890438650806051,-0.023200436391669826,1.3785943437525738,0.27026585017774046,-0.41403296417321034,0.31987193555650767,1,1428.15
17062,1.5622752337850387,0.08666561850139992,-0.17537697396290777,-0.44308765318600507,0.017411655103223903,0.08666561850139992,-0.18680061006817586,-0.384826506780215,-1.0005935543442703,-0.017888427635641333,-0.845519513226545,0.7165242203855485,0,0.0
15036,-0.21107038169757278,-0.25395340732976973,-0.2299095034648051,-0.49262290841260986,-0.02513767549496814,-0.25395340732976973,0.3000460792421798,-0.499024213218703,-0.19622589700844661,-0.762888398126533,0.28885972577029256,-0.5401767313994823,0,217.07
14396,2.3185549815643878,-0.4242629202453546,-0.24727003383297555,-0.48511604278436016,-0.23788432848592836,-0.4242629202453546,0.6947866381424681,-0.6114916513778199,0.5217192879334888,-0.49740288524718546,0.3092402834888918,-0.1317623704226998,0,377.64
17958,-1.0064680474655088,-0.4242629202453546,-0.17960407784244956,0.24291276970345207,-0.6208283038696568,-0.4242629202453546,-0.7262793738985699,-0.45576750623442724,-0.47013622724015186,-0.08972404456669891,-0.16445316756304407,-0.2794633586591247,0,0.0
14984,-0.17195246370898576,-0.4242629202453546,-0.24865017390140653,-0.49996518989797456,-0.4931803120750806,-0.4242629202453546,-0.2525907032182239,-0.6772418459939191,0.5391024631207294,-1.3901405376681655,0.28683020281545846,-0.8316375459385635,0,100.14
17165,1.1841353598953641,-0.4242629202453546,-0.23905548093799142,-0.3967343580551748,-0.5782789732714647,-0.4242629202453546,-0.5683831503384545,-0.4003989212945543,-0.6407897091834919,-0.7058138329229162,-0.6467596150262545,-0.2432870403030889,0,0.0
15938,-1.0586252714502915,0.25697513141698475,-0.19726035251099805,-0.5389423723585137,-0.5357296426732727,0.25697513141698475,-0.9052284272667006,-0.5803468223491414,-0.6165300497993091,-0.01366561893680119,-0.1011165770287217,3.5671195518870777,0,0.0
14377,-0.028520097750833362,-0.25395340732976973,-0.1611472539470156,-0.12271090371532849,-0.5640958630720674,-0.25395340732976973,-0.8052274856786276,-0.36752382398650474,-1.8126552149551969,-0.5195001268495318,-0.8295095674500974,0.42505672141691253,0,0.0
14733,-1.0847038834426828,1.2788322089104938,1.2711984822202775,0.816653091800175,0.669834724275502,1.2788322089104938,-0.18560442655635676,0.4002434007053131,-1.1235355811478234,-0.11513320922168163,0.007862863608423186,0.15589047556149202,1,541.71
16928,-1.202057637408444,1.7897607476572481,0.1030339909251919,-0.40328768063337717,0.21597519789478678,1.7897607476572481,-0.4706378690869546,-0.34873805409619063,0.2930332674390332,-0.2598860717166751,0.02921843609314008,0.0054541678816158665,1,643.3499999999999
12444,-0.9412715174845304,-0.25395340732976973,0.1805257963437963,1.7153465168961235,0.6414685038767072,-0.25395340732976973,1.6684800167631793,0.37822180442240905,1.4997606809113766,0.041602912559717105,-0.23633903900436987,0.0713745291972807,1,2378.19
16011,-0.9673501294769218,1.108522695994909,0.025559182305459796,-0.3731933394845396,0.4429049610851444,1.108522695994909,-0.38417088951832,-0.35610405334265594,0.057892389934750904,-0.10624553218629883,-0.4559628700309488,0.37579415354943063,1,1637.43
14422,-0.3023455236709425,-0.25395340732976973,-0.0905935418280853,0.2568384169042126,0.08832720610021064,-0.25395340732976973,0.5105743773223336,0.18962256197096683,-1.0160218699970451,-0.4723333226822592,0.04454970992033368,1.122878985466252,0,3231.49
17923,1.1580567479029729,-0.4242629202453546,-0.23075764372853302,-0.3074566041036162,-0.7059269650660409,-0.4242629202453546,-1.0420718210188007,-0.5734257492316572,-3.550272048597093,0.5914544480439515,-2.1358655914870086,-1.8575949712237902,0,0.0
13185,0.9624671579600378,-0.4242629202453546,-0.25389028699373756,-0.5563444023995427,-0.7059269650660409,-0.4242629202453546,-1.0420718210188007,-0.7049261384638555,-0.18728785091610756,-3.8360951998395736,4.974748057540141,-1.791577766520346,0,0.0
12994,-0.9543108234807262,-0.25395340732976973,-0.15631676370750702,-0.09672489626650319,-0.18115188768833898,-0.25395340732976973,-0.0157463678780509,-0.22218128851933824,0.6833579988587327,0.3326329098223395,-0.07821492502308076,-0.432627345508871,0,328.95
16320,-0.27626691167855116,-0.25395340732976973,-0.08952104381924297,0.2626080054686773,0.07414409590081329,-0.25395340732976973,0.3789941910222374,0.5201038033308335,0.08712704712511986,0.8387792851735474,0.18198880680255905,0.09235250012610745,0,0.0
13682,-0.08067732173561605,-0.4242629202453546,-0.25591290605954164,-0.5781060835143225,-0.6775607446672461,-0.4242629202453546,-0.9368076719787237,-0.7118472115813397,-1.9578292655208802,0.3069421766561522,-1.1087148351882365,-0.9760649301301536,0,0.0
16370,-0.9934287414693131,-0.08364389441418492,-0.10549293571954622,-0.11118087014989265,1.1662435812544092,-0.08364389441418492,1.975500451463404,-0.14777975250638398,0.05781144635894757,0.6001562261288931,0.16264271924530604,-0.17479497113850942,0,357.42
13735,-0.23714899368996412,-0.25395340732976973,-0.02642382736559207,0.6020445130417734,0.5280036222815284,-0.25395340732976973,1.5895319049831216,0.49761031569901015,0.5607854385145703,0.4018296877441641,0.2385422080333933,-0.2249876707435092,0,1473.85
14238,1.7317862117355827,-0.4242629202453546,-0.2410662022445849,-0.41836802928104416,-0.6066451936702594,-0.4242629202453546,-0.6736472993785315,-0.36233301914839167,0.11961158232022676,-1.2553500118641077,0.01814698649673864,0.2858480362662491,0,0.0
13888,-0.9673501294769218,-0.25395340732976973,-0.16478116954591399,-0.14225984246465584,-0.18115188768833898,-0.25395340732976973,-0.06837844239808935,-0.3069644342085187,-2.231329994635787,-0.012388851705748053,-1.2811478584940006,-0.879937503113042,0,0.0
12916,-0.719603315549204,0.08666561850139992,0.23452122700132885,0.6594523764363719,0.03159476530262125,0.08666561850139992,0.26057202335215096,0.19048769611065236,-0.912232468681131,0.34130886197480037,0.32052062880939314,1.3747738744368883,1,0.0
17312,-0.719603315549204,-0.08364389441418492,-0.15651562625431298,-0.29416795849291044,-0.5640958630720674,-0.08364389441418492,-0.8490875477786596,-0.31734604388474486,-2.7900415940428664,0.7618456752479396,-1.3983398316280191,-1.599532554458844,0,0.0
16523,-1.0195073534617045,1.4491417218260785,0.5444238608400318,0.039732121384807986,0.428721850885747,1.4491417218260785,-0.42364494540834885,-0.1342259843179776,0.12201363197381335,-0.684540041442207,0.5742156328855424,-0.34529788674594875,1,4650.22
14135,-1.1499004134236612,1.108522695994909,0.2762262723942991,-0.10349661938986696,0.4429049610851444,1.108522695994909,-0.5368039056264315,0.4176719211920685,0.5368879465941091,1.2021011555126386,0.847723514615633,0.3986226936215877,1,1499.99
14572,-1.0847038834426828,0.25697513141698475,0.08465875166434496,0.067700148613597,1.449905785242356,0.25697513141698475,1.0842639895907524,0.072310372629611,-0.13671477431997228,0.2942490647696663,-0.34478769916135904,-0.1019963186117328,1,741.3
13121,0.9885457699524292,-0.4242629202453546,-0.21780098394817637,-0.16805383508011532,-0.010954565295570795,-0.4242629202453546,1.5368998304630832,0.12560263563423874,0.04316203107742033,0.8993488730538932,0.39804651278706027,-0.0736096355989412,0,0.0
13771,0.07579435021873202,-0.25395340732976973,-0.017048393107629692,0.6524804092724984,0.20179208769538942,-0.25395340732976973,0.7474187126625066,0.6810187533123393,-0.14552328267623998,1.3064697586442855,0.5007791263294846,0.3583709848330662,0,1169.6
16470,-1.0195073534617045,-0.08364389441418492,-0.17439115962831417,-0.35827653000107246,0.4570880712845417,-0.08364389441418492,0.5719784642623784,-0.33349521449220787,0.7550182457445906,0.10646257898708193,-0.051939609052950114,-0.09033546940386597,0,213.64
14096,-1.202057637408444,-0.4242629202453546,-0.26231390051485104,-0.6469754037481549,-0.6350114140690541,-0.4242629202453546,-0.7789114484186084,-0.7222288212575658,0.6210222804878476,3.3147472690016255,2.3628104581019302,0.04665378026784382,0,65142.95
15847,1.2362925838801468,-0.4242629202453546,-0.23531618518608471,-0.3565026786833131,-0.592462083470862,-0.4242629202453546,-0.621015224858493,0.45781414527347647,0.8156237944720544,-0.35805906024294537,-0.8385500610873462,-0.13810000443463372,0,208.59
12678,-0.5761709495910516,0.5975941572481545,0.8909155036111416,1.0913309640414923,0.32944007948996556,0.5975941572481545,-0.47815673687553156,1.4158884096794924,0.5880073785989277,0.4045480024611384,0.7867846082164522,0.3219786464031043,1,9346.2
12613,0.04971573822634068,0.08666561850139992,-0.017444418521354345,-0.018282265054866454,0.20179208769538942,0.08666561850139992,-0.1210105169181278,-0.08981576514745447,0.92298537674948,0.6894017047723422,0.09121608640921627,0.11460718902817892,0,1881.86
15122,-1.0325466594579003,-0.08364389441418492,0.01166429922735199,0.30899025521723733,0.20179208769538942,-0.08364389441418492,0.34390614134221154,0.17635717182912233,1.124001822447009,-0.42750130701252476,-0.4910718401504253,-0.44674473323454494,1,0.0
17337,-0.5500923375986603,0.08666561850139992,0.07069078235108628,0.21878290564382877,5.250979318680845,0.08666561850139992,5.760623810696169,0.33236969501907676,0.9597997308987223,0.09070307355394842,-0.28388409802150993,-0.09364527323667017,1,0.0
16718,2.2924763695719967,-0.4242629202453546,-0.1630169018229689,0.42137684197163355,-0.13860255709014693,-0.4242629202453546,1.2211073833428525,0.661985802239258,-0.13627675968348008,0.16395363414900838,-0.547712337405434,0.6185100662762296,0,0.0
13572,0.15403018619590605,-0.4242629202453546,-0.030747812998705996,1.844481064116306,-0.26625054888472305,-0.4242629202453546,0.6421545636224296,1.1014739451994995,1.7417451418818235,-0.9323172685936234,-1.4221210856171957,0.5733269165705894,0,0.0
14997,-0.19803107570137712,-0.4242629202453546,-0.23963337209964974,-0.4029519812308262,-0.592462083470862,-0.4242629202453546,-0.621015224858493,0.3332348291587623,-1.425616479675523,1.423887781692428,-0.37643847086095195,-0.7444186731142765,0,390.92
14331,-0.9021535994959434,-0.25395340732976973,-0.18738861172596435,-0.2638783804930951,-0.3371660998817098,-0.25395340732976973,-0.35785485225830077,-0.3104249707672608,0.9361431371754987,-0.501012265824202,-0.34340559364796347,-0.328357765494184,0,0.0
17019,0.8842313219828637,-0.08364389441418492,-0.09674978237963351,-0.07982454307582348,0.8967644874658595,-0.08364389441418492,1.6772520291831852,0.012558441381998056,0.6348698274417883,0.22415309277858117,-0.11575655574195726,0.32535625333596685,0,262.15
14146,0.7929561800094941,-0.25395340732976973,0.05754715778313429,1.0537731238798318,0.15924275709719737,-0.25395340732976973,0.6158385263624104,0.6567949974011449,0.8690808258697246,-0.017583277319947997,-0.34612479300403626,0.3596300523342395,1,2287.27
17861,-0.7456819275415953,0.25697513141698475,-0.04515429972287013,-0.21163571611603388,0.8967644874658595,0.25697513141698475,0.33688853140620667,-0.018355685209430924,0.9460799037123921,0.9269813315315237,-0.09254796772980721,-0.10588580488367927,0,798.39
15130,-0.31538482966713816,-0.4242629202453546,-0.20991786863120215,-0.0832381401134359,-0.4080816508786965,-0.4242629202453546,0.06320174390200677,-0.06472687509657454,-1.7735539622888319,0.8114409192855142,-1.0187898600642407,-0.6851640399996559,0,0.0
15806,-0.47185650162148624,-0.25395340732976973,-0.17732310743378646,-0.20973019748396665,-0.45063098147688857,-0.25395340732976973,-0.48943503855839693,-0.03185177778852497,1.0626695891298166,0.07971473726578364,0.25177243144288625,-0.4062020225911593,0,262.7
17984,-0.6283281735758344,-0.4242629202453546,-0.2400752888703296,-0.40770663424750075,-0.03932078569436549,-0.4242629202453546,1.4316356814230065,-0.4073199944120384,1.306869444162257,-0.8262092278835786,0.2699238458206378,-0.25682751051701347,0,0.0
16350,1.8230613537089524,-0.4242629202453546,-0.20199906003659615,0.0019615845199748667,-0.4080816508786965,-0.4242629202453546,0.06320174390200677,-0.0681874116553166,-2.0074081086201834,0.0012641101258962608,-0.8159868374301741,-0.5037049297133215,0,739.77
12401,1.431882173823082,-0.4242629202453546,-0.2516976999392105,-0.5327540085860419,-0.6491945242684515,-0.4242629202453546,-0.8315435229386468,-0.7083866750225976,0.9553667067180275,0.819132051580633,0.4178438106368701,0.2531407943353279,0,0.0
13708,1.0146243819448204,-0.4242629202453546,-0.21752903516621952,-0.16512789476216178,-0.02513767549496814,-0.4242629202453546,1.4842677559430448,0.29516892701259967,-0.8743479014029449,1.1685940276270546,-0.4564907340253629,-0.45715810711346183,0,0.0
16906,-0.09371662773181173,-0.08364389441418492,-0.19923028150029798,-0.4473592212647675,-0.2520674386853257,-0.08364389441418492,-0.37539887709831365,-0.5353598470854947,-0.8391450109994003,-1.0522453008777637,0.03297080177341327,1.68680772976882,0,166.6
14947,-0.8239177635187694,-0.4242629202453546,-0.23568671540150093,-0.3604892723665249,-0.5782789732714647,-0.4242629202453546,-0.5683831503384545,-0.33810926323719726,-0.9591199172063344,-0.29569467092130264,-0.6672819743663496,0.9833440073770878,0,112.32
17725,-1.0586252714502915,0.5975941572481545,0.10763672405981158,-0.11258636648119534,0.49963740188273376,0.5975941572481545,-0.17740202533245478,-0.05978325144122868,-0.9018058466918037,-0.25628759656058603,-0.8656664323168509,-0.25360831160449593,1,931.96
14772,-1.0586252714502915,-0.4242629202453546,-0.24235625927899268,-0.43224795866433646,-0.592462083470862,-0.4242629202453546,-0.621015224858493,-0.4626885793519114,-0.9458679362047319,0.3103457399872939,-0.06252763991601872,0.9959287543510446,0,0.0
16142,0.7277596500285156,-0.4242629202453546,-0.17503533830557444,0.29206856704507245,-0.1953349978877363,-0.4242629202453546,0.8526828617025835,0.7138938506203888,0.09484055099879161,1.0767517220408669,1.3688475495260026,-0.09521638896680615,0,0.0
14729,2.3446335935567792,-0.4242629202453546,-0.21274273660377896,-0.11363134516617873,0.2585245284929788,-0.4242629202453546,2.6421733953838906,-0.06472687509657454,-0.646473576603572,0.11833049948762836,0.49433022839956486,-0.648159524402458,0,0.0
17644,-0.9543108234807262,0.5975941572481545,0.010279060119259309,-0.2622273141708212,0.1876089774959921,0.5975941572481545,-0.42552466235549313,-0.3025151729187075,0.643585571115446,-0.23022505606514165,0.3145229419214565,-0.5320720444981218,0,1270.01
17018,1.718746905739387,-0.4242629202453546,-0.19718896595573437,0.05371415389377884,-0.6350114140690541,-0.4242629202453546,-0.7789114484186084,-0.5388203836442367,-0.18728785091610756,-3.8360951998395736,4.974748057540141,-1.791577766520346,0,515.1
17411,0.8842313219828637,-0.4242629202453546,-0.21748654316903876,-0.16467071658748153,-0.4931803120750806,-0.4242629202453546,-0.2525907032182239,-0.3104249707672608,-1.0245888505507976,-1.5103444172671914,1.3065694306399644,2.328057913986523,0,493.36
15970,1.431882173823082,-0.4242629202453546,-0.21263905613065792,-0.1125158304199589,-0.5640958630720674,-0.4242629202453546,-0.5157510758184162,-0.34503033635468133,2.4373766343955423,-0.6461594523855566,-1.9434045727689129,-0.27789653794047975,0,0.0
12733,0.5321700600855805,-0.4242629202453546,-0.20076679211835416,0.015219751585702027,-0.4080816508786965,-0.4242629202453546,0.06320174390200677,-0.2723590686210981,-1.3391450229321105,0.21428578115246208,-0.6610803773207267,-0.9924411129567204,0,0.0
16010,0.675602426043733,-0.08364389441418492,-0.19933056261364454,-0.44771886809551603,0.15924275709719737,-0.08364389441418492,0.2912740668221731,-0.5134431155467949,-1.5499241264604944,-0.07456159188771001,-0.775886101917594,0.623214884724915,0,0.0
16560,2.1490440036138443,-0.4242629202453546,-0.20956603489454548,-0.07945270482708347,-0.43644787127749124,-0.4242629202453546,-0.04206240513807012,-0.16162189874135222,1.2431143474155983,-0.052852682028973544,-1.2878114680768717,-0.32994310575441627,0,509.23
13388,-0.8108784575225737,-0.25395340732976973,-0.15094067622419755,-0.06780380493623077,-0.22370121828653103,-0.25395340732976973,-0.17364259143816624,-0.2585169223861299,-0.21405344362774295,0.02946178598025489,1.4311216251848522,0.4492641877570969,0,0.0
16697,0.6234452020589503,-0.4242629202453546,-0.24686211066004024,-0.4807271323074298,-0.43644787127749124,-0.4242629202453546,0.010569669381968322,-0.6530180900827246,1.0290522676673266,0.27999508481849134,1.9155230964810424,-0.2511755007896751,0,0.0
14619,0.675602426043733,-0.4242629202453546,-0.19898382791664956,0.0344029477952852,-0.43644787127749124,-0.4242629202453546,-0.04206240513807012,-0.2204510202399672,-0.6017003664041546,-0.7030016344393142,0.8254270958107955,-1.1785401759280758,0,0.0
16274,2.3446335935567792,-0.4242629202453546,-0.20623976135523578,-0.043664797313113755,0.1876089774959921,-0.4242629202453546,2.32638094826366,-0.21699048368122514,-0.1545578763567394,0.5946439066878242,0.15233232386702447,-0.3220504693395424,0,0.0
17536,-0.21107038169757278,-0.4242629202453546,-0.2530234502512501,-0.5470179676360656,-0.6775607446672461,-0.4242629202453546,-0.9368076719787237,-0.725689357816308,4.240977272907547,-1.409965265225355,-2.5712599695922225,-0.05194985852464294,0,0.0
16019,-0.7456819275415953,0.5975941572481545,0.23576199331900702,0.08434509159735538,0.48545429168333637,0.5975941572481545,-0.29018504216110846,-0.15667827508600646,0.2627126852215757,-0.09146249641781794,0.245610693071058,0.6474371434457626,1,833.99
13484,0.6234452020589503,-0.4242629202453546,-0.21269004652727483,-0.11306444422957522,-0.6066451936702594,-0.4242629202453546,-0.6736472993785315,-0.5941889685841096,-0.18728785091610756,-3.8360951998395736,4.974748057540141,-1.791577766520346,0,0.0
18093,-0.9543108234807262,-0.08364389441418492,0.0767790357071453,0.5425168668439075,-0.29461676928351777,-0.08364389441418492,-0.4982070509784033,0.6516041925630318,-0.5834549978699916,-0.5541393935513113,-1.5664064902039907,0.9060213048868018,1,89.64
15045,-0.5500923375986603,-0.25395340732976973,-0.14098735080457686,-0.014259097117680303,-0.5640958630720674,-0.25395340732976973,-0.7789114484186084,-0.5492019933204628,0.6516137437600769,-0.5802138393107336,0.25171777120824623,-0.037075624048091595,0,0.0
17521,0.07579435021873202,-0.4242629202453546,-0.23890590910791518,-0.3951250908803004,-0.6066451936702594,-0.4242629202453546,-0.6736472993785315,-0.34503033635468133,-2.9205871443172695,0.47895239504762266,-1.7297088789604111,-1.5090197097167213,0,563.65
14555,1.4188428678268863,-0.4242629202453546,-0.23435416636991238,-0.3461521648085523,-0.5215465324738753,-0.4242629202453546,-0.35785485225830077,-0.4350042868819749,-1.2645447692815708,-0.8546339553407697,0.2497433896358411,2.3282552702407964,0,126.2
15704,-0.6935247035568127,0.08666561850139992,0.12381597690635693,0.3616785159218867,0.40035563048695233,0.08666561850139992,0.4447842841722855,0.14290531842794904,-0.7163324899104455,-0.29092000893290215,-0.2987957424938161,-0.17668820399408988,1,0.0
13307,-0.9543108234807262,-0.4242629202453546,-0.2634764815577166,-0.6594837986074064,-0.7059269650660409,-0.4242629202453546,-1.0420718210188007,-0.732610430933792,4.240977272907547,-1.409965265225355,-2.5712599695922225,-0.05194985852464294,0,0.0
18219,-0.5761709495910516,0.7679036701637393,-0.03365766496564428,-0.3744034901129182,-0.02513767549496814,0.7679036701637393,-0.5683831503384545,-0.48864260354247685,-0.0951629540824063,-0.47784261622733976,0.3041225490982552,-0.10383477712574668,0,702.64
17239,1.549235927788843,-0.4242629202453546,-0.20101324570200257,0.012568118172556616,-0.507363422274478,-0.4242629202453546,-0.30522277773826234,-0.22737209335745134,-1.5817257069195758,-0.869148405567043,0.4679797193644981,0.7885912800012468,0,0.0
17731,-0.8499963755111608,-0.08364389441418492,-0.10222105193662787,-0.09944663033309961,-0.18115188768833898,-0.08364389441418492,-0.23504667837821117,-0.3427233119821866,-1.3859918178894994,-0.2743792585405056,0.17017232988818878,-0.46680557547383644,0,276.37
12654,0.04971573822634068,-0.08364389441418492,-0.2086193131973582,-0.4810319177572167,-0.45063098147688857,-0.08364389441418492,-0.7087353490585572,-0.5722722370454099,0.4777755792213088,0.29394009159216833,-0.4803323600253859,0.23542484912660003,0,264.23
15528,0.7929561800094941,-0.4242629202453546,-0.2270472425347093,-0.26753580589053705,-0.35134921008110714,-0.4242629202453546,0.27373004198216055,-0.3208065804434869,-0.12745190311502497,2.1911879447019857,0.15067593712386,-0.306631563362236,0,0.0
14057,-1.0977431894388785,1.4491417218260785,0.485069339498062,-0.013484942075221832,1.4782720056411507,1.4491417218260785,-0.059606429978082874,0.32890915846033475,0.5353398899424114,-0.12294558361963497,0.43685712337743776,0.10052904294375448,1,1405.98
17265,-0.719603315549204,-0.25395340732976973,-0.1725419079110076,-0.18400935337645596,0.7832996058706807,-0.25395340732976973,2.115852650183506,-0.07337821649342968,0.819527072203894,-0.49917814387774767,-0.11533297072697588,-0.26489731799542626,0,0.0
15981,-0.7326426215453997,0.4272846443325696,0.1517893084903934,0.06230910357776746,-0.28043365908412043,0.4272846443325696,-0.5508391254984417,0.0010233195195245904,-0.12080715590502393,-0.15551813367905248,1.1005216830261406,-0.5291136181891624,1,950.28
16912,-0.7717605395339867,0.5975941572481545,-0.004516653299080594,-0.28496866280277294,-0.010954565295570795,0.5975941572481545,-0.6285340926470699,-0.45725059333103096,-0.26945489638437164,-1.066036023891389,1.8510747676116708,-0.6351586409894883,0,1017.0
14245,0.33658047014264547,-0.25395340732976973,0.021806289114455278,0.8615022707363071,0.797482716070078,-0.25395340732976973,1.747428128543237,0.9422892634973646,0.06904308272945359,0.27077441962715293,0.06569360356029308,-0.5929991154900395,1,0.0
13151,1.3275677258535166,-0.4242629202453546,-0.05222836741352271,1.6133683532519474,0.31525696929056823,-0.4242629202453546,2.8000696189440055,0.5097221936546074,-0.9584759435576193,-0.11576158689102185,0.09085277043912335,-0.3516796430706895,0,0.0
17571,-0.6283281735758344,-0.08364389441418492,-0.1709204132985899,-0.3458290922317783,0.30107385909117085,-0.08364389441418492,0.2210979674621221,-0.186999166838794,-0.6712639825638237,0.5559560968158123,-0.7655362021086652,0.0625067560341562,0,866.12
13655,-1.0325466594579003,-0.25395340732976973,-0.10745096694963555,0.16615255417463878,0.017411655103223903,-0.25395340732976973,0.3789941910222374,0.30035973185071274,0.20213354973260636,0.8223614851370883,0.563699402770003,-0.43609050855933335,0,0.0
16442,0.4408949181122109,-0.25395340732976973,-0.1925267440250616,-0.29151937293426283,0.6840178344748993,-0.25395340732976973,1.5368998304630832,-0.13739814283015778,-0.26836722757640635,0.6190977261618883,0.2558359597339709,-0.2969597631979825,0,176.87
12378,-0.8369570695149651,-0.4242629202453546,0.41531107756635555,6.643699809258704,2.385991058402581,-0.4242629202453546,10.43172042434958,8.00524437988991,0.7457727334064684,0.25150225302286944,-0.028722880733471682,0.04400626016087699,1,0.0
13131,-0.08067732173561605,-0.4242629202453546,-0.21080340185244914,-0.09276573327377231,-0.5215465324738753,-0.4242629202453546,-0.35785485225830077,-0.30350389764977664,0.8824287602726774,0.05387242239607617,-0.48667066195378605,-0.03983595155790052,0,748.4
14431,1.4188428678268863,-0.4242629202453546,-0.18607985821279702,0.17323881588218262,-0.4789972018756833,-0.4242629202453546,-0.19995862869818545,-0.2965828245322925,-0.1769910971353572,-0.23832682570383248,0.0473512592323062,-0.7131195855064705,0,0.0
16484,-0.2632276056823555,-0.25395340732976973,-0.19730794354784048,-0.3172402170417735,-0.3655323202805045,-0.25395340732976973,-0.43680296403835844,-0.4003989212945543,0.6337655673826464,-0.6900317029808111,-0.6324503648731026,0.16944080988563615,0,0.0
14031,-0.8760749875035521,1.6194512347416634,1.3702609250877218,0.6673218195246949,0.7123840548736939,1.6194512347416634,-0.39024382119370915,0.20865551304404817,1.4135248894747612,-0.9242383931469142,-0.2657156581293662,-0.29058072695960946,1,7659.83
14479,0.7799168740132983,-0.25395340732976973,-0.2122736249549034,-0.397749293602965,-0.46481409167628596,-0.25395340732976973,-0.621015224858493,-0.5440111884823498,-1.093355362379074,-0.07745382203322763,0.9934941040193462,-0.5394330298923622,0,0.0
16693,1.0146243819448204,-0.4242629202453546,-0.23995121223856178,-0.40637167397743446,-0.4222647610780939,-0.4242629202453546,0.010569669381968322,-0.5734257492316572,-1.0936244166825138,0.07388661843680258,-1.2561015895541352,-0.8212814474905096,0,324.45
17462,1.1841353598953641,-0.4242629202453546,-0.1872611357344221,0.16052926262607178,-0.5215465324738753,-0.4242629202453546,-0.35785485225830077,-0.21006941056374104,-0.1435107598419014,0.6875945102069503,-0.6126928695491032,-0.4425403255944058,0,212.28
15027,-0.32842413566333384,-0.08364389441418492,-0.10167205533305247,-0.0974777163274767,-0.3371660998817098,-0.08364389441418492,-0.5508391254984417,-0.1431657037613945,-1.408844227377595,-0.13185829768121388,-0.7704055068315565,-0.42064768422400656,0,99.18
16618,0.2192267161768844,0.08666561850139992,-0.0210528389219443,-0.027988157703328104,-0.09605322649195489,0.08666561850139992,-0.38417088951832,-0.0794341554712283,0.6119756951391446,-0.8435236579895872,-0.012439333799657446,-0.09919527540247024,0,1206.3
13699,-0.4979351136138776,-0.4242629202453546,-0.21357727942840904,-0.12261032451689872,-0.5215465324738753,-0.4242629202453546,-0.35785485225830077,-0.5180571642917843,-0.9510377134265862,-2.8305774108588304,3.359893548097459,-1.8065705907656546,0,0.0
15298,-0.6674460915644214,0.4272846443325696,0.20430941700581007,0.15648780756189834,0.2868907488917735,0.4272846443325696,-0.296450765318256,0.2253814397446347,-0.7129649396551113,-0.36358202107419685,-0.19727073952178925,3.185091529022155,1,2032.7
12562,-0.8760749875035521,-0.08364389441418492,0.006811713149309455,0.2915870060344093,0.03159476530262125,-0.08364389441418492,0.27373004198216055,0.14867287935918586,0.2629251767823402,0.7814129034157989,-0.13350765966669195,0.22250428447857717,0,2176.51
17594,0.7929561800094941,-0.4242629202453546,-0.21248608494080717,-0.11086998899111006,-0.5215465324738753,-0.4242629202453546,-0.35785485225830077,0.014865465754492829,-0.6659559545559798,-0.004155640323326047,-0.9948845240316675,-0.5912566782748186,0,678.18
18032,1.8361006597051481,-0.4242629202453546,-0.25353335421741924,-0.5525041057322286,-0.6491945242684515,-0.4242629202453546,-0.8315435229386468,-0.6011100417015938,-3.550272048597093,0.5914544480439515,-2.1358655914870086,-1.8575949712237902,0,0.0
16135,0.8972706279790594,-0.4242629202453546,-0.1780590688249572,0.25953576813482593,-0.4222647610780939,-0.4242629202453546,0.010569669381968322,-0.023200436391669826,0.18169387874137782,0.1753656422828606,-0.36139719912168905,-0.14861166039094154,0,0.0
14958,-0.602249561583443,-0.08364389441418492,-0.1838073862035701,-0.3920467578374534,-0.2520674386853257,-0.08364389441418492,-0.37539887709831365,-0.5988030173290991,-0.14352145986832346,0.3482026381798419,0.1716255342371776,-0.0038408166249294068,0,0.0
12902,0.9233492399714508,-0.4242629202453546,-0.24245484071245205,-0.4333086120295946,-0.5782789732714647,-0.4242629202453546,-0.5683831503384545,-0.5180571642917843,-0.10154136624555911,-1.1301179987778827,1.4535418605067605,0.0012907123816418167,0,0.0
14513,0.16706949219210174,-0.25395340732976973,-0.21208666016730807,-0.39674350161866845,-0.5782789732714647,-0.25395340732976973,-0.8052274856786276,-0.45403723795505624,-1.9099803176278354,0.42374693406357716,-0.3205487997870177,2.3831894687801816,0,0.0
13138,-0.7847998455301823,-0.08364389441418492,-0.18283516930807436,-0.388560012291892,-0.4080816508786965,-0.08364389441418492,-0.5157510758184162,-0.46614911591065344,-0.6067204049396192,-0.46542992131108013,0.13677837869073098,-0.42017079530346585,0,472.94
16193,0.5582486720779719,-0.4242629202453546,-0.21257956733460484,-0.11187578097540662,-0.45063098147688857,-0.4242629202453546,-0.09469447965810857,0.01140492919575077,0.08515405149610812,-0.17658809676437442,0.41956812174241714,0.5709513382534549,0,0.0
15221,2.2533584515834097,-0.4242629202453546,-0.19748640993599967,0.050513906671017114,-0.6491945242684515,-0.4242629202453546,-0.8315435229386468,-0.5976495051428518,1.1518393313678916,-0.8853384763896702,0.1388880998536683,-0.11529764938673638,0,0.0
17887,-0.8499963755111608,-0.4242629202453546,-0.2471000658442525,-0.4832873300856392,-0.5782789732714647,-0.4242629202453546,-0.5683831503384545,-0.6426364804064985,-1.0426069113300904,0.4279883910745043,-0.8289845285626521,-0.6780277126464131,0,0.0
14271,0.4148163061198195,-0.4242629202453546,-0.24693519689519117,-0.48151347876787987,-0.5782789732714647,-0.4242629202453546,-0.5683831503384545,-0.44192535999945903,-1.0880582990159269,-1.2327579006539708,1.726824364809442,1.8788229141929582,0,0.0
14332,-0.602249561583443,-0.4242629202453546,-0.2457930120109724,-0.4692245294324748,-0.6917438548666435,-0.4242629202453546,-0.9894397464987621,-0.5803468223491414,-1.6158378682236219,-1.3440427078551702,0.20369975740005722,6.106805091633555,0,721.17
14609,-0.6544067855682256,-0.08364389441418492,-0.18336037039322853,-0.39044358637157467,-0.6917438548666435,-0.08364389441418492,-1.0420718210188007,6.527595269307049,1.1745088709191256,4.053259055047404,2.293648432324153,0.5341902614767257,0,115.2
13856,-0.32842413566333384,-0.08364389441418492,-0.19999343776966438,-0.45009619460385325,-0.5782789732714647,-0.08364389441418492,-0.8490875477786596,-0.17661755716256783,1.986617036206412,-1.1893948279200222,-0.8953813366714506,0.15154544818631094,0,0.0
18040,0.675602426043733,-0.4242629202453546,-0.22540365208375754,-0.24985215409390513,-0.54991275287267,-0.4242629202453546,-0.4631190012983777,-0.41424106752952256,-0.12839782593862492,0.9055968634219074,0.36833065132493764,-0.011429720181197351,0,118.2
