CustomerID,Recency,Frequency,Monetary,AverageSpend,ProductDiversity,TotalOrders,AverageBasketSize,AverageQuantityPerOrder,Decorations_Spend_Pct,Gadgets_Spend_Pct,Homeware_Spend_Pct,Kitchenware_Spend_Pct,Other_Spend_Pct,Stationery_Spend_Pct,Future_Spend,High_Value_Customer
12453,34,1,707.09,707.09,43,1,43.0,473.0,0.24438190329378157,0.0,0.0,0.14496033036812853,0.35588114667156934,0.25477661966652054,0.0,0
17732,272,1,303.97,303.97,18,1,18.0,93.0,0.25963088462677236,0.1164588610718163,0.17008257393821757,0.23028588347534293,0.22354179688785075,0.0,0.0,0
17556,105,1,157.9,157.9,6,1,6.0,101.0,0.0,0.4749841671944268,0.0,0.363837872070931,0.09468017732742241,0.06649778340721976,0.0,0
15804,8,4,2076.91,519.2275,103,4,30.5,275.25,0.11477627822101102,0.0584329605038254,0.10946068919693198,0.4319108675869441,0.18085521279208056,0.104563991699207,2129.48,1
13092,111,4,439.75,109.9375,15,4,5.25,23.75,0.12620807276861853,0.0,0.0,0.03376918703808983,0.735986355884025,0.10403638430926662,38.08,0
16303,15,2,4036.33,2018.165,112,2,64.5,1012.5,0.27721222001174334,0.013764979573027974,0.022297483109656544,0.23241409894632006,0.33755911929896715,0.11675209906028497,1324.3,1
18246,133,1,232.9,232.9,2,1,2.0,70.0,0.8733361957921855,0.0,0.0,0.0,0.0,0.1266638042078145,363.2,0
15670,196,1,173.05,173.05,12,1,12.0,91.0,0.27564287778098817,0.0,0.2513724357122219,0.05778676683039584,0.31291534238659346,0.10228257728980064,0.0,0
12686,271,1,89.14,89.14,7,1,7.0,107.0,0.09535562037244784,0.0,0.0,0.0,0.5344402064168723,0.37020417321067983,0.0,0
14142,273,1,311.81,311.81,22,1,22.0,313.0,0.21352746865078093,0.07504570090760398,0.0,0.05067188351880953,0.4781437413809692,0.18261120554183638,0.0,0
13310,106,2,817.65,408.825,50,2,26.0,197.5,0.16825047391915857,0.21684094661529996,0.04268329970036079,0.2798630220754602,0.18008928025438758,0.11227297743533299,314.38,0
12866,183,1,559.12,559.12,26,1,26.0,171.0,0.03165688939762484,0.0,0.128058377450279,0.5818428959793962,0.12430247531835742,0.13413936185434253,0.0,0
13389,132,1,257.89,257.89,18,1,18.0,115.0,0.380511070611501,0.0,0.1727480708829346,0.0,0.44674085850556444,0.0,540.07,0
12724,73,2,280.36,140.18,15,2,9.0,89.0,0.472606648594664,0.08902839206734199,0.0,0.058852903409901555,0.1783421315451562,0.2011699243829362,751.0500000000001,0
14236,271,1,189.3,189.3,3,1,3.0,38.0,0.0,0.0,0.8367670364500792,0.0,0.16323296354992076,0.0,301.56,0
17147,106,2,973.11,486.555,42,2,23.0,258.5,0.22320189906588153,0.0,0.0,0.42383697629250544,0.3030181582760428,0.04994296636557018,741.48,0
17711,189,1,220.53000000000003,220.53000000000003,13,1,13.0,107.0,0.5381580737314651,0.0408107740443477,0.0,0.20201333151952114,0.13875663175078218,0.08026118895388383,164.57,0
16639,106,2,471.15000000000003,235.57500000000002,19,2,10.0,79.5,0.3603947787328876,0.11270296084049666,0.2188262761328664,0.15822986310092327,0.11227846757932716,0.03756765361349889,786.36,0
12524,62,6,3122.48,520.4133333333333,92,6,19.333333333333332,381.6666666666667,0.16253747021598217,0.010664599933386282,0.07823909200379185,0.2449014885603751,0.32652891291537495,0.17712843637108963,1363.24,1
14853,111,1,214.5,214.5,3,1,3.0,34.0,0.0,0.0,0.0,0.1832167832167832,0.8167832167832167,0.0,261.3,0
17180,141,3,552.8,184.26666666666665,77,3,31.333333333333332,172.0,0.28069826338639653,0.010672937771345876,0.014924023154848047,0.22849131693198266,0.3666606367583213,0.09855282199710565,231.17,0
13654,45,4,1714.27,428.5675,100,4,27.25,383.0,0.20647272599998834,0.05764552841734382,0.014525133147053847,0.10556680102900944,0.3981228161258145,0.21766699528079006,993.0600000000001,1
14857,48,1,522.52,522.52,29,1,29.0,188.0,0.11563193753349155,0.0,0.0685141238612876,0.15511367985914415,0.6417936155553855,0.018946643190691267,650.6,0
13873,19,3,389.6,129.86666666666667,21,3,7.666666666666667,46.666666666666664,0.37507700205338806,0.026694045174537988,0.1419917864476386,0.175564681724846,0.24011806981519504,0.04055441478439425,0.0,0
13148,33,10,2766.01,276.601,173,10,23.9,137.0,0.17124666939020466,0.14931254767697874,0.11830759830947826,0.10116377019605857,0.39459727188260346,0.06537214254467626,917.25,1
15745,136,1,302.85,302.85,18,1,18.0,127.0,0.5002476473501734,0.0,0.0,0.0392933795608387,0.4105993065874195,0.049859666501568436,791.74,0
15589,155,3,478.53000000000003,159.51000000000002,28,3,9.666666666666666,81.0,0.2296198775416379,0.036988276597078554,0.0,0.1733433640524105,0.44971057195996067,0.1103379098489123,0.0,0
14794,103,4,679.54,169.885,37,4,10.0,77.75,0.05959914059510846,0.0,0.24033905288871885,0.20558024546016423,0.46837566589163254,0.0261058951643759,640.37,0
17819,82,6,3468.47,578.0783333333333,36,6,7.666666666666667,165.16666666666666,0.05965742820321352,0.0,0.0,0.4260495261599495,0.511020709419427,0.0032723362174099826,236.39999999999998,1
14867,85,3,710.28,236.76,31,3,12.0,109.33333333333333,0.508362899138368,0.04603818212535902,0.08447372867038351,0.04479923410486006,0.31632595596102947,0.0,0.0,0
15951,185,1,375.16999999999996,375.16999999999996,22,1,22.0,174.0,0.3775621718154437,0.027720766585814436,0.08702721432950396,0.08476157475277875,0.4229282725164592,0.0,333.05,0
13777,29,24,12360.24,515.01,35,24,4.958333333333333,248.29166666666666,0.18501906111855435,0.1282475097570921,0.20616104541659383,0.14548503912545388,0.3251846242467784,0.009902720335527465,13616.92,1
16297,168,1,301.9,301.9,20,1,20.0,206.0,0.36816826763829086,0.0,0.10599536270288176,0.10549850944021201,0.33607154686982443,0.08426631334879099,0.0,0
15133,27,3,982.42,327.4733333333333,27,3,9.666666666666666,226.66666666666666,0.15068911463528836,0.0,0.34119826550762405,0.10189124814234238,0.4015797723987704,0.004641599315974838,0.0,0
13494,211,1,316.26000000000005,316.26000000000005,18,1,18.0,162.0,0.06450388920508442,0.05533421868083222,0.037627268702965906,0.05644090305444887,0.44251565167899826,0.34357806867767027,0.0,0
16777,157,1,173.52,173.52,35,1,37.0,48.0,0.06339326878745966,0.10200553250345783,0.39390272014753336,0.16960580912863069,0.2638888888888889,0.007203780544029506,49.1,0
12962,13,1,170.54000000000002,170.54000000000002,11,1,11.0,78.0,0.0,0.0,0.0,0.19115749970681364,0.8088425002931863,0.0,95.85000000000001,0
12571,21,1,248.35,248.35,14,1,14.0,197.0,0.5858667203543386,0.07972619287296154,0.0,0.05979464465472117,0.0,0.2746124421179787,271.26,0
17660,41,1,178.75,178.75,37,1,38.0,121.0,0.7443356643356644,0.11692307692307692,0.006993006993006993,0.0,0.06439160839160839,0.06735664335664335,0.0,0
16626,13,7,2165.34,309.3342857142857,74,7,14.571428571428571,158.28571428571428,0.12933303776774085,0.09361116499025555,0.05620364469321215,0.2906933784070862,0.43015877414170517,0.0,2247.7599999999998,1
14285,76,1,5.9,5.9,1,1,1.0,2.0,0.0,1.0,0.0,0.0,0.0,0.0,1904.1100000000001,0
16801,63,4,1594.23,398.5575,72,4,18.75,123.25,0.3162655325768553,0.0,0.3102438167642059,0.1601901858577495,0.17318705582005106,0.04011340898113823,0.0,0
12971,7,61,7854.76,128.7665573770492,80,61,3.377049180327869,92.91803278688525,0.2579111265016372,0.13641537106162377,0.05167567182192708,0.007180359425367548,0.18222708268616739,0.36459038850327696,3335.15,1
15985,23,2,1142.42,571.21,29,2,18.5,543.0,0.22173981547942087,0.1071409814253952,0.0,0.3301762924318552,0.22749951856585146,0.11344339209747727,0.0,0
12393,145,3,1061.1000000000001,353.70000000000005,33,3,13.0,174.0,0.22632174158891713,0.0,0.016021110168692863,0.15262463481292995,0.5759117896522477,0.029120723777212323,521.5,0
17298,1,2,498.42,249.21,30,2,15.0,193.5,0.42297660607519766,0.01998314674371012,0.03190080654869387,0.15870149672966571,0.30042935676738497,0.0660085871353477,0.0,0
12379,70,1,459.84,459.84,20,1,20.0,211.0,0.09981732776617955,0.0,0.0,0.41036012526096033,0.2810542797494781,0.20876826722338207,392.40000000000003,0
16743,12,6,1860.9,310.15000000000003,82,6,27.666666666666668,277.6666666666667,0.3971519157396959,0.03330109087000913,0.042834112526197,0.10103175882637433,0.41318716749959694,0.012493954538126711,352.23,1
17718,132,1,139.35,139.35,6,1,6.0,83.0,0.6017222820236814,0.0,0.0,0.0,0.3982777179763186,0.0,0.0,0
13939,8,2,390.21,195.105,32,2,17.0,328.5,0.5779964634427616,0.06458061044053202,0.0,0.08733758745290997,0.18766817867302224,0.08241715999077419,178.34,0
14262,7,3,855.0,285.0,42,3,17.0,197.66666666666666,0.0,0.09263157894736841,0.14035087719298245,0.11064327485380117,0.42093567251461983,0.23543859649122806,1763.23,0
13563,40,1,310.88,310.88,39,1,39.0,146.0,0.07221435923829131,0.04857179619145651,0.47413793103448276,0.1307578486875965,0.25482501286670095,0.019493051981471953,466.65,0
17455,103,1,131.7,131.7,8,1,8.0,66.0,0.5011389521640092,0.0,0.0,0.1343963553530752,0.36446469248291574,0.0,0.0,0
13570,143,1,239.49,239.49,27,1,27.0,161.0,0.46068729383272783,0.0,0.075786045346361,0.03724581402146227,0.19470541567497596,0.23157543112447282,0.0,0
13064,52,2,659.25,329.625,31,2,18.0,142.0,0.10053849070913917,0.2241183162684869,0.14895714827455442,0.022753128555176336,0.42882062950322336,0.07481228668941979,446.34000000000003,0
13534,7,21,4371.53,208.16809523809522,101,21,11.142857142857142,106.76190476190476,0.1522464674839244,0.01476599725954071,0.13046461993855699,0.10018231603122935,0.5781271088154492,0.02421349047129952,1498.55,1
15313,10,1,52.0,52.0,1,1,1.0,25.0,0.0,0.0,0.0,1.0,0.0,0.0,0.0,0
13132,161,1,77.3,77.3,3,1,3.0,20.0,0.0,0.0,0.7800776196636481,0.0,0.2199223803363519,0.0,0.0,0
12413,136,2,563.9,281.95,25,2,14.0,102.5,0.08778152154637348,0.0,0.02926050718212449,0.4048590175563043,0.28231956020571025,0.1957793935094875,194.20000000000002,0
12481,79,8,4085.2599999999998,510.65749999999997,112,8,19.5,293.875,0.07940498279179294,0.04187248791998551,0.10849003490597907,0.18447295888144208,0.41979702638265376,0.16596250911814672,1494.56,1
15106,41,3,1032.83,344.27666666666664,67,3,24.0,274.0,0.17618581954435872,0.1397132151467328,0.08573530977992506,0.2187581693018212,0.2592972706060049,0.1203102156211574,389.69,0
13626,152,1,257.23,257.23,19,1,19.0,209.0,0.20526377172180535,0.0,0.0,0.17303580453290826,0.42732185203903117,0.19437857170625508,0.0,0
15172,35,3,886.74,295.58,60,3,20.333333333333332,279.3333333333333,0.1865259264271376,0.039921510251031876,0.039244874484065224,0.02858786115434062,0.41145093262963217,0.29426889505379256,737.31,0
13305,15,6,1085.75,180.95833333333334,27,6,7.0,116.16666666666667,0.2506101772967994,0.02763067004374856,0.314621229564817,0.0,0.14409394427814873,0.2630439788164863,915.11,0
12816,76,1,318.65000000000003,318.65000000000003,15,1,15.0,77.0,0.05554683822375647,0.0,0.053350070610387566,0.25356974737172444,0.35540561744861127,0.28212772634552014,253.55,0
15855,36,5,712.24,142.448,59,5,16.0,94.0,0.33373581938672353,0.035044367067280695,0.046894305290351566,0.023517353700999662,0.4552678872290239,0.10554026732562058,0.0,0
15755,8,3,1144.83,381.60999999999996,65,3,22.0,208.0,0.3759946891678241,0.024807176611374614,0.09158565027121932,0.12010516845295809,0.2711581632207402,0.11634915227588376,1219.42,0
15139,139,2,178.96,89.48,13,2,6.5,104.0,0.2531291908806437,0.0,0.0,0.2144613321412606,0.33024139472507824,0.20216808225301747,0.0,0
17967,271,1,112.27,112.27,41,1,42.0,73.0,0.09619666874498975,0.052551883851429594,0.04898904426828182,0.10465841275496571,0.49683797986995637,0.20076601051037676,0.0,0
15912,78,2,264.62,132.31,19,2,9.5,92.5,0.5797747713702669,0.0,0.0,0.1165822689139143,0.1140881263698889,0.18955483334592999,0.0,0
13255,273,1,225.7,225.7,6,1,6.0,110.0,0.0,0.0664599025254763,0.43110323438192294,0.0,0.3987594151528578,0.10367744793974303,173.81,0
17492,148,1,374.57,374.57,12,1,12.0,155.0,0.3445550898363457,0.027765170729102708,0.18020663694369543,0.0,0.29049309875323703,0.15698000373761914,0.0,0
17188,64,5,1815.09,363.018,51,5,11.2,194.2,0.2767686450809602,0.012671547967318425,0.06092259887939441,0.32462853081665377,0.24607044278796092,0.07893823446771235,659.14,1
14288,113,1,426.6,426.6,16,1,16.0,188.0,0.07032348804500703,0.0,0.0,0.5731364275668073,0.1891701828410689,0.16736990154711673,0.0,0
17122,19,1,138.32,138.32,7,1,7.0,80.0,1.0,0.0,0.0,0.0,0.0,0.0,0.0,0
17956,149,1,12.75,12.75,1,1,1.0,1.0,0.0,0.0,0.0,0.0,1.0,0.0,0.0,0
18079,26,2,2206.18,1103.09,59,2,34.5,2537.5,0.00711637309739006,0.0,0.4509468855669075,0.011105168209302959,0.07139036705980474,0.4594412060665948,1406.97,1
14546,101,2,874.88,437.44,126,2,71.0,250.5,0.22480797366495978,0.14065929041697148,0.1935122531089978,0.11168388807607901,0.21079462326261886,0.11854197147037308,1699.05,0
16515,50,3,984.62,328.20666666666665,63,3,23.0,181.33333333333334,0.20940058093477687,0.22231927037842011,0.020210842761674553,0.08134102496394549,0.363693607686214,0.10303467327496901,639.52,0
15469,20,1,304.3,304.3,16,1,16.0,128.0,0.1998028261583963,0.11633256654617155,0.23923759447913243,0.0,0.2720999014130792,0.1725271114032205,234.25,0
18200,5,1,150.35,150.35,29,1,30.0,104.0,0.18157632191553044,0.0758230794812105,0.09411373461922182,0.36940472231459925,0.22534087130029928,0.05374127036913868,0.0,0
14161,115,3,1097.6200000000001,365.8733333333334,87,3,34.666666666666664,150.0,0.33415025236420615,0.031431643009420376,0.11547712323026182,0.07192835407518085,0.2591060658515697,0.18790656146936097,0.0,0
13750,40,4,1316.63,329.1575,16,4,4.75,107.75,0.01503839347424865,0.0,0.9173875728184836,0.021304390755185584,0.046269642952082204,0.0,330.63,0
14344,27,8,889.9300000000001,111.24125000000001,56,8,8.875,59.625,0.4630139449170159,0.17681165934399337,0.0805681345723821,0.08983852662568965,0.18162102637286076,0.008146708168058162,0.0,0
13470,15,1,115.5,115.5,7,1,7.0,70.0,0.42857142857142855,0.0,0.0,0.14285714285714285,0.42857142857142855,0.0,49.5,0
13983,87,8,1681.06,210.1325,65,8,9.5,99.125,0.11869891616004188,0.04854080163706233,0.0,0.17661475497602705,0.47039368017798294,0.1857518470488858,922.37,1
15224,258,2,322.08,161.04,13,2,7.0,76.0,0.17427347242921012,0.0,0.2906110283159463,0.11037630402384503,0.37071535022354696,0.05402384500745156,0.0,0
13725,69,7,1865.7,266.5285714285714,86,7,13.571428571428571,103.42857142857143,0.12337460470600847,0.0,0.151900091118615,0.2363884868949992,0.47901055903950257,0.009326258240874737,114.86,1
14844,23,3,2257.6800000000003,752.5600000000001,64,3,29.0,433.6666666666667,0.17851954218489777,0.013598029835937777,0.10536479926296019,0.4515963289748768,0.16827008256263062,0.0826512171786967,932.13,1
16679,266,1,129.75,129.75,3,1,3.0,29.0,0.0,0.7861271676300579,0.0,0.09826589595375723,0.11560693641618497,0.0,0.0,0
17552,271,2,298.52,149.26,13,2,6.5,72.0,0.15074366876591183,0.0,0.07972665148063782,0.05024788958863728,0.65228460404663,0.06699718611818305,631.89,0
15232,13,2,612.06,306.03,26,2,15.5,343.0,0.29631081920073193,0.0,0.1960592098813842,0.13701271117210734,0.3706172597457766,0.0,0.0,0
14388,21,5,1835.1100000000001,367.02200000000005,80,5,21.8,235.8,0.20772596738070195,0.027878437804818235,0.017655617374435318,0.27893150819296936,0.4284102860319,0.03939818321517511,1377.73,1
12707,191,1,603.42,603.42,33,1,33.0,256.0,0.0288356368698419,0.0,0.029332803022770217,0.3203407245368069,0.5253389015942461,0.0961519339763349,0.0,0
13270,266,1,590.0,590.0,1,1,1.0,200.0,0.0,0.0,0.0,0.0,1.0,0.0,0.0,0
17800,17,6,765.3,127.55,36,6,11.166666666666666,75.16666666666667,0.639030445576898,0.0,0.009800078400627205,0.00431203449627597,0.24591663399973868,0.10094080752646022,421.91,0
16573,190,1,292.63,292.63,16,1,16.0,111.0,0.5656631240816048,0.060485937873765515,0.05809383863581998,0.12097187574753103,0.19478522366127876,0.0,370.98,0
13544,140,1,113.01,113.01,42,1,42.0,63.0,0.24121759136359613,0.05088045305725157,0.1880364569507123,0.2238739934519069,0.29599150517653305,0.0,163.05,0
13814,37,1,617.54,617.54,31,1,31.0,332.0,0.38426660621174336,0.0,0.09715969815720439,0.17537325517375396,0.2581857045697445,0.08501473588755384,961.58,0
13709,1,5,2918.81,583.762,125,5,33.6,378.0,0.20789294267184227,0.00870217657195912,0.1099626217533858,0.24074194620410375,0.3511739373237724,0.08152637547493671,3388.84,1
17758,52,4,1433.25,358.3125,172,4,49.75,226.5,0.15212279783708355,0.011944880516309089,0.09111459968602827,0.0739856968428397,0.45209140066282927,0.21874062445491016,1974.95,0
14562,26,6,1954.8500000000001,325.80833333333334,103,6,28.166666666666668,149.83333333333334,0.32438294498299103,0.08987901885055118,0.06619433716141904,0.1215029286134486,0.28432360539171797,0.11371716499987211,3051.92,1
15339,218,1,257.9,257.9,40,1,41.0,159.0,0.5323768902675456,0.0,0.05874369910818147,0.19872043427685152,0.1843737882900349,0.02578518805738659,316.17,0
17596,36,4,1737.08,434.27,112,4,40.25,711.5,0.19455638197434774,0.004116102885301771,0.017552444331867274,0.048063416768369914,0.3746459575839915,0.3610656964561218,1069.6100000000001,1
17107,54,3,6332.61,2110.87,179,3,77.33333333333333,810.3333333333334,0.08733839601680825,0.10300808039655054,0.5523915099777186,0.07684035492474668,0.1585507397423811,0.021870918941794933,4464.87,1
15128,26,3,1170.24,390.08,66,3,27.0,335.6666666666667,0.1065764287667487,0.017022149302707134,0.20824788077659281,0.1672562893081761,0.25600731473885696,0.24488993710691823,300.76,0
14673,267,1,373.49,373.49,15,1,15.0,213.0,0.29411764705882354,0.40483011593349216,0.0,0.08514284184315511,0.2024150579667461,0.013494337197783073,1362.91,0
14897,196,1,175.5,175.5,10,1,10.0,122.0,0.0,0.0,0.0,0.2564102564102564,0.7435897435897436,0.0,1190.88,0
16698,126,2,1998.0,999.0,4,2,2.5,420.0,0.13213213213213212,0.0,0.0,0.0,0.0,0.8678678678678678,0.0,1
12792,156,1,400.53999999999996,400.53999999999996,25,1,25.0,217.0,0.28798621860488344,0.0,0.0,0.10660608178958408,0.30171768113047387,0.3036900184750587,0.0,0
13233,236,1,304.24,304.24,17,1,17.0,404.0,0.34551669734420193,0.0,0.35103865369445175,0.05127530896660531,0.14173021298974492,0.11043912700499606,300.88,0
13235,112,1,1031.07,1031.07,53,1,58.0,441.0,0.16389769850737584,0.0,0.10445459571125144,0.3130534299320124,0.3961418720358463,0.022452403813514116,0.0,0
16326,17,7,1215.52,173.6457142857143,74,7,16.285714285714285,33.42857142857143,0.0772344346452547,0.029205607476635514,0.5248371067526656,0.13915854942740555,0.21611326839541925,0.013451033302619457,1823.7,0
16084,199,1,436.18,436.18,38,1,38.0,216.0,0.5218717043422441,0.00962905222614517,0.0,0.023155577972396715,0.356389563941492,0.08895410151772204,0.0,0
14340,118,1,134.7,134.7,6,1,6.0,58.0,0.22271714922048996,0.0,0.3674832962138085,0.0,0.0,0.4097995545657016,0.0,0
12939,38,4,7990.08,1997.52,20,4,7.75,802.0,0.01018262645680644,0.0,0.5294965757539349,0.3871050102126637,0.07321578757659498,0.0,3591.72,1
16518,184,1,190.7,190.7,11,1,11.0,124.0,0.2674357629785003,0.0,0.10382800209753539,0.0,0.5217619297325643,0.10697430519140012,293.62,0
15899,268,1,56.25,56.25,4,1,4.0,39.0,0.5973333333333334,0.0,0.0,0.22666666666666666,0.17599999999999996,0.0,0.0,0
15514,125,6,2501.94,416.99,50,6,16.5,197.33333333333334,0.04801074366291758,0.03297441185639943,0.22700384501626739,0.22928207710816406,0.43569789843081774,0.02703102392543386,1521.78,1
15920,54,4,167.5,41.875,53,4,15.0,24.75,0.32644776119402985,0.10805970149253732,0.11456716417910447,0.11671641791044776,0.2151044776119403,0.11910447761194029,0.0,0
18180,36,2,601.85,300.925,42,2,21.0,276.5,0.15965772202376008,0.08301071695605217,0.008374179612860346,0.18559441721359143,0.1875218077594085,0.3758411564343275,1241.9,0
17554,22,2,1249.89,624.945,51,2,31.5,704.5,0.21173863299970394,0.0,0.14573282448855499,0.0738464984918673,0.30190656777796443,0.2667754762419093,702.5600000000001,0
13489,5,4,449.52,112.38,11,4,3.5,140.0,0.0,0.8267485317672184,0.0,0.17325146823278162,0.0,0.0,0.0,0
17291,208,1,550.8000000000001,550.8000000000001,1,1,1.0,72.0,0.0,0.0,0.0,1.0,0.0,0.0,0.0,0
14062,12,9,7801.79,866.8655555555556,57,9,9.88888888888889,401.6666666666667,0.4116209228907725,0.028158922503681846,0.17340892282412115,0.050250006729224965,0.3063989161461665,0.0301623089060331,2663.0600000000004,1
17848,28,8,821.5999999999999,102.69999999999999,41,8,6.25,48.75,0.31977848101265827,0.0,0.03493184031158716,0.2169547224926972,0.19148003894839338,0.2368549172346641,79.6,0
17486,161,1,396.87,396.87,24,1,24.0,191.0,0.49746768463224733,0.0,0.2519716783833497,0.012699372590520825,0.2378612643938821,0.0,0.0,0
17857,9,13,13692.92,1053.3015384615385,11,13,2.0,571.0769230769231,0.02410004586311758,0.0,0.7471978219400975,0.0,0.21175906965059316,0.016943062546191753,13186.12,1
15919,268,1,214.07999999999998,214.07999999999998,38,1,39.0,175.0,0.19198430493273544,0.0,0.08968609865470853,0.273262331838565,0.23636023916292978,0.2087070254110613,311.61,0
14709,12,8,3364.44,420.555,64,8,17.25,207.75,0.09414048103101853,0.0037153285539346815,0.08506616257088846,0.09644992926014433,0.7001194849662946,0.020508613617719443,1556.6000000000001,1
14419,152,2,307.14,153.57,45,2,28.5,80.5,0.06690759914045713,0.0,0.2483557986585922,0.11903366542944586,0.35635215211304294,0.20935078465846194,744.65,0
14682,87,2,52.0,26.0,1,2,1.0,40.0,0.0,1.0,0.0,0.0,0.0,0.0,0.0,0
12622,132,1,180.1,180.1,11,1,11.0,69.0,0.3931149361465852,0.056635202665186006,0.0,0.0824541921154914,0.2695724597445863,0.19822320932815105,0.0,0
17306,28,14,6123.32,437.38,9,14,3.0714285714285716,600.8571428571429,0.0,0.0,0.2596630586021962,0.3475761514995134,0.3927607898982905,0.0,2507.9900000000002,1
14371,195,1,100.5,100.5,4,1,4.0,34.0,0.40895522388059696,0.0,0.0,0.5910447761194031,0.0,0.0,0.0,0
15845,44,5,2526.76,505.35200000000003,73,5,18.6,275.6,0.2617818866849246,0.06836422928968323,0.13998163656223778,0.20920071554085073,0.23442669663917426,0.08624483528312939,1185.01,1
15396,12,1,288.18,288.18,14,1,14.0,122.0,0.046151710736345344,0.029495454229995142,0.0412936359219932,0.2446387674370185,0.5347352349226178,0.10368519675202996,0.0,0
17198,265,2,521.66,260.83,73,2,38.5,121.0,0.1477974159414178,0.0419813671740214,0.1691714910094698,0.08837173638001765,0.45819115899244717,0.09448683050262624,170.56,0
14242,134,2,280.55,140.275,13,2,8.0,61.5,0.423097487078952,0.1261807164498307,0.056674389591873105,0.143646408839779,0.12350739618606309,0.126893601853502,0.0,0
15363,272,1,326.0,326.0,16,1,16.0,144.0,0.1596625766871166,0.15184049079754602,0.30736196319018405,0.12423312883435583,0.14003067484662576,0.11687116564417178,0.0,0
13936,79,1,376.58,376.58,26,1,26.0,330.0,0.2625205799564502,0.012427638217642997,0.08391311275160657,0.16410855595092677,0.2501460513038398,0.2268840618195337,0.0,0
14329,8,4,3485.03,871.2575,169,4,48.25,546.0,0.40090329208069947,0.028321133534001144,0.07299793689006981,0.13000461975937078,0.2846919538712722,0.08308106386458654,1490.21,1
15585,76,1,455.3,455.3,31,1,31.0,320.0,0.38229738633867777,0.08117724577201843,0.06654952778387875,0.10375576542938722,0.3662200746760378,0.0,0.0,0
16752,272,1,207.5,207.5,9,1,9.0,54.0,0.43734939759036146,0.0,0.0,0.0,0.0819277108433735,0.4807228915662651,0.0,0
12704,5,3,1100.92,366.97333333333336,40,3,16.666666666666668,155.0,0.09237728445300294,0.14298949969116737,0.043327398902735896,0.06585401300730298,0.41210987174363256,0.24334193220215816,1239.92,0
12974,97,1,144.8,144.8,8,1,8.0,24.0,0.0,0.0,0.3294198895027624,0.0,0.5075966850828729,0.16298342541436464,0.0,0
16665,262,1,135.39999999999998,135.39999999999998,9,1,9.0,59.0,0.4409158050221566,0.0,0.11078286558345644,0.14290989660265882,0.30539143279172826,0.0,0.0,0
13284,230,1,201.19,201.19,13,1,13.0,91.0,0.10760972215318852,0.0,0.0,0.381977235449078,0.4853620955315871,0.02505094686614643,0.0,0
16832,84,3,199.15,66.38333333333334,11,3,4.0,11.0,0.03916645744413759,0.0,0.24253075571177501,0.37660055234747675,0.3417022344966106,0.0,0.0,0
16565,264,1,173.7,173.7,3,1,3.0,46.0,0.0,0.0,0.0,0.0,1.0,0.0,0.0,0
15160,257,1,158.16,158.16,4,1,4.0,84.0,0.0,0.15933232169954478,0.0,0.6714719271623673,0.169195751138088,0.0,0.0,0
12942,31,3,675.6,225.20000000000002,68,3,23.333333333333332,66.0,0.3423919478981646,0.018502072232089994,0.07282415630550622,0.1251628182356424,0.3877590290112493,0.053359976317347534,0.0,0
14457,210,1,113.64,113.64,4,1,4.0,88.0,0.29567053854276665,0.0,0.0,0.0,0.6599788806758183,0.044350580781414996,0.0,0
13705,44,2,522.68,261.34,20,2,10.5,118.5,0.30435448075304206,0.03482054029233949,0.045534552689982404,0.02869824749368639,0.5865921787709497,0.0,189.18,0
14775,37,2,701.46,350.73,39,2,20.0,401.0,0.22239329398682747,0.012830382345393892,0.028740056453682317,0.08964160465315199,0.47959969207082365,0.1667949704901206,310.44,0
16097,140,1,185.04999999999998,185.04999999999998,10,1,10.0,87.0,0.0,0.0,0.0,0.0,0.8378816536071332,0.16211834639286682,0.0,0
13183,1,6,2394.98,399.16333333333336,50,6,12.0,241.33333333333334,0.9035023256979183,0.0,0.008350800424220662,0.03943665500338207,0.04157028451177045,0.007139934362708666,1562.8000000000002,1
17674,268,1,300.66,300.66,11,1,11.0,349.0,0.0,0.0,0.0,0.16763121133506287,0.0,0.8323687886649371,250.38,0
17029,10,2,716.0,358.0,1,2,1.0,200.0,0.0,0.0,0.0,1.0,0.0,0.0,0.0,0
13196,162,1,512.13,512.13,34,1,34.0,320.0,0.12858063382344326,0.0,0.09724093491886825,0.10222013941772598,0.3500087868314686,0.321949505008494,1285.65,0
15867,13,12,2947.41,245.61749999999998,253,12,30.0,123.75,0.1643171462402584,0.017544216786941756,0.30321536535466737,0.13135261127566236,0.23816842583827838,0.14540223450419182,862.73,1
12689,27,1,511.03,511.03,34,1,34.0,281.0,0.21711054145549186,0.03874527914212472,0.0,0.25477956284366865,0.30467878598125353,0.1846858305774612,736.5799999999999,0
17508,180,1,387.31,387.31,22,1,22.0,289.0,0.4143967364643309,0.0,0.0,0.03808318917662854,0.4861738658955359,0.06134620846350468,0.0,0
15372,37,1,2007.3999999999999,2007.3999999999999,27,1,27.0,2924.0,0.1274683670419448,0.0,0.0602570489189997,0.2174354886918402,0.376128325196772,0.21871077015044335,0.0,1
13488,20,9,6596.38,732.9311111111111,231,9,34.0,359.1111111111111,0.19298160506217046,0.08887601987756921,0.03926395992953711,0.2859629069277391,0.34266673539122977,0.05024877281175432,2371.93,1
12715,6,1,343.36,343.36,20,1,20.0,192.0,0.07543103448275862,0.057665424044734376,0.03058014911463187,0.182024697110904,0.42130708294501396,0.2329916123019571,0.0,0
12970,222,2,23.8,11.9,8,2,4.0,4.0,0.0,0.0,0.25,0.41596638655462187,0.21218487394957983,0.12184873949579832,381.67,0
13870,1,5,2179.4700000000003,435.89400000000006,82,5,17.6,211.6,0.27967349860287133,0.05805998706107447,0.13902462525292844,0.05903270061069892,0.14317701092467433,0.32103217754775243,591.47,1
14542,85,1,103.25,103.25,5,1,5.0,19.0,0.3457627118644068,0.0,0.0,0.16464891041162227,0.489588377723971,0.0,0.0,0
12802,86,1,427.58,427.58,25,1,25.0,314.0,0.03578277749193133,0.0926142476261752,0.02357453575939006,0.21984190093081998,0.4990878899854998,0.12909864820618364,0.0,0
16250,161,2,389.44,194.72,22,2,12.0,104.0,0.39325698438783896,0.026191454396055875,0.08088537387017256,0.11000410846343468,0.38966207888249793,0.0,0.0,0
13999,15,8,2561.94,320.2425,86,8,17.375,198.875,0.1912105669922012,0.040266360648571003,0.09758230091258968,0.24660999086629662,0.2907679336752617,0.13356284690507975,1339.8700000000001,1
13890,7,2,501.11,250.555,25,2,15.0,135.5,0.430384546307198,0.0,0.1496677376224781,0.15425754824290078,0.2518010017760572,0.013889166051365965,1382.7,0
14616,142,3,406.08000000000004,135.36,2,3,1.0,34.666666666666664,0.0,0.0,0.9751773049645389,0.0,0.0,0.02482269503546099,0.0,0
14012,177,1,328.8,328.8,11,1,11.0,160.0,0.6161800486618004,0.0,0.07177615571776155,0.0,0.312043795620438,0.0,0.0,0
13043,173,1,516.42,516.42,13,1,13.0,254.0,0.1833778707253786,0.0,0.1316757677859107,0.22098292087835486,0.46396344061035594,0.0,0.0,0
16869,65,2,387.68,193.84,56,2,28.5,121.0,0.2954756500206356,0.05979158068510111,0.09347915806851012,0.12871440363186132,0.28827899298390425,0.1342602146099876,429.44,0
14339,142,1,309.52,309.52,14,1,14.0,168.0,0.20160248126130786,0.05718531920392868,0.0,0.32779788058929954,0.41341431894546393,0.0,0.0,0
16949,85,4,893.75,223.4375,32,4,8.0,96.5,0.10707692307692307,0.033566433566433566,0.034573426573426574,0.5594405594405595,0.14924755244755245,0.11609510489510488,392.52,0
16266,15,6,761.12,126.85333333333334,37,6,8.333333333333334,58.833333333333336,0.4057835820895523,0.0844282110573891,0.1774358839604793,0.15175005255413077,0.16503310910237545,0.015569161236073157,100.77,0
15581,20,13,3675.77,282.7515384615385,134,13,11.23076923076923,21.76923076923077,0.06462319459596222,0.0029626445615476486,0.021002402217766617,0.037475141262919065,0.8589574429303248,0.014979174431479664,0.0,1
17090,127,3,649.05,216.35,13,3,5.666666666666667,104.33333333333333,0.5939912179339034,0.010353593713889532,0.0,0.04622140050843541,0.3494337878437717,0.0,1325.6000000000001,0
14188,9,4,1383.46,345.865,25,4,10.75,195.75,0.16155147239529874,0.028190189813944746,0.0,0.2954910152805285,0.4919983230451187,0.022768999465109217,670.9,0
13824,35,4,1429.84,357.46,26,4,9.0,165.0,0.4307055334862642,0.04657863816930566,0.03643764337268506,0.07448385833379959,0.4117943266379455,0.0,269.1,0
12355,114,1,459.4,459.4,13,1,13.0,240.0,0.27492381367000435,0.0,0.0,0.20178493687418375,0.523291249455812,0.0,0.0,0
14040,17,9,2472.06,274.67333333333335,121,9,18.555555555555557,127.11111111111111,0.09804373680250479,0.11238804883376617,0.25762724205723164,0.08068169866427191,0.41903918189687955,0.03222009174534599,1088.26,1
15971,8,7,2109.45,301.34999999999997,9,7,2.857142857142857,130.28571428571428,0.24328616464007205,0.0,0.07466401194624192,0.5924293062172605,0.07888312119272797,0.010737396003697648,2090.4,1
14222,77,1,683.17,683.17,41,1,41.0,607.0,0.18266317314870384,0.044498441090797314,0.0,0.07523749579167703,0.38783904445452816,0.3097618455142937,0.0,0
13055,113,1,344.86,344.86,22,1,22.0,252.0,0.2972220611262541,0.02957721974134431,0.18517659340022036,0.04306095227048658,0.32665429449631733,0.11830887896537724,869.55,0
18081,12,2,208.05,104.025,7,2,5.0,27.5,0.0,0.0,0.0,0.9387166546503244,0.061283345349675555,0.0,135.4,0
16770,136,4,649.38,162.345,82,4,25.0,91.25,0.3368905725461209,0.17840093627768025,0.012119252209800117,0.1037143121130925,0.3035664787951585,0.06530844805814777,107.72,0
13952,117,2,3251.071,1625.5355,120,2,68.5,715.5,0.18220457197028303,0.0,0.1899684750040833,0.34346220061019894,0.21702694281361434,0.06733780960182045,0.0,1
17250,161,1,162.65,162.65,23,1,23.0,70.0,0.40670150630187524,0.07254841684598833,0.12265600983707346,0.14202274823240085,0.13864125422686752,0.11743006455579466,219.32,0
17877,70,1,237.61,237.61,12,1,12.0,98.0,0.0,0.0,0.335002735575102,0.13050797525356675,0.281553806657969,0.2529354825133622,0.0,0
14147,185,1,182.8,182.8,2,1,2.0,40.0,0.0,0.0,0.0,0.0,0.7439824945295405,0.2560175054704595,300.6,0
12674,70,2,976.8,488.4,30,2,18.5,247.0,0.35687960687960685,0.12297297297297297,0.06142506142506143,0.023955773955773956,0.3022727272727273,0.13249385749385748,993.8000000000001,0
17749,78,2,674.52,337.26,33,2,17.5,160.0,0.5492646622783609,0.0,0.09517879380893081,0.02775306884895926,0.25493684397793986,0.07286663108580918,0.0,0
14305,13,2,1048.45,524.225,62,2,31.5,291.0,0.3124803281033907,0.03118889789689542,0.10810243693070723,0.18079069102007725,0.28634651151700125,0.08109113453192808,810.51,0
13748,132,3,580.85,193.61666666666667,11,3,4.333333333333333,74.33333333333333,0.07385727812688302,0.0,0.0,0.0,0.22372385297408967,0.7024188688990273,367.4,0
17970,110,1,562.79,562.79,27,1,29.0,513.0,0.03793599744131915,0.2249862293217719,0.08724390980649975,0.08111373691785569,0.2582135432399296,0.3105065832726239,0.0,0
14491,75,2,340.93,170.465,17,2,8.5,69.5,0.13727158067638517,0.058076437978470646,0.1234270964714164,0.08975449505763645,0.5474730883172498,0.0439973014988414,0.0,0
12817,181,1,166.04,166.04,4,1,4.0,53.0,0.16285232474102626,0.0,0.0,0.357745121657432,0.23849674777162128,0.24090580582992052,0.0,0
15532,31,3,1214.49,404.83,165,3,66.66666666666667,123.66666666666667,0.21513557130976788,0.028448155192714642,0.2005862543125098,0.10000082339088835,0.3567505701981902,0.09907862559592916,350.24,0
12721,82,4,1698.91,424.7275,88,4,25.5,283.25,0.09610279532170625,0.07198733305472331,0.011719278831721512,0.17463550158631122,0.3116468794697777,0.33390821173575996,957.22,1
17002,115,2,993.52,496.76,24,2,15.0,211.0,0.1483613817537644,0.09735083340043482,0.035630888155246,0.08172960785892584,0.6012964006763829,0.035630888155246,500.21,0
15049,173,1,121.17000000000002,121.17000000000002,3,1,3.0,63.0,0.0,0.0,0.0,0.0,0.0,1.0,0.0,0
18101,43,1,110.23,110.23,13,1,13.0,25.0,0.05307085185521183,0.0,0.3370225891318153,0.0,0.5831443345731652,0.026762224439807674,112.17,0
12501,236,1,2169.39,2169.39,149,1,149.0,1783.0,0.10107910518625052,0.009126989614592119,0.02977795601528541,0.3252158440852037,0.24215101941098655,0.29264908568768183,0.0,1
16008,104,1,139.15,139.15,6,1,6.0,75.0,0.3363277039166367,0.3758533956162414,0.2285303629177147,0.0,0.0,0.05928853754940711,339.63,0
17429,28,3,524.9200000000001,174.97333333333336,36,3,13.0,208.0,0.2652594681094262,0.027889964185018667,0.25062866722548194,0.2131372399603749,0.1398308313647794,0.10325382915491883,0.0,0
17060,166,1,234.24,234.24,5,1,5.0,216.0,0.2843237704918033,0.6516393442622951,0.0,0.06403688524590163,0.0,0.0,0.0,0
14687,6,1,628.38,628.38,15,1,15.0,470.0,0.3504249021292848,0.5266876730640695,0.0,0.0,0.10713262675451159,0.01575479805213406,0.0,0
14716,48,1,181.72,181.72,19,1,22.0,319.0,0.034338542813119086,0.0,0.32775698877393794,0.12040501871010346,0.3760180497468633,0.14148139995597622,125.79,0
17866,42,1,329.65,329.65,9,1,9.0,174.0,0.08008493857121189,0.0,0.2922796905809192,0.0,0.627635370847869,0.0,0.0,0
17995,181,1,76.1,76.1,2,1,2.0,133.0,0.0,0.0,0.0,0.0,0.0,1.0,0.0,0
17463,76,3,1227.59,409.19666666666666,103,3,40.333333333333336,239.33333333333334,0.35846658900773065,0.0934432505966976,0.08048289738430583,0.09590335535480088,0.27272949437515787,0.09897441328130728,648.27,0
15364,154,1,331.80000000000007,331.80000000000007,3,1,3.0,84.0,0.0,0.0,0.0,0.0,0.7160940325497287,0.28390596745027125,581.39,0
17268,7,4,763.64,190.91,3,4,1.5,211.0,0.0,0.7804724739406003,0.0,0.21952752605939974,0.0,0.0,0.0,0
12515,253,1,383.7,383.7,16,1,16.0,131.0,0.08405003909304144,0.023455824863174355,0.0,0.10711493354182956,0.45074276778733385,0.33463643471462085,0.0,0
16745,19,15,5897.33,393.1553333333333,136,15,20.933333333333334,346.8,0.2692727047663943,0.007003169230821406,0.030488373552099005,0.25377246991435104,0.4126630186881182,0.026800263848216058,1283.37,1
18125,101,3,933.9,311.3,146,3,56.0,230.33333333333334,0.36467501873862296,0.06852982117999785,0.02513117036085234,0.11141449834029339,0.28155048720419745,0.148699004176036,197.85,0
16997,187,3,702.0,234.0,7,3,4.0,120.0,0.1388888888888889,0.0,0.0,0.19444444444444445,0.6666666666666666,0.0,0.0,0
14901,1,5,822.12,164.424,50,5,12.0,81.8,0.20920303605313095,0.031017369727047148,0.07298204641658151,0.2929012796185472,0.3237970126015667,0.07009925558312655,599.17,0
15366,258,1,105.54,105.54,8,1,8.0,61.0,0.0,0.0,0.42637862421830586,0.0,0.42637862421830586,0.14724275156338829,496.97,0
15512,55,2,121.0,60.5,7,2,3.5,34.0,0.5859504132231406,0.12396694214876033,0.0,0.0,0.12644628099173552,0.1636363636363636,0.0,0
13090,36,9,4912.02,545.7800000000001,56,9,8.444444444444445,125.88888888888889,0.16869638152939115,0.022451048652082035,0.07354204583857557,0.22093965415450262,0.5011787411289041,0.013192128696544394,3998.8,1
17189,5,2,383.75,191.875,52,2,30.0,113.0,0.16935504885993488,0.048859934853420196,0.054671009771986974,0.24260586319218239,0.37138762214983717,0.11312052117263845,0.0,0
13650,107,2,745.52,372.76,33,2,18.0,142.0,0.07524949028865759,0.08023929606180921,0.18993454233286836,0.29234628178989164,0.2672631183603391,0.09496727116643418,1090.82,0
12714,6,4,3389.7,847.425,167,4,47.75,564.5,0.16738354426645427,0.04552615275688114,0.05235861580670856,0.2413635424963861,0.24434315721155267,0.2490249874620173,1319.16,1
14390,44,4,1590.71,397.6775,95,4,35.5,184.75,0.11835595425941874,0.10030740989872447,0.08639538319366824,0.2781399500851821,0.38863149159809146,0.02816981096491504,3051.86,0
17949,5,28,44985.6,1606.6285714285714,22,28,1.75,639.3571428571429,0.05761843790012804,0.0,0.015098164746052072,0.6268672641912079,0.30041613316261206,0.0,13184.88,1
14049,58,3,3244.74,1081.58,211,3,91.0,716.6666666666666,0.182960730289638,0.01016722449256335,0.03726646819159625,0.14968533688369484,0.48508663251909245,0.13483360762341515,2333.98,1
16875,44,4,1138.2,284.55,53,4,14.75,122.0,0.1255491126339835,0.09204006325777542,0.2604111755403268,0.2789052890528905,0.21199261992619925,0.031101739588824465,957.33,0
15648,104,2,639.5,319.75,23,2,12.0,109.0,0.4541047693510556,0.0,0.16919468334636434,0.0,0.2472243940578577,0.12947615324472245,0.0,0
17230,164,8,3638.41,454.80125,51,8,8.625,206.375,0.41988396030134045,0.06579797219114943,0.0491423451452695,0.19813599896658154,0.25096127154443837,0.016078451851220726,0.0,1
14321,16,3,900.65,300.21666666666664,75,3,26.0,505.3333333333333,0.25750291456170543,0.07248098595458835,0.050896574696052854,0.042968966857269746,0.26652972852939544,0.3096208294009882,630.1,0
16488,14,2,354.57,177.285,22,2,11.0,309.5,0.10353385791240094,0.0,0.05584228784161096,0.11379981385904053,0.4991680063175114,0.22765603406943621,144.23000000000002,0
14837,5,3,1345.56,448.52,82,3,30.0,408.6666666666667,0.2793781027973483,0.10898064746276645,0.04102381164719522,0.015785249264246858,0.22268795148488363,0.3321442373435595,303.94,0
15329,34,2,754.0,377.0,42,2,21.0,193.0,0.12981432360742706,0.0,0.0963395225464191,0.19986737400530502,0.2526525198938992,0.3213262599469496,295.7,0
15801,9,1,137.22,137.22,9,1,9.0,70.0,0.06908613904678619,0.24777729193995043,0.06558810668998688,0.21789826555895642,0.14429383471797114,0.255356362046349,926.73,0
17341,56,3,682.29,227.42999999999998,147,3,52.333333333333336,147.66666666666666,0.22358527898694106,0.10324055753418634,0.10976271087074412,0.10156971375807941,0.32836477157806804,0.13347696727198113,0.0,0
15083,156,1,88.2,88.2,5,1,5.0,38.0,0.542517006802721,0.0,0.0,0.16836734693877553,0.2891156462585034,0.0,0.0,0
15689,19,2,254.1,127.05,8,2,4.5,42.0,0.20543093270366,0.0,0.0,0.29515938606847697,0.49940968122786306,0.0,0.0,0
16175,68,3,736.89,245.63,34,3,14.0,123.0,0.4920680155789874,0.22084707351165034,0.06893837614840749,0.04057593399286189,0.16026815399856154,0.01730244676953141,300.7,0
17625,40,2,1227.13,613.565,161,2,97.0,419.0,0.5012997807893214,0.025669651952115912,0.05019843048413778,0.17542558653117435,0.1271992372446277,0.12020731299862278,793.27,0
15802,42,1,451.42,451.42,1,1,1.0,1.0,0.0,0.0,0.0,0.0,1.0,0.0,0.0,0
13136,42,3,1226.68,408.8933333333334,55,3,21.666666666666668,225.66666666666666,0.16874816578080673,0.0,0.08980337170248148,0.1189878370887273,0.5495809828154041,0.07287964261258029,1380.93,0
14173,119,1,114.04,114.04,11,1,11.0,40.0,0.2801648544370396,0.37881445106980005,0.0,0.02586811645036829,0.2709575587513153,0.04419501929147667,336.8,0
14503,78,1,597.07,597.07,40,1,40.0,381.0,0.17034853534761418,0.12219672735190176,0.10350545162208785,0.3732225702178974,0.15083658532500377,0.079890130135495,2946.19,0
17978,265,1,300.91999999999996,300.91999999999996,12,1,12.0,499.0,0.6748305197394657,0.1186361823740529,0.11763923966502729,0.06629669015020605,0.0,0.022597368071248174,0.0,0
15105,34,1,532.98,532.98,19,1,19.0,274.0,0.08105369807497467,0.06641900258921535,0.05628729032984352,0.04232804232804233,0.6272655634357762,0.12664640324214793,1765.95,0
18198,57,13,4113.110000000001,316.393076923077,61,13,8.461538461538462,248.84615384615384,0.18136641130434147,0.5624308613190505,0.046436881094840635,0.032834035559467165,0.08234644830797133,0.09458536241432881,998.1700000000001,1
16825,85,1,318.7,318.7,11,1,11.0,358.0,0.18920614998431126,0.24850957012864766,0.2685911515531848,0.2936931283338563,0.0,0.0,456.48,0
16520,86,3,1046.57,348.8566666666666,129,3,52.0,186.0,0.3118472725187995,0.08954967178497378,0.08035774004605521,0.10906102792933106,0.32815769609295126,0.08102659162788921,0.0,0
15676,183,1,897.8,897.8,61,1,61.0,555.0,0.2598351525952328,0.11940298507462688,0.11176208509690355,0.052461572733348186,0.31822232122967253,0.1383158832702161,2537.96,0
12691,45,4,556.3,139.075,16,4,5.25,49.5,0.04206363472946252,0.14236922523818082,0.0,0.3685062016897358,0.1822757504943376,0.26478518784828337,479.5,0
12361,187,1,189.9,189.9,10,1,10.0,91.0,0.08688783570300158,0.0,0.0,0.08688783570300158,0.7472353870458136,0.07898894154818326,0.0,0
18097,26,5,1986.2,397.24,56,5,16.6,281.2,0.3469640519585137,0.16874433591783305,0.0730440036250126,0.0829825798006243,0.22208236834155673,0.10618266035645957,676.2,1
13932,194,1,307.4,307.4,16,1,16.0,72.0,0.19908913467794404,0.0,0.614508783344177,0.05757970071567991,0.1288223812621991,0.0,0.0,0
13068,219,1,165.0,165.0,1,1,1.0,100.0,0.0,0.0,0.0,0.0,1.0,0.0,179.0,0
13901,7,4,2652.28,663.07,129,4,33.5,386.75,0.12396504139834406,0.026795813413365104,0.0630212496418176,0.25347625439244725,0.4095759120454853,0.12316572910854057,214.92000000000002,1
15400,13,4,611.2,152.8,9,4,2.75,85.0,0.0,0.0,0.25916230366492143,0.0,0.6017670157068062,0.13907068062827224,105.0,0
16201,9,1,303.8,303.8,19,1,19.0,208.0,0.20671494404213298,0.0,0.0,0.09052007899934167,0.7027649769585254,0.0,1559.67,0
14375,85,1,235.56,235.56,57,1,66.0,184.0,0.32310239429444726,0.09403124469349634,0.09933774834437085,0.052980132450331126,0.30709797928340976,0.12345050093394465,0.0,0
14520,190,1,165.0,165.0,1,1,1.0,100.0,0.0,0.0,0.0,1.0,0.0,0.0,105.60000000000001,0
15159,12,18,8969.97,498.33166666666665,205,18,19.61111111111111,314.77777777777777,0.1348789349351224,0.0439198793307001,0.2751313549543644,0.156847793247915,0.3273622988705648,0.06185973866133332,9671.04,1
13645,20,1,252.1,252.1,5,1,5.0,158.0,0.0,0.0,0.07893692978976596,0.0,0.921063070210234,0.0,0.0,0
17584,27,1,749.45,749.45,16,1,16.0,245.0,0.38928547601574487,0.0,0.0,0.0,0.5446660884648742,0.06604843551938087,492.85,0
16948,38,3,435.02,145.00666666666666,15,3,6.333333333333333,538.0,0.0,0.0,0.0,0.015631465219989885,0.29750356305457226,0.6868649717254379,0.0,0
15695,166,2,409.98,204.99,22,2,11.0,106.0,0.19620469291184933,0.0,0.07317430118542367,0.32672325479291675,0.40389775110981024,0.0,0.0,0
14194,6,12,5666.45,472.20416666666665,203,12,26.416666666666668,270.25,0.20279187145390856,0.08582092844726416,0.13965357498963196,0.22290322865286025,0.2887186863027116,0.06011171015362352,5683.07,1
15384,69,2,642.41,321.205,34,2,20.5,298.0,0.215672234242929,0.021014616833486405,0.0916859949253592,0.15737613050855376,0.3606108248626267,0.15364019862704503,0.0,0
17511,14,20,56175.47,2808.7735000000002,339,20,31.3,1904.55,0.19741089838678696,0.03748468860162629,0.08020386834324661,0.2548185177622902,0.32448540261434394,0.10559662429170596,34886.91,1
13217,22,3,533.98,177.99333333333334,3,3,1.3333333333333333,87.33333333333333,0.0,0.7042585864639125,0.2957414135360875,0.0,0.0,0.0,0.0,0
13481,8,4,1361.33,340.3325,74,4,20.5,215.25,0.23149420052448708,0.026003981400542116,0.0734575745778026,0.13527212358502347,0.4181205144968524,0.1156516054152924,443.23,0
13382,180,1,222.99,222.99,15,1,15.0,131.0,0.1171352975469752,0.14664334723530204,0.0,0.1560608099017893,0.5801605453159334,0.0,0.0,0
17703,9,2,490.96,245.48,32,2,18.0,188.0,0.20408994622779858,0.08799087502036826,0.02077562326869806,0.2501222095486394,0.21997718755092066,0.21704415838357505,307.78,0
14565,13,3,2560.32,853.44,99,3,36.333333333333336,457.0,0.2587918697662792,0.016451068616422947,0.12771841019872515,0.1966941632295963,0.33161089238845143,0.06873359580052493,538.8000000000001,1
18273,157,1,51.0,51.0,1,1,1.0,20.0,0.0,1.0,0.0,0.0,0.0,0.0,153.0,0
18188,190,1,426.6,426.6,16,1,16.0,164.0,0.3206751054852321,0.0,0.07032348804500703,0.15541490857946552,0.3354430379746835,0.11814345991561181,1574.44,0
17591,22,6,1840.8700000000001,306.81166666666667,81,6,24.666666666666668,146.0,0.5293312401201605,0.00861005937410029,0.18287548822024366,0.04006257910661806,0.21970589992775155,0.019414733251125825,362.8,1
13229,125,1,160.95,160.95,10,1,10.0,63.0,0.26654240447343897,0.10997204100652379,0.21994408201304755,0.228331780055918,0.17520969245107176,0.0,0.0,0
14156,14,35,84977.35,2427.924285714286,596,35,29.771428571428572,1159.4857142857143,0.2799296518425204,0.025753921486137185,0.07452150484805657,0.26981542728738894,0.2944077451226709,0.05557174941322599,32232.73,1
13694,7,39,45911.64,1177.2215384615386,309,39,11.41025641025641,1252.051282051282,0.177420584409531,0.06409050079674784,0.08767297356400251,0.1681492972152596,0.3955338994642753,0.10713274455018379,19127.98,1
13327,12,7,2738.75,391.25,60,7,12.428571428571429,179.42857142857142,0.17924235508900047,0.11914194431766317,0.051884984025559105,0.20023733455043358,0.4083067092651757,0.04118667275216797,889.02,1
18146,40,2,160.35000000000002,80.17500000000001,10,2,5.0,76.5,0.08231992516370439,0.11038353601496727,0.0,0.19270346117867165,0.3582787652011225,0.25631431244153413,0.0,0
17733,161,1,216.95000000000002,216.95000000000002,12,1,12.0,87.0,0.3235768610278866,0.2378428209264807,0.0,0.06890988707075361,0.2064991933625259,0.16317123761235308,475.24,0
16057,111,3,1059.54,353.18,58,3,20.0,125.66666666666667,0.27880967212186425,0.01670536270456991,0.0,0.3600430375445949,0.29460898125601676,0.04983294637295431,1203.58,0
16270,253,1,1141.24,1141.24,54,1,54.0,688.0,0.10931092495881672,0.0,0.10672601731450003,0.17305737618730505,0.5130997861974693,0.09780589534190881,0.0,0
18202,99,3,1396.99,465.66333333333336,55,3,22.666666666666668,193.66666666666666,0.28311584191726497,0.0430926491957709,0.052112040887909,0.24051711179034924,0.3031374598243366,0.07802489638436926,0.0,0
16083,260,1,337.98,337.98,17,1,17.0,384.0,0.25208592224391974,0.0,0.5952423220308893,0.0,0.0585833481271081,0.09408840759808272,0.0,0
15408,164,1,267.18,267.18,34,1,34.0,106.0,0.3283554158245377,0.04416498240886294,0.17853132719514933,0.04416498240886294,0.32057040197619585,0.08421289018639119,0.0,0
12551,257,1,168.0,168.0,10,1,10.0,100.0,0.0744047619047619,0.0,0.0,0.19047619047619047,0.7351190476190477,0.0,0.0,0
17771,223,1,115.8,115.8,22,1,22.0,110.0,0.03367875647668394,0.0,0.2383419689119171,0.0,0.0613126079447323,0.6666666666666667,130.01,0
17507,161,2,605.58,302.79,79,2,44.0,179.5,0.5415964860134086,0.029228177945110477,0.026255820865946692,0.18197430562436012,0.11806862842233891,0.10287658112883516,0.0,0
12705,58,4,4162.52,1040.63,177,4,51.5,649.75,0.1370371794009398,0.027810076588220593,0.11149495978397701,0.1713457232637921,0.38848341869828856,0.16382864226478192,2705.77,1
13780,70,1,116.28000000000002,116.28000000000002,9,1,9.0,173.0,0.0,0.737874097007224,0.0,0.0,0.12280701754385964,0.13931888544891638,243.73000000000002,0
18108,154,1,271.0,271.0,17,1,17.0,84.0,0.34760147601476016,0.0929889298892989,0.2653136531365314,0.0,0.23579335793357933,0.05830258302583026,0.0,0
12955,43,5,1346.9199999999998,269.38399999999996,42,5,12.8,220.4,0.11786891574852257,0.08203902236212991,0.04410061473584177,0.14522020609984262,0.5180411605737535,0.09273008047990973,3410.24,0
12509,184,1,176.5,176.5,7,1,7.0,55.0,0.6090651558073654,0.0,0.0,0.0,0.28895184135977336,0.10198300283286119,0.0,0
17585,9,4,1116.68,279.17,176,4,52.0,412.5,0.24871941827560268,0.014050578500555216,0.12151198194648422,0.19669018877386538,0.26101479385320775,0.15801303865028477,0.0,0
13291,55,1,361.11,361.11,41,1,42.0,233.0,0.52521392373515,0.0,0.0,0.03378471933759796,0.3880811940959818,0.05292016283127025,0.0,0
15834,65,3,1783.22,594.4066666666666,176,3,64.0,225.66666666666666,0.07705162571079284,0.07175222350579288,0.0996511927860836,0.2441930889065847,0.4422729668801382,0.06507890221060778,441.93,1
15646,57,3,447.64000000000004,149.21333333333334,35,3,11.666666666666666,131.33333333333334,0.1467473862925565,0.03954070235010276,0.06802341167009204,0.35218032347422035,0.0453712804932535,0.3481368957197748,0.0,0
12764,216,1,1693.88,1693.88,45,1,45.0,386.0,0.27418116985854957,0.0,0.058327626514274915,0.11517935154792547,0.48424327579285426,0.06806857628639573,0.0,1
17954,23,10,1885.21,188.52100000000002,269,10,38.6,183.1,0.1915966921457026,0.020077338864105326,0.017154587552580352,0.14042997862307116,0.3712212432567194,0.25952015955782115,428.92,1
16863,266,1,164.25,164.25,9,1,9.0,105.0,0.40091324200913236,0.30684931506849317,0.0,0.0,0.10593607305936072,0.18630136986301368,338.55,0
17553,29,1,1487.6,1487.6,2,1,2.0,1048.0,0.0,0.1597203549341221,0.0,0.0,0.8402796450658779,0.0,0.0,0
17063,63,4,671.87,167.9675,35,4,9.5,77.25,0.12436929763198239,0.03720957923407802,0.10448449848929109,0.25213210889011267,0.40277136946135417,0.07903314629318173,789.27,0
15907,76,2,477.59000000000003,238.79500000000002,93,2,54.5,118.5,0.09424401683452333,0.02617307732573965,0.12454197114679956,0.27732992734353734,0.4144977909922737,0.0632132163571264,405.13,0
16654,41,4,601.27,150.3175,29,4,7.25,70.5,0.20107439253579923,0.0,0.03309661217090492,0.2302626108071249,0.26743393151163375,0.26813245297453725,0.0,0
14473,182,1,85.0,85.0,1,1,1.0,10.0,0.0,0.0,0.0,0.0,1.0,0.0,149.34000000000003,0
17091,85,5,1994.41,398.882,94,5,22.2,202.6,0.24801319688529438,0.01283587627418635,0.04738243390275821,0.231125997162068,0.42258612822839836,0.03805636754729469,1833.3500000000001,1
14730,7,5,872.13,174.426,142,5,36.2,101.8,0.18482336348938805,0.026429546053913983,0.12188549872152087,0.19618634836549598,0.3378280760895738,0.13284716728010731,1025.44,0
17256,7,2,240.0,120.0,12,2,8.0,70.5,0.165,0.08604166666666667,0.04958333333333333,0.006875,0.6287499999999999,0.06375,0.0,0
17844,6,1,51.559999999999995,51.559999999999995,5,1,5.0,52.0,0.0,0.0,0.0,0.709076803723817,0.2909231962761831,0.0,0.0,0
17719,6,12,4477.4,373.1166666666666,100,12,18.5,176.5,0.06410416759726627,0.0,0.40849600214410153,0.3402733729396525,0.12394246661008623,0.06318399070889355,918.64,1
16122,12,3,550.26,183.42,24,3,12.0,304.0,0.06869479882237489,0.0,0.15483589575836879,0.0,0.4818449460255152,0.29462435939374115,134.16000000000003,0
16931,3,14,2897.33,206.95214285714286,345,14,42.642857142857146,140.5,0.2466270669892625,0.0644317354253744,0.08831924565030562,0.13167985697176365,0.35248314827789723,0.11645894668539657,1657.54,1
13122,140,1,903.67,903.67,54,1,54.0,537.0,0.33937167328781526,0.0651343964057676,0.03762435402303939,0.08946850066949218,0.28395321300917375,0.1844478626047119,18.72,0
13134,83,3,885.74,295.24666666666667,42,3,15.333333333333334,110.0,0.2356221916137919,0.01998329080768623,0.05441777496782352,0.33682570506017573,0.3379095445616095,0.015241492988913224,907.84,0
16734,14,2,302.40999999999997,151.20499999999998,27,2,16.0,54.0,0.0,0.0,0.012400383585198904,0.17155517344003177,0.7512317714361297,0.06481267153863961,344.35,0
13982,63,3,1230.1399999999999,410.0466666666666,45,3,24.333333333333332,261.0,0.20326954655567658,0.19900173963939063,0.07763344009624921,0.2579381208642919,0.09701334807420295,0.16514380477018875,641.67,0
15891,126,1,511.68,511.68,60,1,60.0,418.0,0.2959662288930581,0.0066447779862414,0.1378986866791745,0.23686679174484052,0.24192854909318326,0.08069496560350219,0.0,0
15582,120,1,303.61,303.61,22,1,22.0,255.0,0.09090609663713317,0.09881097460557953,0.08260597477026448,0.21837225387833079,0.29033958038272784,0.21896511972596425,141.4,0
15081,108,2,248.05,124.025,16,2,8.5,56.5,0.07196129812537795,0.5745212658738157,0.060229792380568435,0.12054021366659946,0.17274742995363834,0.0,256.75,0
12999,96,3,455.88,151.96,25,3,9.333333333333334,114.0,0.10397473019215583,0.0,0.0,0.04474861805738352,0.6370097394051065,0.21426691234535405,0.0,0
17881,204,1,133.35000000000002,133.35000000000002,8,1,8.0,32.0,0.28721409823772026,0.0,0.0,0.0,0.7127859017622796,0.0,0.0,0
14748,23,4,1118.77,279.6925,75,4,18.75,265.25,0.2868417994762105,0.01582094621772125,0.1117298461703478,0.09688318421123199,0.2519463339202875,0.23677789000420102,296.98,0
15894,153,2,258.25,129.125,35,2,18.5,82.0,0.13281703775411424,0.13707647628267186,0.02919651500484027,0.2939012584704744,0.22334946757018392,0.1836592449177154,0.0,0
13985,7,7,2773.04,396.1485714285714,55,7,22.285714285714285,197.14285714285714,0.19409745261518047,0.03829731990883651,0.02206964198136341,0.37767215763205725,0.31975737818423106,0.04810604967833136,4287.09,1
14100,37,1,191.95000000000002,191.95000000000002,24,1,25.0,63.0,0.43500911695754096,0.04610575670747591,0.287574889294087,0.05730659025787965,0.15863506121385776,0.015368585569158634,0.0,0
16414,180,1,50.8,50.8,3,1,3.0,16.0,0.0,0.0,0.0,1.0,0.0,0.0,75.45,0
14286,142,1,2050.08,2050.08,141,1,141.0,1998.0,0.13340942792476393,0.009658159681573401,0.0706313899945368,0.05760750799968782,0.2815207211425896,0.44717279325684856,2578.67,1
17867,43,4,957.48,239.37,8,4,2.0,93.5,0.028825667376864268,0.9454296695492334,0.0,0.0,0.025744663073902326,0.0,200.39000000000001,0
13502,174,2,189.16,94.58,9,2,4.5,55.0,0.14590822584055826,0.07929794882639035,0.19877352505815185,0.3635017974201734,0.0,0.21251850285472615,102.84,0
12434,160,1,286.25,286.25,16,1,16.0,77.0,0.0,0.0,0.5954585152838427,0.11737991266375547,0.21589519650655023,0.07126637554585152,519.89,0
14715,198,2,247.45,123.725,21,2,11.0,64.0,0.19761567993534052,0.0876944837340877,0.3651242675287937,0.14083653263285514,0.14669630228328956,0.06203273388563346,619.9300000000001,0
17723,26,6,3276.4000000000005,546.0666666666667,4,6,1.6666666666666667,132.0,0.9801916737883041,0.0,0.0,0.0,0.00900378464167989,0.01080454157001587,0.0,1
17267,27,2,317.2,158.6,37,2,18.5,79.0,0.20854350567465324,0.2364438839848676,0.23225094577553596,0.15668348045397226,0.15898486759142497,0.007093316519546028,0.0,0
18283,48,9,951.93,105.77,183,9,41.888888888888886,69.33333333333333,0.21775760822749574,0.05740968348513022,0.016114630277436367,0.19813431659890962,0.42818274452953475,0.08240101688149339,1093.6,0
15392,260,1,338.98,338.98,19,1,19.0,402.0,0.2718744468700218,0.0,0.0,0.20815387338486047,0.3059767537907841,0.21399492595433356,1196.55,0
16998,49,4,295.0,73.75,1,4,1.0,19.0,0.0,0.0,0.0,0.0,1.0,0.0,0.0,0
16850,233,1,332.41,332.41,19,1,19.0,249.0,0.17327998556000118,0.23880148009987667,0.030323997473000207,0.18988598417616798,0.31446105712824524,0.053247495562708705,0.0,0
15236,198,1,321.05,321.05,15,1,15.0,269.0,0.29169911228780565,0.0,0.0,0.31957638997040955,0.14950942220837876,0.23921507553340599,0.0,0
16612,19,3,870.3000000000001,290.1,42,3,17.0,131.33333333333334,0.20079283005860046,0.07824887969665632,0.054693783752728944,0.1663794093990578,0.43663104676548314,0.06325405032747328,317.36,0
13496,259,1,501.01,501.01,26,1,26.0,229.0,0.18865890900381233,0.17245164767170315,0.11654457994850402,0.22035488313606516,0.20318955709466877,0.0988004231452466,152.32,0
17730,6,8,3055.77,381.97125,86,8,17.0,269.0,0.24588237989115674,0.016513022904210722,0.025525481302584946,0.3364291160656725,0.14283797537118303,0.23281202446519206,2242.71,1
13826,76,1,189.5,189.5,10,1,10.0,82.0,0.18416886543535618,0.0,0.1050131926121372,0.5065963060686016,0.20422163588390502,0.0,0.0,0
13269,9,8,2978.5,372.3125,133,8,26.0,251.75,0.17913379217727046,0.03360752056404231,0.15969111969111968,0.1973073694812825,0.37245257680040283,0.057807621285882155,2364.78,1
17117,188,1,116.19999999999999,116.19999999999999,9,1,9.0,68.0,0.5434595524956971,0.0,0.28313253012048195,0.0,0.173407917383821,0.0,0.0,0
15863,92,1,9.2,9.2,2,1,2.0,2.0,0.0,0.0,0.8641304347826088,0.0,0.13586956521739132,0.0,59.64,0
18213,136,1,232.48000000000002,232.48000000000002,15,1,15.0,232.0,0.270474879559532,0.16474535443909155,0.05118719889883001,0.0,0.24690295939435647,0.26668960770818995,0.0,0
16110,162,2,678.18,339.09,173,2,94.5,171.0,0.3300156300687134,0.015099236190981746,0.12931670058096673,0.16247898787932408,0.22426199534047012,0.1388274499395441,642.77,0
14240,125,1,226.85,226.85,10,1,10.0,79.0,0.27705532290059515,0.0,0.0,0.2763940930130042,0.3592682389243994,0.08728234516200131,663.49,0
14206,139,1,328.15999999999997,328.15999999999997,20,1,20.0,276.0,0.1334714773281326,0.0,0.0,0.10025597269624574,0.6638834714773282,0.10238907849829351,0.0,0
15820,219,1,206.98,206.98,17,1,17.0,128.0,0.33037008406609336,0.0,0.04638129287853899,0.0,0.5196154217798822,0.10363320127548557,0.0,0
17118,217,1,157.02,157.02,10,1,10.0,154.0,0.21016431027894533,0.0,0.0,0.39740160489109666,0.1937332823844096,0.19870080244554833,0.0,0
15554,177,1,217.2,217.2,14,1,14.0,74.0,0.0,0.04696132596685083,0.13812154696132597,0.3162983425414365,0.49861878453038677,0.0,0.0,0
15251,6,7,7452.12,1064.5885714285714,67,7,11.0,653.7142857142857,0.3150190818183282,0.019903061142332652,0.03264842756155296,0.2911278938073998,0.22390675405119617,0.11739478161919023,3032.87,1
16829,56,1,197.22,197.22,11,1,11.0,99.0,0.076057195010648,0.0,0.0,0.6495284453909339,0.23486461819288104,0.039549741405536964,0.0,0
17088,82,2,1399.1100000000001,699.5550000000001,72,2,38.5,262.5,0.3364638949046179,0.023372000771919293,0.11651692861890771,0.11064176512211334,0.3591140081909213,0.05389140239152032,591.9,0
18185,149,1,304.25,304.25,17,1,17.0,183.0,0.2810188989317995,0.0,0.0,0.23861955628594902,0.30682004930156126,0.17354149548069023,0.0,0
15367,145,2,1416.18,708.09,65,2,32.5,375.0,0.20330748916098237,0.12793571438658927,0.0,0.24735556214605486,0.32459150672937054,0.09680972757700293,461.40999999999997,0
16012,28,2,1132.12,566.06,49,2,26.0,275.5,0.1039200791435537,0.0,0.004451824894887468,0.5522294456418049,0.2334999823340282,0.1058986679857259,283.17,0
16553,63,12,5719.82,476.65166666666664,62,12,7.0,383.3333333333333,0.3290767891297279,0.06268728736218972,0.07703039606141453,0.13236430517044243,0.3154994387935285,0.08334178348269701,0.0,1
16500,230,1,165.0,165.0,1,1,1.0,1.0,0.0,0.0,0.0,0.0,1.0,0.0,235.86,0
15453,31,3,479.36,159.78666666666666,77,3,35.333333333333336,87.0,0.3716413551401869,0.02722379839786382,0.16851635514018692,0.10201101468624832,0.21585030040053405,0.11475717623497997,892.41,0
14299,7,5,2437.14,487.428,70,5,15.2,184.4,0.12110506577381684,0.03717472118959109,0.05549127255717768,0.21526871661045324,0.4425227931099568,0.12843743075900443,1528.48,1
12728,157,3,617.31,205.76999999999998,29,3,11.0,85.33333333333333,0.024298974583272587,0.09622393934975944,0.0,0.3407040222902594,0.35614197080883186,0.18263109296787677,219.01999999999998,0
17991,125,2,93.35,46.675,4,2,2.5,12.5,0.0,0.0,0.0,0.6952329941081951,0.2731655061596144,0.03160149973219068,0.0,0
14498,16,4,1281.79,320.4475,104,4,29.75,172.25,0.14989194797899813,0.08294650449761662,0.10241147145788312,0.1440797634557923,0.45102551900077237,0.0696447936089375,675.53,0
16188,41,3,755.03,251.67666666666665,51,3,17.333333333333332,215.0,0.20416407295074368,0.07207660622756712,0.05562692873130869,0.1554905103108486,0.3236957471888534,0.18894613459067852,226.83,0
16385,58,2,273.82,136.91,36,2,18.5,76.0,0.2587831422102111,0.009203126141260683,0.10956102549119859,0.1016361113140019,0.3069899934263385,0.21382660141698928,281.04,0
12615,68,1,634.74,634.74,31,1,31.0,413.0,0.23146485175032294,0.039323187446828625,0.0,0.24413145539906103,0.30075306424677817,0.18432744115700916,1656.45,0
14566,10,1,1432.0,1432.0,4,1,4.0,800.0,0.0,0.0,0.0,0.25,0.75,0.0,0.0,0
12753,35,5,16620.91,3324.182,114,5,33.2,1842.2,0.22076889893513654,0.011046326585006476,0.042351471730488886,0.2447014032324343,0.30232219535512794,0.17880970416180583,4808.48,1
14493,55,1,611.22,611.22,29,1,29.0,327.0,0.24046987991230656,0.3309446680409672,0.05006380681260429,0.056837145381368415,0.3216844998527535,0.0,1772.02,0
15723,264,1,190.7,190.7,37,1,38.0,73.0,0.02097535395909806,0.140534871525957,0.11038280020975355,0.12821185107498692,0.3413738856843209,0.2585212375458836,0.0,0
13988,62,3,1923.5,641.1666666666666,99,3,37.333333333333336,430.0,0.3502677410969587,0.056137249805042894,0.0893267481154146,0.11199896022874968,0.2993293475435404,0.09293995321029373,2224.46,1
14795,66,1,131.45000000000002,131.45000000000002,6,1,6.0,17.0,0.0,0.0,0.9676683149486496,0.0,0.03233168505135032,0.0,0.0,0
17064,82,2,457.40000000000003,228.70000000000002,36,2,21.0,93.5,0.33981198076082203,0.03174464363795365,0.10133362483602971,0.16189331001311763,0.31132487975513773,0.05389156099693922,398.05,0
17913,255,1,218.05,218.05,31,1,31.0,100.0,0.15111213024535658,0.15363448750286632,0.10158220591607428,0.2983260720018344,0.1868837422609493,0.10846136207291904,190.6,0
16849,86,1,124.57,124.57,8,1,8.0,33.0,0.10235209119370635,0.3467929678092639,0.44232158625672313,0.0,0.10853335474030666,0.0,0.0,0
17472,91,3,697.54,232.51333333333332,142,3,58.0,151.66666666666666,0.2664650055910772,0.10838088138314649,0.09061845915646415,0.1861685351377699,0.28695128594775926,0.061415832783783014,0.0,0
16592,36,10,2214.33,221.433,102,10,12.8,178.5,0.2589496597164831,0.07089277569287324,0.04105982396481103,0.30575388492230154,0.21197834107833974,0.11136551462519137,1899.3500000000001,1
15257,183,1,317.15,317.15,7,1,7.0,46.0,0.0,0.0,0.12549266908402965,0.0,0.8423458931105156,0.03216143780545483,0.0,0
17075,153,3,696.07,232.02333333333334,49,3,20.666666666666668,80.33333333333333,0.19416150674501126,0.09797865157239932,0.0586866263450515,0.3033028287384889,0.23524932837214646,0.11062105822690246,138.05,0
17531,89,1,296.7,296.7,14,1,14.0,136.0,0.3003033367037412,0.11931243680485341,0.10717896865520729,0.053589484327603645,0.3488372093023256,0.07077856420626896,0.0,0
13525,148,1,282.88,282.88,2,1,2.0,208.0,1.0,0.0,0.0,0.0,0.0,0.0,345.9,0
12410,208,2,693.3299999999999,346.66499999999996,26,2,13.0,105.5,0.19384708580329713,0.0,0.09807739460285868,0.2254337761239237,0.17571719094803342,0.30692455252188716,0.0,0
14320,106,2,477.79,238.895,29,2,15.5,162.5,0.23043596559157786,0.14818225580275854,0.04165009732309173,0.15295422675233888,0.1257665501580192,0.30101090437221373,0.0,0
14849,19,15,5025.25,335.01666666666665,115,15,17.266666666666666,241.6,0.2613999303517238,0.02387940898462763,0.03486393711755634,0.1490771603402816,0.4515098751305906,0.07926968807522014,2905.29,1
15244,148,1,297.94,297.94,15,1,15.0,240.0,0.19144794253876618,0.2376317379338122,0.053366449620729006,0.14600255084916428,0.11076055581660738,0.26079076324092093,333.63,0
12735,215,2,779.5699999999999,389.78499999999997,38,2,21.5,184.0,0.061059301922854914,0.0,0.030529650961427457,0.09955488282001616,0.6664699770386239,0.14238618725707763,0.0,0
15078,5,22,6702.59,304.66318181818184,83,22,14.318181818181818,153.95454545454547,0.24248536759670514,0.005072665939584549,0.036075606593868936,0.18081070153477985,0.502739985587661,0.03281567274740063,3040.52,1
17917,156,2,226.71,113.355,57,2,32.0,65.0,0.19760928057871288,0.05668034052313528,0.10475938423536676,0.1096113978210048,0.34850690309205595,0.18283269374972433,108.32,0
17110,65,1,163.29999999999998,163.29999999999998,12,1,12.0,50.0,0.06123698714023271,0.0,0.12186160440906307,0.3701775872627067,0.44672382118799764,0.0,0.0,0
12769,138,1,1143.6,1143.6,32,1,32.0,356.0,0.1629590766002099,0.0,0.17591815320041976,0.18677859391395593,0.4310598111227702,0.043284365162644285,0.0,0
16852,76,1,113.06,113.06,7,1,7.0,51.0,0.4034141163983726,0.0,0.0,0.09287104192464178,0.5037148416769857,0.0,31.85,0
13807,267,1,112.6,112.6,7,1,7.0,36.0,0.5701598579040852,0.1758436944937833,0.0,0.1127886323268206,0.14120781527531084,0.0,0.0,0
16916,272,1,196.43,196.43,48,1,49.0,102.0,0.3197067657689762,0.12136639006261772,0.08934480476505624,0.16204245787303365,0.19126406353408337,0.11627551799623277,365.98,0
14972,28,1,114.77,114.77,18,1,18.0,28.0,0.15639975603380674,0.0,0.3029537335540647,0.16075629519909385,0.3798902152130348,0.0,0.0,0
15397,189,1,94.0,94.0,6,1,6.0,20.0,0.5159574468085106,0.0,0.0,0.3404255319148936,0.14361702127659576,0.0,0.0,0
15067,182,1,848.05,848.05,35,1,35.0,335.0,0.26578621543541064,0.0,0.0,0.2622486881669713,0.2509875596957727,0.22097753670184542,896.71,0
12921,30,22,8924.55,405.6613636363636,168,22,19.272727272727273,247.3181818181818,0.15207041251379624,0.12469872430542717,0.03931850905647904,0.3062361687704142,0.3375845280714434,0.04009165728244002,7662.54,1
14607,161,1,495.0,495.0,3,1,3.0,300.0,0.0,0.0,0.0,0.3333333333333333,0.6666666666666666,0.0,15714.5,0
13656,64,2,379.65,189.825,49,2,24.5,245.0,0.3348347161859608,0.05689450809956539,0.052416699591729225,0.08823916765441855,0.29345449756354536,0.17416041090478074,0.0,0
16659,89,1,39.12,39.12,2,1,2.0,72.0,0.0,0.0,0.0,0.0,0.0,1.0,0.0,0
13162,22,4,1688.29,422.0725,74,4,19.75,428.25,0.36326697427574645,0.0061600791333242515,0.13556912615723601,0.10713206854272667,0.351764211124866,0.03610754076610061,0.0,1
18178,28,4,1590.81,397.7025,80,4,24.25,245.75,0.29395088036912015,0.081782236722173,0.06562694476398816,0.2241311030229883,0.2873630414694401,0.047145793652290345,0.0,0
15240,91,3,1045.38,348.46000000000004,30,3,14.0,251.66666666666666,0.11520212745604469,0.09870095085040846,0.01434884922229237,0.3831142742352063,0.24112762823088252,0.14750617000516558,661.1899999999999,0
17226,208,1,393.49,393.49,21,1,21.0,406.0,0.1254161478055351,0.0,0.03735800147398917,0.060992655467737425,0.3853973417367659,0.39083585351597244,0.0,0
13719,105,2,338.74,169.37,19,2,10.0,93.0,0.11601818503867271,0.04428175001476058,0.17801263505933754,0.0,0.26008147842002716,0.40160595146720196,702.94,0
17997,32,4,1268.51,317.1275,70,4,18.5,369.0,0.14383016294707965,0.04439066306138698,0.06971170901293643,0.4531300502163956,0.19762556069719592,0.0913118540650054,693.95,0
16206,24,3,409.86,136.62,48,3,18.333333333333332,67.66666666666667,0.5740252769238277,0.043185477968086666,0.058434587420094664,0.08280876396818425,0.16835016835016833,0.0731957253696384,127.19999999999999,0
17105,59,2,665.78,332.89,80,2,45.0,346.5,0.4204391841148728,0.007810387815795008,0.1568385953317913,0.08549370662981766,0.1626363062873622,0.1667818198203611,0.0,0
18013,55,2,187.29,93.645,31,2,15.5,142.5,0.1474718351220033,0.046718991937636824,0.0,0.05339313364301351,0.4836883976720594,0.268727641625287,0.0,0
16763,98,1,611.85,611.85,23,1,23.0,319.0,0.5398381956361853,0.0,0.0,0.10010623518836317,0.3345591239682929,0.02549644520715862,0.0,0
14307,34,4,2307.89,576.9725,119,4,36.0,427.75,0.24744680205729042,0.1016859555698062,0.07846994440809571,0.1876649233715645,0.20446381759962565,0.18026855699361757,687.83,1
16357,62,2,257.95,128.975,9,2,6.0,27.5,0.23027718550106613,0.0,0.11979065710408994,0.11436324869160691,0.5355689087032371,0.0,400.93,0
16529,90,1,455.25,455.25,30,1,30.0,198.0,0.5639758374519495,0.06479956068094453,0.14684239428885226,0.007358594179022515,0.2114222954420648,0.005601317957166392,0.0,0
14506,61,3,818.96,272.9866666666667,82,3,33.0,83.66666666666667,0.25790026374914526,0.0,0.4500219790954381,0.010379017290221745,0.17229168701768094,0.10940705284751391,1141.69,0
17097,10,5,501.13,100.226,100,5,22.2,40.0,0.21489433879432482,0.017660088200666498,0.10244846646578731,0.33214934248598166,0.2805260112146549,0.0523217528385848,314.89,0
13450,24,4,1421.46,355.365,21,4,10.75,317.5,0.08104343421552487,0.0,0.10552530496813135,0.2646574648600734,0.5487737959562703,0.0,622.26,0
12933,71,2,357.49,178.745,48,2,24.5,189.0,0.14280119723628631,0.05681277797980363,0.10839464040952194,0.20028532266636828,0.39995524350331474,0.09175081820470501,250.04,0
16377,167,1,676.2,676.2,5,1,5.0,1500.0,0.0,0.5767524401064773,0.0,0.0,0.4232475598935226,0.0,0.0,0
14973,7,3,1314.45,438.15000000000003,29,3,10.666666666666666,123.0,0.15617178287496672,0.0,0.01442428392103161,0.24542584350869184,0.4630149492183042,0.12096314047700558,0.0,0
14064,12,4,1097.03,274.2575,44,4,14.25,378.0,0.6538654366790334,0.24116022351257488,0.03008121929208864,0.003874096423981113,0.058521644804608815,0.01249737928771319,237.31,0
17464,58,1,289.96000000000004,289.96000000000004,9,1,9.0,220.0,0.0,0.0,0.0,0.12001655400744927,0.7782452752103738,0.10173817078217684,0.0,0
15663,6,1,138.14,138.14,9,1,9.0,106.0,0.603735340958448,0.0,0.11075720283770088,0.0,0.28550745620385115,0.0,0.0,0
13951,76,3,674.45,224.8166666666667,38,3,13.0,153.0,0.290933353102528,0.19458818296389652,0.14471050485580841,0.13255245014456224,0.18072503521387798,0.056490473719326854,0.0,0
16684,33,18,33883.5,1882.4166666666667,88,18,9.333333333333334,1360.2777777777778,0.07822450455236324,0.08207888795431405,0.1119949237829622,0.38299172163442385,0.2949063703572535,0.049803591718683135,32770.06,1
13458,35,9,7355.44,817.271111111111,199,9,30.88888888888889,484.3333333333333,0.44693587331281337,0.1370822139804009,0.0830949610084509,0.06409133919928652,0.20795900721098942,0.06083660528805891,2291.13,1
16593,89,2,255.5,127.75,20,2,10.5,42.5,0.27671232876712326,0.0,0.35009784735812133,0.18923679060665363,0.1806262230919765,0.0033268101761252445,74.53,0
13107,75,2,935.22,467.61,36,2,18.0,408.0,0.178952545925023,0.17437608263296336,0.08821453775582215,0.19663822416115995,0.20822907978871283,0.1535895297363187,596.4,0
13420,49,2,159.85,79.925,8,2,4.0,50.5,0.45323741007194246,0.0,0.0,0.0,0.3065373787926181,0.2402252111354395,0.0,0
14988,111,1,334.54,334.54,40,1,40.0,141.0,0.18816882883960062,0.2673222932982603,0.33676092544987146,0.0416990494410235,0.15842649608417528,0.00762240688706881,0.0,0
14639,20,4,1989.23,497.3075,93,4,28.75,197.25,0.2688125556119705,0.005127612191652046,0.10049114481482785,0.3259854315488908,0.24810605108509323,0.05147720474756564,995.26,1
15123,106,1,1069.47,1069.47,53,1,53.0,509.0,0.12793252732661972,0.0,0.260876882942018,0.17086968311406586,0.41255014165895254,0.02777076495834385,1129.84,0
17676,9,4,730.84,182.71,31,4,10.25,117.0,0.48615291992775433,0.10987357013847081,0.0,0.24683925346177002,0.15713425647200482,0.0,640.34,0
17402,1,8,1732.45,216.55625,29,8,5.875,52.5,0.1587636006811163,0.13118993333140927,0.0058010332188519155,0.014112961413027793,0.6695546769026524,0.020577794452942364,901.4,1
17166,103,1,127.59,127.59,10,1,10.0,57.0,0.0,0.0,0.3526922172584058,0.6473077827415942,0.0,0.0,78.75,0
15051,50,1,377.74,377.74,34,1,34.0,351.0,0.15844231481971727,0.5109863927569228,0.03640069889341875,0.1324191242653677,0.1617514692645735,0.0,1005.62,0
12945,188,1,462.95,462.95,23,1,23.0,165.0,0.3524138675882925,0.03823307052597474,0.0429852035857004,0.0691219354141916,0.3907549411383519,0.10649098174748894,0.0,0
13411,7,1,213.55,213.55,17,1,18.0,72.0,0.3544837274642941,0.2088503863263873,0.1695153359868883,0.15616951533598689,0.0,0.11098103488644347,0.0,0
14738,33,5,757.6500000000001,151.53000000000003,28,5,6.6,70.2,0.629736685804791,0.1355771134428826,0.04487560219098528,0.05635847686926681,0.11009041113970829,0.02336171055236587,556.8000000000001,0
15602,100,5,542.95,108.59,12,5,3.4,69.0,0.05995027166405747,0.7322037019983424,0.03296804493968136,0.09908831384105349,0.07044847591859286,0.0053411916382724006,754.92,0
16078,183,1,79.2,79.2,1,1,1.0,16.0,0.0,0.0,1.0,0.0,0.0,0.0,0.0,0
12432,70,3,4016.66,1338.8866666666665,75,3,25.333333333333332,475.6666666666667,0.09904497766801273,0.07462916950899504,0.1562741182972918,0.14418696130615985,0.3070760283419558,0.21878874487758485,1042.66,1
14805,213,1,109.25,109.25,19,1,19.0,29.0,0.3803203661327231,0.0,0.5510297482837528,0.0,0.06864988558352403,0.0,437.15,0
16954,24,4,1245.3799999999999,311.34499999999997,34,4,10.0,186.0,0.2427371565305369,0.0,0.05998169233486968,0.27871011257608125,0.36942941110343835,0.04914162745507396,839.7,0
17351,68,2,427.3,213.65,17,2,9.5,46.0,0.06014509712146033,0.0,0.8597004446524689,0.0430610812075825,0.034870114673531474,0.002223262344956705,159.85,0
17320,136,2,910.1,455.05,36,2,24.0,233.0,0.2106032304142402,0.05867487089330843,0.37787056367432154,0.08043072189869245,0.2612130535106032,0.011207559608834194,0.0,0
16040,48,2,876.1800000000001,438.09000000000003,42,2,23.0,254.5,0.20195621904174943,0.05900614029080782,0.10659910064142071,0.11561551279417472,0.4219795019288274,0.09484352530301993,437.37,0
17926,33,2,397.29,198.645,17,2,10.5,153.0,0.33839260993229126,0.057892219789070956,0.2348410481008835,0.03737823755946538,0.06418485237483953,0.2673110322434494,0.0,0
17811,12,23,4651.41,202.23521739130433,239,23,19.47826086956522,96.56521739130434,0.16971412969400676,0.02294788032016098,0.06439982714918703,0.29863202770772734,0.35968878254120795,0.08461735258770997,3110.41,1
14645,56,2,597.09,298.545,28,2,15.0,190.5,0.13616037783248755,0.0,0.05359326064747358,0.19491198981728045,0.5322313219112697,0.08310304979148872,0.0,0
14873,110,1,519.68,519.68,28,1,28.0,168.0,0.08813115763546799,0.0,0.0635006157635468,0.5239378078817734,0.27593903940886705,0.048491379310344834,0.0,0
14551,103,1,125.43,125.43,7,1,7.0,66.0,0.11911026070318105,0.2391772303276728,0.0,0.21916606872359085,0.42254644024555527,0.0,60.8,0
13304,251,1,300.42,300.42,21,1,21.0,238.0,0.1297183942480527,0.04643499101258239,0.05292590373477132,0.3649890153784701,0.38915518274415817,0.016776512881965248,0.0,0
13579,269,1,164.70000000000002,164.70000000000002,9,1,9.0,46.0,0.36338797814207646,0.19307832422586518,0.0,0.3891924711596843,0.054341226472374,0.0,302.34,0
14497,209,1,475.37,475.37,29,1,29.0,235.0,0.22487746387024843,0.0,0.1914298336032985,0.2414119527946652,0.30904348191934705,0.03323726781244084,0.0,0
13070,92,1,228.8,228.8,9,1,9.0,110.0,0.0,0.0,0.0,0.18181818181818182,0.8181818181818182,0.0,0.0,0
14267,62,3,1516.24,505.41333333333336,25,3,18.333333333333332,176.66666666666666,0.2524270564026803,0.03502084102780563,0.07004168205561125,0.21586292407534427,0.4167546034928507,0.009892892945707804,0.0,0
13485,133,1,454.24,454.24,23,1,23.0,277.0,0.1036896794646002,0.0,0.036324410003522364,0.2439239168721381,0.2042972877773864,0.411764705882353,0.0,0
12457,133,3,1067.25,355.75,23,3,8.333333333333334,132.33333333333334,0.18721011946591706,0.0,0.015928788943546497,0.014617006324666199,0.6323260716795502,0.14991801358631998,1295.98,0
14898,34,5,991.18,198.236,60,5,13.6,170.4,0.49819407171250435,0.09685425452490971,0.04797312294436934,0.1349199943501685,0.10916281603745032,0.11289574043059789,278.13,0
14625,96,2,899.63,449.815,51,2,26.5,167.5,0.21842312950879805,0.0,0.08142236252681657,0.36307148494381025,0.16101063770661272,0.1760723853139624,0.0,0
14442,104,2,1589.82,794.91,58,2,31.5,241.0,0.20197255035161216,0.01585085103974035,0.24193933904467171,0.09538815714986602,0.3280434262998327,0.11680567611427708,0.0,0
14112,30,4,1900.82,475.205,89,4,27.5,287.0,0.28003703664734164,0.009311770709483278,0.03509011900127314,0.19383739649204026,0.3979177407645122,0.08380593638534947,1014.33,1
13426,82,5,1558.68,311.736,62,5,16.6,239.8,0.35291400415736396,0.00646701054738625,0.12160289475710215,0.13447275900120614,0.17425000641568508,0.21029332512125645,2082.64,0
16434,92,3,716.72,238.90666666666667,36,3,13.333333333333334,128.33333333333334,0.20911932135282954,0.136036387989731,0.08449603750418573,0.21595602187744167,0.3397421587230718,0.01465007255274026,795.08,0
13294,89,2,873.74,436.87,48,2,27.0,226.5,0.1854556275322178,0.0,0.07130267585322865,0.24933046444022247,0.3991461990981299,0.09476503307620116,0.0,0
14577,63,3,646.64,215.54666666666665,70,3,30.0,93.33333333333333,0.30828590869726585,0.03958926141284176,0.06216751206235309,0.261737597426698,0.3282197204008413,0.0,213.07,0
17634,22,6,1917.28,319.5466666666667,146,6,32.833333333333336,97.5,0.1963771593090211,0.018281106567637487,0.21402716348159895,0.0860750646749562,0.4435398063923892,0.041699699574397064,441.31,1
15356,5,8,2231.17,278.89625,201,8,52.125,169.375,0.44056705674601215,0.048606784781078986,0.13402833490948696,0.07152749454322171,0.26497756782316007,0.04029276119704012,486.86,1
14101,42,5,4944.389999999999,988.8779999999999,15,5,6.0,1281.2,0.03554735771247818,0.0,0.2620849083506762,0.20090648189159838,0.456845030428425,0.0446162216168223,1032.4,1
15852,86,2,160.71,80.355,22,2,11.0,24.0,0.0793354489453052,0.032356418393379376,0.007840209072241927,0.22058366000871135,0.2638292576690934,0.39605500591126874,0.0,0
14850,211,1,325.75,325.75,21,1,21.0,293.0,0.143207981580967,0.0,0.0,0.5275518035303146,0.32924021488871835,0.0,0.0,0
17849,118,4,605.8000000000001,151.45000000000002,14,4,6.5,28.5,0.03284912512380323,0.13618355893034004,0.15747771541762956,0.019395840211290854,0.6540937603169362,0.0,0.0,0
18250,210,1,349.27,349.27,21,1,21.0,199.0,0.19540756434849832,0.105133564291236,0.0,0.42059151945486306,0.2336301428694134,0.04523720903598935,0.0,0
15530,49,3,1163.69,387.8966666666667,77,3,31.0,218.0,0.23115262655861957,0.07235603983878869,0.12533406663286614,0.15798881145322208,0.3068342943567445,0.10633416115975905,333.62,0
13098,13,17,14468.08,851.0635294117646,110,17,21.235294117647058,485.3529411764706,0.09433870976660345,0.08151461700515894,0.21001266235741026,0.19113455275337154,0.3481422552266783,0.07485720289077749,14414.36,1
13216,167,1,333.74,333.74,5,1,5.0,297.0,0.0,0.0,0.0,0.031461616827470486,0.5543237250554324,0.4142146581170972,0.0,0
14280,96,1,134.04,134.04,8,1,8.0,52.0,0.13316920322291856,0.0,0.0,0.4095792300805729,0.41965085049239037,0.03760071620411817,0.0,0
13365,117,1,700.6,700.6,39,1,39.0,404.0,0.1966885526691407,0.0,0.028404224950042817,0.27433628318584075,0.4119326291749929,0.08863831001998286,1524.77,0
14720,26,1,155.8,155.8,9,1,9.0,40.0,0.11456996148908857,0.0,0.0,0.19736842105263155,0.5725288831835685,0.11553273427471115,508.01,0
13487,113,2,408.8,204.4,21,2,12.0,106.5,0.2942759295499021,0.24804305283757339,0.23336594911937378,0.050880626223091974,0.09637964774951076,0.07705479452054795,166.6,0
15541,14,1,85.13000000000001,85.13000000000001,29,1,29.0,49.0,0.12839187125572654,0.0,0.20133912839187124,0.09432632444496653,0.47198402443321974,0.10395865147421592,0.0,0
17880,264,1,458.92,458.92,26,1,26.0,314.0,0.1364072169441297,0.0,0.21376274731979428,0.10498561840843722,0.34110520352131096,0.2037392138063279,0.0,0
16131,15,4,2278.5,569.625,46,4,13.5,311.0,0.3569365810840466,0.10585911784068465,0.13342111037963572,0.20090410357691463,0.15073952161509765,0.0521395655036208,1228.04,1
14921,101,1,903.01,903.01,53,1,53.0,631.0,0.10498222611045284,0.0,0.06694278025714001,0.0,0.49266342565420096,0.3354115679782062,413.06,0
15925,94,1,207.15,207.15,12,1,12.0,93.0,0.14965001206854936,0.14771904417089066,0.07385952208544533,0.388124547429399,0.18464880521361332,0.05599806903210234,0.0,0
13455,266,1,692.94,692.94,30,1,30.0,190.0,0.29748607383034603,0.0,0.1293041244552198,0.1121309204260109,0.43553554420296126,0.025543337085461946,365.4,0
16660,110,2,384.36,192.18,5,2,2.5,114.0,0.0,0.31782703715266936,0.0,0.6369029035279424,0.045270059319388066,0.0,883.29,0
16182,30,3,4844.0,1614.6666666666667,8,3,5.666666666666667,933.3333333333334,0.0,0.0,0.0,0.25289017341040465,0.7471098265895953,0.0,1773.65,1
13166,183,1,417.2,417.2,39,1,41.0,216.0,0.5032358581016299,0.03044103547459252,0.11816874400767018,0.04889741131351869,0.23573825503355703,0.06351869606903164,0.0,0
15416,54,3,3144.33,1048.11,135,3,50.333333333333336,566.0,0.2166343863398562,0.017778032203998945,0.10011671802896006,0.1459897657052536,0.36215028320818743,0.1573308145137438,839.99,1
17419,43,8,2660.0,332.5,107,8,16.375,151.625,0.42536842105263156,0.018947368421052633,0.1269548872180451,0.09522556390977444,0.25286466165413535,0.0806390977443609,1566.57,1
14689,108,1,112.8,112.8,13,1,13.0,76.0,0.4348404255319149,0.07845744680851065,0.07047872340425532,0.0,0.27393617021276595,0.1422872340425532,0.0,0
16456,3,4,1700.58,425.145,77,4,24.5,231.75,0.1254219148761011,0.0895694410142422,0.014024626892001554,0.1782097872490562,0.592774229968599,0.0,457.6,1
16147,33,1,375.0,375.0,22,1,22.0,246.0,0.18432,0.09440000000000001,0.20933333333333334,0.1536,0.27546666666666664,0.08288,0.0,0
15700,72,2,696.68,348.34,85,2,43.0,178.5,0.23712464833208935,0.042487225124878,0.12681575472239767,0.2872911523224436,0.25855486019406326,0.047726359304128156,0.0,0
13849,70,1,593.5799999999999,593.5799999999999,38,1,38.0,332.0,0.3920448802183362,0.02122713029414738,0.13275379898244552,0.0866774487011018,0.27531251052933053,0.09198423127463863,944.37,0
15167,220,1,158.8,158.8,39,1,39.0,65.0,0.25440806045340053,0.0267632241813602,0.14735516372795968,0.23740554156171284,0.24212846347607053,0.09193954659949621,0.0,0
13248,24,2,465.68,232.84,25,2,13.0,152.5,0.16588644562789898,0.0,0.08976120941419,0.34014774093798317,0.38165693179866,0.022547672221267825,0.0,0
16539,119,3,1053.61,351.2033333333333,34,3,12.666666666666666,140.33333333333334,0.26779358586194135,0.0,0.5011341957650365,0.014094399255891652,0.2024563168534847,0.014521502263645942,335.2,0
12422,68,2,655.86,327.93,31,2,15.5,144.0,0.21086817308571953,0.0,0.0,0.13510505290763272,0.45550879760924584,0.19851797639740187,147.7,0
13851,28,2,1353.28,676.64,65,2,34.5,511.5,0.2420193899266966,0.12588673445258927,0.0996837313785765,0.10881709624024592,0.329820879640577,0.09377216836131473,1298.18,0
14233,111,3,959.1,319.7,15,3,6.666666666666667,136.66666666666666,0.3123761860077156,0.0,0.11510791366906475,0.2686893963090397,0.30382650401418,0.0,503.62,0
13601,111,1,373.2,373.2,41,1,42.0,275.0,0.20819935691318328,0.017684887459807074,0.047561629153269024,0.2808145766345123,0.252518756698821,0.1932207931404073,320.12,0
14871,78,3,335.3,111.76666666666667,44,3,19.333333333333332,36.333333333333336,0.16984789740530867,0.03877124962719952,0.067998807038473,0.2187593200119296,0.3569937369519833,0.14762898896510587,165.98000000000002,0
15114,16,6,1354.01,225.66833333333332,66,6,16.0,251.5,0.16309333018219954,0.0,0.0,0.051624434088374534,0.5569235086890053,0.22835872704042068,1406.55,0
16778,174,1,93.18,93.18,5,1,5.0,66.0,0.6722472633612363,0.0,0.18609143593045716,0.0,0.14166130070830651,0.0,152.76,0
16426,176,1,328.37,328.37,11,1,11.0,157.0,0.07016475317477236,0.0,0.24776928464841488,0.12552912872674116,0.5565368334500715,0.0,1535.39,0
16050,73,1,137.9,137.9,10,1,10.0,278.0,0.10094271211022478,0.09064539521392313,0.0,0.1805656272661349,0.5573604060913705,0.07048585931834661,0.0,0
16550,8,5,2298.97,459.794,162,5,50.2,308.0,0.2467017838423294,0.022901560263944288,0.044428591934649,0.37417191176918363,0.23774124934209667,0.07405490284779706,0.0,1
17879,73,1,178.51999999999998,178.51999999999998,6,1,6.0,45.0,0.0,0.0,0.0,0.7311225632982299,0.2688774367017701,0.0,0.0,0
16750,21,3,416.12,138.70666666666668,44,3,15.666666666666666,46.0,0.2335143708545612,0.10802172450254735,0.20583004902431992,0.3280303758531193,0.12460347976545227,0.0,207.81,0
15121,188,1,295.15,295.15,18,1,18.0,125.0,0.3747247162459767,0.03862442825681856,0.0,0.21294257157377608,0.3737082839234288,0.0,162.57,0
16399,135,1,178.41,178.41,31,1,31.0,159.0,0.49531976907124037,0.0496048427778712,0.0,0.1854716663864133,0.21803710554341124,0.051566616221063837,229.61,0
18080,142,1,841.4999999999999,841.4999999999999,1,1,1.0,330.0,0.0,0.0,0.0,0.0,0.0,1.0,390.0,0
18087,190,1,3202.9199999999996,3202.9199999999996,1,1,1.0,3906.0,1.0,0.0,0.0,0.0,0.0,0.0,852.8,1
14505,9,6,4222.74,703.79,388,6,86.0,320.3333333333333,0.23027465579221076,0.1412660973680596,0.1342730075732818,0.10205932640891933,0.3088089723733879,0.08331794048414062,1636.69,1
17555,234,1,195.45,195.45,48,1,49.0,156.0,0.2013302634944999,0.0,0.042670759785111284,0.1920184190330008,0.3578408800204656,0.20613967766692248,284.86,0
17929,12,3,707.0,235.66666666666666,4,3,1.3333333333333333,30.666666666666668,0.0,0.0,0.0,0.0,1.0,0.0,136.0,0
17786,217,1,103.35,103.35,24,1,25.0,52.0,0.5324625060474117,0.05708756652152879,0.07692307692307693,0.16448959845186262,0.13081761006289308,0.0382196419932269,163.5,0
15545,270,1,135.32999999999998,135.32999999999998,31,1,31.0,75.0,0.15273775216138333,0.03657725559742851,0.05874528929283973,0.27783935564915396,0.32572230843124217,0.14837803886795242,153.64000000000001,0
12838,273,1,390.79,390.79,59,1,59.0,228.0,0.29401980603393124,0.22109061132577598,0.02264643414621664,0.11336011668671153,0.15235804396223035,0.1965249878451342,281.16,0
14905,57,2,616.15,308.075,14,2,8.5,143.5,0.39730585084800785,0.3973058508480078,0.0735210581838838,0.08220400876409967,0.0,0.049663231356000974,0.0,0
14916,49,2,701.28,350.64,42,2,21.0,302.0,0.173696668948209,0.0,0.15450319415925165,0.3285706137348848,0.2631473876340406,0.08008213552361396,567.7,0
14035,7,3,837.26,279.08666666666664,18,3,8.666666666666666,149.0,0.41654922007500655,0.13974153787353988,0.13630174617203736,0.04228077299763515,0.1627929197620811,0.10233380311969999,590.76,0
16202,260,1,365.27,365.27,18,1,18.0,191.0,0.36671503271552547,0.08213102636405947,0.21764721986475757,0.21455361787171137,0.11895310318394614,0.0,0.0,0
16816,3,4,417.06,104.265,28,4,7.0,68.5,0.35762240445019905,0.0,0.0,0.3331175370450295,0.09854697165875415,0.21071308684601736,0.0,0
16843,34,11,7371.6,670.1454545454545,170,11,23.90909090909091,611.8181818181819,0.2150482934505399,0.009441640892072277,0.07300179065603125,0.1810204026262955,0.40583455423517284,0.1156533181398882,2824.9700000000003,1
15785,57,4,1665.83,416.4575,41,4,13.75,252.75,0.35189665211936394,0.0827215262061555,0.0,0.14989524741420193,0.3681828277795453,0.04730374648073333,663.14,1
12937,97,2,428.23,214.115,27,2,14.0,134.0,0.24433131728276858,0.19055180627233026,0.0,0.08133479672138803,0.45926254582817644,0.024519533895336617,1076.04,0
17698,160,1,154.95,154.95,8,1,8.0,93.0,0.19361084220716362,0.0,0.0,0.1510164569215876,0.3998063891577929,0.25556631171345595,0.0,0
13479,100,2,300.95,150.475,14,2,7.5,67.0,0.7989699285595614,0.0,0.09918591128094367,0.049343744808107666,0.0,0.052500415351387275,0.0,0
17921,47,3,595.47,198.49,82,3,33.666666666666664,96.0,0.43060103783565923,0.14534737266361025,0.05600617999227501,0.06277394327170134,0.23851747359228845,0.06675399264446572,224.76,0
14819,92,1,84.72,84.72,3,1,3.0,48.0,0.0,0.0,0.0,0.5311614730878187,0.4688385269121813,0.0,187.35,0
13512,160,1,251.21,251.21,15,1,15.0,143.0,0.38899725329405677,0.0,0.0,0.19107519605111262,0.4199275506548306,0.0,0.0,0
16116,111,1,612.78,612.78,34,1,34.0,248.0,0.2981167792682529,0.04895721139723882,0.389634126440158,0.041613629687652996,0.18296941806194722,0.03870883514475015,0.0,0
17214,149,4,611.97,152.9925,56,4,16.75,44.25,0.35696194257888453,0.038563981894537316,0.2221514126509469,0.023367158520842524,0.3271729006323839,0.03178260372240469,447.15000000000003,0
14847,48,1,309.4,309.4,13,1,13.0,120.0,0.12120232708468004,0.17162249515190695,0.10665804783451843,0.04848093083387201,0.5520361990950227,0.0,0.0,0
14421,111,1,455.18,455.18,15,1,15.0,194.0,0.17399710004833252,0.0,0.0,0.21749637506041566,0.3649105848235863,0.24359594006766552,357.93,0
16018,80,1,161.9,161.9,15,1,15.0,44.0,0.1170475602223595,0.0926497838171711,0.0,0.3511426806670784,0.43915997529339096,0.0,247.0,0
16409,50,3,1033.3700000000001,344.4566666666667,106,3,53.0,225.0,0.341591104831764,0.10030289247800885,0.08598082003541808,0.22405334004277266,0.15817180680685525,0.0899000358051811,989.61,0
17040,37,1,449.73,449.73,15,1,15.0,181.0,0.351922264469793,0.0,0.0,0.13430280390456498,0.46708024814888927,0.046694683476752714,0.0,0
15347,266,1,201.60000000000002,201.60000000000002,5,1,5.0,130.0,0.0,0.0,0.10416666666666666,0.7202380952380951,0.0,0.1755952380952381,0.0,0
15679,54,2,260.26,130.13,18,2,11.0,199.0,0.26527318835011143,0.03596403596403596,0.08476139245370014,0.0,0.28686697917467147,0.32713440405748107,521.02,0
13723,117,1,199.85000000000002,199.85000000000002,6,1,6.0,43.0,0.2361771328496372,0.0,0.6152114085564172,0.14861145859394545,0.0,0.0,0.0,0
17685,166,5,1512.72,302.544,39,5,11.0,177.6,0.1141784335501613,0.41210534666032056,0.18080014807763498,0.11224813580834524,0.10848008884658099,0.07218784705695701,1643.1100000000001,0
12578,230,1,1608.66,1608.66,70,1,70.0,748.0,0.1498265637238447,0.0,0.03953601133862967,0.37370233610582715,0.29942933870426314,0.13750575012743524,1185.85,0
13728,7,5,797.02,159.404,29,5,10.0,70.8,0.07339840907379991,0.013048606057564428,0.5735113297031442,0.16772477478607814,0.1723168803794133,0.0,219.12,0
15701,10,1,853.9,853.9,119,1,124.0,472.0,0.2352617402506148,0.10927509076004215,0.14486473825974938,0.24619978920248276,0.22111488464691417,0.04328375688019675,675.1,0
16339,184,1,94.05,94.05,17,1,18.0,21.0,0.13290802764486975,0.0,0.7559808612440191,0.0,0.1111111111111111,0.0,0.0,0
13591,104,2,776.23,388.115,36,2,19.0,131.5,0.13005165994614998,0.09072053386238615,0.0637697589631939,0.28226170078456125,0.3444339950787782,0.0887623513649305,340.9,0
15182,54,2,622.85,311.425,24,2,14.5,126.5,0.39255037328409725,0.04912900377297904,0.0,0.0795536646062455,0.374729067993899,0.10403789034277915,0.0,0
15683,17,1,193.75,193.75,10,1,10.0,131.0,0.1424516129032258,0.0,0.0,0.07664516129032259,0.19716129032258067,0.583741935483871,0.0,0
15507,71,1,475.86,475.86,41,1,45.0,160.0,0.10053377043668306,0.0,0.26564535787836757,0.1582398184339932,0.36199722607489593,0.11358382717606018,0.0,0
14866,5,4,1163.9,290.975,25,4,6.75,138.0,0.46060658132141935,0.004588023026033164,0.0051121230346249675,0.01323137726608815,0.025938654523584497,0.4905232408282498,13226.0,0
15442,148,1,594.0,594.0,2,1,2.0,120.0,0.0,0.0,0.0,0.0,1.0,0.0,0.0,0
14647,101,1,236.04000000000002,236.04000000000002,24,1,28.0,91.0,0.6693357058125741,0.0,0.0,0.215005931198102,0.10633790882901203,0.009320454160311811,0.0,0
13421,190,1,825.04,825.04,64,1,64.0,495.0,0.09987394550567244,0.11617618539707167,0.18052458062639387,0.08823814602928343,0.19253611946087465,0.32265102298070397,1008.67,0
13038,83,2,591.76,295.88,22,2,11.0,140.0,0.39644450452886304,0.0,0.09885764499121266,0.43727186697309717,0.06742598350682709,0.0,316.70000000000005,0
14842,91,2,1688.48,844.24,77,2,39.0,316.5,0.0860655737704918,0.10224580687956031,0.1683762911020563,0.3537856533687103,0.16639818061214823,0.12312849426703307,1136.21,1
14813,269,2,152.88,76.44,25,2,14.5,33.0,0.2528126635269493,0.013736263736263738,0.10204081632653061,0.0990973312401884,0.5018969126111984,0.030416012558869707,0.0,0
17928,145,1,78.25999999999999,78.25999999999999,17,1,17.0,46.0,0.47840531561461797,0.0,0.0,0.16036289292103248,0.22744697163301814,0.13378481983133145,134.28,0
17048,17,3,925.35,308.45,41,3,14.333333333333334,161.66666666666666,0.40478737774895984,0.09045226130653267,0.021073107472848112,0.06620197763008591,0.2986977900253958,0.11878748581617767,0.0,0
15808,206,4,3651.27,912.8175,142,4,48.75,326.25,0.23531538341453798,0.01503586423354066,0.1817586757484382,0.3126282088150151,0.21986870321833227,0.035393164570135874,0.0,1
13194,35,1,60.7,60.7,3,1,3.0,26.0,0.4398682042833608,0.5601317957166392,0.0,0.0,0.0,0.0,0.0,0
12924,98,3,655.27,218.42333333333332,10,3,5.0,95.0,0.09064965586704718,0.34190486364399414,0.0,0.5553130770522074,0.012132403436751264,0.0,278.43,0
16866,40,3,207.73999999999998,69.24666666666666,10,3,3.6666666666666665,20.0,0.05968999711177434,0.0,0.9121979397323579,0.0,0.01992875710022143,0.008183306055646482,0.0,0
17007,54,5,575.44,115.08800000000001,33,5,6.6,69.2,0.18846447935492835,0.09835951619630195,0.06777422494091477,0.24497775615181425,0.29135965522035306,0.10906436813568747,314.49,0
13718,146,2,306.55,153.275,9,2,6.0,86.5,0.0326211058554885,0.0,0.1497308758766922,0.0,0.8176480182678193,0.0,0.0,0
17829,198,1,889.24,889.24,30,1,30.0,496.0,0.5619855157212901,0.03913454185596689,0.01788043722729522,0.1241509603706536,0.2568485448247942,0.0,0.0,0
12844,30,1,174.88,174.88,27,1,28.0,77.0,0.24759835315645012,0.0,0.14484217749313816,0.05661024702653248,0.42103156450137236,0.12991765782250686,151.08,0
17191,91,5,1175.7,235.14000000000001,111,5,29.0,127.8,0.26339202177426213,0.07620991749595986,0.06507612486178448,0.08263162371353236,0.43473675257293526,0.07795355958152589,917.98,0
15944,176,1,325.1,325.1,6,1,6.0,50.0,0.0,0.0,0.0,0.16333435865887422,0.7880652107043986,0.04860043063672716,0.0,0
13506,216,2,458.52,229.26,26,2,13.0,162.0,0.18182412980895055,0.0,0.17654627933350783,0.17142109395446217,0.3997644595655587,0.07044403733752072,0.0,0
14418,8,1,150.44,150.44,17,1,19.0,148.0,0.0,0.17448816804041478,0.04154480191438447,0.3873969688912523,0.23039085349641056,0.16617920765753788,1786.81,0
14523,8,1,241.09,241.09,12,1,12.0,251.0,0.41262599029408104,0.3399560330167158,0.15201791861960262,0.0,0.05184785764652205,0.043552200423078516,0.0,0
15864,77,2,414.26,207.13,7,2,3.5,103.0,0.0,0.599044078597982,0.0,0.4009559214020181,0.0,0.0,1522.0600000000002,0
17768,66,1,385.83,385.83,22,1,22.0,123.0,0.14778529404141721,0.07117124122022653,0.3842365808775886,0.0,0.34237876785112614,0.05442811600964156,1696.0700000000002,0
17779,43,1,323.09,323.09,34,1,34.0,248.0,0.4143118016651707,0.023213346126466312,0.12637345631248256,0.15961496796558236,0.16162679129654275,0.11485963663375531,327.23,0
16241,14,8,1501.82,187.7275,247,8,53.875,104.75,0.3014675527027207,0.06006045997523006,0.08584916967412873,0.17687206189823015,0.23498155571240228,0.1407692000372881,1088.49,0
12476,40,6,3191.67,531.945,91,6,19.5,188.66666666666666,0.10245106793622148,0.0,0.08875604307462863,0.1429126444776559,0.4294585593122096,0.23642168519928436,3624.75,1
18145,104,2,1023.78,511.89,60,2,33.5,431.5,0.16136279278751295,0.0,0.08812440172693352,0.2901111566938209,0.34070796460176994,0.11969368418996268,1837.77,0
14004,8,4,2962.26,740.565,66,4,26.75,408.0,0.14978428632192986,0.0,0.11744411361595537,0.1627473618115898,0.4792422002120002,0.09078203803852464,1620.3799999999999,1
14038,44,2,1086.42,543.21,49,2,32.5,350.5,0.3136356105373612,0.018224995857955485,0.01855635941900922,0.1485061026122494,0.4632462583531231,0.037830673220301536,473.96,0
13817,251,1,128.7,128.7,9,1,9.0,63.0,0.0,0.0,0.0,0.19580419580419584,0.37995337995338,0.42424242424242425,254.28,0
16746,19,11,4096.11,372.3736363636363,163,11,27.272727272727273,203.36363636363637,0.17787608242942696,0.07474896914389507,0.0747977959576281,0.17265405470067946,0.45656488717344024,0.043358210594930315,2276.58,1
17043,78,2,324.96999999999997,162.48499999999999,27,2,13.5,178.5,0.1224728436471059,0.15939932916884636,0.06123642182355295,0.30790534510877926,0.13336615687601935,0.21561990337569623,1410.21,0
15796,9,5,1572.77,314.554,59,5,16.8,105.6,0.15698417441838286,0.03376208854441527,0.1368922347196348,0.46265506081626684,0.14370823451617212,0.06599820698512815,1135.8400000000001,0
15089,8,2,1677.23,838.615,102,2,51.0,542.5,0.14828020009181805,0.09043482408494959,0.04251653023139343,0.24693095162857806,0.3487774485312092,0.12306004543205167,743.61,1
12829,236,2,293.0,146.5,9,2,5.5,188.0,0.22781569965870307,0.0,0.326962457337884,0.0,0.15341296928327647,0.29180887372013653,0.0,0
16109,118,2,611.88,305.94,18,2,9.0,306.0,0.3135909001765052,0.04942145518729162,0.01627770151010002,0.17493626201215923,0.24573445773681113,0.20003922337713276,0.0,0
17152,94,3,1689.5,563.1666666666666,9,3,4.666666666666667,172.33333333333334,0.09872743415211602,0.010062148564664102,0.014087007990529744,0.0,0.8632731577389761,0.013850251553714115,0.0,1
13395,85,1,307.72,307.72,21,1,21.0,336.0,0.39360457558819706,0.04874561289483946,0.12966333030027297,0.0,0.2825295723384895,0.14545690887820095,0.0,0
16351,232,1,153.9,153.9,8,1,8.0,90.0,0.10721247563352826,0.0,0.0,0.16569200779727095,0.7270955165692008,0.0,0.0,0
13959,180,2,337.44,168.72,31,2,17.0,99.0,0.11602062588904696,0.0024893314366998577,0.16151019440493125,0.4612671882408725,0.24611782835467044,0.012594831673779042,256.6,0
15041,70,1,179.93,179.93,66,1,66.0,103.0,0.2058022564330573,0.0788084254988051,0.05107541821819596,0.08903462457622408,0.239092980603568,0.3361862946701495,0.0,0
15889,56,2,420.07,210.035,79,2,42.5,103.0,0.20903658913990525,0.08320041897778943,0.17628014378555953,0.15066536529626015,0.2944033137334254,0.08641416906706025,0.0,0
14277,112,1,1629.03,1629.03,71,1,74.0,855.0,0.11943917546024321,0.11863501592972504,0.0677090047451551,0.16576735848940782,0.5159266557399189,0.012522789635549989,2558.97,0
14258,51,7,9386.32,1340.902857142857,52,7,12.428571428571429,774.2857142857143,0.21772323977874186,0.07509652345115019,0.30457943049033065,0.11516760562179854,0.24169003400693775,0.04574316665104109,3283.66,1
16483,92,1,139.35,139.35,19,1,19.0,44.0,0.26264800861141013,0.0,0.0,0.07104413347685684,0.6663078579117331,0.0,0.0,0
15129,6,10,2796.73,279.673,48,10,7.4,162.1,0.098847582712668,0.012657639457509308,0.008045109824688118,0.39170745835314813,0.354986001508905,0.13375620814308137,650.67,1
13782,24,3,484.79,161.59666666666666,59,3,20.0,61.333333333333336,0.27733657872480866,0.08333505229068255,0.1274778770189154,0.15367478702118442,0.3012644650260938,0.05691123991831514,424.07,0
17227,72,3,473.75,157.91666666666666,17,3,7.333333333333333,98.66666666666667,0.19873350923482852,0.0,0.0,0.4360949868073879,0.3563060686015831,0.008865435356200529,465.57000000000005,0
14105,138,1,1266.23,1266.23,74,1,74.0,800.0,0.21571120570512464,0.010614185416551495,0.14855121107539704,0.21109908942293265,0.3290160555349344,0.08500825284505974,0.0,0
17302,22,3,661.61,220.53666666666666,48,3,18.0,115.0,0.32948413718051417,0.04987832711113798,0.22857876997022417,0.05522891129215096,0.21954021251190278,0.1172896419340699,474.02,0
12372,112,2,914.9200000000001,457.46000000000004,32,2,19.5,296.0,0.014755388449263322,0.0,0.0,0.1409959340707384,0.657347090455996,0.18690158702400209,383.12,0
13186,28,1,988.34,988.34,51,1,51.0,360.0,0.48074549244187226,0.035817633607867744,0.19305097436104984,0.1861201610781715,0.07401299148066455,0.03025274703037416,587.5500000000001,0
14323,14,2,605.0600000000001,302.53000000000003,32,2,18.0,175.0,0.15023303474035632,0.0,0.0,0.40987670644233626,0.3581793541136416,0.08171090470366574,0.0,0
15070,272,1,106.2,106.2,1,1,1.0,36.0,0.0,0.0,0.0,0.0,0.0,1.0,0.0,0
15901,54,1,110.49,110.49,24,1,24.0,209.0,0.15340754819440675,0.0,0.0,0.23386731830934931,0.19549280477871303,0.41723232871753096,241.24,0
17752,259,1,80.64,80.64,1,1,1.0,192.0,0.0,0.0,0.0,0.0,1.0,0.0,0.0,0
17809,29,8,2856.71,357.08875,33,8,4.375,92.875,0.06589748346874551,0.15026026443006116,0.3466400159624183,0.34865282090236677,0.06016011425730998,0.028389300979098336,2555.2,1
17572,138,2,152.20000000000002,76.10000000000001,7,2,4.0,28.0,0.171484888304862,0.0,0.24704336399474375,0.5814717477003942,0.0,0.0,74.55,0
16771,175,3,1651.75,550.5833333333334,154,3,58.333333333333336,350.0,0.3472498864840321,0.06596034508854245,0.14508248827001663,0.08999545936128349,0.22909641289541396,0.12261540790071136,590.86,1
15860,24,5,654.28,130.856,62,5,15.8,54.6,0.27312465611053377,0.027052638014305807,0.04845020480528214,0.18424833404658558,0.38955798740600356,0.07756617961728923,310.88,0
15561,49,3,449.66999999999996,149.89,16,3,5.333333333333333,31.666666666666668,0.44699446260591097,0.0,0.0,0.0,0.5307670069161831,0.022238530477906023,350.92,0
15729,112,1,85.0,85.0,5,1,5.0,28.0,0.35294117647058826,0.0,0.0,0.0,0.6470588235294118,0.0,0.0,0
16316,57,7,2212.81,316.11571428571426,103,7,16.428571428571427,169.28571428571428,0.13758976143455606,0.04729280869121163,0.06003226666546157,0.4881349957746034,0.14336070426290554,0.12358946317126189,726.1,1
15270,17,5,1850.29,370.058,21,5,7.0,203.4,0.1788368309832513,0.15078717390246935,0.46327872928027497,0.03864259116138551,0.07687984045744181,0.09157483421517708,529.2,1
14117,43,1,90.0,90.0,3,1,3.0,72.0,0.0,0.6666666666666666,0.0,0.3333333333333333,0.0,0.0,0.0,0
17114,38,6,601.9399999999999,100.32333333333332,66,6,14.666666666666666,26.0,0.18927135594909794,0.009801641359603949,0.30875170282752434,0.05856065388576935,0.3869987041897864,0.0466159417882181,199.18,0
12957,86,4,1715.29,428.8225,97,4,27.0,312.0,0.34337050877694153,0.042849897101947775,0.037078278308624195,0.2524354482332434,0.21646485433949944,0.10780101323974371,2302.25,1
17409,84,2,771.85,385.925,13,2,6.5,52.5,0.0458638336464339,0.0,0.15274988663600442,0.4055839865258794,0.3728703763684653,0.02293191682321695,0.0,0
16121,115,1,285.94,285.94,60,1,71.0,139.0,0.2555431209344618,0.10456739176050919,0.08515772539693643,0.29359306148142966,0.18217108484297406,0.0789676155836889,568.72,0
14944,44,6,2507.73,417.955,63,6,16.0,230.5,0.49638517703261514,0.1484131066741635,0.1962731235021314,0.03050567644842148,0.0686078644830185,0.05981505185964996,3392.52,1
17155,77,1,143.3,143.3,9,1,9.0,154.0,0.4856943475226796,0.0,0.0,0.09211444521981857,0.4221912072575017,0.0,108.39999999999999,0
15053,56,2,478.6,239.3,28,2,20.0,257.0,0.06895110739657334,0.0,0.03071458420392812,0.050146259924780605,0.5031759297952361,0.3470121186794818,215.35,0
17975,14,11,3950.4500000000003,359.13181818181823,170,11,22.727272727272727,124.0,0.14950448683061424,0.009403991950284143,0.05620119226923515,0.015790606133478463,0.7256869470566644,0.04341277575972357,532.81,1
12929,211,1,117.85,117.85,8,1,8.0,37.0,0.15146372507424694,0.0,0.0,0.1731014000848536,0.6754348748408995,0.0,0.0,0
14078,1,6,1049.37,174.89499999999998,46,6,10.833333333333334,51.666666666666664,0.05392759465202932,0.0,0.0,0.7044321831193955,0.18417717297044897,0.057463049258126314,0.0,0
15831,24,2,451.11,225.555,22,2,11.5,343.5,0.4868657311963822,0.0,0.17722950056527229,0.04834740972268404,0.28755735851566133,0.0,343.53,0
13649,156,2,346.6,173.3,23,2,11.5,69.5,0.30135603000577027,0.24062319676860935,0.09521061742642815,0.13300634737449507,0.15478938257357186,0.07501442585112521,0.0,0
16638,6,8,1429.71,178.71375,78,8,9.875,126.25,0.3298431150373152,0.04196655265753194,0.05588545928894671,0.12625637367018488,0.38309867035972334,0.06294982898629792,251.01000000000002,0
14790,19,2,364.04,182.02,22,2,14.0,192.0,0.11399846170750466,0.33144709372596415,0.019118778156246564,0.04532468959455005,0.3500164817053071,0.14009449511042743,381.02,0
12528,14,4,1287.37,321.8425,46,4,16.25,125.75,0.2625896206995658,0.0,0.06455020701119336,0.19633050327411702,0.2532682911672635,0.2232613778478604,646.11,0
17754,42,2,575.06,287.53,38,2,20.5,422.0,0.034413800299099226,0.0,0.017998121935102425,0.39188954196083886,0.28890898341042676,0.2667895523945327,1089.59,0
14517,41,1,252.45,252.45,14,1,14.0,73.0,0.16874628639334524,0.12358882947118241,0.28678946326005156,0.10001980590215885,0.32085561497326204,0.0,78.0,0
14351,64,1,51.0,51.0,1,1,1.0,12.0,1.0,0.0,0.0,0.0,0.0,0.0,0.0,0
15777,141,4,1047.11,261.7775,18,4,5.25,94.5,0.06824497903754143,0.15585755078263028,0.12267097057615724,0.47086743513097956,0.1534222765516517,0.028936787921039823,0.0,0
14481,64,2,636.51,318.255,25,2,15.0,244.5,0.20337465240137628,0.11914973841730689,0.14233869067257388,0.024508648725078946,0.12867040580666447,0.38195786397699955,0.0,0
14453,90,1,119.93,119.93,22,1,22.0,49.0,0.3564579337947136,0.2994246643875594,0.10189277078295672,0.041274076544651046,0.11840240140081713,0.08254815308930209,0.0,0
12477,139,2,4576.97,2288.485,97,2,54.5,683.5,0.1684957515561605,0.004326006069517606,0.2233136769522195,0.41676480291546586,0.16252018256619555,0.024579579940440948,4385.71,1
16403,212,1,177.5,177.5,10,1,10.0,114.0,0.29577464788732394,0.0,0.0,0.10985915492957747,0.5357746478873239,0.05859154929577465,0.0,0
13510,83,1,585.3199999999999,585.3199999999999,38,1,38.0,421.0,0.0796145698079683,0.02135583954076403,0.13582313947925923,0.17084671632611223,0.3476730677236384,0.24468666712225792,1206.24,0
14132,13,5,1552.46,310.492,48,5,17.4,284.0,0.05835899153601381,0.0,0.05101580717055511,0.0,0.5222807672983523,0.36834443399507877,2033.57,0
12560,12,2,1436.31,718.155,77,2,38.5,410.0,0.07943967527901358,0.0,0.14269899951960233,0.3314326294462895,0.2506353085336731,0.1957933872214216,697.7,0
17035,145,2,433.53000000000003,216.76500000000001,27,2,14.0,114.5,0.1993864323114894,0.0715060088113856,0.21728600096879108,0.3670795562014163,0.10829700366756626,0.03644499803935137,0.0,0
15199,135,2,657.15,328.575,3,2,3.0,113.5,0.0,0.0,0.0,0.0,1.0,0.0,611.55,0
13917,91,1,65.38,65.38,5,1,5.0,38.0,0.42673600489446323,0.0,0.0,0.23401651881309268,0.30437442643010093,0.03487304986234323,206.66,0
16567,94,2,865.6,432.8,34,2,17.5,498.0,0.3187615526802218,0.01802218114602588,0.08664510166358595,0.15753234750462108,0.3486136783733826,0.07042513863216265,0.0,0
12853,34,6,1957.1000000000001,326.18333333333334,66,6,13.0,133.33333333333334,0.2129170711767411,0.007664401410249859,0.25951663175106027,0.15155076388534056,0.19436921976393642,0.1739819120126718,0.0,1
13001,58,11,8582.57,780.2336363636364,154,11,27.181818181818183,442.1818181818182,0.43225630551221844,0.17534258386473983,0.032332972524546845,0.08848398556609502,0.18353826417961056,0.08804588835278943,1203.3999999999999,1
12593,8,3,418.09999999999997,139.36666666666665,14,3,7.0,68.66666666666667,0.3169098301841665,0.09471418320975843,0.0,0.0,0.5022721836881129,0.08610380291796221,0.0,0
14651,111,1,415.47,415.47,59,1,59.0,185.0,0.3554769297422196,0.026235347919224012,0.038269911184923094,0.15762870965412662,0.3230558163044263,0.09933328519508026,238.28,0
17157,76,1,161.46,161.46,8,1,8.0,102.0,0.0,0.0,0.2787068004459309,0.04310665180230397,0.5555555555555556,0.12263099219620957,157.54000000000002,0
16191,162,8,2615.68,326.96,25,8,5.875,201.5,0.3573831661365305,0.038903841448495236,0.20644727183753367,0.27741160998287256,0.11985411059456814,0.0,2564.84,1
13075,29,1,919.61,919.61,22,1,22.0,485.0,0.2754754732984635,0.04306173269103206,0.0,0.1789889192157545,0.27020149846130426,0.2322723763334457,0.0,0
13187,236,1,236.02,236.02,37,1,37.0,95.0,0.4059825438522159,0.03177696805355478,0.07520549106007965,0.11100754173375137,0.3349292432844674,0.041098212015930856,0.0,0
14466,15,5,1580.45,316.09000000000003,28,5,9.6,119.4,0.13163972286374134,0.02505615489259388,0.0,0.5582270872219938,0.22148755101395173,0.06358948400771931,691.95,0
18041,3,16,2998.11,187.381875,227,16,21.5,169.75,0.1692866505898716,0.007571436671769883,0.08265874167392123,0.206126526378285,0.24614507139497885,0.2882115732911734,1099.26,1
15749,135,3,44534.3,14844.766666666668,5,3,3.3333333333333335,6009.333333333333,0.15897858504568388,0.2145200441008391,0.33282211688518737,0.0,0.2936792539682896,0.0,0.0,1
14467,212,1,131.7,131.7,15,1,15.0,37.0,0.12186788154897496,0.0,0.6195899772209568,0.0,0.16856492027334852,0.08997722095671984,464.56,0
16861,58,1,70.80000000000001,70.80000000000001,2,1,2.0,24.0,0.0,0.0,0.0,0.0,0.0,1.0,102.96,0
17140,147,1,454.12,454.12,16,1,18.0,296.0,0.055535981678851404,0.0,0.0,0.056592971020875536,0.13014181273672157,0.7577292345635516,0.0,0
17873,84,4,1576.92,394.23,23,4,9.0,228.75,0.7810732313624027,0.0,0.07476599954341374,0.0,0.08328260152702735,0.06087816756715623,272.04,0
14727,174,1,268.58,268.58,10,1,10.0,62.0,0.7076103954129124,0.05584928140591258,0.0,0.12242162484176036,0.05529078859185346,0.058827909747561254,0.0,0
14514,101,2,403.11,201.555,36,2,19.5,86.5,0.5526035077274193,0.0,0.0,0.10530624395326338,0.26915730197712784,0.07293294634218947,587.09,0
15059,7,7,1008.6,144.0857142857143,127,7,26.142857142857142,57.857142857142854,0.4387368629783859,0.08224271267102914,0.1272952607574856,0.1285841760856633,0.17996232401348403,0.04317866349395201,329.12,0
17664,112,1,326.19,326.19,23,1,23.0,409.0,0.15451117446886783,0.03832122382660413,0.03090223489377357,0.08599282626689968,0.18737545602256356,0.5028970845212912,278.45,0
12798,70,1,1607.04,1607.04,6,1,6.0,2256.0,0.0,0.3207885304659498,0.043010752688172046,0.0,0.37813620071684584,0.25806451612903225,5370.0,0
13178,33,8,4391.7300000000005,548.9662500000001,81,8,25.625,324.875,0.19186061073882044,0.002841704749608924,0.010838553371905832,0.19976182506665938,0.5347892516161057,0.05990805445689967,1333.74,1
14959,9,3,537.32,179.10666666666668,33,3,17.0,133.33333333333334,0.667646839871957,0.11910965532643489,0.0,0.027916325467133178,0.1853271793344748,0.0,158.1,0
14501,83,2,251.21,125.605,9,2,5.0,80.5,0.4379602722821544,0.0,0.0,0.23884399506389076,0.32319573265395485,0.0,0.0,0
13552,23,9,2762.91,306.99,61,9,8.444444444444445,113.77777777777777,0.2170103260692531,0.0,0.1619234792302319,0.1149005939389991,0.4222323564647419,0.08393324429677405,977.1600000000001,1
15940,211,1,35.8,35.8,1,1,1.0,4.0,0.0,0.0,0.0,0.0,0.0,1.0,0.0,0
15903,127,2,641.6400000000001,320.82000000000005,19,2,13.0,338.0,0.0,0.0,0.09425846268935852,0.0,0.37030110342247985,0.5354404338881615,4485.12,0
17930,61,2,694.14,347.07,19,2,10.0,260.5,0.09283429855648716,0.0,0.5113665831100355,0.0,0.15498314461059726,0.2408159737228801,1046.34,0
15753,204,1,79.2,79.2,1,1,1.0,144.0,0.0,1.0,0.0,0.0,0.0,0.0,0.0,0
16706,14,1,291.53,291.53,70,1,70.0,165.0,0.279490961479093,0.040819126676499846,0.005659794875313004,0.04836551984358385,0.5385380578328132,0.08712653929269715,239.82,0
17621,212,2,901.78,450.89,15,2,7.5,155.0,0.31670695735101684,0.0,0.03526358978908382,0.17398922131783806,0.030805739759143032,0.4432344917829183,478.12,0
14211,107,5,909.89,181.978,44,5,9.6,99.4,0.22865401312246533,0.12693842112782863,0.28201211135411974,0.1859565441976503,0.17089977909417622,0.005539131103759795,1331.21,0
12540,7,10,8786.869999999999,878.6869999999999,197,10,29.8,419.0,0.17098124815776267,0.023000226474273553,0.022692949821722642,0.16108921606897567,0.34177244001561424,0.28046391946165133,4613.37,1
14149,120,1,446.62,446.62,28,1,28.0,218.0,0.25731046527249113,0.0,0.043661278043974745,0.26492320093144056,0.4236263490215396,0.010478706730553938,0.0,0
15227,115,3,876.8199999999999,292.2733333333333,36,3,14.333333333333334,196.33333333333334,0.2887707853379257,0.11509773955886042,0.03626742090736982,0.12985561460733105,0.38012362856686666,0.0498848110216464,342.58,0
12815,47,2,1063.46,531.73,38,2,23.5,189.5,0.05674872585710794,0.02990239407217949,0.04569988528012337,0.43067910405657006,0.2489045192108777,0.18806537152314143,0.0,0
15945,265,1,181.0,181.0,2,1,2.0,52.0,0.0,0.0,0.9248618784530387,0.0,0.0,0.07513812154696133,0.0,0
14649,112,2,582.12,291.06,48,2,24.0,174.5,0.2728475228475229,0.20992235277949564,0.013656977942692229,0.03856593142307428,0.4048134405277263,0.06019377447948877,820.47,0
16950,24,2,778.41,389.205,26,2,13.5,168.5,0.3745840880769774,0.16495163217327627,0.16418083015377502,0.12134993127015326,0.1446409989594173,0.03029251936640074,400.15,0
14048,205,1,409.93,409.93,83,1,85.0,288.0,0.37774742029126923,0.08830775986143977,0.01792989046910448,0.0030493011001878367,0.3281535871978143,0.18481204108018442,0.0,0
14820,73,1,139.77,139.77,8,1,8.0,87.0,0.4689847606782572,0.22408242112041207,0.0,0.18244258424554624,0.12449023395578449,0.0,367.52,0
14890,153,1,125.65,125.65,7,1,7.0,51.0,0.639474731396737,0.0,0.0,0.20294468762435336,0.0,0.15758058097890965,0.0,0
15502,23,5,5955.53,1191.106,148,5,34.4,752.2,0.170261924631393,0.08663880460681082,0.1799587945993052,0.13369926773939517,0.397806744319985,0.031634464103110896,4429.4,1
15825,72,1,532.94,532.94,20,1,20.0,220.0,0.08691409914812172,0.02814575749615341,0.13960295718092092,0.4690959582692235,0.13994070627087477,0.13630052163470557,0.0,0
12599,26,6,857.04,142.84,25,6,8.0,124.83333333333333,0.14235041538317933,0.0,0.0,0.2461962102118921,0.11159339120694484,0.49985998319798375,175.54000000000002,0
12845,167,4,354.09,88.5225,26,4,6.75,51.0,0.003530175943969048,0.0,0.6136857860995792,0.3127453472281059,0.062272303651614,0.007766387076731905,0.0,0
16163,132,2,856.6,428.3,5,2,3.0,96.0,0.7033621293485874,0.0,0.0,0.0,0.29663787065141256,0.0,0.0,0
17400,26,5,2097.84,419.56800000000004,175,5,41.2,217.6,0.2031470464859093,0.027900125843724973,0.164974449910384,0.1551595927239446,0.33274224917057543,0.1160765358654616,0.0,1
16545,64,1,339.3,339.3,3,1,3.0,78.0,0.07427055702917773,0.7002652519893899,0.0,0.22546419098143236,0.0,0.0,0.0,0
16497,103,5,1550.7,310.14,82,5,17.4,157.8,0.29961952666537695,0.052105500741600565,0.10421100148320113,0.22115818662539496,0.29040433352679434,0.03250145095763204,1414.99,0
16764,26,3,522.0600000000001,174.02,102,3,48.333333333333336,84.0,0.3270122208175305,0.0904110638623913,0.07932038463011915,0.21704401792897365,0.24071945753361682,0.0454928552273685,2268.89,0
14633,166,1,344.90000000000003,344.90000000000003,20,1,20.0,96.0,0.14569440417512322,0.062626848361844,0.2365903160336329,0.08654682516671498,0.46854160626268476,0.0,0.0,0
17058,99,2,819.66,409.83,42,2,24.5,227.5,0.3727277163702023,0.05331478905887808,0.05331478905887808,0.020740306956542956,0.3552692579850182,0.14463314057048046,360.23,0
13329,266,1,304.2,304.2,7,1,7.0,175.0,0.08678500986193295,0.0,0.0,0.5305719921104536,0.20808678500986194,0.17455621301775148,484.79999999999995,0
16187,13,10,4601.32,460.13199999999995,130,10,20.5,338.1,0.2549659662879348,0.09577686403032173,0.012909339059226484,0.14730772908643608,0.36667521493832206,0.1223648865977589,2310.12,1
17449,134,3,1322.69,440.8966666666667,118,3,56.333333333333336,202.0,0.45909472363138754,0.09665908111500049,0.11401008550756414,0.1088614868185289,0.18293024064595634,0.03844438228156257,1196.52,0
17551,259,1,290.34,290.34,39,1,39.0,142.0,0.3847213611627747,0.13208651925328926,0.14379692773989117,0.07301784115175312,0.16429014259144453,0.10208720810084729,0.0,0
14621,56,3,1002.91,334.30333333333334,45,3,15.666666666666666,136.66666666666666,0.23132683889880448,0.08754524334187515,0.0694479065918178,0.1523566421712816,0.2794468097835299,0.17987655921269108,785.45,0
15405,89,1,349.1,349.1,8,1,8.0,193.0,0.17530793468920078,0.32128329991406473,0.0,0.0,0.4588942996276138,0.04451446576912059,0.0,0
15197,152,2,773.25,386.625,15,2,7.5,101.0,0.0,0.17730358874878757,0.0504364694471387,0.03957322987390882,0.6896993210475267,0.04298739088263822,306.36,0
16709,99,4,1984.5900000000001,496.14750000000004,42,4,12.5,130.25,0.11667397296166966,0.09142442519613622,0.15242443023496036,0.15312986561456018,0.48634730599267356,0.0,1045.28,1
13821,44,2,385.64,192.82,51,2,29.5,76.5,0.07444767140338139,0.029820558033399027,0.12641323514158284,0.22157971164816928,0.5477388237734675,0.0,0.0,0
15069,79,1,1109.53,1109.53,70,1,70.0,520.0,0.19481221778590938,0.011266031562914027,0.06083657043973575,0.09144412498986058,0.455345957297234,0.18629509792434634,0.0,0
12787,92,1,158.1,158.1,8,1,8.0,65.0,0.0,0.0,0.0,0.19481340923466162,0.13156230234029095,0.6736242884250475,305.56,0
13453,65,2,356.97999999999996,178.48999999999998,16,2,8.5,67.0,0.46019384839486804,0.0,0.2876911871813547,0.0,0.2521149644237773,0.0,0.0,0
14162,73,2,289.36,144.68,25,2,12.5,71.0,0.3127591927011335,0.0,0.0891622891899364,0.1615634503732375,0.26389272878075754,0.172622338954935,0.0,0
12821,114,1,92.72,92.72,6,1,6.0,70.0,0.8166522864538395,0.0,0.0,0.0,0.18334771354616047,0.0,0.0,0
14667,13,17,5428.66,319.33294117647057,265,17,22.58823529411765,182.52941176470588,0.3301385608971643,0.03149027568497567,0.09261401524501442,0.16829014895020136,0.2482214763864379,0.12924552283620636,3746.38,1
16716,166,2,901.2,450.6,1,2,1.0,60.0,0.0,0.0,0.0,0.0,1.0,0.0,0.0,0
12841,6,17,2829.91,166.46529411764706,167,17,17.235294117647058,106.17647058823529,0.3520076610210219,0.12774964574845135,0.0406585368439279,0.06830252552201307,0.21588672431278735,0.1953949065517985,1161.67,1
15258,68,2,623.16,311.58,32,2,17.0,71.0,0.07502086141600874,0.0,0.20749085307144235,0.466734065087618,0.1936260350471789,0.057128185377752105,0.0,0
16549,24,2,780.36,390.18,131,2,71.0,256.5,0.497129529960531,0.097813829514583,0.043787482700292174,0.1227766671792506,0.1572735660464401,0.08121892459890308,3254.54,0
16098,28,6,1712.49,285.415,31,6,9.0,83.5,0.008128514619063467,0.01503658415523594,0.29226448037652775,0.19281864419646244,0.45759099323207725,0.03416078342063311,293.14,1
15186,68,1,229.26,229.26,10,1,10.0,162.0,0.39413766029835123,0.1544098403559278,0.204571229172119,0.0,0.10293989357061852,0.1439413766029835,182.15,0
12447,143,1,476.49,476.49,26,1,26.0,190.0,0.06421960586790908,0.0,0.0,0.4283195869797897,0.41302021028772895,0.09444059686457218,0.0,0
16727,264,1,256.32,256.32,41,1,44.0,167.0,0.14883739076154806,0.2789481897627965,0.06846910112359551,0.10287921348314608,0.09051186017478154,0.3103542446941323,0.0,0
13911,44,8,2437.63,304.70375,120,8,18.0,273.625,0.2947124871288916,0.1965351591504863,0.07853119628491609,0.1510278426176245,0.23498644174874772,0.044206873069333734,143.28,1
15578,62,1,127.1,127.1,13,1,13.0,52.0,0.2710464201416208,0.0,0.07907159716758459,0.2840283241542093,0.33988985051140835,0.025963808025177025,0.0,0
17569,232,1,344.14,344.14,29,1,29.0,159.0,0.5257162782588483,0.03905387342360667,0.010896728075783112,0.0,0.4243331202417621,0.0,0.0,0
16053,22,1,1124.19,1124.19,62,1,62.0,1003.0,0.20837225024239675,0.028731798005675192,0.0,0.39139291400919773,0.32480274686663285,0.04670029087609746,387.76,0
14995,180,1,119.31,119.31,37,1,37.0,51.0,0.41480177688374825,0.04567932277260917,0.4065040650406504,0.03184980303411281,0.07266784008046266,0.028497192188416728,112.67,0
12720,24,15,3314.5,220.96666666666667,159,15,14.4,183.13333333333333,0.13388746417257505,0.0059737516970885494,0.049980389198974205,0.307642178307437,0.2972756071805702,0.20524060944335495,2467.23,1
13207,50,1,197.52000000000004,197.52000000000004,5,1,5.0,72.0,0.0,0.10085054678007288,0.0,0.0,0.36148238153098416,0.5376670716889429,52.739999999999995,0
14963,83,1,294.2,294.2,37,1,38.0,167.0,0.19221617946974848,0.0,0.053976886471787895,0.10129163834126444,0.5216519374575119,0.13086335825968728,1178.14,0
15260,42,6,1615.6200000000001,269.27000000000004,58,6,11.166666666666666,135.33333333333334,0.3104938042361446,0.2637377601168592,0.012626731533405131,0.11856129535410555,0.21628229410381153,0.07829811465567399,0.0,0
15462,43,2,169.8,84.9,7,2,3.5,62.0,0.08833922261484098,0.11660777385159009,0.0,0.7067137809187278,0.08833922261484098,0.0,64.8,0
15021,56,5,1080.23,216.046,204,5,52.2,101.0,0.39356433352156484,0.04615683696990456,0.2110569045481055,0.07491923016394657,0.2095664812123344,0.06473621358414412,791.54,0
14111,6,2,247.2,123.6,3,2,1.5,92.0,0.6189320388349515,0.32038834951456313,0.0,0.06067961165048544,0.0,0.0,445.65,0
13811,83,3,814.5,271.5,7,3,4.333333333333333,22.666666666666668,0.0,0.0,0.638121546961326,0.0,0.27348066298342544,0.08839779005524862,0.0,0
17601,138,1,116.00999999999999,116.00999999999999,9,1,9.0,103.0,0.3749676752004138,0.0,0.0,0.018101887768295837,0.3483320403413499,0.25859839668994056,0.0,0
12988,192,1,505.82,505.82,75,1,83.0,126.0,0.30370487525206596,0.0024712348266181646,0.06820608121466135,0.08728401407615358,0.5156972836186786,0.022636511011822385,0.0,0
15058,24,7,1234.76,176.3942857142857,131,7,24.0,86.71428571428571,0.2928909261718876,0.01587353007871975,0.1161359292494088,0.08681849104279374,0.43231073245003077,0.05597039100715929,867.78,0
18074,273,1,489.6,489.6,13,1,13.0,190.0,0.6003880718954248,0.06372549019607844,0.0,0.0,0.30361519607843135,0.03227124183006536,0.0,0
16723,7,1,411.4,411.4,36,1,41.0,397.0,0.14496840058337385,0.0,0.20374331550802138,0.18303354399611085,0.26456003889158974,0.20369470102090423,165.0,0
14001,132,2,1309.14,654.57,21,2,12.0,316.0,0.10373222115281788,0.13489771911331103,0.015200818858181704,0.2768993384970286,0.35420199520295764,0.11506790717570313,733.94,0
14657,54,3,638.94,212.98000000000002,83,3,31.0,113.0,0.3458697217266097,0.04659279431558519,0.030675806805020814,0.21340031927880548,0.29929257833286377,0.06416877954111497,209.28,0
16425,202,1,302.7,302.7,21,1,21.0,199.0,0.09613478691774033,0.0,0.3676907829534192,0.25371655104063434,0.17839444995044598,0.10406342913776016,0.0,0
13659,105,2,1563.0,781.5,92,2,51.5,441.0,0.37721049264235446,0.09372360844529751,0.07843889955214332,0.1010556621880998,0.2878438899552143,0.0617274472168906,0.0,0
12507,34,3,1304.81,434.93666666666667,19,3,7.0,298.0,0.2331373916508917,0.015450525363846078,0.0,0.5267816770257739,0.019543075237007688,0.2050873307224807,0.0,0
17324,231,2,702.23,351.115,17,2,8.5,303.0,0.007262577787904247,0.0,0.0,0.9416857724677099,0.0013528331173547127,0.049698816627031024,284.25,0
13869,23,4,3083.65,770.9125,234,4,76.0,427.25,0.2818088953026446,0.07056248277203962,0.11588215264378254,0.07337084299450326,0.34436138991130644,0.11401423637572357,0.0,1
13950,146,1,179.30999999999997,179.30999999999997,7,1,7.0,81.0,0.5671741676426301,0.0,0.0,0.0,0.43282583235737,0.0,565.75,0
15206,45,2,53.10000000000001,26.550000000000004,3,2,1.5,9.0,0.0,0.0,0.0,1.0,0.0,0.0,367.2,0
13246,76,5,1838.51,367.702,89,5,22.4,306.6,0.38094979086325337,0.052270588683227176,0.022926173912570506,0.0834697662781274,0.38075941931237794,0.07962426095044356,123.01,1
14544,261,1,1101.77,1101.77,53,1,54.0,836.0,0.48211514199878375,0.0,0.059858228123837086,0.12203091389309931,0.2871198162955971,0.048875899688682764,902.53,0
15909,73,1,191.94,191.94,7,1,7.0,98.0,0.026570803376055014,0.0,0.0,0.9471709909346671,0.0,0.0262582056892779,0.0,0
13468,7,27,4255.53,157.61222222222221,151,27,8.407407407407407,66.85185185185185,0.2632574555930754,0.15821766031493142,0.15582547884752312,0.18378204359973965,0.20065185770045096,0.038265503944279564,1449.44,1
14561,62,2,566.99,283.495,35,2,18.0,187.5,0.6170655567117586,0.20635284572920157,0.15039065944725655,0.026190938111783277,0.0,0.0,513.77,0
12649,7,3,623.51,207.83666666666667,28,3,10.333333333333334,195.33333333333334,0.0202081762922808,0.12355856361565973,0.0,0.14169780757325462,0.4056069670093503,0.30892848550945456,0.0,0
16043,111,3,676.49,225.49666666666667,22,3,10.333333333333334,114.0,0.2851483392215702,0.3064346849177372,0.0,0.18536859377078746,0.20797055388845362,0.015077828201451609,97.5,0
14911,5,106,74381.01,701.7076415094339,1190,106,25.962264150943398,371.92452830188677,0.2072303132210762,0.035654127310183074,0.08045763293614863,0.21078027846085987,0.3721734889052999,0.0937041591664324,69330.16,1
15374,28,1,168.0,168.0,3,1,3.0,126.0,0.15000000000000002,0.0,0.0,0.5464285714285714,0.30357142857142855,0.0,0.0,0
13989,139,1,896.6700000000001,896.6700000000001,23,1,23.0,869.0,0.31778692272519427,0.3045936632205828,0.0436057858520972,0.18702532704339386,0.11174679648031048,0.03524150467842127,369.40999999999997,0
18077,3,7,1622.34,231.76285714285714,82,7,21.428571428571427,181.71428571428572,0.23638078331299237,0.03893142004758559,0.07556369195113231,0.22973606025863877,0.28610525537187026,0.13328278905778074,962.0699999999999,0
16872,5,2,464.68000000000006,232.34000000000003,3,2,2.0,227.0,0.0,0.4707755875010759,0.0,0.5292244124989239,0.0,0.0,215.34000000000003,0
16739,76,1,323.0,323.0,13,1,13.0,172.0,0.36826625386996903,0.36656346749226004,0.0,0.20386996904024765,0.0,0.06130030959752321,0.0,0
17076,173,2,334.2,167.1,11,2,7.0,56.0,0.23518850987432674,0.0,0.07719928186714542,0.3231597845601436,0.3644524236983842,0.0,506.88,0
14567,30,1,800.76,800.76,13,1,13.0,172.0,0.19106848493930767,0.04420800239772217,0.0,0.6755582196912934,0.0,0.08916529297167691,729.6,0
16419,12,6,958.71,159.785,36,6,8.333333333333334,71.33333333333333,0.39289253267411417,0.029007729136026537,0.031657122591816085,0.39850424007259755,0.09787109762076122,0.05006727790468442,0.0,0
13398,92,1,457.34,457.34,26,1,26.0,281.0,0.1747496392180872,0.05029081208728736,0.11789915598897976,0.2533126339266192,0.3279835570910045,0.07576420168802205,0.0,0
15249,7,10,5357.03,535.703,178,10,27.8,292.2,0.23585270196358804,0.02413650847577856,0.0954876116056845,0.3014244833424491,0.2282925426962328,0.11480615191626704,1331.43,1
12594,21,8,2529.9,316.2375,46,8,11.625,180.0,0.09367959207873829,0.095956361911538,0.08378987311751451,0.12475196648088857,0.48497964346416855,0.11684256294715206,808.32,1
18143,16,2,1000.16,500.08,59,2,30.5,285.0,0.34121540553511437,0.0,0.09538473844184932,0.1517857142857143,0.30639097744360905,0.10522316429371302,0.0,0
16581,82,1,105.84,105.84,9,1,9.0,134.0,0.09637188208616779,0.0,0.0,0.0,0.0,0.9036281179138321,0.0,0
15550,6,3,433.28,144.42666666666665,36,3,16.333333333333332,84.0,0.2886124446085672,0.23402880354505173,0.1027049483013294,0.03877400295420975,0.335879800590842,0.0,142.35,0
16115,17,5,924.59,184.918,125,5,33.2,118.4,0.23097805513795303,0.08793086665440898,0.08398317091900194,0.3373927903178706,0.162158362084816,0.09755675488594945,736.29,0
13629,36,7,4897.36,699.6228571428571,27,7,6.428571428571429,396.0,0.09447130698988844,0.0,0.0025728147410033165,0.3507195713608965,0.5481933123152065,0.00404299459300521,2895.0,1
15237,103,2,1093.65,546.825,74,2,38.0,399.0,0.31193709139121284,0.050802359072829505,0.14295249851414984,0.20377634526585287,0.0861518767430165,0.20437982901293833,318.67,0
15815,40,4,1874.7,468.675,24,4,10.0,378.5,0.0,0.0,0.00880140822531605,0.016962714034245478,0.639408972102203,0.3348269056382355,225.9,1
17738,48,3,1571.49,523.83,72,3,25.666666666666668,237.0,0.22541027941635006,0.07165174452271411,0.06344297450190584,0.2926267427727825,0.30490171747831674,0.04196654130793069,307.56,0
12380,85,1,607.5500000000001,607.5500000000001,36,1,36.0,293.0,0.16591227059501273,0.0,0.05086001152168545,0.3118261871450909,0.39733355279400867,0.07406797794420211,2117.26,0
16519,265,1,103.7,103.7,5,1,5.0,24.0,0.14754098360655737,0.0,0.0,0.16393442622950818,0.6065573770491803,0.08196721311475409,111.38,0
12604,161,1,178.5,178.5,10,1,10.0,137.0,0.25546218487394956,0.0,0.0,0.39831932773109247,0.14789915966386555,0.19831932773109243,75.68,0
13859,226,1,201.16,201.16,27,1,28.0,129.0,0.3884967190296282,0.04399482998608074,0.0,0.024855836150328096,0.3649333863591171,0.1777192284748459,0.0,0
18221,15,3,706.86,235.62,40,3,14.0,148.66666666666666,0.43623914212149506,0.053475935828877,0.0,0.12668703845174434,0.2511529864471041,0.1324448971507795,334.75,0
13934,163,1,922.1,922.1,31,1,31.0,390.0,0.1744387810432708,0.0,0.04294545060188699,0.14640494523370567,0.4573798937208546,0.17883092940028197,0.0,0
15437,162,1,200.16,200.16,44,1,45.0,79.0,0.23171462829736214,0.10616506794564348,0.05695443645083933,0.19559352517985612,0.35536570743405277,0.05420663469224621,0.0,0
14502,49,7,1163.22,166.17428571428573,201,7,39.57142857142857,76.0,0.4106359931913137,0.060306734753529004,0.06153608087893949,0.18700675710527673,0.22644039820498268,0.054074035865958284,1266.61,0
16792,182,2,110.38000000000001,55.190000000000005,11,2,6.0,22.0,0.30712085522739624,0.08017756840007248,0.0901431418735278,0.23781482152563868,0.03424533429969197,0.25049827867367275,0.0,0
13106,33,1,76.5,76.5,1,1,1.0,18.0,0.0,0.0,0.0,0.0,1.0,0.0,0.0,0
18165,77,1,302.46000000000004,302.46000000000004,10,1,10.0,254.0,0.4076572108708589,0.09918666931164451,0.016663360444356276,0.4126165443364412,0.0,0.06387621503669906,0.0,0
13666,187,2,64.05,32.025,8,2,4.0,18.5,0.07728337236533958,0.3185011709601873,0.03278688524590164,0.03278688524590164,0.40046838407494145,0.13817330210772835,20.6,0
13973,187,1,264.7,264.7,11,1,11.0,109.0,0.2839063090290896,0.0,0.0,0.13279183981866266,0.5436343029845108,0.039667548167737064,0.0,0
18227,117,1,93.75,93.75,5,1,5.0,21.0,0.432,0.0,0.16,0.0,0.408,0.0,0.0,0
16495,176,2,246.51,123.255,32,2,16.5,83.0,0.030830392276175407,0.030424729219909945,0.14340189038984222,0.1935418441442538,0.16814733682203564,0.433653807147783,401.75,0
12864,38,1,147.12,147.12,3,1,3.0,216.0,0.0,0.8817292006525285,0.11827079934747144,0.0,0.0,0.0,0.0,0
14745,12,5,1220.26,244.052,46,5,13.8,207.6,0.215003359939685,0.1381017160277318,0.0,0.14365790897021946,0.34683592021372495,0.15640109484863882,0.0,0
13283,85,1,25.5,25.5,2,1,2.0,30.0,0.3333333333333333,0.0,0.0,0.6666666666666666,0.0,0.0,68.16,0
16265,10,7,4062.02,580.2885714285715,132,7,27.714285714285715,267.2857142857143,0.11673994711990586,0.0550095765161176,0.1001102899542592,0.26580863708204294,0.38298678982378226,0.07934475950389215,1384.98,1
15494,21,1,1119.88,1119.88,87,1,87.0,1071.0,0.06281030110368968,0.1858413401435868,0.06962353109261706,0.12887987998714148,0.3744865521305854,0.17835839554237953,160.7,0
12852,194,1,311.55,311.55,17,1,17.0,149.0,0.3071738083774675,0.0,0.0,0.3452094366875301,0.23591718825228694,0.11169956668271544,0.0,0
12823,26,4,1224.0,306.0,1,4,1.0,40.0,0.0,0.0,1.0,0.0,0.0,0.0,535.5,0
13562,41,2,1209.73,604.865,44,2,26.5,263.5,0.23831764112653236,0.10018764517702297,0.19715143048448827,0.04986236598249196,0.34400238069651906,0.07047853653294538,589.6,0
12854,141,2,810.37,405.185,71,2,38.0,211.0,0.5649888322618063,0.04004343694855437,0.030850105507360837,0.06712982958401717,0.2212816367831978,0.07570615891506349,505.88,0
16919,56,11,2592.25,235.6590909090909,141,11,29.636363636363637,127.54545454545455,0.31718777124119973,0.01606326550294146,0.4860102227794388,0.0968579419423281,0.068145433503713,0.015735365030379013,0.0,1
16112,43,4,195.73999999999998,48.934999999999995,15,4,4.0,143.5,0.0,0.0,0.0,0.8199652600388271,0.08684990293246143,0.09318483702871158,0.0,0
13657,101,1,152.34,152.34,9,1,9.0,132.0,0.2126821583300512,0.4151240645923592,0.08270972823946436,0.08270972823946436,0.16541945647892872,0.041354864119732174,229.8,0
15443,9,2,684.8,342.4,72,2,37.0,173.5,0.3780519859813084,0.05476051401869159,0.1766209112149533,0.20327102803738323,0.06856016355140188,0.1187353971962617,2528.79,0
16641,5,1,231.10000000000002,231.10000000000002,12,1,12.0,256.0,0.6939852877542189,0.0,0.0,0.13085244482907832,0.17516226741670268,0.0,0.0,0
15632,21,6,2351.84,391.97333333333336,76,6,19.0,217.33333333333334,0.11853697530444246,0.02311381726648071,0.38956731750459217,0.044943533573712495,0.3673294101639567,0.05650894618681543,933.47,1
15144,13,9,2968.94,329.88222222222225,78,9,10.444444444444445,161.11111111111111,0.15679670185318667,0.022230156217370508,0.24342021058020707,0.14312852398499126,0.37487453434559137,0.059549873018653124,3611.5,1
13946,101,2,485.96999999999997,242.98499999999999,9,2,4.5,131.5,0.0,0.33273658867831346,0.01574171245138589,0.008025186739922219,0.10494474967590593,0.5385517624544724,75.6,0
12480,43,3,2144.95,714.9833333333332,97,3,38.0,365.3333333333333,0.16056318329098582,0.006993170003962797,0.015245110608638899,0.2679596260985105,0.3529173174199865,0.1963215925779156,1136.6799999999998,1
17046,57,1,642.02,642.02,22,1,22.0,510.0,0.29724930687517526,0.0,0.0742967508800349,0.4125728170461979,0.06168032148531199,0.15420080371327993,0.0,0
15120,33,1,358.82,358.82,21,1,21.0,296.0,0.3002062315367036,0.07023019898556379,0.11091912379466026,0.0,0.3430689482191628,0.1755754974639095,0.0,0
17278,141,1,246.04,246.04,15,1,15.0,179.0,0.141440416192489,0.0,0.020484474069257033,0.10364168427897903,0.3949764265973013,0.33945699886197367,0.0,0
14050,6,1,485.98,485.98,37,1,37.0,447.0,0.5239927569035763,0.0,0.0,0.13056092843326886,0.09432486933618668,0.2511214453269682,260.38,0
12362,20,4,1747.35,436.8375,89,4,26.25,247.0,0.15519500958594445,0.0,0.008584427847883939,0.1774973531347469,0.49582510658997914,0.16289810284144562,3478.88,1
13881,7,9,6969.14,774.348888888889,46,9,11.222222222222221,529.5555555555555,0.2662796270415001,0.004304691827112097,0.10880108593025825,0.18323638210740492,0.3559506624920722,0.08142755060165242,10190.38,1
13758,101,5,2351.52,470.304,87,5,19.0,298.6,0.25217731509831937,0.1537431108389467,0.0456555759678846,0.15870585833843642,0.2880817513778322,0.10163638837858066,839.03,1
17446,76,2,120.9,60.45,6,2,4.5,99.0,0.0,0.0,0.0,0.2357320099255583,0.5459057071960297,0.21836228287841192,0.0,0
13224,51,1,1212.26,1212.26,42,1,42.0,665.0,0.2453599062907297,0.0,0.5168445712965865,0.058320822265850565,0.1516588850576609,0.02781581508917229,943.69,0
17101,78,1,230.57999999999998,230.57999999999998,17,1,17.0,158.0,0.11579495186052563,0.0,0.0,0.29143897996357016,0.39292219620088475,0.19984387197501952,1391.15,0
13046,166,1,197.72,197.72,14,1,14.0,76.0,0.2962269876593162,0.0,0.0,0.0,0.7037730123406838,0.0,431.59,0
17146,5,3,749.78,249.92666666666665,33,3,11.666666666666666,70.66666666666667,0.18982901651151002,0.06361866147403239,0.21793059297393905,0.07268798847661981,0.4559337405638988,0.0,0.0,0
14688,29,15,3831.37,255.42466666666667,110,15,16.133333333333333,183.2,0.11372955365835198,0.054575778376925226,0.06677768004656298,0.22193888870038656,0.42711875908617547,0.11585934013159783,1747.73,1
14821,266,1,48.800000000000004,48.800000000000004,2,1,2.0,20.0,1.0,0.0,0.0,0.0,0.0,0.0,0.0,0
16806,3,4,762.16,190.54,68,4,23.25,89.0,0.22968930408313212,0.11808544137713867,0.12022409992652461,0.1432376403904692,0.35793009341870474,0.03083342080403065,0.0,0
15174,222,1,135.75,135.75,11,1,11.0,145.0,0.5368692449355432,0.11491712707182321,0.11049723756906077,0.22629834254143646,0.0,0.01141804788213628,0.0,0
15012,273,1,188.56,188.56,46,1,52.0,84.0,0.255674586338566,0.09546033092914721,0.03977513788714467,0.3492257106491302,0.18110946117946541,0.07875477301654646,216.48,0
16402,164,2,293.45,146.725,55,2,28.5,73.0,0.5713068665871529,0.02010563980235134,0.027261884477764526,0.10018742545578463,0.2465496677457829,0.034588515931163744,0.0,0
15406,201,1,252.29,252.29,42,1,43.0,130.0,0.2390502992587895,0.0998850529152959,0.16112410321455467,0.14340639739981767,0.3565341472115423,0.0,258.42,0
13000,6,3,534.85,178.28333333333333,30,3,10.333333333333334,126.33333333333333,0.3169112835374404,0.3216228849210059,0.08918388333177527,0.17692811068523884,0.028045246330746936,0.06730859119379265,0.0,0
15764,7,5,3276.62,655.324,150,5,35.6,409.6,0.20087162991131105,0.01878460120490017,0.11241462238526286,0.17830874498721244,0.35962058462684104,0.1299998168844724,3.35,1
16670,6,8,3239.9700000000003,404.99625000000003,150,8,25.5,269.0,0.16753241542359962,0.07420439078139612,0.10642691136029037,0.37887387846183757,0.19939999444439296,0.07356240952848328,855.93,1
15014,75,1,117.72999999999999,117.72999999999999,2,1,3.0,68.0,0.9823324556187889,0.0,0.0,0.0,0.017667544381211247,0.0,139.94,0
18272,13,4,2106.45,526.6125,76,4,28.5,366.25,0.19779724180493247,0.028056683044933417,0.018514562415438297,0.5759927840679817,0.17963872866671415,0.0,972.13,1
15942,33,1,337.44,337.44,14,1,14.0,232.0,0.2933854907539118,0.0,0.0,0.1333570412517781,0.4836415362731152,0.08961593172119489,0.0,0
17884,211,3,590.54,196.84666666666666,86,3,30.333333333333332,180.66666666666666,0.2582551562976259,0.014393605852270805,0.05503437531750602,0.11567379009042572,0.35904426457140926,0.19759880787076237,104.53,0
15265,51,2,1506.1200000000001,753.0600000000001,76,2,41.0,306.0,0.20983055799006717,0.08595596632406446,0.1537726077603378,0.20552811196982976,0.32499402438052744,0.01991873157517329,0.0,0
14778,27,2,730.86,365.43,34,2,17.5,153.0,0.18520646909120764,0.04693101277946529,0.33604247051418873,0.2049640149960321,0.08510521850970089,0.14175081410940538,0.0,0
13292,184,1,249.57,249.57,14,1,14.0,133.0,0.0,0.12020675561966583,0.0,0.0,0.5408101935328765,0.3389830508474576,329.37,0
16341,101,1,797.65,797.65,29,1,29.0,534.0,0.031291920015044196,0.0,0.024822917319626398,0.33865730583589293,0.4764244969598195,0.128803359869617,1174.22,0
12708,1,7,2031.77,290.2528571428571,71,7,17.0,141.28571428571428,0.09828868425067798,0.0,0.06737967388040969,0.29196710257558683,0.40504584672477695,0.13731869256854862,681.14,1
15717,134,1,150.3,150.3,7,1,7.0,70.0,0.13173652694610777,0.8682634730538922,0.0,0.0,0.0,0.0,0.0,0
14272,154,1,132.09,132.09,8,1,8.0,87.0,0.38042243924596864,0.0,0.0,0.0,0.3933681580740404,0.22620940267999087,305.87,0
17499,189,1,622.88,622.88,40,1,40.0,711.0,0.16950295402003596,0.0,0.052176984330850246,0.06005972257898794,0.3605349344978166,0.3577254045723093,0.0,0
12356,145,2,2753.08,1376.54,53,2,28.5,793.0,0.4389374809304488,0.0,0.0,0.22683685181687419,0.1529922850044314,0.18123338224824562,58.349999999999994,1
15543,188,1,127.86,127.86,26,1,28.0,86.0,0.15626466447677148,0.0,0.0,0.43758798686062883,0.22978257469106836,0.17636477397153136,0.0,0
12871,107,1,132.0,132.0,4,1,4.0,80.0,0.11363636363636363,0.7727272727272727,0.0,0.0,0.11363636363636363,0.0,248.64,0
14670,180,2,392.86,196.43,107,2,61.5,163.0,0.23094741129155424,0.053454156697042204,0.03861426462353001,0.20182762307183222,0.3247467291146973,0.150409815201344,0.0,0
13077,190,3,576.19,192.06333333333336,61,3,20.666666666666668,202.0,0.40766066748815494,0.07697113799267602,0.008851246984501638,0.20835141186067097,0.18335965566913692,0.1148058800048595,151.83,0
16330,12,2,48.96,24.48,17,2,8.5,11.5,0.1511437908496732,0.0,0.13276143790849673,0.4693627450980392,0.24183006535947713,0.004901960784313725,202.95,0
12516,80,1,583.2,583.2,13,1,13.0,345.0,0.1361454046639232,0.0,0.0,0.2155349794238683,0.5300068587105624,0.11831275720164608,728.86,0
16834,127,1,413.46,413.46,24,1,24.0,358.0,0.3679678808107193,0.0,0.05756300488559958,0.06820490494848354,0.39017075412373625,0.11609345523146133,0.0,0
12582,138,2,511.36,255.68,21,2,11.0,150.0,0.03089799749687109,0.0,0.09257665832290364,0.4305772841051314,0.1330569461827284,0.31289111389236546,0.0,0
12547,97,2,207.79999999999998,103.89999999999999,7,2,4.0,67.0,0.6323387872954765,0.0,0.0,0.0,0.0,0.3676612127045236,0.0,0
17031,54,1,225.95,225.95,13,1,13.0,125.0,0.07302500553219739,0.0,0.0,0.2856826731577783,0.6412923213100244,0.0,154.4,0
17999,266,1,190.34,190.34,37,1,38.0,94.0,0.3591467899548177,0.01549858148576232,0.1507828097089419,0.13964484606493643,0.2994641168435431,0.03546285594199853,190.05,0
14441,155,1,356.84000000000003,356.84000000000003,13,1,13.0,108.0,0.2680192803497366,0.0,0.18579755632776593,0.05842954825692187,0.4059242237417329,0.0818293913238426,1356.05,0
16221,175,2,315.37,157.685,29,2,16.0,133.5,0.3270761327963979,0.14031138028347656,0.0,0.05453911278815359,0.42099755842343917,0.05707581570853283,545.49,0
17504,106,9,2997.0299999999997,333.00333333333333,112,9,14.11111111111111,184.88888888888889,0.4100626286690491,0.1052942412988859,0.08515096612312857,0.0738998274958876,0.2931802484459615,0.032412087967087416,0.0,1
15296,9,5,2599.49,519.8979999999999,118,5,28.4,255.0,0.2300528180527719,0.07511473404398555,0.10698252349499326,0.2898953256215643,0.28745253876721977,0.010502060019465357,1073.37,1
12534,30,1,1089.18,1089.18,63,1,63.0,651.0,0.1773995115591546,0.07978479222901633,0.11426026919333811,0.11371857727831947,0.2937530986613783,0.22108375107879322,0.0,0
15379,69,7,3703.29,529.0414285714286,145,7,27.714285714285715,329.2857142857143,0.3113339760051198,0.11731730434289511,0.024907582176929167,0.07379924337548505,0.41530368942210844,0.05733820467746247,0.0,1
15090,208,1,381.32,381.32,23,1,23.0,208.0,0.1269275149480751,0.01762299381097241,0.08339452428406588,0.1793769012902549,0.5129549984265184,0.07972306724011329,0.0,0
16582,13,1,313.62,313.62,6,1,6.0,164.0,0.0,0.0,0.8402525349148651,0.0,0.03730629424143868,0.12244117084369618,0.0,0
17883,145,1,119.35,119.35,19,1,19.0,48.0,0.20209467951403437,0.06325932132383745,0.1709258483452032,0.05387515710096355,0.3972350230414746,0.11260997067448682,544.99,0
18183,127,2,632.07,316.035,36,2,18.5,185.5,0.2109734681285301,0.16551964181182463,0.08337684117265493,0.29474583511319946,0.22038698245447497,0.0249972313193159,0.0,0
15812,7,5,1801.14,360.228,36,5,8.2,184.4,0.16418490511564898,0.04530464039441686,0.016989240147906325,0.1471012803002543,0.4520636929944368,0.17435624104733669,0.0,1
16701,29,10,4050.42,405.04200000000003,80,10,11.0,495.8,0.09026718216876274,0.09008448506574626,0.22691967746554678,0.3503710726295051,0.14954745433806865,0.09281012833237047,1347.8799999999999,1
13516,138,1,146.0,146.0,7,1,7.0,56.0,0.10821917808219178,0.0,0.09246575342465753,0.17465753424657535,0.3821917808219178,0.24246575342465757,1243.41,0
16658,268,1,123.24,123.24,8,1,8.0,40.0,0.0,0.8203505355404089,0.006897111327491074,0.06085686465433301,0.07099967543005518,0.04089581304771178,0.0,0
16448,98,1,182.99,182.99,19,1,19.0,76.0,0.45166402535657685,0.22187004754358164,0.016121099513634624,0.19126728236515655,0.11907754522105032,0.0,0.0,0
15639,34,1,425.32,425.32,25,1,25.0,323.0,0.039852346468541335,0.0,0.6428101194394809,0.0,0.039852346468541335,0.2774851876234365,0.0,0
13369,265,1,308.28000000000003,308.28000000000003,14,1,14.0,149.0,0.09731413001167769,0.2623588945114831,0.19657454262358892,0.0,0.4437524328532503,0.0,0.0,0
15521,48,5,2116.98,423.396,112,5,29.8,273.2,0.05590038639949362,0.07651465767272246,0.038238433995597496,0.34590312615140434,0.32771211820612384,0.15573127757465824,883.22,1
17962,42,1,102.41,102.41,33,1,34.0,127.0,0.2906942681378772,0.17732643296553072,0.20290987208280442,0.0,0.2186309930670833,0.11043843374670441,0.0,0
13904,194,1,201.12,201.12,17,1,17.0,223.0,0.05071599045346062,0.0,0.025059665871121718,0.06563245823389022,0.36545346062052503,0.49313842482100234,131.52,0
17735,8,15,10219.99,681.3326666666667,267,15,36.46666666666667,424.2,0.3014817039938395,0.001972604669867583,0.028375761620119004,0.15566453587527973,0.4640885167206622,0.048416877120232016,2890.03,1
15858,189,2,816.22,408.11,91,2,51.0,362.5,0.1349513611526304,0.10021807845923893,0.10517997598686628,0.2959986278209306,0.0379922079831418,0.32565974859719193,611.35,0
16672,12,16,6303.74,393.98375,22,16,5.625,140.75,0.0,0.0,0.3212378683130967,0.0958097891093224,0.5639160244553233,0.019036318122257583,1831.2,1
12693,26,4,855.91,213.9775,35,4,9.75,63.75,0.06028671238798472,0.023133273358180183,0.04182682758701265,0.42628313724573846,0.18839597621245224,0.2600740732086318,0.0,0
13712,146,1,228.84,228.84,10,1,10.0,352.0,0.1662296801258521,0.15731515469323545,0.0,0.1324069218668065,0.13109596224436287,0.412952281069743,0.0,0
16598,185,1,145.04999999999998,145.04999999999998,10,1,10.0,73.0,0.08996897621509825,0.0,0.13650465356773525,0.33298862461220274,0.359875904860393,0.08066184074457085,0.0,0
14886,152,1,364.8,364.8,18,1,18.0,160.0,0.4599780701754385,0.0,0.0,0.0,0.4915021929824562,0.04851973684210527,0.0,0
15980,154,1,760.18,760.18,20,1,20.0,592.0,0.806230103396564,0.0,0.0,0.0,0.19376989660343602,0.0,1638.68,0
13747,273,1,79.6,79.6,1,1,1.0,8.0,0.0,0.0,1.0,0.0,0.0,0.0,0.0,0
17346,3,8,1228.78,153.5975,170,8,31.25,115.375,0.19244291085466886,0.08407526164162829,0.11003597063754293,0.19762691450056155,0.3732238480444018,0.04259509432119663,1394.1,0
15465,38,15,5992.129999999999,399.47533333333325,38,15,5.0,60.4,0.06482836654077934,0.0,0.10410321538417892,0.01557042320510403,0.738980963363612,0.07651703150632581,1362.49,1
15658,90,5,1024.1000000000001,204.82000000000002,40,5,9.6,48.4,0.05619568401523288,0.016599941411971485,0.14983888292158964,0.4544478078312664,0.3229176838199394,0.0,0.0,0
16841,37,5,1561.06,312.212,89,5,19.8,375.6,0.2347251226730555,0.004304767273519275,0.07341165618233764,0.0943973966407441,0.39301500262642053,0.20014605460392298,308.76,0
17631,37,2,416.5,208.25,29,2,14.5,92.5,0.21104441776710686,0.0,0.11080432172869148,0.18448979591836737,0.4560864345738295,0.0375750300120048,111.83,0
15031,10,2,261.79,130.895,42,2,21.5,57.5,0.23259100805989533,0.014324458535467358,0.1383169716184728,0.1749493869131747,0.3833607089652011,0.05645746590778868,391.4,0
16405,202,2,167.25,83.625,3,2,2.5,93.5,0.4361733931240658,0.5638266068759343,0.0,0.0,0.0,0.0,0.0,0
17709,69,1,137.45,137.45,7,1,7.0,17.0,0.0,0.13641324117861042,0.20662058930520188,0.12877409967260825,0.45616587850127327,0.0720261913423063,0.0,0
14696,19,5,1458.54,291.70799999999997,83,5,18.0,217.2,0.21444732403636516,0.0635292827073649,0.16710546162600956,0.25041479836000385,0.2045812936223895,0.09992183964786705,620.41,0
12793,234,2,545.48,272.74,21,2,12.0,147.5,0.2557380655569407,0.0,0.0,0.2362689741145413,0.35400014665982255,0.15399281366869547,0.0,0
12456,31,2,2265.4,1132.7,77,2,43.0,536.5,0.047801712721815125,0.013242694446896795,0.11078838174273858,0.1934316235543392,0.3530193343338925,0.28171625320031785,915.64,1
13606,143,2,246.63,123.315,37,2,18.5,120.0,0.2857316628147427,0.0,0.04561488869967158,0.3163037748854559,0.2696346754247253,0.08271499817540445,30.119999999999997,0
14257,23,4,2725.84,681.46,84,4,25.0,334.5,0.3452513720541191,0.01199630205734746,0.056386288263434385,0.14967863117424351,0.260176679482288,0.17651072696856748,373.88,1
13016,23,1,425.25,425.25,28,1,28.0,315.0,0.2903703703703704,0.0,0.0,0.2587654320987654,0.2965079365079365,0.15435626102292768,364.64,0
13344,177,1,1656.15,1656.15,68,1,68.0,599.0,0.33073695015548105,0.0,0.2473205929414606,0.1478126981251698,0.20909941732331008,0.0650303414545784,855.54,1
15660,35,6,884.34,147.39000000000001,35,6,8.666666666666666,96.33333333333333,0.14243390551145488,0.1601194110862338,0.0715788045321935,0.27343555646018497,0.2346948006422869,0.11773752176764593,716.52,0
16306,113,6,632.27,105.37833333333333,36,6,6.833333333333333,81.16666666666667,0.08445758932101792,0.02372404194410616,0.0,0.1709712622771917,0.49448811425498596,0.22635899220269823,0.0,0
16319,117,1,404.40000000000003,404.40000000000003,3,1,3.0,72.0,0.0,1.0,0.0,0.0,0.0,0.0,0.0,0
13199,3,21,4553.84,216.84952380952382,29,21,3.0,166.28571428571428,0.05626021116244751,0.32495652021151383,0.1034687209036769,0.1885353899126891,0.117702861760624,0.2090762960490487,5263.28,1
16340,7,1,534.31,534.31,124,1,141.0,486.0,0.22108888098669313,0.031124253710392843,0.07143792929198406,0.1981433998989351,0.3061144279538096,0.17209110815818535,0.0,0
16730,134,2,480.94,240.47,35,2,18.5,375.0,0.22087994344408865,0.02120846675260947,0.025990768079178276,0.041917910758098725,0.37846716846176237,0.3115357425042625,262.17,0
18239,118,5,1561.6100000000001,312.322,80,5,17.6,159.0,0.4955846850365968,0.12256581348736241,0.06653389770813455,0.04498562381132293,0.18117839921619353,0.08915158074038972,0.0,0
17760,273,1,172.54,172.54,9,1,9.0,165.0,0.2266141184652834,0.049263938796800744,0.06838993856497044,0.3094934507940188,0.3462385533789266,0.0,115.05,0
17356,211,1,178.22,178.22,19,1,19.0,166.0,0.31438671305128496,0.0,0.3526540231174952,0.019526428010324316,0.31343283582089554,0.0,0.0,0
14543,8,13,3234.5,248.80769230769232,37,13,4.769230769230769,45.76923076923077,0.11109908795795333,0.0,0.1071262946359561,0.4799814499922708,0.28577832740763637,0.016014840006183334,365.23,1
15832,154,1,836.79,836.79,54,1,54.0,465.0,0.36623286607153527,0.013623489764457031,0.07994837414405048,0.25209431279054484,0.26694869680565014,0.02115226042376224,0.0,0
16059,63,4,944.6,236.15,99,4,33.0,97.5,0.43695744230362055,0.08585644717340672,0.10517679441033242,0.14990472157527,0.1806055473216176,0.041499047215752705,508.56,0
12682,6,19,7969.12,419.4273684210526,149,19,18.57894736842105,179.42105263157896,0.09912512297468226,0.07393539060774591,0.04448420904692112,0.21175110928182786,0.42720024293773967,0.14350392515108318,4059.9,1
13631,43,10,3017.92,301.79200000000003,6,10,1.0,46.0,0.0,0.0,0.0,0.2551426147810412,0.7448573852189587,0.0,52.5,1
15651,160,1,227.32,227.32,16,1,16.0,238.0,0.0,0.0,0.1763153264121063,0.22171388351222943,0.44307584022523316,0.15889494985043112,418.98,0
13240,73,3,553.61,184.53666666666666,47,3,17.333333333333332,80.33333333333333,0.37484872021820415,0.1630028359314319,0.020321164718845396,0.15696970791712578,0.24746662813171727,0.037390943082675536,110.04,0
17001,13,7,2471.09,353.0128571428572,59,7,15.857142857142858,191.71428571428572,0.051596663820419324,0.06223974035749405,0.1395335661590634,0.22722766066796432,0.46816991691925425,0.051232452075804596,1518.48,1
16429,6,1,284.55,284.55,2,1,2.0,9.0,0.0,0.0,0.0,0.0,0.9826041117554033,0.01739588824459673,0.0,0
13930,36,1,210.0,210.0,10,1,10.0,210.0,0.6799999999999999,0.0,0.0,0.13142857142857142,0.18857142857142858,0.0,127.33999999999999,0
12991,12,1,303.56,303.56,22,1,22.0,361.0,0.3682962182105679,0.0,0.0,0.04348398998550534,0.23501120042166293,0.3532085913822638,200.2,0
15093,16,5,4027.1,805.42,51,5,19.2,655.8,0.4541133818380472,0.0,0.18185791264185147,0.029425641280325796,0.18643192371681855,0.14817114052295696,569.9200000000001,1
16045,19,4,1340.7,335.175,71,4,20.75,224.25,0.28447825762661294,0.026851644663235624,0.08137540090997239,0.35150294622212275,0.14037443126724844,0.11541731931080779,0.0,0
17663,54,4,1016.53,254.1325,33,4,12.0,106.25,0.30134870589161167,0.0850934059988392,0.041218655622559094,0.09325843801953705,0.27692247154535526,0.20215832292209773,786.38,0
17194,173,2,262.62,131.31,26,2,14.5,59.5,0.1129388470032747,0.0,0.0032366156423730102,0.15135937856979667,0.29000076155662174,0.4424643972279339,0.0,0
13004,14,12,3785.09,315.4241666666667,193,12,22.5,272.9166666666667,0.16524309857889774,0.056701425857773526,0.0641200077144797,0.17863511831951154,0.4267745284788473,0.1085258210504902,1870.82,1
12673,226,1,220.9,220.9,23,1,23.0,171.0,0.2618832050701675,0.0,0.14780443639655952,0.11407876867360797,0.2965142598460842,0.1797193300135808,389.62,0
18156,269,1,186.88,186.88,50,1,50.0,68.0,0.21430864726027396,0.05297517123287671,0.05163741438356165,0.5440924657534247,0.11558219178082192,0.021404109589041095,488.76,0
14196,6,1,335.52,335.52,6,1,6.0,142.0,0.33261802575107297,0.4864091559370529,0.0,0.0,0.18097281831187412,0.0,0.0,0
13368,156,2,623.4,311.7,29,2,14.5,163.5,0.2003849855630414,0.0,0.15303176130895094,0.1519088867500802,0.3811036252807186,0.11357074109720888,0.0,0
13230,38,12,2195.23,182.93583333333333,302,12,36.583333333333336,111.0,0.22883251413291544,0.07518118830373127,0.1492690970877767,0.15730470155746779,0.27402595627792986,0.11538654264017893,560.4,1
16321,205,3,223.65,74.55,5,3,2.6666666666666665,21.0,0.13279678068410464,0.07914151576123409,0.0,0.11401743796109994,0.12005365526492286,0.5539906103286385,150.0,0
16356,97,3,211.77,70.59,20,3,10.333333333333334,31.0,0.9001274968125796,0.029749256268593288,0.0,0.0,0.0,0.07012324691882703,0.0,0
13079,40,1,23.8,23.8,1,1,1.0,4.0,0.0,0.0,0.0,0.0,1.0,0.0,196.3,0
14246,10,3,1474.06,491.3533333333333,57,3,25.0,268.0,0.20520195921468598,0.042671261685413076,0.11519205459750621,0.1575919569081313,0.3214116114676472,0.1579311561266163,0.0,0
15643,91,3,664.0,221.33333333333334,31,3,11.0,82.0,0.32793674698795183,0.0,0.1,0.12545180722891566,0.41498493975903616,0.03162650602409638,0.0,0
17597,113,1,2044.3700000000001,2044.3700000000001,55,1,55.0,1176.0,0.2860147624940691,0.005087141760053219,0.12935036221427626,0.08530745413012321,0.41244490967877634,0.08179536972270185,0.0,1
12684,70,4,1379.48,344.87,37,4,14.5,318.5,0.06828660074810798,0.006161742105720997,0.09003392582712326,0.03421579145765071,0.502493693275727,0.29880824658566996,904.15,0
13184,30,9,1472.1,163.56666666666666,122,9,17.555555555555557,170.77777777777777,0.5099925276815434,0.03552747775287005,0.11773656680932003,0.03975273418925345,0.1665104272807554,0.13048026628625772,196.85,0
17394,119,1,203.86999999999998,203.86999999999998,4,1,4.0,241.0,0.042674253200568994,0.9085201353803894,0.04880561141904155,0.0,0.0,0.0,0.0,0
15376,17,2,977.22,488.61,94,2,50.5,266.5,0.1694910050960889,0.0,0.10821514090992816,0.35350279363909864,0.26196762243916416,0.1068234379157201,244.34,0
18114,190,1,220.1,220.1,28,1,28.0,55.0,0.13630168105406634,0.0,0.2214902317128578,0.1340299863698319,0.508178100863244,0.0,0.0,0
13736,160,1,357.53,357.53,73,1,76.0,228.0,0.39926719436131236,0.005873632981847678,0.005454087768858557,0.20082230861745867,0.3301261432607054,0.058456633009817356,372.27,0
17277,127,2,1065.3500000000001,532.6750000000001,67,2,34.5,215.0,0.2423241188341859,0.0,0.030975735673722245,0.08755807950438822,0.41916740977143657,0.21997465621626694,0.0,0
14438,206,1,131.9,131.9,9,1,9.0,82.0,0.22289613343442,0.056861258529188774,0.0,0.21228203184230476,0.5079605761940864,0.0,0.0,0
14437,265,1,63.0,63.0,5,1,5.0,60.0,0.0,0.0,0.0,0.7238095238095237,0.27619047619047615,0.0,0.0,0
15805,6,11,3548.5,322.59090909090907,150,11,17.818181818181817,206.63636363636363,0.2348062561645766,0.04202902634916161,0.15418909398337324,0.14904607580667886,0.2768324644215866,0.1430970832746231,1939.68,1
16126,1,3,3706.7000000000003,1235.5666666666668,41,3,24.333333333333332,361.3333333333333,0.23121644589527068,0.0,0.1335419645506785,0.04006258936520355,0.5357730595947878,0.059405940594059396,2581.07,1
15246,138,2,514.15,257.075,32,2,16.5,123.5,0.2042205582028591,0.03442575123991054,0.179908586988233,0.17562968005445884,0.38597685500340373,0.019838568511134882,0.0,0
16748,117,3,910.2,303.40000000000003,27,3,11.333333333333334,164.0,0.2098439903317952,0.0,0.02175346077785102,0.07525818501428257,0.6931443638760711,0.0,605.7,0
15047,169,1,343.62,343.62,22,1,22.0,222.0,0.24742448053081892,0.0,0.03666841278156103,0.09429020429544263,0.3460217682323497,0.2755951341598277,0.0,0
14818,69,2,409.63,204.815,23,2,12.5,101.0,0.154407636159461,0.0072016209750262435,0.0,0.6303249273734833,0.2080658154920294,0.0,248.17000000000002,0
14937,30,1,759.56,759.56,13,1,13.0,172.0,0.17299489177945124,0.04660592974880195,0.0,0.6863973879614514,0.0,0.09400179051029545,862.3199999999999,0
12474,37,12,3896.38,324.6983333333333,144,12,18.416666666666668,207.0,0.13238698484234082,0.014690558929057226,0.010999953803273808,0.14890744742555911,0.4555792812815998,0.23743577371816915,3427.71,1
18204,9,2,1358.87,679.435,113,2,66.5,453.5,0.23532052367040263,0.044080743558986515,0.1350386718376298,0.0890887281344058,0.2598041019376394,0.2366672308609359,616.48,0
16738,197,1,3.75,3.75,1,1,1.0,3.0,0.0,0.0,0.0,0.0,0.0,1.0,0.0,0
12377,215,2,1628.12,814.06,72,2,38.5,472.0,0.14501388104070953,0.024322531508733997,0.13819620175417047,0.30974375353168077,0.24348328133061448,0.13924035083409086,0.0,0
17865,7,12,7017.34,584.7783333333333,145,12,21.666666666666668,294.4166666666667,0.38465429920739197,0.006498188772383838,0.04085308678217102,0.17315535516306746,0.36530081198858827,0.029538258086397408,3508.98,1
15205,27,1,476.29999999999995,476.29999999999995,24,1,24.0,196.0,0.12093218559731261,0.0,0.03338232206592484,0.14497165651900062,0.6262649590594164,0.07444887675834558,176.94,0
15665,68,2,2222.21,1111.105,92,2,57.5,827.0,0.42922586074223407,0.04833026581646199,0.040927725102488065,0.11722114471629594,0.29112460118530653,0.0731704024372134,0.0,1
17522,38,4,912.25,228.0625,54,4,16.75,233.0,0.17118114551932037,0.2826418196766237,0.10534392984379283,0.12502055357632227,0.19375171279802686,0.12206083858591395,158.45999999999998,0
14808,44,6,1833.82,305.63666666666666,146,6,30.833333333333332,206.83333333333334,0.20324786511217022,0.04111635820309518,0.048396243906163094,0.1275534130939787,0.4755319497006249,0.1041541699839679,884.78,1
17651,55,4,1148.01,287.0025,52,4,17.5,170.5,0.20650516981559394,0.0,0.009146261792144669,0.07745577129119084,0.6758826142629419,0.031010182838128585,2796.9900000000002,0
15100,233,3,876.0,292.0,1,3,1.0,26.666666666666668,0.0,0.0,0.0,0.0,1.0,0.0,0.0,0
18263,55,2,811.4,405.7,45,2,22.5,524.0,0.05161449346807986,0.0,0.0890806014296278,0.07231944786788268,0.6109933448360858,0.1759921123983239,401.76,0
17682,15,5,1899.3500000000001,379.87,39,5,17.8,197.8,0.4048490272988127,0.10535183088951484,0.014215389475346828,0.10377234317003185,0.34559191302287623,0.02621949614341748,574.98,1
16418,126,1,145.91,145.91,18,1,18.0,87.0,0.19470906723322598,0.05140154890000685,0.20492084161469398,0.0606538277020081,0.34439037763004593,0.14392433692001919,485.21,0
14055,6,1,725.6400000000001,725.6400000000001,10,1,10.0,216.0,0.6842511438178711,0.09591532991566064,0.0,0.0981891847196957,0.07616724546607131,0.04547709608070117,0.0,0
17870,23,6,601.5699999999999,100.26166666666666,59,6,10.666666666666666,64.83333333333333,0.5959904915471184,0.0,0.052512592050800416,0.06333427531293118,0.16594909985537845,0.12221354123377164,1264.32,0
13895,43,2,937.3000000000001,468.65000000000003,39,2,22.5,218.0,0.2949429211565134,0.13050250720153633,0.08044382801664356,0.26512322628827484,0.17233543155873252,0.056652085778299374,1655.77,0
14276,80,2,720.4,360.2,37,2,21.5,256.0,0.10306774014436425,0.15791227096057744,0.0,0.12250138811771238,0.4932537479178234,0.12326485285952249,399.34,0
12600,12,8,1936.5600000000002,242.07000000000002,26,8,6.125,68.0,0.024249184120295777,0.03860453587805179,0.022555459164704424,0.3446575370760524,0.45133122650473007,0.11860205725616557,662.48,1
17548,133,1,103.3,103.3,5,1,5.0,58.0,0.29041626331074544,0.0,0.0,0.0,0.2303969022265247,0.4791868344627299,0.0,0
13900,82,3,740.95,246.98333333333335,42,3,14.333333333333334,143.33333333333334,0.3776773061610095,0.07557864903164857,0.04291787570011472,0.10215264187866926,0.2640124164923409,0.137661110736217,0.0,0
18282,26,1,100.21000000000001,100.21000000000001,7,1,7.0,75.0,0.0,0.0,0.13471709410238497,0.3324019558926254,0.3562518710707514,0.17662907893423813,77.84,0
16384,163,1,409.1,409.1,24,1,24.0,200.0,0.2778049376680518,0.036665851869958445,0.036665851869958445,0.19200684429234904,0.32705939868002937,0.1297971156196529,175.4,0
15023,16,8,5027.97,628.49625,271,8,52.25,274.125,0.27675781677297195,0.07161936129292737,0.14536681801999612,0.17384550822697828,0.24156269826590052,0.09084779742122566,1692.44,1
17243,13,15,3909.27,260.618,118,15,14.066666666666666,91.86666666666666,0.27740473285293676,0.05710017471292595,0.11736206504027606,0.1949852530011997,0.2835567765848867,0.06959099780777486,4630.78,1
15596,114,4,1389.69,347.4225,51,4,18.75,139.75,0.2074419474846908,0.0,0.1401031884808842,0.5291899632292093,0.12326490080521556,0.0,0.0,0
17370,69,1,110.69999999999999,110.69999999999999,8,1,8.0,78.0,0.0,0.0,0.0,0.0,1.0,0.0,335.48,0
18095,212,2,580.0500000000001,290.02500000000003,20,2,10.5,209.5,0.07033876389966381,0.0,0.0517196793379881,0.061029221618825964,0.6338246702870441,0.18308766485647787,0.0,0
15529,42,8,2387.23,298.40375,280,8,48.0,253.125,0.16353262986808978,0.0722552916979093,0.08524943134930442,0.07829576538498595,0.3769473406416642,0.22371954105804637,1575.37,1
14895,10,10,6081.71,608.171,183,10,28.7,242.6,0.1588993884943544,0.04662504460094283,0.11907506277017482,0.3508684235190432,0.25661697121368826,0.06791510940179654,5057.0,1
15007,59,1,156.91,156.91,12,1,12.0,69.0,0.17876489707475623,0.0,0.0,0.35083806003441464,0.2811165636352049,0.18928047925562427,0.0,0
16185,132,1,335.0,335.0,19,1,19.0,153.0,0.15686567164179105,0.0,0.17791044776119402,0.38388059701492533,0.19985074626865673,0.08149253731343283,194.41,0
17604,117,2,309.36,154.68,57,2,31.5,84.5,0.43227954486682185,0.08598396689940523,0.04250711145590897,0.17245280579260405,0.22491595552107577,0.04186061546418412,0.0,0
13126,153,5,1077.42,215.484,61,5,13.2,212.4,0.3900150359191401,0.0,0.24447290750125295,0.19266395648864879,0.1430547047576618,0.029793395333296207,1022.22,0
16212,183,1,498.15000000000003,498.15000000000003,30,1,30.0,151.0,0.2533373481882967,0.03553146642577537,0.06383619391749473,0.17605139014353105,0.43571213489912675,0.03553146642577537,192.19,0
12465,69,1,440.94,440.94,26,1,26.0,294.0,0.05715063273914818,0.028348528144418742,0.04513085680591463,0.3916632648432894,0.3057105275094117,0.1719961899578174,301.25,0
18118,47,18,4064.06,225.7811111111111,355,18,48.166666666666664,114.38888888888889,0.25222068571822265,0.05998681121833832,0.07353483954469175,0.20515445145987019,0.3593475490027214,0.04975566305615567,1561.02,1
14209,21,5,1876.33,375.26599999999996,54,5,16.2,131.4,0.18516998608986693,0.2764439091204639,0.22416099513411822,0.03207857892801373,0.27308629079106556,0.00906023993647173,197.10000000000002,1
13940,16,2,391.06,195.53,25,2,13.5,120.0,0.46036413849537156,0.0,0.1626348897867335,0.0,0.19672173068071397,0.180279241037181,448.08000000000004,0
15746,34,1,196.88,196.88,28,1,28.0,178.0,0.29662738724095894,0.0,0.05180820804550995,0.09447379114181229,0.544392523364486,0.012698090207232832,0.0,0
17816,169,2,21.31,10.655,11,2,5.5,11.0,0.030502111684655095,0.0,0.09854528390427031,0.2393242609103707,0.5523228531206007,0.07930549038010325,15.25,0
17690,1,11,3495.53,317.7754545454546,144,11,16.818181818181817,113.63636363636364,0.14106301476457075,0.04571552811733842,0.16060797647280955,0.39977628571346835,0.1953924011523288,0.05744479377948408,1231.27,1
12997,136,2,608.47,304.235,30,2,16.5,150.0,0.3721136621361776,0.265995036731474,0.025145035909740824,0.05061876509934754,0.17716567784771642,0.10896182227554359,618.42,0
14016,61,4,4341.21,1085.3025,154,4,40.25,531.25,0.30254698574821304,0.0301436696220639,0.16218980422508933,0.07815793292653431,0.2711939758730861,0.15576763160501336,0.0,1
16705,44,9,8194.43,910.4922222222223,81,9,15.444444444444445,387.6666666666667,0.13052768770982243,0.09001724342022568,0.27250705662260827,0.2672229795116927,0.16650944605054896,0.07321558668510196,5840.56,1
16293,107,4,1129.74,282.435,58,4,15.25,128.25,0.25720077185901186,0.16301095827358505,0.13374758794058808,0.16136456175757255,0.18730858427602812,0.09736753589321437,1119.25,0
13592,105,3,205.51,68.50333333333333,12,3,4.333333333333333,23.666666666666668,0.061310885115079566,0.09692958980098292,0.07298914894652328,0.3120042820300715,0.45676609410734276,0.0,42.45,0
16271,25,3,868.4300000000001,289.4766666666667,51,3,25.0,224.0,0.2574876501272411,0.054350955171977015,0.007484771369022258,0.2334212314176157,0.41115576384970576,0.036099628064438116,536.21,0
13546,100,1,182.26,182.26,26,1,26.0,107.0,0.27137056951607597,0.0,0.0,0.39531438604191815,0.17584769011302534,0.15746735432898057,438.83,0
17422,42,4,1296.18,324.045,77,4,21.25,339.0,0.369030535882362,0.04644416670524155,0.08347606042370659,0.039762995880201824,0.34519125430110015,0.11609498680738785,683.19,0
14608,262,1,204.0,204.0,1,1,1.0,48.0,0.0,0.0,0.0,1.0,0.0,0.0,1581.15,0
12849,168,1,668.8499999999999,668.8499999999999,33,1,34.0,489.0,0.7564625850340136,0.0,0.03363982955819691,0.0,0.1509905060925469,0.0589070793152426,341.44,0
12688,13,1,4873.8099999999995,4873.8099999999995,171,1,171.0,3028.0,0.10522773764262457,0.002564728620935162,0.08830873587603949,0.3280616191439552,0.3588978642991828,0.11693931441726291,0.0,1
16976,167,1,251.51999999999998,251.51999999999998,2,1,2.0,88.0,0.0,0.0,0.0,0.3034351145038168,0.6965648854961832,0.0,0.0,0
16728,66,3,548.31,182.76999999999998,113,3,47.333333333333336,106.66666666666667,0.21533439112910582,0.06385074136893364,0.021520672612208424,0.2749357115500356,0.4137987634732177,0.01055971986649888,499.96999999999997,0
18233,225,1,440.0,440.0,1,1,1.0,4.0,0.0,0.0,0.0,0.0,1.0,0.0,0.0,0
17289,80,1,164.45,164.45,30,1,32.0,132.0,0.2316205533596838,0.1827303131650958,0.16923076923076924,0.15694740042566133,0.20139860139860138,0.05807236242018852,766.57,0
13899,174,1,298.5,298.5,15,1,15.0,122.0,0.0,0.0,0.0,0.2633165829145729,0.464321608040201,0.2723618090452261,90.02,0
16153,15,4,1023.54,255.885,50,4,14.0,132.5,0.23533032416906033,0.0,0.06096488657013894,0.5020321628856713,0.19170721222424136,0.009965414150888094,800.69,0
13962,145,1,117.6,117.6,7,1,7.0,30.0,0.421343537414966,0.0,0.0,0.12712585034013604,0.45153061224489793,0.0,51.95,0
15974,33,5,2547.13,509.42600000000004,100,5,24.8,305.2,0.3548425090199558,0.12143471279439996,0.08024718015963064,0.1444174423763216,0.24378025463953545,0.05527790101015652,895.02,1
15955,6,8,2463.65,307.95625,68,8,11.125,137.875,0.23202159397641708,0.060560550402857544,0.11137945730927687,0.2584336249061352,0.3117488279585168,0.025855945446796418,1952.6100000000001,1
12662,7,7,2653.66,379.0942857142857,96,7,22.428571428571427,200.0,0.10760609874663674,0.027396124597725408,0.022987119676220767,0.26800343676281063,0.4336727387834161,0.14033448143319038,1196.1200000000001,1
16072,188,1,584.3199999999999,584.3199999999999,23,1,23.0,140.0,0.10328244797371305,0.0,0.11637458926615554,0.19022111171960573,0.5570577765607887,0.03306407447973714,0.0,0
16349,190,1,53.5,53.5,9,1,9.0,9.0,0.07813084112149532,0.0,0.0,0.047663551401869154,0.8742056074766354,0.0,0.0,0
14552,51,1,164.22,164.22,57,1,57.0,90.0,0.3034344172451589,0.07763975155279504,0.06990622335890878,0.28193886250152234,0.19522591645353796,0.07185482888807697,0.0,0
13167,30,2,417.55,208.775,33,2,18.0,223.5,0.10094599449167764,0.07845766974015088,0.032331457310501736,0.21647706861453717,0.35337085378996524,0.21841695605316724,373.78000000000003,0
13956,38,3,676.07,225.35666666666668,95,3,36.0,127.0,0.44399248598517904,0.00739568387888828,0.06929755794518318,0.10812489830934664,0.23163281908678093,0.13955655479462184,343.2,0
17501,120,2,288.6,144.3,18,2,9.0,80.0,0.12785862785862784,0.0,0.05717255717255717,0.5228690228690228,0.1975051975051975,0.09459459459459457,0.0,0
12808,84,2,281.35,140.675,16,2,8.0,54.0,0.0,0.0,0.0,0.10662875422072152,0.7938510751732717,0.09952017060600675,202.3,0
14081,202,2,921.62,460.81,126,2,75.0,296.0,0.2477702306807578,0.05169158655411124,0.019368069269330095,0.35934550031466334,0.1753976693214123,0.14642694385972527,0.0,0
15491,79,4,2409.95,602.4875,99,4,32.25,303.75,0.3987261146496816,0.1124089711404801,0.10813502354820641,0.15013589493557958,0.18860972219340652,0.04198427353264591,299.16,1
14524,78,5,1028.87,205.77399999999997,113,5,27.2,83.2,0.25162556979987755,0.011468893057431942,0.1269839727079223,0.2554744525547446,0.2797049189887935,0.0747421928912302,814.96,0
15865,113,1,313.93,313.93,16,1,16.0,178.0,0.0,0.0,0.38715637243971585,0.1576784633517026,0.3387697894435065,0.11639537476507501,581.2,0
13320,6,3,981.15,327.05,59,3,23.333333333333332,262.3333333333333,0.36320644142078173,0.0,0.01804005503745605,0.12424196096417468,0.4208225042042501,0.07368903837333741,551.05,0
14865,271,1,37.2,37.2,3,1,3.0,96.0,0.24516129032258066,0.48387096774193544,0.0,0.0,0.0,0.27096774193548384,15.0,0
14090,224,1,76.32000000000001,76.32000000000001,1,1,1.0,72.0,0.0,0.0,0.0,1.0,0.0,0.0,0.0,0
17736,13,1,307.49,307.49,23,1,23.0,213.0,0.21308010016585904,0.0,0.0,0.0,0.605060327165111,0.18185957266902988,69.95,0
16804,170,1,118.05,118.05,19,1,19.0,34.0,0.2359169843286743,0.0,0.14993646759847526,0.28843710292249053,0.32570944515036,0.0,418.94,0
13355,22,1,674.7,674.7,32,1,32.0,314.0,0.30361642211353196,0.0,0.048910626945309024,0.13050244553134724,0.42715280865569877,0.08981769675411293,0.0,0
18170,12,2,655.51,327.755,27,2,15.0,124.5,0.32210034934631054,0.17848697960366738,0.09793900932098672,0.0,0.3859132583789721,0.015560403350063309,324.8,0
18048,103,2,172.29000000000002,86.14500000000001,6,2,3.5,63.5,0.33965987579081774,0.13059376632422076,0.059202507400313416,0.44297405537175694,0.027569795112891052,0.0,0.0,0
18269,266,1,168.6,168.6,7,1,7.0,76.0,0.17615658362989325,0.23487544483985762,0.0,0.1103202846975089,0.35765124555160144,0.12099644128113879,0.0,0
14704,42,2,207.5,103.75,56,2,30.5,50.5,0.2581686746987952,0.1108433734939759,0.29850602409638555,0.16366265060240964,0.12424096385542167,0.04457831325301205,1286.46,0
14114,173,2,386.53,193.265,15,2,7.5,50.5,0.5872247949706362,0.0,0.0,0.0,0.4127752050293639,0.0,0.0,0
13520,37,5,2947.98,589.596,40,5,14.4,262.4,0.005766660560790779,0.02686585390674292,0.0,0.15044199757121826,0.6097056289391379,0.20721985902211004,676.37,1
16572,27,3,1009.6,336.53333333333336,40,3,19.0,177.33333333333334,0.33836172741679876,0.07834786053882727,0.12935816164817748,0.2580229793977813,0.1290511093502377,0.0668581616481775,0.0,0
13848,197,2,935.0,467.5,3,2,2.0,1350.0,0.0,0.0,0.0,0.0,1.0,0.0,320.0,0
13109,57,1,369.85,369.85,24,1,24.0,260.0,0.12085980803028255,0.14438285791537106,0.08273624442341489,0.2513181019332162,0.25875354873597406,0.14194943896174123,416.69,0
15407,83,3,740.73,246.91,62,3,20.666666666666668,109.66666666666667,0.26818138863013513,0.0,0.14019953289322695,0.03570801776625761,0.5283031603958258,0.02760790031455456,306.01,0
15976,65,2,427.64,213.82,83,2,48.0,137.5,0.3096295949864372,0.1186044336357684,0.10569638013282201,0.12068562342156955,0.24494902254232534,0.10043494528107753,0.0,0
17941,30,1,304.56,304.56,2,1,2.0,252.0,0.0,0.0,0.0,0.0,0.0,1.0,0.0,0
16805,73,2,460.59,230.295,94,2,49.0,269.5,0.2616209644152066,0.05918495842289238,0.10358453288173865,0.05959747280661761,0.36205736121062115,0.15395471026292365,0.0,0
17653,20,1,163.24,163.24,4,1,4.0,297.0,0.7145307522666012,0.0,0.1935800049007596,0.0,0.09188924283263905,0.0,1044.32,0
17051,94,1,240.89000000000001,240.89000000000001,40,1,42.0,179.0,0.24575532400680808,0.03673876043007182,0.008094981111710739,0.46921831541367426,0.2196438208310847,0.020548798206650336,0.0,0
16036,163,1,188.73,188.73,11,1,11.0,127.0,0.4429078577862555,0.41773962804005726,0.08398240873205108,0.045037884808986385,0.010332220632649818,0.0,570.19,0
15410,29,6,2702.67,450.445,43,6,15.333333333333334,156.16666666666666,0.21134655729334326,0.0,0.11675861277921462,0.2655707134056322,0.3308432032027588,0.07548091331905116,748.1700000000001,1
17648,92,3,1107.39,369.13000000000005,62,3,21.666666666666668,96.33333333333333,0.12696520647648976,0.0,0.26002582649292477,0.29009653328998813,0.28541886778822273,0.0374935659523745,690.11,0
18224,163,1,158.95000000000002,158.95000000000002,10,1,10.0,69.0,0.09436929852154764,0.20572507077697388,0.07360805284680716,0.09436929852154764,0.42057250707769733,0.11135577225542624,0.0,0
14527,7,39,5136.4,131.70256410256408,257,39,15.871794871794872,32.666666666666664,0.11933065960594971,0.033885600809905776,0.17493575266723776,0.21979207226851494,0.4286348415232459,0.02342107312514602,3370.73,1
12834,182,1,312.38,312.38,18,1,18.0,110.0,0.5108521672322173,0.0,0.30539727255266025,0.0,0.12708880210000642,0.056661758115116215,0.0,0
15071,175,1,588.6700000000001,588.6700000000001,12,1,12.0,165.0,0.1909388961557409,0.04416736032072298,0.68153634464131,0.03451849083527273,0.015203764418095025,0.03363514362885826,393.40000000000003,0
13362,145,2,1581.53,790.765,92,2,46.5,363.5,0.3245275144954569,0.009863866003174142,0.1956965723065639,0.1974417178302024,0.1580747756918933,0.11439555367270933,1509.21,0
14586,176,1,237.36,237.36,19,1,19.0,444.0,0.28361981799797775,0.0,0.0,0.055611729019211326,0.4241658240647118,0.23660262891809905,0.0,0
15412,71,1,190.53,190.53,10,1,10.0,108.0,0.8971815462131948,0.03096625203380045,0.0,0.06424185167690127,0.0,0.0076103500761035,0.0,0
17406,233,3,2184.42,728.14,99,3,37.0,260.0,0.34253028263795426,0.051478195585098106,0.02519661969767719,0.3460872909055951,0.2002362183096657,0.034471392864009666,0.0,1
16905,136,3,822.18,274.06,44,3,18.666666666666668,86.66666666666667,0.2975139263908147,0.15495390303826412,0.1673234571505023,0.11445182320173199,0.2406407356053419,0.025116154613345015,2215.42,0
15703,164,1,211.5,211.5,5,1,5.0,66.0,0.0,0.0,0.14468085106382977,0.07092198581560284,0.5063829787234043,0.27801418439716313,0.0,0
16647,69,2,214.06,107.03,12,2,7.0,73.0,0.0,0.0,0.16537419415117255,0.4304400635335887,0.3411193123423339,0.06306642997290479,0.0,0
15422,223,2,97.7,48.85,6,2,3.0,19.0,0.0,0.0,0.0,1.0,0.0,0.0,0.0,0
16791,22,5,791.87,158.374,111,5,29.2,67.0,0.25635520981979365,0.0769065629459381,0.08789321479535782,0.2017755439655499,0.318473991943122,0.05859547653023855,913.91,0
14829,84,3,531.63,177.21,33,3,11.333333333333334,121.33333333333333,0.3445253277655512,0.0,0.20352500799428175,0.13063596862479546,0.16703346312284859,0.154280232492523,165.92,0
13072,166,1,177.15,177.15,7,1,7.0,69.0,0.26756985605419137,0.0,0.0,0.33615580016934804,0.1964436917866215,0.19983065198983915,0.0,0
13258,105,1,198.87,198.87,12,1,13.0,77.0,0.3218182732438276,0.3114597475737919,0.0,0.0,0.3667219791823805,0.0,473.96,0
14205,164,1,222.9,222.9,14,1,14.0,126.0,0.2449528936742934,0.0,0.3566621803499327,0.2611036339165545,0.059219380888290714,0.07806191117092866,243.8,0
16810,92,1,309.54,309.54,15,1,15.0,114.0,0.4113846352652323,0.0,0.0,0.25198681915099824,0.3036764230794081,0.0329521225043613,0.0,0
17303,261,1,250.04,250.04,53,1,53.0,144.0,0.39585666293393057,0.16369380899056152,0.13597824348104304,0.033794592865141575,0.2026875699888018,0.06798912174052152,0.0,0
16768,3,2,286.49,143.245,40,2,21.5,44.0,0.14705574365597404,0.05148521763412336,0.0,0.39976962546685746,0.37847743376732174,0.02321197947572341,191.6,0
12565,188,1,145.92,145.92,9,1,9.0,80.0,0.11924342105263158,0.0752467105263158,0.0,0.3984375000000001,0.4070723684210526,0.0,0.0,0
12354,132,1,1079.4,1079.4,58,1,58.0,530.0,0.13164721141374836,0.018343524180100053,0.049008708541782464,0.45448397257735773,0.2952103020196405,0.05130628126737076,0.0,0
17630,69,2,503.59999999999997,251.79999999999998,24,2,13.0,79.0,0.11199364575059571,0.029785544082605243,0.06314535345512312,0.10484511517077046,0.5818109610802225,0.10841938046068308,0.0,0
13065,273,1,205.86,205.86,14,1,14.0,74.0,0.47167978237637226,0.14913047702321966,0.024482658117167006,0.14888759351015254,0.2058194889730885,0.0,0.0,0
15306,48,1,344.62,344.62,17,1,17.0,278.0,0.32035285241715517,0.08670419592594741,0.0,0.0,0.5929429516568975,0.0,829.73,0
17624,117,1,400.3,400.3,25,1,25.0,312.0,0.3522358231326505,0.11916062952785411,0.0,0.11768673494878841,0.2755683237571821,0.13534848863352486,443.18,0
18161,40,3,771.26,257.08666666666664,24,3,12.0,129.0,0.4603635609262765,0.04589891865259446,0.017503824909887715,0.020615616004978868,0.33386925291082126,0.12174882659544121,847.4300000000001,0
15775,145,1,104.9,104.9,7,1,7.0,68.0,0.38322211630123926,0.16873212583412775,0.0,0.3050524308865586,0.14299332697807435,0.0,0.0,0
15361,261,1,418.92,418.92,7,1,7.0,336.0,0.16757376109997135,0.8324262389000286,0.0,0.0,0.0,0.0,0.0,0
14735,10,22,3496.31,158.9231818181818,66,22,5.409090909090909,60.04545454545455,0.09538055836009965,0.05198051660178875,0.2274111849349743,0.2553034484928396,0.2630401766433755,0.10688411496692227,2569.38,1
13299,168,1,142.5,142.5,5,1,5.0,30.0,0.1242105263157895,0.0,0.4189473684210526,0.1242105263157895,0.33263157894736844,0.0,0.0,0
16358,84,1,462.15000000000003,462.15000000000003,22,1,22.0,221.0,0.48776371308016875,0.03245699448231094,0.02181110029211295,0.2801038623823434,0.1421616358325219,0.035702693930542026,1565.3500000000001,0
15569,3,5,1375.71,275.142,27,5,6.2,133.2,0.09241046441473856,0.2965741326296967,0.016813136489521777,0.51289879407724,0.07665132913186645,0.004652143256936418,0.0,0
17706,9,11,7751.8,704.709090909091,239,11,26.727272727272727,268.09090909090907,0.1527180783817952,0.03567171495652622,0.14121881369488376,0.29532882685311795,0.33521633685079594,0.03984622926288088,2476.9900000000002,1
17658,111,1,317.59999999999997,317.59999999999997,9,1,9.0,216.0,0.15869017632241814,0.1416876574307305,0.0,0.0,0.506926952141058,0.19269521410579346,277.82,0
16392,169,1,217.89,217.89,41,1,43.0,201.0,0.2737619899949516,0.0,0.06700628757629998,0.07742438845288907,0.24636284363669744,0.335444490339162,0.0,0
13319,13,18,6897.070000000001,383.1705555555556,158,18,18.38888888888889,165.16666666666666,0.22352825185187333,0.07611348007197259,0.0635414748581644,0.3236794754874171,0.2533075639365701,0.05982975379400238,3948.48,1
12944,254,1,286.95,286.95,14,1,14.0,145.0,0.13329848405645583,0.0,0.15682174594877157,0.2550967067433351,0.3293256664924203,0.12545739675901726,317.56,0
12490,38,4,2092.71,523.1775,70,4,26.0,289.75,0.159639892770618,0.039451237868601004,0.054522604660942026,0.23636815421152477,0.29488080049314047,0.21513730999517372,2901.16,1
16532,35,2,4516.8,2258.4,2,2,1.5,768.0,0.08289054197662062,0.9171094580233793,0.0,0.0,0.0,0.0,2232.0,1
17678,163,1,298.11,298.11,16,1,16.0,207.0,0.3559424373553386,0.0,0.15095099124484251,0.20126798832645668,0.1026466740464929,0.18919190902686928,0.0,0
14408,30,5,1989.01,397.802,59,5,18.8,258.0,0.6997752650816236,0.09005987903529897,0.006701826536819825,0.033664989115187956,0.11041171235941498,0.05938632787165474,610.02,1
15577,51,3,258.88,86.29333333333334,39,3,13.0,29.666666666666668,0.1678770086526576,0.008111866501854142,0.032331582200247226,0.4986866501854142,0.2732926452410383,0.019700247218788627,0.0,0
14593,98,2,339.59,169.795,54,2,32.0,59.0,0.05521363997762008,0.0,0.037986984304602615,0.2327218115963368,0.6509320062428223,0.023145557878618335,277.56,0
16022,160,1,602.63,602.63,68,1,71.0,255.0,0.06040190498315716,0.024890894910641687,0.0909347360735443,0.3189353334550221,0.4852562932479299,0.019580837329704795,0.0,0
16963,87,1,110.55000000000001,110.55000000000001,7,1,7.0,35.0,0.11397557666214382,0.16010854816824968,0.0,0.13432835820895522,0.5915875169606513,0.0,0.0,0
15467,45,2,402.56,201.28,36,2,19.5,117.5,0.45719892686804453,0.10545011923688395,0.07126887917329093,0.09576212241653417,0.08632253577106518,0.18399741653418122,122.32,0
15140,15,5,1728.11,345.62199999999996,53,5,11.4,253.2,0.19521326767393282,0.19572828118580415,0.04039094733552841,0.13817407456701253,0.14332420968572604,0.28716921955199615,626.14,1
15544,19,7,2772.37,396.05285714285714,95,7,28.571428571428573,316.0,0.1325652780833727,0.0,0.0,0.4394399016004357,0.20769954948293337,0.2202952708332582,774.34,1
13565,234,1,110.17999999999999,110.17999999999999,13,1,13.0,78.0,0.6112724632419677,0.0,0.0,0.11889635142494101,0.20176075512797242,0.0680704302051189,130.04,0
17311,216,1,556.46,556.46,24,1,24.0,410.0,0.1635697085145383,0.0,0.1570642993207059,0.06393990583330338,0.4610214570678935,0.15440462926355894,828.39,0
12935,9,4,1535.34,383.835,58,4,23.0,317.0,0.13887477692237551,0.03497596623549181,0.03224041580366564,0.28285591465082655,0.2699336954681048,0.24111923091953574,625.36,0
17697,136,1,338.95,338.95,19,1,19.0,93.0,0.31007523233515266,0.0,0.0,0.37557161823277774,0.31435314943206966,0.0,0.0,0
16967,89,1,319.02,319.02,21,1,21.0,333.0,0.07560654504419785,0.12601090840699644,0.0,0.06394583411698326,0.5567049087831484,0.17773180364867408,0.0,0
17139,22,7,6851.82,978.8314285714285,208,7,40.857142857142854,457.14285714285717,0.21941761458999218,0.013558441406808704,0.20925972953171565,0.1807548943200493,0.356620576722681,0.020388743428753235,3798.95,1
16628,6,4,1619.8400000000001,404.96000000000004,64,4,21.75,211.0,0.26677326155669695,0.0,0.07685944290794151,0.2481417917819044,0.3158089687870407,0.09241653496641643,568.21,0
14342,37,2,419.74,209.87,11,2,5.5,88.0,0.2032210415971792,0.0,0.0,0.0,0.6990041454233574,0.09777481297946347,248.82,0
16113,83,1,161.38,161.38,30,1,30.0,176.0,0.09914487544925021,0.0,0.05143140413929856,0.23206097409840132,0.5789441070764655,0.03841863923658446,0.0,0
15483,61,4,225.26,56.315,74,4,21.0,72.75,0.24251975494983577,0.04301695818165675,0.11932877563704164,0.15235727603657995,0.3099085501198615,0.13286868507502442,0.0,0
17950,265,2,263.17,131.585,36,2,19.5,93.0,0.3330546794847437,0.1291940570733746,0.030208610403921417,0.030208610403921417,0.2738914009955542,0.2034426416384846,219.03,0
17924,201,2,502.20000000000005,251.10000000000002,2,2,1.5,54.0,0.0,0.0,0.0,0.0,1.0,0.0,2460.3,0
15350,273,1,115.65,115.65,5,1,5.0,51.0,0.8715953307392996,0.0,0.0,0.1284046692607004,0.0,0.0,0.0,0
14690,51,1,212.56,212.56,28,1,28.0,84.0,0.5500094091080165,0.0,0.06751035001881822,0.11008656379375237,0.2439311253293188,0.028462551750094094,142.49,0
17266,47,1,113.06,113.06,17,1,17.0,27.0,0.42145763311516005,0.0,0.2640191049000531,0.10569609057137802,0.14912435874756766,0.05970281266584115,183.52,0
13118,108,3,799.7,266.56666666666666,40,3,16.0,91.33333333333333,0.1362135800925347,0.0,0.08909591096661247,0.23067400275103161,0.5432037013880205,0.0008128048018006752,398.11,0
13953,15,5,2604.36,520.8720000000001,8,5,2.4,409.6,0.02488135280836751,0.003824356079804635,0.0,0.0,0.9682993134589688,0.0029949776528590518,911.32,1
16309,6,2,706.57,353.285,39,2,21.0,233.5,0.20985889579234895,0.014435936991380894,0.07351005562081604,0.1350892339046379,0.38992598044072063,0.1771798972500955,0.0,0
14456,31,3,636.65,212.21666666666667,220,3,80.33333333333333,192.0,0.16060629859420406,0.021754496190999766,0.05943611089295531,0.1304170266237336,0.4393151653184639,0.18847090237964345,2380.63,0
14570,180,2,218.06,109.03,29,2,14.5,47.5,0.02733192699257085,0.03439420343024856,0.05571860955700266,0.095386590846556,0.6780702558928736,0.10909841328074842,0.0,0
16216,167,1,914.9300000000001,914.9300000000001,37,1,37.0,254.0,0.41522302252631343,0.0,0.27497185577038674,0.08170023936257419,0.13935492332746766,0.08874995901325784,0.0,0
12406,83,1,1621.25,1621.25,48,1,49.0,793.0,0.2267201233616037,0.027904394757131842,0.06939090208172706,0.2689282960678489,0.40705628373168856,0.0,1794.05,0
14056,7,17,5333.97,313.7629411764706,274,17,43.05882352941177,168.47058823529412,0.05525340412488258,0.01808034165921443,0.3667943389257907,0.20716839427293365,0.26391224547569636,0.08879127554148224,2818.7400000000002,1
17838,192,3,1655.0,551.6666666666666,64,3,25.0,340.6666666666667,0.35020543806646526,0.015226586102719035,0.04323262839879154,0.2544108761329305,0.2975287009063444,0.039395770392749246,1065.8,1
14075,161,1,307.92,307.92,18,1,18.0,270.0,0.0,0.14185502727981292,0.0,0.14516757599376462,0.5465705378020265,0.16640685892439594,634.34,0
14530,28,4,1957.47,489.3675,99,4,35.25,208.0,0.3677348822715035,0.14697032393855333,0.2057758228734029,0.004878746545285496,0.20082044680122813,0.07381977757002661,904.64,1
16965,126,1,201.19,201.19,26,1,26.0,291.0,0.3018042646254784,0.0,0.14339678910482628,0.013569262885829316,0.5245290521397684,0.01670063124409762,0.0,0
14834,20,2,429.3,214.65,18,2,10.5,90.0,0.42890752387607733,0.06988120195667365,0.07803400885161892,0.037037037037037035,0.23095737246680645,0.15518285581178665,1291.0,0
14591,113,1,204.02,204.02,33,1,37.0,91.0,0.5348985393588863,0.020831291049897067,0.10082344868150181,0.09606901284187824,0.23929026566022937,0.008087442407607096,1116.19,0
15916,91,5,846.95,169.39000000000001,64,5,13.8,78.6,0.16681031938130939,0.1096877029340575,0.05850404392230946,0.22455871066768993,0.33824901115768347,0.10219021193695023,655.91,0
12408,75,3,1491.77,497.25666666666666,58,3,21.666666666666668,244.66666666666666,0.14605468671443989,0.024051965115265757,0.1685648591941117,0.11941519134987297,0.39993430622683124,0.14197899139947848,1396.78,0
14962,170,1,126.7,126.7,5,1,5.0,44.0,0.1254932912391476,0.0,0.0,0.0,0.32044198895027626,0.5540647198105761,0.0,0
16107,3,3,1494.1200000000001,498.04,16,3,6.0,166.66666666666666,0.317377452948893,0.1429068615639975,0.0,0.32888924584370727,0.2108264396434021,0.0,1710.04,0
12623,176,1,305.1,305.1,18,1,18.0,191.0,0.15142576204523103,0.12979351032448375,0.0,0.2913798754506719,0.2749918059652573,0.15240904621435594,0.0,0
14713,26,8,1821.8799999999999,227.73499999999999,121,8,30.375,140.625,0.13273651393066502,0.03323490021296683,0.08765670625946824,0.10523195819702726,0.4686916811206007,0.17244824027927197,840.3199999999999,1
13637,87,2,678.65,339.325,75,2,45.5,175.0,0.34692404037427244,0.08133795034259192,0.089515950784646,0.29235983201945037,0.18986222647903928,0.0,125.65,0
16509,196,1,363.7,363.7,13,1,13.0,64.0,0.20126477866373385,0.0,0.2302722023645862,0.31152048391531484,0.25694253505636516,0.0,0.0,0
17694,41,1,283.12,283.12,15,1,15.0,184.0,0.3032636337948573,0.12009042102288782,0.06251766035603279,0.3214184797965527,0.1927098050296694,0.0,0.0,0
15266,238,1,119.3,119.3,6,1,6.0,18.0,0.25020955574182735,0.0,0.6001676445934618,0.0,0.14962279966471081,0.0,0.0,0
15104,96,2,993.54,496.77,66,2,33.5,317.5,0.17130664090021538,0.010467620830565454,0.17452744730962017,0.2022565774905892,0.2612375948628138,0.18020411860619603,0.0,0
16218,14,6,2635.48,439.24666666666667,51,6,12.0,292.0,0.3498869276184983,0.0,0.0,0.10453503726076464,0.5228117838116776,0.02276625130905945,449.2,1
13462,152,1,151.5,151.5,9,1,9.0,62.0,0.2831683168316832,0.0,0.10891089108910891,0.11089108910891089,0.1306930693069307,0.36633663366336633,0.0,0
17602,24,2,909.5500000000001,454.77500000000003,108,2,55.5,450.5,0.31281402891539767,0.15687977571326478,0.0760376010114892,0.03732615029410148,0.2945192677697762,0.12242317629597053,4144.87,0
16968,7,1,253.31,253.31,15,1,15.0,98.0,0.5582487860724014,0.0,0.12553787848880818,0.05862382061505666,0.21613832853025935,0.0414511862934744,186.12,0
15223,125,2,755.75,377.875,14,2,10.0,106.5,0.10744293747932518,0.05345683096261991,0.0,0.128217002977175,0.7108832285808799,0.0,0.0,0
14603,174,1,660.0,660.0,2,1,2.0,400.0,0.0,0.22727272727272727,0.7727272727272726,0.0,0.0,0.0,0.0,0
16952,9,2,167.61,83.805,16,2,8.0,46.0,0.1091223674005131,0.02237336674422767,0.2422289839508382,0.2979535827217946,0.18572877513274863,0.14259292404987767,0.0,0
14758,44,4,1484.06,371.015,54,4,17.75,104.75,0.29796638949907683,0.016845680093796746,0.30070886621834697,0.18625931566109188,0.17295122838699245,0.02526852014069512,0.0,0
13339,100,1,860.12,860.12,54,1,54.0,326.0,0.2204343579965586,0.0,0.04092452215969864,0.3306050318560201,0.339906059619588,0.06813002836813468,0.0,0
12897,104,2,216.5,108.25,3,2,2.0,55.0,0.8628175519630485,0.0,0.0,0.1371824480369515,0.0,0.0,0.0,0
15932,7,6,1885.95,314.325,65,6,12.833333333333334,251.5,0.23955035923539858,0.04326731885787004,0.05790185317744373,0.3415360958668045,0.20088549537368436,0.11685887748879875,609.92,1
13918,152,1,198.2,198.2,8,1,8.0,100.0,0.3299697275479314,0.0,0.15438950554994954,0.2406659939455096,0.17507568113017158,0.09989909182643793,1014.64,0
14352,57,4,1078.96,269.74,44,4,11.75,134.5,0.16595610587973603,0.1316267516868095,0.07368206420997998,0.055377400459701936,0.2388689108029955,0.33448876696077706,0.0,0
13716,169,1,138.28,138.28,21,1,21.0,138.0,0.1580850448365635,0.3897888342493491,0.0,0.18853051778999133,0.07954874168354065,0.18404686144055538,0.0,0
15752,15,5,1612.85,322.57,178,5,54.4,263.4,0.2607682053507766,0.02455281024273801,0.024701615153300063,0.14838949685339617,0.45702948197290516,0.0845583904268841,1013.75,0
12609,86,2,800.73,400.365,42,2,21.5,259.0,0.1252606996116044,0.0,0.10365541443432867,0.14585440785283427,0.396163500805515,0.22906597729571768,326.12,0
15708,38,6,2589.34,431.5566666666667,103,6,36.833333333333336,164.83333333333334,0.4000054067831957,0.13496875651710474,0.14299010558675182,0.0627186850703268,0.22990800744591286,0.029409038596708043,645.91,1
15939,7,14,5860.25,418.5892857142857,28,14,5.285714285714286,326.57142857142856,0.3939831918433514,0.2693332195725438,0.018301267010793053,0.0,0.1337314960965829,0.18465082547672879,254.76,1
17376,211,1,105.85,105.85,13,1,13.0,35.0,0.04676428908833255,0.0,0.11147850732168164,0.3769485120453472,0.4648086915446387,0.0,97.35,0
12437,77,9,2476.73,275.1922222222222,58,9,9.777777777777779,182.55555555555554,0.24642169311955686,0.024128588905532693,0.0,0.151211476422541,0.27260944874895526,0.3056287928034142,2474.68,1
13835,55,2,537.34,268.67,28,2,17.0,145.5,0.2837123608888227,0.0,0.1371198868500391,0.17670376298060814,0.2506792719693304,0.1517847173111996,297.23,0
16552,142,2,379.73,189.865,17,2,8.5,109.5,0.13717641482105708,0.046612066468280096,0.0,0.41824454217470314,0.2233692360361309,0.17459774049982885,0.0,0
18075,6,8,1957.75,244.71875,74,8,13.375,126.875,0.3497790831311454,0.2669595198569787,0.08844336610905375,0.07351806921210574,0.20086834376197166,0.020431617928744733,654.0,1
17456,265,1,249.86,249.86,17,1,17.0,222.0,0.6601296726166653,0.0,0.0,0.23301048587208836,0.0,0.10685984151124629,0.0,0
15147,140,1,623.5,623.5,28,1,28.0,366.0,0.18668805132317562,0.0,0.08917401764234162,0.2078588612670409,0.33344025661587806,0.18283881315156375,0.0,0
15464,238,1,1044.65,1044.65,155,1,155.0,348.0,0.2774996410280955,0.027569042262958882,0.08500454697745656,0.21058727803570573,0.3850284784377543,0.014311013258029004,0.0,0
14185,231,1,197.65,197.65,3,1,3.0,6.0,0.0,0.0,0.06450796863141918,0.0,0.9354920313685808,0.0,0.0,0
17284,20,5,1489.04,297.808,219,5,52.8,247.6,0.28960941277601676,0.04662064148713265,0.11280422285499382,0.1476857572664267,0.2828533820448074,0.12042658357062268,158.44,0
15068,156,1,239.95999999999998,239.95999999999998,39,1,39.0,130.0,0.16961160193365563,0.042507084514085684,0.08418069678279713,0.05313385564260711,0.4819969994999167,0.16856976162693785,313.4,0
16261,12,2,409.99,204.995,66,2,36.5,97.0,0.3236908217273592,0.014390594892558355,0.08417278470206589,0.15358911192955926,0.3537403351301251,0.07041635161833215,318.55,0
16891,41,2,393.57,196.785,93,2,47.5,73.0,0.23385928805549205,0.02909266458317453,0.03074421322763422,0.18306781512818557,0.36849861523998273,0.1547374037655309,348.86,0
14231,83,3,925.71,308.57,47,3,16.666666666666668,136.33333333333334,0.3526806451264435,0.059716325847187564,0.021497013103455722,0.24510915945598513,0.23003964524527118,0.09095721122165687,0.0,0
12427,271,1,303.5,303.5,10,1,10.0,79.0,0.20757825370675453,0.0,0.0,0.0,0.49093904448105435,0.3014827018121911,522.3,0
18072,85,1,247.44,247.44,18,1,18.0,288.0,0.09505334626576141,0.037827352085354024,0.15906886517943744,0.4922405431619786,0.15276430649854508,0.06304558680892339,0.0,0
17164,51,3,1270.42,423.47333333333336,53,3,25.666666666666668,267.3333333333333,0.3006092473355268,0.02078052927378347,0.023614237811117583,0.266510287936273,0.22276097668487585,0.1657247209584232,1196.93,0
15510,230,1,250.0,250.0,1,1,1.0,2.0,0.0,0.0,0.0,1.0,0.0,0.0,0.0,0
12763,38,2,494.08,247.04,16,2,9.0,158.0,0.10986075129533679,0.0,0.010200777202072539,0.0,0.27384229274611405,0.6060961787564767,0.0,0
13209,28,5,4156.08,831.216,200,5,47.6,651.0,0.12957642778772305,0.06588901079863717,0.10781794383168757,0.1953306962329888,0.4001607283786645,0.10122519297029893,1735.53,1
13662,112,2,516.44,258.22,33,2,17.0,176.5,0.10398110138641468,0.0967004879560065,0.17833630237781734,0.062737200836496,0.3619007048253427,0.19634420261792268,364.82,0
16317,19,3,1341.65,447.2166666666667,64,3,23.0,296.6666666666667,0.2659188312898297,0.09196139082473073,0.09458502590094287,0.2464875340066336,0.21205232363134943,0.08899489434651361,0.0,0
12700,56,2,2149.05,1074.525,110,2,61.0,688.0,0.11541844070635861,0.0,0.01982271236127591,0.1637002396407715,0.45779763151159814,0.24326097577999578,2790.94,1
13787,264,1,106.4,106.4,7,1,7.0,56.0,0.0,0.21428571428571427,0.22180451127819548,0.42293233082706766,0.14097744360902256,0.0,202.64000000000001,0
16617,135,1,151.85,151.85,5,1,5.0,91.0,0.0,0.9160355614092854,0.0,0.0,0.08396443859071452,0.0,0.0,0
18281,80,1,80.82,80.82,7,1,7.0,54.0,0.4194506310319228,0.0,0.0,0.0,0.39346696362286565,0.18708240534521162,0.0,0
16828,12,1,113.5,113.5,7,1,7.0,58.0,0.6634361233480176,0.0,0.0,0.11101321585903084,0.22555066079295155,0.0,15.0,0
14770,132,2,876.42,438.21,49,2,26.0,245.0,0.15923872116108717,0.12790671139408047,0.11665639761758063,0.12699390703087562,0.305447160037425,0.16375710275895117,0.0,0
17299,73,1,151.63,151.63,18,1,18.0,228.0,0.0,0.13137241970586294,0.0,0.01648750247312537,0.37571720635758094,0.4764228714634308,388.41999999999996,0
14553,118,2,312.32,156.16,35,2,19.5,91.0,0.33340804303278687,0.09605532786885246,0.0,0.19483222336065575,0.3179431352459016,0.057761270491803275,546.95,0
17220,26,8,2165.5,270.6875,226,8,38.625,149.875,0.19404294620180096,0.006645116601246825,0.0935903948279843,0.2585361348418379,0.3239113368737012,0.12327407065342877,1022.05,1
16076,20,3,887.8000000000001,295.93333333333334,49,3,18.333333333333332,236.66666666666666,0.21883307051137643,0.0,0.0,0.22460013516557784,0.35658932191935117,0.1999774724036945,1346.93,0
15150,9,5,3569.62,713.924,225,5,47.0,494.8,0.26692196928524603,0.02831113675965509,0.08399213361646338,0.19311579383799957,0.2424011519433441,0.18525781455729182,1721.71,1
17398,14,3,653.38,217.79333333333332,30,3,12.666666666666666,103.33333333333333,0.09573295784994951,0.030303957880559552,0.0,0.4741191955676635,0.38469190976154766,0.015151978940279776,0.0,0
15171,231,1,1289.5,1289.5,5,1,5.0,290.0,0.14540519581233036,0.0,0.0,0.0,0.7754943776657619,0.07910042652190771,0.0,0
15906,44,4,797.71,199.4275,56,4,17.5,60.5,0.10057539707412468,0.031339709919644985,0.1536272580260997,0.3497887703551416,0.3296937483546652,0.0349751162703238,769.98,0
13703,218,1,99.5,99.5,1,1,1.0,10.0,1.0,0.0,0.0,0.0,0.0,0.0,0.0,0
17890,222,2,586.89,293.445,88,2,45.5,201.0,0.22269931332958476,0.11671693162262094,0.05544480226277496,0.46933837686789687,0.08592751622961714,0.04987305968750533,0.0,0
17799,63,8,2128.33,266.04125,222,8,35.0,136.75,0.26810691950966253,0.04733758392730451,0.12432282587756596,0.17353511908397665,0.3190153782543121,0.06768217334717831,910.84,1
14415,23,8,3305.88,413.235,173,8,38.625,199.5,0.2608806127264147,0.10200007259791644,0.04630537103585127,0.2542742023303931,0.28048809999153024,0.056051641317894176,2549.69,1
17670,127,1,205.7,205.7,11,1,11.0,110.0,0.15459406903257172,0.0,0.0,0.0,0.772484200291687,0.07292173067574137,0.0,0
15649,236,2,816.0,408.0,1,2,1.0,96.0,0.0,1.0,0.0,0.0,0.0,0.0,0.0,0
14248,218,1,302.58,302.58,8,1,8.0,102.0,0.049573666468372,0.0,0.049573666468372,0.0,0.8671425738647631,0.03371009319849296,0.0,0
17262,127,4,955.3600000000001,238.84000000000003,7,4,2.5,81.75,0.8984152570758667,0.0,0.09765952101825488,0.002198124267291911,0.0,0.001727097638586501,298.0,0
16987,70,3,629.45,209.8166666666667,29,3,14.0,34.333333333333336,0.051711811899277135,0.01874652474382397,0.46643895464294227,0.0026213360870601314,0.39240606879021367,0.06807530383668281,987.35,0
14665,196,3,731.66,243.88666666666666,41,3,13.666666666666666,89.33333333333333,0.3608370007927179,0.03772243938441353,0.1889538856846076,0.12082114643413609,0.1325069021130033,0.1591586255911216,1104.04,0
16526,71,1,290.36,290.36,15,1,15.0,106.0,0.10538641686182669,0.1299765807962529,0.09539881526381043,0.27283372365339575,0.349910455985673,0.04649400743904119,0.0,0
15750,70,4,1108.18,277.045,125,4,33.0,263.25,0.21968452778429495,0.044794167012579184,0.06153332491111552,0.11085744193181613,0.2815788048872927,0.28155173347290147,1354.8700000000001,0
13754,51,2,282.59999999999997,141.29999999999998,11,2,6.0,107.0,0.386411889596603,0.036093418259023353,0.0,0.3004246284501062,0.07112526539278133,0.2059447983014862,0.0,0
15918,90,2,334.23,167.115,33,2,20.0,76.5,0.21865182658648236,0.0,0.029620321335607217,0.36905723603506563,0.32740926906621187,0.055261346976632854,0.0,0
14803,62,3,845.55,281.84999999999997,35,3,14.666666666666666,123.33333333333333,0.04640766365087813,0.0,0.0,0.6798296966471526,0.2644787416474484,0.009283898054520727,0.0,0
17747,12,1,71.4,71.4,1,1,1.0,12.0,0.0,0.0,1.0,0.0,0.0,0.0,0.0,0
16006,111,1,101.4,101.4,8,1,8.0,84.0,0.4256410256410256,0.10059171597633135,0.0,0.35808678500986185,0.11568047337278106,0.0,0.0,0
16656,20,10,6257.0,625.7,13,10,5.1,627.8,0.4412977465238933,0.0,0.22438868467316606,0.019018699057056096,0.19976346491929037,0.11553140482659421,2368.8,1
16096,164,1,320.62,320.62,12,1,12.0,155.0,0.12413448942673569,0.0,0.12575634707753727,0.049591416630278835,0.7005177468654482,0.0,0.0,0
14397,9,9,856.0,95.11111111111111,13,9,3.888888888888889,72.44444444444444,0.017523364485981307,0.6238317757009346,0.0,0.04373831775700934,0.2966822429906542,0.01822429906542056,1756.96,0
14041,166,1,141.41,141.41,21,1,21.0,94.0,0.25182094618485257,0.0,0.0,0.6028569408104094,0.026023619263135563,0.11929849374160242,0.0,0
18094,36,5,2402.3,480.46000000000004,35,5,11.2,438.8,0.33173209008033966,0.24601423635682468,0.10085334887399575,0.1209674062356908,0.12163343462515089,0.07879948382799817,615.0,1
16551,30,2,617.17,308.585,19,2,11.0,298.5,0.20804640536643065,0.0,0.007582999821767098,0.15588897710517363,0.5356060728810539,0.09287554482557481,304.95,0
13026,120,2,243.71999999999997,121.85999999999999,5,2,3.0,174.0,0.0,0.7892663712456918,0.0,0.08370260955194486,0.1270310192023634,0.0,731.64,0
13345,187,1,389.5,389.5,20,1,20.0,141.0,0.2202824133504493,0.0,0.0,0.1086007702182285,0.534788189987163,0.1363286264441592,0.0,0
14019,38,1,384.29,384.29,25,1,25.0,233.0,0.051523588956256985,0.13442972754950686,0.0,0.4860912331832731,0.23037289546956724,0.09758255484139582,1037.32,0
13575,33,2,218.75,109.375,13,2,6.5,56.5,0.37165714285714285,0.06857142857142857,0.06994285714285714,0.06788571428571429,0.3314285714285714,0.0905142857142857,513.32,0
13081,43,8,18870.12,2358.765,424,8,94.0,1583.125,0.2165015378810522,0.05663980939177917,0.04146131556132129,0.19234641857073512,0.3335060932309917,0.15954482536412065,9467.26,1
15303,190,1,574.02,574.02,31,1,31.0,248.0,0.31974495662172053,0.096163896728337,0.034667781610396846,0.26528692380056446,0.28413644123898124,0.0,0.0,0
12831,162,1,215.05,215.05,9,1,9.0,135.0,0.3554987212276215,0.30132527319228086,0.0,0.0,0.07114624505928853,0.2720297605208091,0.0,0
12585,134,2,2040.1,1020.05,77,2,43.5,639.5,0.11189157394245382,0.07776089407381992,0.03686093818930445,0.1657418753982648,0.4105288956423705,0.19721582275378657,0.0,1
12881,175,1,298.0,298.0,7,1,7.0,21.0,0.0,0.0,0.0,0.27919463087248325,0.7208053691275168,0.0,0.0,0
17470,27,4,816.47,204.1175,54,4,14.5,318.75,0.16906928607297267,0.036547576763383834,0.030717601381557193,0.3171457616323931,0.34932085685940695,0.09719891729028622,308.6,0
16503,6,4,1431.93,357.9825,71,4,21.0,142.25,0.13691311726131863,0.028283505478619762,0.03813035553413923,0.2340617208941778,0.4671527239460029,0.09545857688574162,0.0,0
14401,7,9,2766.2999999999997,307.3666666666666,76,9,13.444444444444445,363.6666666666667,0.5148465459277736,0.010844810758052274,0.12626974659292198,0.004518671149188447,0.281531287279037,0.0619889382930268,1285.18,1
14891,47,2,554.38,277.19,30,2,16.5,252.5,0.1652296258883798,0.0,0.0,0.15732890796926297,0.5638010029221834,0.11364046322017389,0.0,0
12348,148,3,1487.24,495.74666666666667,22,3,9.333333333333334,708.0,0.13552620962319464,0.0,0.0,0.028078857480971463,0.38239961270541406,0.4539953201904199,310.0,0
15351,269,1,274.67,274.67,49,1,51.0,129.0,0.21371099865292895,0.11075108311792331,0.013652746932682855,0.23337095423599225,0.4123129573670222,0.01620125969345032,1659.99,0
13330,85,2,728.22,364.11,22,2,13.5,200.0,0.23841696190711598,0.0,0.10875834225920739,0.0,0.6256351102688748,0.02718958556480184,412.71,0
17637,15,1,338.95,338.95,24,1,24.0,215.0,0.10626936126272311,0.030092934061070952,0.15311992919309633,0.34308895117273935,0.23690809853960762,0.13052072577076265,208.11,0
12919,16,3,441.65,147.21666666666667,12,3,5.333333333333333,67.66666666666667,0.03396354579418091,0.0,0.0,0.06792709158836183,0.6963659006000227,0.20174346201743462,893.54,0
14760,197,1,89.2,89.2,5,1,5.0,40.0,0.3363228699551569,0.0,0.26681614349775784,0.39686098654708524,0.0,0.0,0.0,0
15797,13,4,2207.4,551.85,8,4,2.0,218.25,0.0,0.2772492525142702,0.0,0.12068496874150586,0.15629247078010328,0.4457733079641207,0.0,1
13976,106,1,357.98,357.98,10,1,10.0,154.0,0.0,0.27755740544164476,0.4064472875579641,0.0964299681546455,0.17766355662327504,0.04190178222247053,0.0,0
12779,89,7,2999.41,428.4871428571428,68,7,14.857142857142858,197.85714285714286,0.26778933190194076,0.04887627900153697,0.15499714943938975,0.18350942351995891,0.3403269309630894,0.004500885174084237,981.95,1
12990,85,2,263.9,131.95,5,2,3.5,65.0,0.0,0.0,0.0,0.37931034482758624,0.6206896551724139,0.0,145.6,0
16966,70,4,1486.56,371.64,8,4,5.5,330.0,0.0,0.0,0.0,0.10090410074265418,0.7824507587988375,0.11664514045850823,668.41,0
15454,262,1,179.1,179.1,23,1,25.0,86.0,0.3453378001116695,0.0,0.0,0.47068676716917923,0.15103294249022894,0.03294249022892239,0.0,0
14913,83,3,917.15,305.71666666666664,57,3,20.666666666666668,454.0,0.22635337731014557,0.032710025622853404,0.203718039579131,0.06967235457667775,0.26033909393229027,0.20720710897890204,310.28000000000003,0
12791,273,1,192.60000000000002,192.60000000000002,2,1,2.0,97.0,0.9221183800623053,0.0,0.0,0.0,0.0,0.0778816199376947,0.0,0
13564,44,3,1724.67,574.89,68,3,27.0,212.0,0.2660277038505917,0.01368377718636029,0.1215131010570138,0.062098836299118096,0.4865510503458632,0.05012553126105284,0.0,1
18231,92,5,2071.77,414.354,106,5,24.6,163.8,0.3419636349594791,0.031301737161943656,0.13155417831129904,0.0012066976546624385,0.4332768598830951,0.06069689202952065,0.0,1
12736,232,1,234.0,234.0,4,1,4.0,173.0,0.0,0.0,0.0,0.6153846153846154,0.0,0.38461538461538464,0.0,0
17908,273,1,232.03,232.03,51,1,54.0,169.0,0.23790027151661425,0.10063353876653881,0.09222945308796275,0.2962116967633495,0.18950135758307116,0.08352368228246347,0.0,0
13157,41,3,873.1999999999999,291.06666666666666,32,3,14.333333333333334,262.6666666666667,0.385066422354558,0.02572148419606047,0.0,0.10959688502061385,0.3896014658726523,0.09001374255611544,868.02,0
17404,23,10,21004.3,2100.43,93,10,13.8,2162.3,0.186566084087544,0.025109144318068204,0.0,0.14582156986902683,0.48610427388677563,0.15639892783858544,10902.52,1
16085,136,2,325.04,162.52,48,2,28.5,112.0,0.35709451144474524,0.10429485601772089,0.05445483632783658,0.08337435392567069,0.2197268028550332,0.18105463942899333,656.47,0
13767,8,28,9676.37,345.5846428571429,50,28,10.035714285714286,140.46428571428572,0.26938614377085623,0.02012118180681392,0.3175302308613664,0.15281557030167303,0.21157727536255846,0.028569597896731937,7543.990000000001,1
15996,16,5,879.76,175.952,91,5,21.8,67.2,0.3559266163499136,0.009036555424206602,0.3038214967718469,0.07439528962444303,0.20738610530144583,0.04943393652814404,152.82,0
15730,106,1,467.43,467.43,29,1,29.0,314.0,0.17007894230152107,0.02669918490469161,0.09819652140427443,0.2642106839526774,0.22901824872173374,0.21179641871510171,653.45,0
16016,96,4,791.07,197.7675,99,4,30.25,75.0,0.2537070044370283,0.043422200310971215,0.07837485936769185,0.2590794746356201,0.31693781839786617,0.048478642850822304,674.44,0
17373,34,2,287.3,143.65,26,2,14.0,100.0,0.26749042812391227,0.0,0.06787330316742081,0.18308388444135051,0.3318830490776192,0.14966933518969716,359.62,0
17863,45,4,1785.28,446.32,60,4,22.0,404.25,0.13359248969349347,0.07897920774332318,0.0,0.150900699050009,0.42153611758379633,0.21499148592937803,1374.72,1
18191,161,1,207.79999999999998,207.79999999999998,7,1,7.0,140.0,0.0,0.4417709335899903,0.47641963426371514,0.0,0.0,0.08180943214629452,0.0,0
14400,49,1,574.7,574.7,25,1,25.0,454.0,0.3527057595267095,0.0,0.01753958587088916,0.27943274752044545,0.21146685227074993,0.13885505481120583,0.0,0
15525,273,1,274.93,274.93,44,1,48.0,113.0,0.2000509220528862,0.01200305532317317,0.08656748990652166,0.054923071327246935,0.4064307278216273,0.24002473356854476,459.44,0
16634,122,2,217.9,108.95,9,2,4.5,41.0,0.23634694814134924,0.1408903166590179,0.20651675080312068,0.08122992198256082,0.09132629646626893,0.24368976594768244,0.0,0
12749,30,3,2755.23,918.41,113,3,42.666666666666664,360.0,0.12616732541384929,0.012282096231530579,0.16655596810429618,0.33837828420857785,0.2892172341329036,0.06739909190884245,1335.65,1
13050,6,13,4509.74,346.9030769230769,211,13,25.076923076923077,208.23076923076923,0.3205195864950086,0.06090151538669635,0.12678114481100908,0.17285697179881768,0.21951154612017545,0.09942923538829289,1327.12,1
13277,16,2,125.9,62.95,4,2,2.0,43.0,0.0,0.0,0.0,0.0,0.790309769658459,0.20969023034154088,132.5,0
14447,96,2,601.03,300.515,34,2,19.5,156.5,0.2572250969169592,0.0,0.11380463537593799,0.21138711877942867,0.38384107282498375,0.03374207610269039,562.2,0
13642,115,1,312.28,312.28,57,1,57.0,151.0,0.13398232355578327,0.02401690790316383,0.14538234917381837,0.07528500064045089,0.5479057256308442,0.07342769309593955,0.0,0
12857,110,2,1106.4,553.2,37,2,23.0,171.5,0.1869125090383225,0.0,0.0,0.33441793203181486,0.4626717281272596,0.015997830802603037,0.0,0
17830,161,2,287.65000000000003,143.82500000000002,15,2,8.0,32.5,0.5409351642621241,0.061533113158352165,0.27637754215192073,0.0,0.12115418042760298,0.0,111.05,0
13919,21,1,213.15,213.15,16,1,16.0,338.0,0.0,0.0,0.0,0.16326530612244897,0.1611541168191414,0.6755805770584096,171.66,0
14334,22,6,2013.51,335.585,87,6,21.333333333333332,237.83333333333334,0.2927872223132738,0.06809005170076135,0.20732452284816066,0.09871319238543637,0.13581755243331298,0.1972674583190548,538.7,1
14888,107,1,369.2,369.2,20,1,20.0,184.0,0.2082881906825569,0.0,0.0,0.0942578548212351,0.6974539544962081,0.0,0.0,0
18106,229,1,421.9,421.9,33,1,37.0,126.0,0.16129414553211666,0.22896420952832425,0.2632140317610808,0.06648494904005689,0.2292012325195544,0.05084143161886703,0.0,0
12364,12,1,623.92,623.92,34,1,34.0,555.0,0.32536222592640085,0.0,0.0,0.08005834081292475,0.1853923579946147,0.4091870752660598,689.18,0
16272,16,1,411.7,411.7,25,1,25.0,224.0,0.051858149137721646,0.0,0.0,0.16589749817828517,0.7750789409764393,0.007165411707554045,0.0,0
13610,10,5,764.76,152.952,140,5,32.4,72.8,0.2402976097076207,0.04975417124326586,0.09247345572467179,0.09623934306187562,0.46085046289031856,0.0603849573722475,317.57,0
14840,167,1,62.85,62.85,4,1,4.0,31.0,0.0,0.0,0.0,0.0,1.0,0.0,0.0,0
17574,142,1,185.65,185.65,8,1,8.0,77.0,0.46377592243468896,0.08079719903043361,0.0,0.09372475087530298,0.2728252087260975,0.08887691893347698,0.0,0
14068,220,1,265.85,265.85,22,1,24.0,73.0,0.23866842204250516,0.16644724468685348,0.0,0.28192589806281737,0.060184314463043065,0.2527741207447809,0.0,0
16496,107,2,1185.04,592.52,71,2,35.5,392.0,0.29761864578410857,0.0,0.10223283602241276,0.042783365962330386,0.5125565381759265,0.04480861405522177,414.48,0
15061,27,37,36575.0,988.5135135135135,59,37,8.054054054054054,518.7297297297297,0.03125085440874915,0.10470102529049898,0.1772112098427888,0.07627122351332877,0.531965003417635,0.07860068352699932,17959.14,1
17364,37,6,2617.41,436.23499999999996,153,6,36.833333333333336,249.0,0.15966929139874916,0.09788302176579138,0.19866967727639157,0.10145525538604958,0.293912684676837,0.14841006949618135,1845.27,1
15724,101,2,218.25,109.125,11,2,5.5,36.5,0.0,0.0,0.0,0.21718213058419247,0.7828178694158077,0.0,0.0,0
15076,72,1,880.85,880.85,49,1,49.0,571.0,0.36663450076630527,0.05699040699324516,0.0,0.23779304081285121,0.24128966339331326,0.09729238803428507,0.0,0
17120,133,1,307.46,307.46,18,1,18.0,120.0,0.2546672737917128,0.13874975606582973,0.053665517465686596,0.19417159955766605,0.35874585311910495,0.0,0.0,0
12967,257,2,1660.9,830.45,19,2,9.5,219.0,0.06303811186706003,0.0,0.035944367511590095,0.43855740863387316,0.39936179179962666,0.06309832018784996,0.0,1
14071,160,2,356.81,178.405,22,2,14.5,147.5,0.4650654409910036,0.07707183094644209,0.0,0.016143045318236595,0.2274599927132087,0.214259690031109,1080.76,0
12645,9,3,1310.8600000000001,436.9533333333334,52,3,19.666666666666668,275.0,0.10458782783821306,0.015104587827838209,0.021054880002441146,0.06385121218131608,0.7134705460537356,0.08193094609645576,464.32,0
14077,82,3,310.4,103.46666666666665,30,3,11.333333333333334,49.333333333333336,0.126965206185567,0.15016108247422683,0.2638208762886598,0.11952319587628868,0.2924613402061856,0.047068298969072164,189.01999999999998,0
16324,28,3,408.59000000000003,136.1966666666667,100,3,37.0,90.0,0.368217528573876,0.09581732298881518,0.02163538020999045,0.07029051127046672,0.28816172691451086,0.15587753004234073,0.0,0
14448,263,1,102.35000000000001,102.35000000000001,18,1,18.0,44.0,0.4274548119198827,0.0,0.016121152906692717,0.0,0.5031753786028333,0.05324865657059111,273.0,0
17252,16,2,348.91,174.455,86,2,43.0,96.0,0.16981456536069472,0.05087271789286635,0.15660198905161787,0.15161502966381013,0.3306869966466997,0.14040870138431114,0.0,0
16477,31,6,1999.26,333.21,96,6,20.166666666666668,183.16666666666666,0.2886367956143773,0.06397367025799545,0.05356982083370847,0.19024539079459402,0.3515050568710423,0.05206926562828248,495.2,1
14314,6,1,120.0,120.0,8,1,8.0,296.0,0.038000000000000006,0.0,0.0,0.0,0.7409999999999999,0.22100000000000003,0.0,0
16767,13,6,4229.32,704.8866666666667,126,6,28.5,572.1666666666666,0.1372159117777799,0.02774914170599529,0.11321914634031004,0.16322482101141556,0.358154502378633,0.20043647678586632,1346.24,1
12652,231,1,919.98,919.98,48,1,48.0,505.0,0.2047870605882737,0.021522207004500093,0.16174264657927348,0.18652579403900083,0.2607447987999739,0.16467749298897802,0.0,0
13425,8,3,1624.21,541.4033333333333,66,3,26.0,374.3333333333333,0.29664883235542205,0.05959820466565285,0.007326638796707322,0.1624420487498538,0.4163562593506997,0.05762801608166431,0.0,0
15840,72,1,241.74,241.74,17,1,17.0,256.0,0.48014395631670387,0.0,0.0,0.11355174981384959,0.16505336311739885,0.24125093075204762,113.82,0
14414,9,5,1137.08,227.416,68,5,14.6,357.2,0.20146339747423225,0.06152601400077391,0.21827839729834314,0.1914377176627854,0.22404756041791254,0.10324691314595279,359.9,0
14426,40,6,2885.58,480.93,151,6,29.0,267.1666666666667,0.2822760069032915,0.025263551868255258,0.1415625281572509,0.13000505964138925,0.3470290201623244,0.07386383326748869,1596.09,1
17050,87,5,2617.39,523.478,164,5,55.6,266.8,0.24141224655095345,0.003782393911491983,0.08516881320704978,0.26505029819782305,0.2214152266188837,0.1831710215137981,568.25,1
18190,92,2,284.46000000000004,142.23000000000002,14,2,7.5,70.0,0.2111368909512761,0.21690220066090135,0.22287843633551288,0.15397595443999154,0.19510651761231806,0.0,0.0,0
13414,33,3,1390.5,463.5,23,3,8.0,524.6666666666666,0.07551240560949299,0.5911542610571737,0.0,0.05747572815533981,0.16194174757281554,0.11391585760517797,0.0,0
15024,12,5,830.62,166.124,62,5,15.4,80.8,0.30135320603886256,0.17535094266933132,0.15073077941778432,0.06988755387541835,0.11501047410368159,0.18766704389492186,805.81,0
14918,15,2,1610.15,805.075,39,2,22.5,337.5,0.43771077228829613,0.07266403751203304,0.20960780051547992,0.03389125236779182,0.21681209825171568,0.029314039064683415,0.0,0
13030,268,1,402.36,402.36,50,1,57.0,174.0,0.2669251416641813,0.02460483149418431,0.04908539616264042,0.07841236703449647,0.4995029326970871,0.08146933094741028,350.08,0
14092,31,9,2437.8,270.8666666666667,87,9,15.444444444444445,140.22222222222223,0.1312043645910247,0.07767659365001231,0.15363852654032323,0.2925547624907704,0.2677085897120354,0.07721716301583394,1639.1100000000001,1
13993,45,5,2028.41,405.682,58,5,18.2,120.8,0.09926987147568786,0.0038453764278424977,0.24230801465187018,0.2417903678250452,0.34918975946677444,0.06359661015277976,1218.95,1
12981,33,1,187.18,187.18,11,1,11.0,134.0,0.25611710652847525,0.0,0.0,0.13334757986964418,0.5175766641735228,0.09295864942835771,185.04,0
16235,86,3,665.29,221.76333333333332,34,3,12.0,83.66666666666667,0.22605179696072392,0.022546558643599033,0.1671451547445475,0.1859489846533091,0.34599948894467075,0.052308016053149754,202.01999999999998,0
16624,97,1,426.43,426.43,21,1,21.0,196.0,0.3387894847923457,0.1383579954506015,0.037286307248551934,0.019510822409305163,0.4182163543840724,0.047839035715123226,384.14,0
13373,58,2,2055.58,1027.79,95,2,53.0,472.0,0.19539010887438096,0.0,0.14054427460862626,0.14470368460483174,0.49717841193239865,0.02218351997976241,1256.67,1
16227,125,1,314.22,314.22,6,1,6.0,90.0,0.056329959900706515,0.03628031315638724,0.0,0.047737254153141104,0.8596524727897651,0.0,0.0,0
13618,73,1,177.34,177.34,13,1,13.0,246.0,0.5450546971918349,0.0,0.0,0.0,0.45494530280816514,0.0,0.0,0
13792,187,1,74.60000000000001,74.60000000000001,4,1,4.0,28.0,0.0,0.0,0.0,0.23726541554959787,0.0,0.7627345844504021,120.95,0
15034,132,5,2640.38,528.076,158,5,36.6,265.2,0.37291601966383625,0.020451601663396934,0.13592740438876222,0.12325498602473886,0.2877691847385604,0.05968080352070536,1633.78,1
16348,28,4,738.29,184.5725,116,4,38.25,100.0,0.3290712321716399,0.02959541643527611,0.0837069444256322,0.1584201330100638,0.27004293705725396,0.1291633369001341,677.36,0
13548,143,1,281.01,281.01,59,1,61.0,164.0,0.27532828013237964,0.13326927867335683,0.11796733212341198,0.25120102487455964,0.15650688587594747,0.06572719832034447,397.15,0
16721,162,1,292.47,292.47,37,1,37.0,172.0,0.37508120490990526,0.14428830307381954,0.04615858036721714,0.24105036413991177,0.05727083119636202,0.1361507163127842,0.0,0
12573,127,1,160.54000000000002,160.54000000000002,26,1,28.0,84.0,0.4177152111623271,0.16537934471159835,0.06721066400896972,0.15603587890868317,0.13610315186246416,0.05755574934595739,0.0,0
17176,101,1,306.13,306.13,15,1,15.0,170.0,0.22637441609773626,0.3488713945056022,0.12903015058961878,0.05389867049946102,0.20752621435337928,0.034299153954202466,0.0,0
13452,159,2,590.0,295.0,1,2,1.0,1.0,0.0,0.0,0.0,1.0,0.0,0.0,0.0,0
12910,34,4,1486.9,371.725,26,4,9.0,207.5,0.21151388795480527,0.029981841415024545,0.2752841482278566,0.1016880758625328,0.32846862600040355,0.05306342053937723,1588.14,0
15527,44,5,1330.79,266.158,68,5,16.4,101.8,0.12586508765470134,0.02388055215323229,0.04214789711374447,0.2530902696894326,0.5249964306915441,0.03001976269734519,1097.74,0
13012,48,4,1012.3100000000001,253.07750000000001,42,4,12.75,127.75,0.6106824984441525,0.03378411751340993,0.08248461439677568,0.0992778891841432,0.15166302812379606,0.022107852337722635,634.53,0
16902,16,1,1706.88,1706.88,43,1,44.0,629.0,0.1803231627296588,0.0,0.03075787401574803,0.4585793963254593,0.3158394263217098,0.014500140607424071,0.0,1
14292,45,4,2590.21,647.5525,50,4,15.5,206.25,0.07032248350519842,0.0,0.0,0.26656525918747903,0.6570123657927349,0.00609989151458762,2281.7200000000003,1
17619,212,1,214.37,214.37,71,1,74.0,124.0,0.3979568036572282,0.03918458739562439,0.051779633344217944,0.19942156085273124,0.21089704716144983,0.10076036758874843,0.0,0
15549,57,2,1619.88,809.94,94,2,51.5,328.0,0.22624515396202186,0.014315875250018522,0.18421117613650395,0.16985826110576094,0.2139664666518507,0.19140306689384398,61.58,0
17519,33,5,1488.0,297.6,50,5,13.2,208.4,0.20651881720430107,0.04788306451612903,0.08756720430107527,0.10951612903225807,0.06379032258064517,0.4847244623655914,356.02,0
18055,28,7,3672.86,524.6942857142857,122,7,23.857142857142858,175.14285714285714,0.3387877566800803,0.0705553710187701,0.08655380275861317,0.20290727117287344,0.2337878383602969,0.067407960009366,3088.48,1
13584,206,1,142.4,142.4,24,1,24.0,37.0,0.12324438202247191,0.023174157303370784,0.06987359550561797,0.19241573033707862,0.5853230337078651,0.0059691011235955055,0.0,0
14176,197,4,576.9000000000001,144.22500000000002,28,4,7.75,52.25,0.24960998439937593,0.3021320852834113,0.12307158953024785,0.14950598023920955,0.1756803605477552,0.0,0.0,0
16205,79,1,112.35,112.35,27,1,27.0,64.0,0.15380507343124167,0.037027147307521144,0.17062750333778373,0.1443702714730752,0.4638184245660881,0.03035157988429017,645.28,0
16172,30,3,800.35,266.78333333333336,41,3,16.333333333333332,177.0,0.42000374836009247,0.07606672080964577,0.0,0.04423064909102267,0.40332354594864744,0.056375335790591605,339.86,0
17744,150,4,1288.96,322.24,50,4,15.5,421.5,0.24410377358490565,0.0782025819265144,0.04538542701092353,0.09908763654419066,0.2448951092353525,0.2883254716981132,1033.44,0
15098,82,3,39916.5,13305.5,1,3,1.0,40.333333333333336,0.0,0.0,1.0,0.0,0.0,0.0,0.0,1
16394,71,3,933.1,311.03333333333336,49,3,20.0,468.0,0.2521166005787161,0.0,0.4108241346050799,0.07701211017039974,0.1532847497588683,0.10676240488693602,622.24,0
17796,213,3,614.1,204.70000000000002,60,3,25.666666666666668,52.666666666666664,0.24458557238234818,0.012701514411333659,0.0718124084025403,0.4338869890897248,0.15974596971177332,0.07726754600227977,75.9,0
15793,168,1,306.64,306.64,3,1,3.0,192.0,0.48499869553874253,0.26611009653013307,0.0,0.2488912079311245,0.0,0.0,658.97,0
15145,127,2,724.03,362.015,35,2,20.5,219.0,0.0559369086916288,0.0,0.14709335248539426,0.27968454345814403,0.2528624504509482,0.2644227449138848,470.7,0
17968,273,1,265.1,265.1,74,1,81.0,151.0,0.3898906073179932,0.1552244436061863,0.04828366654092795,0.14983025273481704,0.12304790645039605,0.13372312334967937,0.0,0
17343,255,1,193.64,193.64,17,1,17.0,56.0,0.2636335467878538,0.10225160090890312,0.18048956827101842,0.22567651311712458,0.2127143152241273,0.015234455690972941,0.0,0
14298,23,36,35591.84,988.6622222222221,665,36,30.88888888888889,1189.5277777777778,0.265948599454257,0.08404735467455463,0.17192199110807424,0.12576281529698943,0.29898763312040066,0.053331606345724196,15935.46,1
13137,3,4,1428.76,357.19,211,4,78.5,218.75,0.2834345866345642,0.005564265516951762,0.055817632072566424,0.21468266188863072,0.35693188499118117,0.08356896889610572,2174.53,0
15095,3,4,1370.6,342.65,30,4,11.75,269.75,0.07406975047424486,0.10944112067707575,0.07500364803735589,0.34962790018969797,0.25089741718955205,0.14096016343207354,0.0,0
14495,21,1,40.599999999999994,40.599999999999994,2,1,2.0,22.0,0.0,0.0,0.0,0.4876847290640394,0.5123152709359606,0.0,83.2,0
16275,96,1,559.87,559.87,33,1,33.0,336.0,0.09923732294997054,0.06769428617357601,0.11359779948916712,0.08430528515548252,0.41375676496329505,0.22140854126850876,0.0,0
18223,43,10,3604.61,360.461,83,10,16.6,154.1,0.41953498436724085,0.014148548664071841,0.1546769276010442,0.11585719398215064,0.26132646805063514,0.034455877334857304,2879.9300000000003,1
16969,34,2,478.96000000000004,239.48000000000002,32,2,16.0,370.0,0.37228578586938366,0.021713713044930683,0.0,0.058564389510606316,0.2248622014364456,0.3225739101386337,171.45,0
15016,72,1,170.04,170.04,20,1,20.0,76.0,0.2747000705716302,0.030581039755351685,0.2575864502470007,0.04087273582686427,0.30392848741472595,0.0923312161844272,0.0,0
15414,142,1,36.2,36.2,5,1,5.0,12.0,0.4226519337016574,0.0,0.22790055248618782,0.0,0.1643646408839779,0.1850828729281768,738.7,0
14287,98,2,83.28,41.64,4,2,2.0,108.0,0.1873198847262248,0.0,0.0,0.24495677233429392,0.0,0.5677233429394812,93.35,0
13500,22,1,326.4,326.4,20,1,20.0,128.0,0.1833639705882353,0.0,0.1953125,0.46875000000000006,0.15257352941176472,0.0,840.37,0
15910,107,4,550.61,137.6525,117,4,33.75,107.75,0.21098418118087212,0.00755525689689617,0.10844336281578612,0.177784638855088,0.25824086013693903,0.23699170011441856,678.27,0
17672,209,1,1177.8400000000001,1177.8400000000001,41,1,41.0,643.0,0.30589893364124154,0.037899884534401955,0.0931365890103919,0.17243428649052503,0.25105277457040004,0.13957753175303944,2000.33,0
12917,28,1,594.0,594.0,2,1,2.0,120.0,0.0,0.0,0.0,0.0,1.0,0.0,0.0,0
12695,7,2,333.90000000000003,166.95000000000002,17,2,9.5,86.0,0.12803234501347707,0.0,0.48697214734950584,0.038185085354896675,0.3018867924528302,0.0449236298292902,248.2,0
15184,90,1,235.23000000000002,235.23000000000002,20,1,20.0,73.0,0.06206691323385623,0.0,0.407260978616673,0.0,0.4413977808952939,0.08927432725417675,166.97,0
14692,37,4,591.55,147.8875,53,4,17.0,66.25,0.2988758346716254,0.013185698588454062,0.019947595300481787,0.1053165412898318,0.43529710083678474,0.12737722931282228,0.0,0
17334,202,2,307.02,153.51,11,2,5.5,157.5,0.0,0.0,0.2110611686535079,0.08207934336525309,0.4397107680281415,0.2671487199530976,0.0,0
16990,118,1,179.0,179.0,1,1,1.0,100.0,0.0,0.0,0.0,0.0,1.0,0.0,0.0,0
17892,55,1,142.1,142.1,26,1,26.0,69.0,0.08332160450387052,0.2673469387755102,0.14672765657987336,0.09078114004222378,0.306826178747361,0.10499648135116116,102.0,0
15608,20,1,285.68,285.68,18,1,18.0,230.0,0.16486978437412486,0.07140856902828338,0.03486418370204424,0.13126575189022682,0.33295995519462335,0.26463175581069726,808.0,0
15143,125,1,259.45,259.45,14,1,14.0,150.0,0.22142994796685295,0.0,0.07670071304682984,0.0867219117363654,0.16766236269030643,0.44748506455964543,0.0,0
16150,28,3,1408.7,469.56666666666666,66,3,26.666666666666668,258.0,0.3806204301838574,0.03918506424362888,0.17015688223184494,0.09203520976787109,0.26376801306168807,0.054234400511109525,644.32,0
16536,10,1,548.12,548.12,49,1,54.0,250.0,0.31338028169014087,0.0,0.23133620375100342,0.01806173830548055,0.1893745895059476,0.24784718674742756,0.0,0
17348,197,1,160.15,160.15,36,1,36.0,199.0,0.08267249453637215,0.007805182641273806,0.03808929128941617,0.25632219793943173,0.22341554792382143,0.39169528566968465,996.45,0
13772,139,1,228.42,228.42,36,1,36.0,86.0,0.4857280448296997,0.012914806059014098,0.10025391822082129,0.19875667629804747,0.10944750897469574,0.09289904561772173,894.21,0
15841,118,2,613.26,306.63,19,2,12.0,183.0,0.779767146071813,0.1330593875354662,0.016632423441933275,0.054397808433617065,0.0,0.01614323451717053,610.8000000000001,0
14226,110,2,1692.0,846.0,40,2,20.5,537.5,0.29775413711583926,0.0,0.0,0.5157092198581561,0.18033096926713948,0.0062056737588652485,522.7900000000001,1
16407,10,8,1482.37,185.29625,76,8,15.0,93.25,0.20867259860898427,0.04351140403542975,0.10145914987486256,0.11794626172952773,0.5000775784723113,0.028333007278884492,597.31,0
12797,265,1,254.03,254.03,13,1,13.0,118.0,0.0,0.0,0.0,0.19958272644963193,0.631145927646341,0.1692713459040271,0.0,0
17673,62,4,1175.62,293.905,110,4,40.5,265.5,0.28125584797808817,0.11384631088276825,0.148857624062197,0.04011500314727548,0.2630271686429289,0.15289804528674233,419.35,0
13867,117,1,138.85,138.85,8,1,8.0,31.0,0.3122074180770616,0.12747569319409438,0.2578321930140439,0.11451206337774578,0.11451206337774578,0.07346056895930861,866.24,0
12510,42,2,982.5699999999999,491.28499999999997,29,2,16.5,176.5,0.017301566300619804,0.06371047355404703,0.2169005770581231,0.2089927435195457,0.25280641582787994,0.24028822373978448,0.0,0
14998,69,2,414.87,207.435,70,2,37.0,129.0,0.1938920625738183,0.024586014896232553,0.04227830404705088,0.3969195169571191,0.21857449321474198,0.12374960831103718,0.0,0
16596,266,1,120.65,120.65,6,1,6.0,47.0,0.27103191048487363,0.0,0.6058847907169498,0.12308329879817655,0.0,0.0,129.5,0
12625,111,2,2683.82,1341.91,73,2,43.0,806.0,0.17393118763553442,0.015090430803854207,0.018585449098672786,0.15951144264518485,0.3134561930382812,0.3194252967784725,0.0,1
12518,10,1,324.83,324.83,18,1,18.0,187.0,0.14176646245728536,0.0,0.0,0.18625126989502203,0.5297540251824031,0.14222824246528956,1732.06,0
17639,176,1,108.5,108.5,7,1,7.0,49.0,0.0,0.0,0.36682027649769583,0.4838709677419355,0.14930875576036864,0.0,0.0,0
18257,14,5,1562.8700000000001,312.574,66,5,16.0,144.2,0.18826901789656209,0.04308739690441303,0.071112760498314,0.2290401632893331,0.4126318887687395,0.055858772642638214,774.76,0
16700,21,10,4095.95,409.59499999999997,142,10,25.5,324.0,0.2069141469012073,0.018911363664107228,0.08660506109693723,0.21706807944432918,0.3341862083277384,0.13631514056568075,980.6,1
16282,239,1,168.3,168.3,11,1,11.0,114.0,0.2929292929292929,0.44979203802733214,0.0,0.21687462863933452,0.0,0.0404040404040404,0.0,0
17742,13,2,355.11,177.555,13,2,7.5,44.5,0.31964743318971583,0.19937484159837798,0.0,0.04209963110022246,0.43887809411168366,0.0,0.0,0
16302,26,1,233.22,233.22,11,1,11.0,158.0,0.0720349884229483,0.40185232827373296,0.0,0.34473887316696683,0.09647543092359145,0.08489837921276047,0.0,0
17133,90,3,2478.79,826.2633333333333,9,3,4.666666666666667,375.0,0.3823639759721478,0.36211215956172166,0.0,0.06865849870299622,0.07188991403063592,0.11497545173249851,2413.4500000000003,1
16957,139,2,416.64,208.32,15,2,8.0,86.0,0.31682027649769584,0.0,0.15264976958525345,0.0,0.37355990783410137,0.15697004608294932,0.0,0
17442,21,4,1590.45,397.6125,77,4,24.0,253.25,0.23651796661322266,0.012449306799962272,0.11133955798673333,0.23734163287119997,0.2711056619195825,0.13124587380929925,658.11,0
14177,79,1,108.13,108.13,19,1,19.0,38.0,0.24858966059372978,0.05456395079996301,0.24923702950152596,0.17016554147785073,0.27744381762693054,0.0,441.33,0
15039,14,36,17502.56,486.18222222222226,360,36,34.0,225.58333333333334,0.24044254097686282,0.006033403113601667,0.06665139271055205,0.12065035057728697,0.5080651059045077,0.0581572067171888,2264.03,1
17416,9,5,5294.49,1058.898,153,5,37.8,656.6,0.20998056470028276,0.0057795935019236975,0.1222591788821964,0.1447353758341219,0.45765503381817707,0.05959025326329826,1598.93,1
13165,251,1,354.64,354.64,13,1,13.0,496.0,0.4914279269117979,0.05752312203925107,0.0,0.0944055944055944,0.34378524701105345,0.012858109632303183,666.84,0
16555,9,1,151.98,151.98,9,1,9.0,90.0,0.11448874851954205,0.0,0.26371891038294515,0.10067114093959731,0.3908409001184367,0.13028030003947888,133.91,0
18043,106,2,421.59,210.795,87,2,46.5,114.5,0.0810028700870514,0.0,0.14955288313290163,0.14511729405346427,0.42797504684646226,0.1963519058801205,107.7,0
15440,36,2,237.66,118.83,25,2,16.0,62.5,0.0,0.0,0.008836152486745772,0.008836152486745772,0.6339308255491037,0.34839686947740467,146.02,0
17183,5,1,329.67,329.67,9,1,9.0,141.0,0.15779415779415779,0.0,0.0928200928200928,0.6012376012376013,0.08808808808808809,0.060060060060060046,3017.64,0
17377,26,9,2040.34,226.70444444444445,91,9,17.88888888888889,120.22222222222223,0.14294186263073802,0.05927933579697502,0.2765029357852123,0.11238323024593941,0.27894370546085456,0.12994893008028074,2017.98,1
17418,223,1,167.39000000000001,167.39000000000001,12,1,12.0,139.0,0.42392018639106277,0.13979329709062666,0.14098811159567476,0.0,0.29529840492263576,0.0,296.07,0
13037,38,3,881.07,293.69,44,3,16.0,143.66666666666666,0.262884901313176,0.012938813034151654,0.1520878023312563,0.06526155697050177,0.453028703735231,0.053798222615683206,0.0,0
13669,49,1,48.150000000000006,48.150000000000006,3,1,3.0,13.0,0.0,0.0,0.0,0.7352024922118381,0.26479750778816197,0.0,170.39999999999998,0
16200,64,1,550.57,550.57,58,1,58.0,231.0,0.18642497775033146,0.09691773979693771,0.18328277966471113,0.1334798481573642,0.38082351018035854,0.019071144450296968,518.3,0
12502,27,4,2631.52,657.88,81,4,27.0,146.5,0.04695005168115766,0.01710038304858029,0.17278987049309905,0.17404389858332828,0.3734989663768468,0.2156168298169879,1092.35,1
14681,111,1,393.95,393.95,5,1,5.0,48.0,0.0,0.0,0.0,0.0,1.0,0.0,105.0,0
17059,10,4,2237.1,559.275,232,4,92.0,319.75,0.29195386884806224,0.03658754637700595,0.07127531178758213,0.15124491529211928,0.38325510705824506,0.06568325063698538,843.29,1
17837,47,3,376.51,125.50333333333333,23,3,11.0,34.0,0.06971926376457464,0.06268093808929379,0.04063637087992351,0.1633422751055749,0.6569812222782927,0.006639929882340443,1164.72,0
18064,33,2,814.0,407.0,7,2,3.5,192.0,0.0386977886977887,0.0,0.0,0.0,0.46007371007371006,0.5012285012285013,0.0,0
16007,80,2,727.67,363.835,128,2,79.5,290.5,0.23481798067805462,0.05977984525952699,0.15436942570121073,0.03766817376008356,0.34422196874957056,0.1691426058515536,966.14,0
17667,61,4,1751.01,437.7525,81,4,24.5,225.75,0.317216920520157,0.03853775820811988,0.042089993775021275,0.12806894306714411,0.4213739498917768,0.05271243453778106,304.5,1
12591,217,1,452.84999999999997,452.84999999999997,26,1,26.0,228.0,0.2101137241912333,0.022524014574362372,0.03511096389532958,0.2169592580324611,0.21651761068786574,0.298774428618748,0.0,0
12388,48,4,1668.3400000000001,417.08500000000004,50,4,17.5,190.0,0.26451442751477516,0.10666890441996235,0.006113861682870397,0.3013534411450903,0.21507606363211337,0.10627330160518839,1112.3200000000002,1
16383,168,1,309.46,309.46,48,1,53.0,298.0,0.21317779357590644,0.08459897886641246,0.008240160279196019,0.06592128223356815,0.24400568732631037,0.3840560977186066,334.3,0
16222,218,1,773.5500000000001,773.5500000000001,120,1,122.0,325.0,0.32584836145045565,0.07672419365264042,0.13515609850688384,0.1862581604291901,0.24136772025079178,0.03464546571003813,0.0,0
13557,180,1,240.68,240.68,16,1,16.0,224.0,0.18896460029915238,0.07354163204254613,0.17625062323416985,0.0,0.4321090244307794,0.12913411999335217,343.38,0
14766,68,4,1531.32,382.83,85,4,23.25,246.0,0.25156074497818876,0.023117310555599097,0.09783716009717107,0.2573857848131024,0.23543087009899955,0.13466812945693912,942.0500000000001,0
15607,236,1,104.76,104.76,13,1,13.0,202.0,0.0,0.0,0.0,0.09545628102329133,0.16227567773959525,0.7422680412371134,0.0,0
16386,153,1,61.10000000000001,61.10000000000001,4,1,4.0,26.0,0.0,0.0,0.0,0.5433715220949263,0.4566284779050736,0.0,241.47,0
15152,13,6,2383.21,397.20166666666665,110,6,22.0,195.5,0.21129065420168597,0.029749791247938705,0.10057863134176175,0.25099340805048653,0.33362985217416846,0.07375766298395861,2362.48,1
13571,27,6,801.15,133.525,89,6,22.0,112.0,0.3696436372714223,0.05591961555264308,0.10629719777819384,0.2032952630593522,0.15611308743680957,0.10873119890157898,1287.79,0
15346,232,1,252.42000000000002,252.42000000000002,17,1,17.0,144.0,0.5758260042785833,0.0,0.0,0.05942476824340385,0.32434038507249824,0.040408842405514615,0.0,0
13120,138,1,30.599999999999998,30.599999999999998,1,1,1.0,12.0,0.0,0.0,1.0,0.0,0.0,0.0,0.0,0
15969,85,1,308.7,308.7,10,1,10.0,44.0,0.05733722060252674,0.0,0.43343051506316815,0.30612244897959184,0.11564625850340138,0.08746355685131196,357.4,0
16471,174,1,223.95000000000002,223.95000000000002,13,1,13.0,141.0,0.5445411922304085,0.11252511721366378,0.0,0.13485152935923198,0.06697923643670461,0.14110292475999106,0.0,0
13404,112,1,217.81,217.81,9,1,9.0,99.0,0.36155364767457876,0.0,0.2178963316652128,0.0,0.06886736146182453,0.3516826591983839,34.68,0
12621,8,14,9015.4,643.9571428571428,176,14,21.142857142857142,353.35714285714283,0.1127692614859019,0.05666193402400337,0.061823102690951044,0.1438483040131331,0.39350222951837965,0.23139516826763093,3494.63,1
13627,76,3,1027.0,342.3333333333333,62,3,21.333333333333332,258.3333333333333,0.39351509250243427,0.024732229795520932,0.09010710808179162,0.313524829600779,0.1226192794547225,0.055501460564751706,611.47,0
16616,57,1,210.10000000000002,210.10000000000002,11,1,11.0,110.0,0.33412660637791525,0.04740599714421703,0.0,0.0,0.4745359352689195,0.14393146120894812,290.32,0
17671,57,3,1098.55,366.18333333333334,38,3,14.666666666666666,174.66666666666666,0.13206499476582767,0.004260161121478312,0.20754631104637933,0.15880023667561785,0.3826862682627099,0.1146420281279869,474.16,0
16904,8,13,2933.55,225.65769230769232,334,13,43.23076923076923,123.15384615384616,0.20548141330469907,0.06954713572292956,0.13624789078079458,0.06580423036934771,0.46338736343338277,0.05953196638884628,720.2,1
15198,24,1,107.64,107.64,5,1,5.0,64.0,0.9531772575250835,0.0,0.0,0.0,0.0,0.04682274247491639,86.0,0
13358,168,1,439.03,439.03,29,1,29.0,285.0,0.24463020750290415,0.03416623009817097,0.1086486117121837,0.2362253148987541,0.37632963578798717,0.0,0.0,0
14798,44,2,97.4,48.7,7,2,4.0,52.0,0.33655030800821356,0.5587268993839836,0.0,0.0,0.0,0.10472279260780286,76.34,0
15325,3,1,161.74,161.74,47,1,48.0,231.0,0.216643996537653,0.07110176827006306,0.03839495486583405,0.18010387040929887,0.11796710770372203,0.37578830221342896,0.0,0
16667,184,1,200.4,200.4,20,1,20.0,77.0,0.2325349301397205,0.0,0.0,0.6140219560878244,0.10928143712574849,0.044161676646706595,366.78,0
17213,41,5,1780.01,356.002,67,5,19.8,151.6,0.24044808737029566,0.13848236807658384,0.24029078488323102,0.10112302739872248,0.2501615159465396,0.02949421632462739,1001.22,1
14755,12,7,2867.6800000000003,409.66857142857145,103,7,21.285714285714285,177.28571428571428,0.2658560229872231,0.06990319700942922,0.15369567036768397,0.19434176756123417,0.2578286280198627,0.058374714054566755,2142.6,1
16055,120,1,134.8,134.8,8,1,8.0,22.0,0.3727744807121661,0.0,0.3030415430267062,0.0,0.2507418397626112,0.07344213649851632,0.0,0
16619,163,1,226.21,226.21,14,1,14.0,133.0,0.3434861411962336,0.16179656071791695,0.19274125812298304,0.2574156756995712,0.04456036426329517,0.0,0.0,0
16128,43,2,694.7,347.35,34,2,19.0,183.0,0.09536490571469698,0.0,0.0,0.4401468259680437,0.32647185835612497,0.13801640996113432,1185.52,0
17951,258,2,409.50000000000006,204.75000000000003,9,2,4.5,110.0,0.49963369963369964,0.19120879120879122,0.0,0.0,0.3091575091575091,0.0,599.0400000000001,0
13101,134,1,101.19,101.19,8,1,8.0,113.0,0.4032018974206938,0.09783575452119773,0.09832987449352702,0.3714793951971539,0.0,0.029153078367427615,0.0,0
15987,20,6,1193.63,198.93833333333336,64,6,12.833333333333334,227.5,0.029406097366855725,0.030662768194499132,0.019721354188483867,0.8070842723457018,0.032908020073222015,0.08021748783123747,239.14,0
14623,16,3,606.16,202.0533333333333,88,3,35.0,88.33333333333333,0.14230566187145308,0.0,0.021034050415731823,0.36917645506137,0.4307278606308566,0.036755972020588626,280.54,0
17375,99,3,400.1,133.36666666666667,63,3,23.0,122.33333333333333,0.16725818545363658,0.0,0.09422644338915272,0.2970007498125468,0.1359160209947513,0.3055986003499125,0.0,0
14628,142,1,331.58000000000004,331.58000000000004,12,1,12.0,106.0,0.10449966825502141,0.15380903552687133,0.36606550455395376,0.04523795162555039,0.04448398576512455,0.2859038542734785,340.38,0
12727,87,5,2800.4,560.08,90,5,21.8,321.6,0.2335237823168119,0.01242679617197543,0.08027424653620911,0.02721039851449793,0.23023139551492644,0.4163333809455792,1180.3,1
13232,80,4,861.45,215.3625,105,4,32.5,136.75,0.1798711474838934,0.0,0.20081258343490627,0.3468918683614835,0.1761332636833246,0.09629113703639212,466.9,0
13634,6,3,755.97,251.99,73,3,30.333333333333332,115.66666666666667,0.2617431908673625,0.02599309496408588,0.21859333042316492,0.05793880709551966,0.25609481857745675,0.17963675807241028,791.39,0
17615,30,3,329.6,109.86666666666667,13,3,4.666666666666667,46.666666666666664,0.5508191747572816,0.04550970873786407,0.2069174757281553,0.0,0.14305218446601942,0.053701456310679616,0.0,0
16091,54,2,315.06,157.53,16,2,9.0,77.0,0.26775852218625024,0.12886434329968896,0.0,0.1418777375737955,0.40531962165936647,0.05617977528089888,0.0,0
13370,271,1,754.87,754.87,39,1,39.0,343.0,0.13024759230066105,0.11114496535827362,0.11021765337077907,0.16744605031329898,0.42133082517519577,0.05961291348179157,0.0,0
14626,22,2,1571.29,785.645,64,2,34.5,439.5,0.4590368423397336,0.12158799457770368,0.010119074136537495,0.09664034010271816,0.3013511191441427,0.011264629699164383,1219.98,0
14768,27,1,133.20000000000002,133.20000000000002,4,1,4.0,40.0,0.0,0.0,0.0,0.6216216216216216,0.3783783783783784,0.0,59.400000000000006,0
16168,3,16,2361.2,147.575,39,16,3.9375,76.5,0.11395476876164665,0.2305522615619177,0.06911739793325428,0.08004404540064375,0.23519820430289687,0.27113332203964086,1426.4,1
16744,45,2,240.74,120.37,47,2,28.0,72.5,0.3176871313450195,0.0,0.27685469801445545,0.09981723020686217,0.2314114812660962,0.07422945916756665,1051.17,0
17869,7,5,428.18,85.636,37,5,8.0,22.2,0.24802653089822038,0.011677331963193049,0.2902984726049792,0.11698351160726798,0.3166425335139428,0.016371619412396655,0.0,0
13937,69,1,158.85,158.85,9,1,9.0,123.0,0.28706326723323894,0.19263456090651557,0.0,0.0934844192634561,0.10953729933899906,0.3172804532577903,0.0,0
17386,13,3,1541.4,513.8000000000001,6,3,2.6666666666666665,292.0,0.1409108602569093,0.8590891397430906,0.0,0.0,0.0,0.0,1145.02,0
14583,44,4,741.72,185.43,172,4,53.25,138.0,0.3021625411206385,0.025508278056409428,0.13471390821334195,0.17365043412608533,0.24174890794369844,0.12221593053982635,245.24,0
17080,169,1,76.32000000000001,76.32000000000001,1,1,1.0,72.0,0.0,1.0,0.0,0.0,0.0,0.0,211.29999999999998,0
18287,101,1,765.28,765.28,27,1,29.0,488.0,0.48296048505122313,0.056057913443445545,0.0,0.025872883127744092,0.2971200083629521,0.13798871001463517,1072.0,0
17187,126,1,203.95,203.95,10,1,10.0,144.0,0.09757293454278008,0.34420201029664127,0.2515322382936994,0.1051728364795293,0.20151998038734983,0.0,0.0,0
17218,114,5,943.58,188.716,85,5,27.2,78.8,0.1532143538438712,0.03174081688887005,0.26759787193454715,0.10513152037983,0.3746476186438881,0.0676678183089934,1008.39,0
17047,105,2,749.4300000000001,374.71500000000003,40,2,21.5,176.0,0.3241663664384932,0.10087666626636244,0.2797325967735479,0.08780006137998211,0.20742430914161425,0.0,351.47,0
13577,48,2,822.1,411.05,43,2,23.0,168.5,0.18769006203624863,0.0,0.21274784089526821,0.1369054859506143,0.36266877508818873,0.09998783602968009,865.5,0
17588,72,2,702.24,351.12,12,2,6.0,130.0,0.0,0.37593984962406013,0.4750512645249488,0.0,0.1490088858509911,0.0,0.0,0
13652,156,2,638.24,319.12,33,2,19.0,145.0,0.3157432940586613,0.07987590874905992,0.2397217347706192,0.07716532965655552,0.22914577588368013,0.058347956881423906,456.84000000000003,0
15780,83,3,475.28000000000003,158.42666666666668,26,3,9.666666666666666,73.33333333333333,0.5225972058575997,0.0,0.11698367278235987,0.20387981821242215,0.15653930314761824,0.0,0.0,0
16209,19,4,2116.9,529.225,35,4,10.25,275.75,0.1397326278992867,0.1006613444187255,0.661845150928244,0.014029949454390855,0.06502432802683168,0.018706599272521135,145.72,1
13223,100,2,163.20000000000002,81.60000000000001,5,2,2.5,44.0,0.6176470588235294,0.0,0.0,0.09191176470588235,0.2904411764705882,0.0,0.0,0
12472,38,5,4927.6,985.5200000000001,180,5,49.8,617.6,0.13070866141732285,0.022233947560678625,0.04412695835700949,0.19318938225505317,0.3945977757934897,0.2151432746164461,1644.51,1
14636,168,1,300.19,300.19,16,1,16.0,117.0,0.1619640894100403,0.19254472167627168,0.0,0.10843132682634334,0.43305906259369065,0.10400079949365403,309.66,0
17282,30,3,1685.46,561.82,79,3,29.666666666666668,622.0,0.04893619545999312,0.003500528045756055,0.05482182905556939,0.11441980230916189,0.390670796103141,0.38765084902637853,0.0,1
13955,54,2,322.96,161.48,33,2,16.5,77.0,0.24625340599455042,0.1822207084468665,0.0945318305672529,0.14490958632648007,0.22046073817190986,0.11162373049294032,0.0,0
17802,80,2,632.4200000000001,316.21000000000004,66,2,37.5,203.5,0.1346099111350052,0.034154517567439355,0.11345308497517471,0.14047626577274594,0.4689288763796211,0.1083773441700136,652.62,0
13707,166,2,806.41,403.205,48,2,24.0,175.5,0.4426532409072308,0.025297305340955593,0.0,0.13479495541969966,0.36600488585210994,0.031249612480003974,0.0,0
12901,8,19,11639.470000000001,612.6036842105264,29,19,4.7368421052631575,653.6842105263158,0.052486925951095706,0.0,0.11959307425509923,0.4688649912753759,0.3330486697418353,0.026006338776593776,6015.07,1
15998,71,3,2105.26,701.7533333333334,280,3,113.66666666666667,456.6666666666667,0.2994594491891737,0.09793564690347034,0.1531164796747195,0.11309766964650446,0.17689026533539798,0.15950048925073387,974.96,1
15885,209,1,15.0,15.0,1,1,1.0,1.0,0.0,0.0,0.0,0.0,1.0,0.0,364.35,0
14006,15,3,962.19,320.73,22,3,10.0,213.66666666666666,0.4877622922707573,0.0,0.0,0.0826240139681352,0.411218158575749,0.018395535185358403,0.0,0
13784,12,8,1968.63,246.07875,9,8,3.25,229.125,0.40340744578717175,0.22060011276877825,0.0,0.05806068179393792,0.26611907773426186,0.0518126819158501,494.15999999999997,1
13948,260,1,102.0,102.0,3,1,3.0,40.0,0.22941176470588234,0.0,0.31176470588235294,0.4588235294117647,0.0,0.0,0.0,0
12644,29,1,477.91,477.91,31,1,31.0,325.0,0.17670691134313993,0.02134293067732418,0.07637421271787574,0.44261471825239057,0.26664016237366867,0.016321064635600846,0.0,0
12616,197,1,255.6,255.6,11,1,11.0,98.0,0.0,0.0,0.0,0.3262910798122066,0.45305164319248825,0.22065727699530516,457.7,0
15038,87,4,497.7,124.425,90,4,26.25,30.75,0.2791239702632108,0.05262206148282098,0.17259393208760299,0.22352822985734377,0.2688165561583283,0.0033152501506931885,188.04,0
13116,38,1,501.14,501.14,30,1,30.0,291.0,0.3640699205810751,0.10476114459033405,0.20381530111346133,0.06050205531388435,0.141976294049567,0.12487528435167818,0.0,0
14643,70,2,693.8100000000001,346.90500000000003,30,2,15.5,407.5,0.33212262723223934,0.02698145025295109,0.0687508107406927,0.20247618224009453,0.3409578991366512,0.028711030397371037,0.0,0
14297,174,1,232.6,232.6,11,1,11.0,78.0,0.20894239036973347,0.0,0.19346517626827173,0.054170249355116086,0.5434221840068787,0.0,1072.73,0
17272,99,2,1409.44,704.72,59,2,39.5,580.5,0.1623623566806675,0.0,0.029075377454875696,0.11940912702917471,0.5535673742763083,0.13558576455897375,739.1899999999999,0
14595,213,1,163.8,163.8,5,1,5.0,76.0,0.6398046398046399,0.3601953601953602,0.0,0.0,0.0,0.0,1576.8,0
12891,85,3,331.0,110.33333333333333,2,3,1.0,316.6666666666667,0.0,0.0,0.0,0.0,0.0,1.0,0.0,0
15498,20,19,9126.37,480.33526315789476,288,19,19.894736842105264,238.1578947368421,0.21992972014064738,0.025449329799252053,0.30009412285497955,0.11939796436041931,0.2504281548961964,0.08470070794850526,4190.03,1
17854,85,2,311.26,155.63,15,2,7.5,42.0,0.5921416179399859,0.047388035725759815,0.006264858960354688,0.0,0.3277003148493221,0.026505172524577524,0.0,0
15898,126,4,997.94,249.485,67,4,18.0,105.25,0.15852656472333004,0.00851754614505882,0.5007315069042226,0.1198468845822394,0.15040984427921517,0.06196765336593382,385.89,0
15630,104,1,396.86,396.86,21,1,21.0,280.0,0.2468880713601774,0.10179912311646423,0.08012901275008819,0.0,0.5457844075996573,0.02539938517361286,789.49,0
12865,23,1,981.38,981.38,58,1,58.0,550.0,0.15013552344657524,0.0,0.025861541910371114,0.3252562717805539,0.3513419878130795,0.1474046750494202,586.85,0
13804,41,3,1355.11,451.7033333333333,74,3,25.666666666666668,263.6666666666667,0.22603331094892667,0.021474271461357382,0.029296514674085502,0.29216816347012425,0.3542812022640229,0.07674653718148343,1233.28,0
14459,55,1,1837.92,1837.92,37,1,37.0,760.0,0.1629015408722904,0.0,0.05794593888743797,0.3224623487420562,0.45669017149821534,0.0,0.0,1
18226,20,9,4251.03,472.33666666666664,107,9,20.88888888888889,327.3333333333333,0.300600089860575,0.07739300828269854,0.03253329193160246,0.14990014184797568,0.3656008073337521,0.07397266074339631,977.02,1
16208,189,1,497.59,497.59,40,1,40.0,243.0,0.4587109869571334,0.07837778090395708,0.1276151048051609,0.0075363250869189494,0.21180088024277016,0.11595892200405958,166.67,0
16134,259,1,283.53000000000003,283.53000000000003,16,1,16.0,158.0,0.2540471907734631,0.0,0.0,0.6729446619405354,0.0,0.07300814728600147,334.56,0
16927,15,3,543.05,181.01666666666665,5,3,2.0,331.0,0.8153945308903415,0.0,0.12429794678206428,0.029923579780867324,0.030383942546726824,0.0,0.0,0
14957,152,1,58.49,58.49,12,1,12.0,34.0,0.2511540434262267,0.0,0.22226021542143956,0.3333903231321593,0.1931954180201744,0.0,0.0,0
13711,118,2,252.06,126.03,11,2,6.5,70.0,0.3100055542331191,0.0702213758628898,0.141632944537015,0.17424422756486552,0.2205824010156312,0.08331349678647941,0.0,0
13745,62,1,300.04,300.04,25,1,25.0,496.0,0.11838421543794159,0.015197973603519531,0.08832155712571657,0.08318890814558058,0.3085588588188241,0.38634848686841755,0.0,0
12428,20,8,7548.12,943.515,252,8,34.875,423.25,0.11673502805996726,0.0023449547701944328,0.15405822906896022,0.2323585210621983,0.2717087168725457,0.2227945501661341,408.34000000000003,1
15743,13,2,434.05,217.025,31,2,17.0,59.5,0.3026149061168068,0.11507890795991245,0.07326344891141573,0.16691625388780096,0.32392581499827205,0.01820066812579196,341.91,0
18245,49,6,1672.81,278.8016666666667,103,6,20.0,221.33333333333334,0.23275207584842272,0.08260352341270079,0.12477209007597995,0.23920827828623692,0.1346417106545274,0.18602232172213223,894.25,1
17787,52,4,1817.54,454.385,94,4,32.0,224.0,0.5994586088889378,0.02154010365659078,0.08726080306348141,0.09636651738063537,0.15001045369015265,0.04536351332020203,0.0,1
15326,233,1,311.71,311.71,29,1,29.0,386.0,0.24718488338519778,0.044753135927625046,0.016168874915787113,0.10856244586314204,0.04234705335087101,0.5409836065573771,0.0,0
16180,27,7,8529.38,1218.482857142857,90,7,21.0,701.5714285714286,0.13972645139506037,0.0,0.00175862723902558,0.14830386264886783,0.6933634097671812,0.016847648949865054,0.0,1
18065,83,8,1412.15,176.51875,71,8,10.375,73.875,0.17898240271925786,0.037602237722621536,0.2129802074850405,0.09591757249583967,0.3891158871224728,0.08540169245476756,980.6800000000001,0
14079,24,1,375.1,375.1,12,1,12.0,301.0,0.0,0.0,0.6030391895494535,0.09104238869634763,0.11157024793388427,0.19434817382031458,0.0,0
16607,28,10,2267.58,226.75799999999998,94,10,11.1,207.0,0.15597685638433925,0.01854840843542455,0.04897732384303972,0.3726527840252604,0.1925091948244384,0.21133543248749767,1080.1299999999999,1
14779,180,3,386.15,128.71666666666667,40,3,13.666666666666666,28.0,0.10319823902628514,0.010876602356597178,0.06461219733264276,0.25236307134533215,0.38249384954033405,0.18645604039880875,0.0,0
13695,19,11,1385.53,125.95727272727272,30,11,4.545454545454546,83.0909090909091,0.2980375740691288,0.5336008603205994,0.0,0.054130910193211264,0.08495665918457197,0.029273996232488653,1118.6,0
17613,17,9,2976.69,330.74333333333334,173,9,26.77777777777778,185.22222222222223,0.258021493672502,0.1403370858235154,0.07276538705743628,0.0885681747175554,0.3984996758144113,0.04180818291457961,1567.8600000000001,1
12820,226,1,170.46,170.46,11,1,11.0,146.0,0.48609644491376275,0.20767335445265753,0.0,0.0,0.30623020063357975,0.0,771.88,0
17582,136,1,175.27,175.27,28,1,29.0,123.0,0.6200718890854111,0.0,0.02150967079363268,0.08073258401323671,0.25115536030124946,0.026530495806470017,0.0,0
13078,6,15,6917.150000000001,461.1433333333334,81,15,16.933333333333334,166.66666666666666,0.2243207101190519,0.07290574875490628,0.4232610251331835,0.10512422023521248,0.1537439552416819,0.020644340515963946,5710.79,1
16038,77,2,393.33,196.665,23,2,11.5,114.5,0.2795362672565022,0.24007830574835382,0.0709328045152925,0.05186484631225688,0.3575877761675946,0.0,78.45,0
13611,70,2,636.72,318.36,31,2,16.0,210.0,0.1706244503078276,0.09941575574820959,0.08528081417263475,0.1680487498429451,0.15294006784771957,0.3236901620806634,517.68,0
14023,150,1,273.14,273.14,16,1,16.0,162.0,0.2324082887896317,0.0,0.0,0.10873544702350445,0.6588562641868639,0.0,310.93,0
14082,264,1,182.25,182.25,28,1,29.0,110.0,0.1692729766803841,0.0,0.06474622770919068,0.2255144032921811,0.5130315500685871,0.027434842249657063,0.0,0
17874,85,6,683.46,113.91000000000001,37,6,7.666666666666667,36.833333333333336,0.1180025166066778,0.0,0.24741755186843412,0.2788019781699002,0.3383665466889065,0.01741140666608141,0.0,0
16333,23,17,14369.2,845.2470588235294,8,17,2.0588235294117645,1366.1176470588234,0.4570442334994293,0.0,0.0,0.15140717646076332,0.39154859003980735,0.0,12257.6,1
12888,114,2,354.12,177.06,4,2,2.5,38.0,0.07116231785835311,0.0,0.7602507624534057,0.0,0.16858691968824127,0.0,0.0,0
14761,234,1,97.5,97.5,7,1,7.0,58.0,0.2553846153846154,0.0,0.48615384615384616,0.0,0.25846153846153846,0.0,158.4,0
15373,15,9,1686.9,187.43333333333334,65,9,11.11111111111111,39.333333333333336,0.03301914754875808,0.04001422728081095,0.14600746932242575,0.5131898749184896,0.20877941786709348,0.0589898630624222,729.01,1
14256,160,2,969.0600000000001,484.53000000000003,51,2,26.5,207.0,0.30060058200730605,0.016407652776917837,0.11413121994510142,0.37418735682001114,0.19467318845066353,0.0,0.0,0
12922,61,1,405.38,405.38,28,1,28.0,370.0,0.2937984113671123,0.06926834081602448,0.0,0.0,0.24322857565740788,0.3937046721594553,0.0,0
12590,111,2,9864.26,4932.13,68,2,34.0,2141.5,0.1357527072481869,0.14767047908307365,0.15487223572776873,0.21019316198072638,0.27920999649238765,0.07230141946785669,0.0,1
16955,84,4,518.67,129.6675,18,4,6.25,66.5,0.18065436597451173,0.0,0.0,0.5191547612161875,0.12609173462895484,0.1740991381803459,0.0,0
14290,261,1,777.5600000000001,777.5600000000001,23,1,23.0,220.0,0.3060342610216575,0.3271773239364165,0.11349606461237717,0.14043932301044293,0.041861721281958954,0.07099130613714696,1537.0900000000001,0
13833,59,1,383.85,383.85,28,1,28.0,117.0,0.42738048716946725,0.0,0.16568972254787026,0.1273935130910512,0.2795362771916113,0.0,0.0,0
14046,184,1,154.99,154.99,14,1,14.0,460.0,0.48157945673914443,0.0,0.0,0.03387315310665204,0.48454739015420345,0.0,0.0,0
17217,134,1,113.5,113.5,9,1,9.0,24.0,0.0,0.0,0.20792951541850221,0.0,0.6511013215859032,0.14096916299559473,0.0,0
16253,155,1,1700.4,1700.4,53,1,53.0,1340.0,0.13852034815337566,0.061397318278052226,0.1480592801693719,0.0,0.2934721242060691,0.358550929193131,1983.46,1
13501,187,1,1340.32,1340.32,52,1,52.0,560.0,0.2616315506744658,0.15520174286737498,0.14011579324340456,0.14614420436910588,0.22863942938999643,0.06826727945565239,0.0,0
14108,1,1,291.33,291.33,16,1,16.0,209.0,0.07723200494284832,0.01606425702811245,0.06919987642879209,0.35835650293481625,0.26495726495726496,0.214190093708166,306.58,0
16960,152,1,201.53,201.53,45,1,45.0,95.0,0.17640053590036223,0.02768818538182901,0.1560561702972262,0.3106237284771498,0.22676524586910138,0.10246613407433137,305.52,0
17338,14,7,5163.92,737.7028571428572,320,7,79.71428571428571,334.14285714285717,0.30816705138731815,0.0775825341988257,0.1007974561960681,0.235867325597608,0.22935870424018964,0.048226928379990396,1329.6200000000001,1
17616,73,3,571.1999999999999,190.39999999999998,1,3,1.0,74.66666666666667,0.0,1.0,0.0,0.0,0.0,0.0,0.0,0
15669,3,3,565.54,188.51333333333332,29,3,10.0,87.33333333333333,0.0952717756480532,0.23588075114050291,0.058351310252148396,0.2579481557449518,0.20295646638610887,0.14959154082823495,118.8,0
17920,5,9,2328.8,258.7555555555556,229,9,33.888888888888886,170.11111111111111,0.12708261765716247,0.028886121607694947,0.04972518035039505,0.2873711782892477,0.4214917554105118,0.08544314668498797,1790.7,1
14461,48,3,2103.06,701.02,173,3,60.0,255.33333333333334,0.20848192633591053,0.014859300257719704,0.07619373674550417,0.32287238595189865,0.3388158207564216,0.03877682995254534,0.0,1
15862,12,3,659.73,219.91,98,3,33.333333333333336,166.33333333333334,0.17773937823048824,0.16347596744122597,0.3043517802737483,0.05647764994770588,0.24311460749094324,0.054840616615888314,173.15,0
12381,19,1,1268.74,1268.74,62,1,62.0,568.0,0.14518341031259357,0.09596922931412266,0.042010183331494234,0.1935699985812696,0.2391270078975992,0.2841401705629207,576.57,0
17900,90,2,112.19999999999999,56.099999999999994,4,2,3.0,36.5,0.0,0.0,0.4010695187165776,0.0,0.13368983957219252,0.46524064171123,0.0,0
16327,99,4,2469.64,617.41,119,4,52.5,404.5,0.29964286292739023,0.09638246869989149,0.03326395749987853,0.23450786349427447,0.28429244748222415,0.05191039989634118,1350.63,1
16440,114,1,272.46,272.46,35,1,35.0,115.0,0.3080085150113778,0.0030830213609337152,0.023856712911987082,0.19250532188211117,0.4292373192395214,0.04330910959406886,3368.21,0
16882,139,2,215.70000000000002,107.85000000000001,15,2,7.5,51.0,0.35326842837274,0.12563745943439963,0.1842837273991655,0.12471024571163651,0.0,0.2121001390820584,489.41999999999996,0
13884,177,3,196.25,65.41666666666667,10,3,3.3333333333333335,21.666666666666668,0.46777070063694276,0.18038216560509557,0.07796178343949044,0.07643312101910828,0.19745222929936307,0.0,591.35,0
17686,20,5,4589.35,917.8700000000001,174,5,45.0,392.0,0.18855175569525096,0.05704947323695076,0.18460566311133383,0.12706810332617907,0.4070467495396951,0.03567825509059017,1150.1100000000001,1
14000,111,1,635.66,635.66,15,1,15.0,710.0,0.0,0.27939464493597205,0.0,0.28883365321083604,0.18541358587924364,0.24635811597394838,0.0,0
18120,114,1,111.15,111.15,17,1,17.0,31.0,0.17363922627080522,0.0,0.4327485380116958,0.09671614934772829,0.2591093117408907,0.037786774628879895,0.0,0
18229,10,13,4864.06,374.15846153846155,58,13,7.923076923076923,116.76923076923077,0.061405492530930944,0.0209701360591769,0.33763152592690054,0.22501367170635228,0.3472819003055061,0.007697273471133167,2412.84,1
13003,5,3,149.05,49.68333333333334,4,3,2.0,34.333333333333336,0.0,0.0,0.0,0.2955384099295538,0.7044615900704461,0.0,0.0,0
17589,51,3,1843.07,614.3566666666667,124,3,60.333333333333336,435.6666666666667,0.18448024220458256,0.003580981731567439,0.01673295100023331,0.23788027584410795,0.4155512270288161,0.14177432219069272,561.1,1
17314,48,5,1506.92,301.384,57,5,13.0,203.6,0.2695630823135933,0.07955299551402861,0.023690706872295804,0.038820906219308254,0.5527367079871526,0.035635601093621426,1021.0,0
16690,101,1,86.5,86.5,5,1,5.0,46.0,0.0,0.17341040462427745,0.0,0.7121387283236994,0.0,0.11445086705202312,139.07999999999998,0
16458,6,11,2151.5,195.5909090909091,43,11,12.090909090909092,123.63636363636364,0.15997211247966536,0.05621659307459913,0.050383453404601444,0.2121031838252382,0.5130978387171741,0.008226818498721823,1331.24,1
13995,15,3,871.9,290.6333333333333,39,3,18.0,202.66666666666666,0.23706847115494895,0.0,0.16905608441335016,0.0647436632641358,0.4137515770157128,0.1153802041518523,521.79,0
17451,5,1,346.01,346.01,23,1,23.0,267.0,0.41741568162769865,0.0,0.0,0.04566342013236612,0.20548539059564752,0.33143550764428775,1375.39,0
18138,195,1,152.65,152.65,8,1,8.0,38.0,0.06485424172944644,0.0982640026203734,0.5935145758270554,0.0,0.24336717982312478,0.0,0.0,0
14680,21,13,24196.4,1861.2615384615385,70,13,17.153846153846153,888.3076923076923,0.1958522755451224,0.10315584136483112,0.0013431750177712385,0.3269345853102114,0.3727141227620638,0.0,4557.71,1
15768,15,3,621.8299999999999,207.27666666666664,23,3,9.0,81.33333333333333,0.023881125066336464,0.0,0.11530482607786696,0.4634707235096409,0.2501969991798402,0.14714632616631557,0.0,0
13994,5,2,419.56,209.78,18,2,10.5,66.5,0.4384593383544666,0.07793879302126037,0.05624940413766804,0.13633330155400897,0.22809610067689962,0.06292306225569644,1854.5800000000002,0
13311,50,1,490.11,490.11,24,1,24.0,271.0,0.42400685560384405,0.02652465772989737,0.010283405766052519,0.0,0.41184632021382955,0.1273387606863765,108.46000000000001,0
15624,16,4,588.13,147.0325,26,4,8.5,89.25,0.38722731368915037,0.12038154829714522,0.0846751568530767,0.03611446448914356,0.331814394776665,0.03978712189481917,0.0,0
17128,234,1,157.09,157.09,14,1,14.0,76.0,0.11267426316124517,0.11267426316124517,0.34247883378954735,0.16232732828314977,0.06454898465847604,0.20529632694633648,0.0,0
15228,29,3,2224.03,741.3433333333334,83,3,29.666666666666668,501.6666666666667,0.20412044801553933,0.018165222591421875,0.03898328709594744,0.2626043713439117,0.3757683124777993,0.10035835847538026,1162.68,1
16525,17,20,9998.55,499.92749999999995,67,20,6.95,279.45,0.19342304634171956,0.1787299158377965,0.3787549194633222,0.1029089217936601,0.08636652314585615,0.059816673417645565,3028.9,1
15503,262,1,141.04,141.04,66,1,66.0,70.0,0.1510209869540556,0.048922291548496886,0.09146341463414635,0.38676971072036304,0.21192569483834375,0.10989790130459445,0.0,0
14854,33,6,2281.83,380.305,95,6,18.166666666666668,238.16666666666666,0.18734086237800363,0.023007848963332064,0.01751225989666189,0.1036010570463181,0.30339245254905056,0.36514551916663385,458.2,1
17646,119,3,1008.39,336.13,46,3,17.0,107.66666666666667,0.07645851307529826,0.029750394192723056,0.0963912771844227,0.507779728081397,0.16228840032130426,0.12733168714485468,0.0,0
14130,219,1,480.91,480.91,66,1,66.0,257.0,0.12037595392069202,0.0,0.11790147844711069,0.45133185003431,0.09596390176956186,0.21442681582832546,0.0,0
15754,146,1,91.8,91.8,6,1,6.0,36.0,0.1895424836601307,0.0,0.16339869281045752,0.0,0.6470588235294118,0.0,366.77,0
17374,118,2,495.77,247.885,24,2,14.0,42.5,0.08748008148940034,0.0,0.7660810456461666,0.04013958085402505,0.10629929201040807,0.0,0.0,0
12557,58,4,9000.960000000001,2250.2400000000002,15,4,7.25,866.0,0.04616174274744027,0.0,0.0,0.8047985992605232,0.1490396579920364,0.0,2990.0,1
16466,3,5,999.63,199.926,68,5,18.0,105.8,0.3815311665316167,0.22566349549333253,0.029610956053739885,0.28577573702269843,0.06706481398117303,0.010353830917439452,596.33,0
14701,72,7,1941.43,277.34714285714284,188,7,33.42857142857143,95.14285714285714,0.24206899038337718,0.04347311002714494,0.09204040320794465,0.14138032275178605,0.3941424619996601,0.08689471163008711,584.66,1
12948,5,4,1423.96,355.99,64,4,21.25,199.75,0.13892244164161913,0.0,0.05267001882075339,0.06650467709767129,0.6114076238096575,0.1304952386302986,640.99,0
13798,7,41,28066.24,684.5424390243903,95,41,6.097560975609756,430.1951219512195,0.291823201112796,0.0928987994116775,0.132083955670585,0.2562281231828702,0.20905971017136604,0.017906210450705187,9087.61,1
15222,218,1,585.0,585.0,5,1,5.0,440.0,0.4700854700854701,0.0,0.0,0.0,0.5299145299145299,0.0,0.0,0
14076,29,1,118.67,118.67,43,1,44.0,79.0,0.2228027302603859,0.05603775174854639,0.0,0.22895424285834667,0.2797674222634196,0.21243785286930142,0.0,0
16226,103,3,255.12,85.04,6,3,2.6666666666666665,64.0,0.5296331138287864,0.11759172154280338,0.0,0.35277516462841013,0.0,0.0,0.0,0
12963,265,1,365.8,365.8,16,1,16.0,172.0,0.2689994532531438,0.0,0.33460907599781303,0.1273920174958994,0.2689994532531438,0.0,1490.83,0
12930,71,1,221.56,221.56,14,1,14.0,108.0,0.38608051994944936,0.1278209063007763,0.0,0.30736595053258714,0.17873262321718722,0.0,194.24,0
17675,1,23,14074.19,611.9213043478261,179,23,21.347826086956523,241.52173913043478,0.32317099598626986,0.09701446406507229,0.18006720102542315,0.11753784764878121,0.2484526640609513,0.033756827213502164,6300.09,1
17580,152,3,215.72,71.90666666666667,43,3,15.0,29.333333333333332,0.5850176154274059,0.03893936584461339,0.019701464861857965,0.02735026886704988,0.3134618950491378,0.015529389949935099,0.0,0
13588,20,3,1075.62,358.53999999999996,80,3,27.0,372.6666666666667,0.1559100797679478,0.0,0.03480783176214648,0.04462542533608524,0.28260909986798316,0.4820475632658374,1403.33,0
16775,22,8,1174.55,146.81875,65,8,12.75,35.375,0.32399642416244523,0.04154782682729557,0.20280107275126644,0.23970882465625135,0.17470520624920183,0.017240645353539655,516.96,0
12359,89,3,3495.73,1165.2433333333333,135,3,47.666666666666664,321.6666666666667,0.10102896962866126,0.0,0.1033832704470883,0.3254398938133094,0.4156099012223484,0.05453796488859266,2814.3,1
17109,132,2,464.59000000000003,232.29500000000002,52,2,26.5,124.0,0.37738651283927765,0.019264297552680856,0.03422372414386879,0.0454163886437504,0.2550851288232635,0.2686239479971588,416.7,0
16105,148,1,336.96,336.96,13,1,13.0,330.0,0.09081196581196582,0.0,0.0,0.6652421652421654,0.1193019943019943,0.12464387464387465,0.0,0
15584,62,1,150.4,150.4,35,1,35.0,48.0,0.1751994680851064,0.0339095744680851,0.22307180851063826,0.06735372340425531,0.5004654255319149,0.0,570.46,0
13737,100,1,339.59999999999997,339.59999999999997,29,1,30.0,125.0,0.43751472320376916,0.0,0.12853356890459366,0.14281507656065962,0.2402826855123675,0.050853945818610136,0.0,0
17817,176,2,269.7,134.85,12,2,6.5,13.0,0.02335928809788654,0.04671857619577309,0.03151649981460883,0.014645902855024102,0.8698553948832036,0.013904338153503894,117.97999999999999,0
12494,61,5,868.86,173.772,42,5,10.2,72.8,0.34906659300692866,0.10402136132403378,0.020601707985175976,0.24756577584420963,0.12267799185139149,0.15606656998826046,377.24,0
12561,202,1,238.85,238.85,16,1,16.0,177.0,0.042704626334519574,0.0,0.29642034749843,0.0,0.44232782080803856,0.21854720535901195,0.0,0
16765,194,1,34.0,34.0,1,1,1.0,4.0,0.0,0.0,0.0,0.0,1.0,0.0,0.0,0
18099,27,1,168.31,168.31,19,1,19.0,149.0,0.06957400035648505,0.0,0.10712375972907136,0.2101479412987939,0.6131542986156496,0.0,0.0,0
16369,96,1,354.45,354.45,15,1,15.0,199.0,0.2251375370292002,0.0,0.2556072788827761,0.21695584708703627,0.19988714910424604,0.10241218789674142,1190.96,0
15705,101,1,143.1,143.1,6,1,6.0,62.0,0.0,0.41928721174004197,0.4444444444444445,0.0,0.13626834381551364,0.0,0.0,0
16671,64,1,1382.88,1382.88,3,1,3.0,656.0,0.0,0.0,0.0,0.0,0.18917042693509198,0.8108295730649079,309.39,0
17068,10,15,3281.4900000000002,218.76600000000002,89,15,13.866666666666667,100.53333333333333,0.18302661291059855,0.0,0.0253238620260918,0.22546160433217835,0.5511673050961605,0.0150206156349707,1270.65,1
15759,118,3,253.04,84.34666666666666,5,3,2.3333333333333335,20.0,0.0,0.0,0.0,0.0,0.9800822004426178,0.019917799557382234,0.0,0
16586,148,1,463.95,463.95,8,1,8.0,95.0,0.5496281926931782,0.0,0.17070805043646944,0.0,0.20206918849013902,0.07759456838021339,0.0,0
15644,66,4,803.54,200.885,166,4,58.0,137.5,0.16321527241954353,0.01759713268785624,0.10986385245289594,0.23537098339846182,0.3872364785822735,0.08671628045896908,0.0,0
15247,22,1,356.0,356.0,6,1,6.0,160.0,0.2292134831460674,0.6730337078651685,0.0,0.0,0.0,0.09775280898876404,0.0,0
13226,173,1,108.21000000000001,108.21000000000001,16,1,16.0,80.0,0.385916273911838,0.3091211533130025,0.09195083633675259,0.0,0.17789483411884296,0.03511690231956381,0.0,0
15628,28,4,1313.55,328.3875,53,4,19.25,215.25,0.22035704769517722,0.14205778234555216,0.1112253054699098,0.2530699250123711,0.1650336873358456,0.10825625214114422,1556.69,0
16332,30,3,651.77,217.25666666666666,43,3,17.666666666666668,89.66666666666667,0.20843242248032282,0.08280528407260229,0.15994906178559923,0.11600718044709023,0.39648955920033147,0.036316492014054035,931.03,0
14576,271,1,35.400000000000006,35.400000000000006,1,1,1.0,12.0,0.0,0.0,1.0,0.0,0.0,0.0,0.0,0
14022,125,1,440.0,440.0,28,1,28.0,487.0,0.3317727272727273,0.08045454545454547,0.0,0.03409090909090909,0.3046363636363636,0.24904545454545454,0.0,0
14312,86,4,854.59,213.6475,42,4,12.25,96.25,0.40483740741174135,0.2602651563907839,0.17879919025497606,0.07898524438619689,0.05862460361108836,0.018488397945213494,757.0,0
16255,31,6,1797.75,299.625,122,6,32.666666666666664,197.33333333333334,0.29492421081907944,0.04717007370324016,0.10836879432624115,0.19655124461131973,0.2749993046864136,0.07798637185370602,822.16,1
13062,91,1,346.98,346.98,11,1,11.0,343.0,0.2939650700328549,0.0,0.04582396679923915,0.048994178338809154,0.46077583722404747,0.15044094760504925,0.0,0
13972,101,1,145.9,145.9,9,1,9.0,42.0,0.49965729952021937,0.0,0.10897875257025359,0.0,0.18163125428375598,0.20973269362577104,44.349999999999994,0
17095,199,2,543.96,271.98,33,2,17.0,117.0,0.2459004338554305,0.10975071696448269,0.18468269725715122,0.11765570997867489,0.33274505478343996,0.009265387160820648,780.1999999999999,0
13158,19,3,868.17,289.39,47,3,18.666666666666668,173.0,0.16828501330384601,0.011472407477798126,0.1071218770517295,0.21137565223400948,0.41017312277549334,0.0915719271571236,332.89,0
15952,59,2,309.2,154.6,25,2,13.0,70.0,0.48334411384217335,0.2003557567917206,0.01778783958602846,0.0658150064683053,0.17545278137128073,0.057244501940491604,472.71000000000004,0
16714,118,3,1129.06,376.3533333333333,77,3,29.0,196.33333333333334,0.34198359697447434,0.061909907356562106,0.06598409296228722,0.2575151010575169,0.14630754787168088,0.12629975377747862,0.0,0
15311,12,63,44996.54,714.2307936507937,466,63,26.80952380952381,457.41269841269843,0.1162613836530542,0.05421616862096508,0.10747026326913135,0.2412789961183682,0.4275499849543987,0.05322320338408242,15636.21,1
16877,52,2,188.98,94.49,46,2,25.0,52.0,0.28209334321092183,0.0,0.23801460472007624,0.07910890041274209,0.3126785903270188,0.08810456132924119,657.64,0
14931,106,2,586.0,293.0,10,2,5.0,49.0,0.16757679180887372,0.06757679180887373,0.06791808873720136,0.07679180887372014,0.620136518771331,0.0,671.6800000000001,0
14460,10,3,434.34,144.78,14,3,5.333333333333333,293.6666666666667,0.06216328222130129,0.0,0.04696781323387208,0.0,0.3359580052493438,0.5549108992954828,0.0,0
15262,223,1,178.95000000000002,178.95000000000002,10,1,10.0,73.0,0.49147806649902204,0.18273260687342832,0.09891031014249792,0.0,0.22687901648505168,0.0,0.0,0
18069,80,3,978.32,326.1066666666667,199,3,78.0,208.66666666666666,0.2723955352032055,0.2169433314253005,0.07921743396843568,0.1040150462016518,0.2381429389156922,0.08928571428571427,1030.92,0
15829,40,1,325.44,325.44,26,1,26.0,420.0,0.2278761061946903,0.0,0.014380530973451327,0.07190265486725664,0.41002949852507375,0.27581120943952797,310.7,0
16159,181,1,348.2,348.2,14,1,14.0,236.0,0.7616312464101092,0.0,0.0,0.09534750143595636,0.14302125215393452,0.0,0.0,0
13781,150,1,127.84,127.84,17,1,17.0,30.0,0.5549123904881101,0.0,0.0,0.10090738423028786,0.34418022528160197,0.0,0.0,0
15874,77,6,2207.75,367.9583333333333,79,6,14.5,177.5,0.04105990261578531,0.04924923564715207,0.05625636960706602,0.31412071113124224,0.44617370626203146,0.09314007473672291,2198.13,1
18009,135,1,247.39,247.39,31,1,31.0,125.0,0.4994138809167711,0.047697966773111285,0.12712720805206354,0.07862080116415378,0.14535753264076964,0.1017826104531307,0.0,0
14529,10,1,135.24,135.24,49,1,50.0,84.0,0.37104406980183374,0.08089322685595976,0.04466134279798876,0.30479148181011534,0.044365572315882874,0.15424430641821946,443.37,0
16686,3,5,1998.65,399.73,281,5,74.0,297.2,0.09503915142721336,0.03760538363395292,0.13881870262427137,0.19382583243689488,0.35271808470717736,0.18199284517049008,961.23,1
17629,20,5,798.38,159.676,66,5,14.2,133.0,0.45523434955785463,0.01878804579273028,0.04625616874170194,0.12365039204388888,0.26481124276660234,0.09125980109722187,1015.74,0
16229,112,1,358.2,358.2,12,1,12.0,92.0,0.16582914572864324,0.06979341150195421,0.09212730318257957,0.16582914572864324,0.2763819095477387,0.23003908431044112,652.4,0
17526,190,3,872.8,290.93333333333334,9,3,3.3333333333333335,46.666666666666664,0.3565536205316224,0.0,0.0,0.0866177818515124,0.5568285976168652,0.0,323.1,0
14191,8,7,2258.26,322.60857142857145,71,7,16.142857142857142,198.28571428571428,0.19090361605838121,0.026462851930247173,0.1018306129497932,0.12252796400768734,0.4628652148114034,0.09540974024248758,2426.5,1
15681,83,3,703.22,234.40666666666667,22,3,10.666666666666666,150.0,0.0,0.2702425983333807,0.0,0.17291885896305564,0.3287733568442308,0.22806518585933278,722.94,0
13417,105,1,236.0,236.0,10,1,10.0,72.0,0.0,0.09745762711864407,0.6483050847457628,0.0,0.0,0.2542372881355932,404.83,0
14653,238,1,344.81,344.81,29,1,29.0,305.0,0.3020794060497085,0.10150517676401496,0.13964212174820914,0.03320669354137061,0.1650184159392129,0.25854818595748386,1581.84,0
18061,7,8,1793.51,224.18875,18,8,5.125,112.625,0.0626927087108519,0.12819554950906323,0.2925548226661686,0.31188005642566813,0.20186673060088878,0.002810132087359424,325.9,1
16136,177,1,159.3,159.3,8,1,8.0,66.0,0.4664155681104834,0.0,0.1249215317011927,0.40866290018832385,0.0,0.0,550.08,0
17204,75,4,1564.56,391.14,44,4,14.25,161.5,0.25419926369075013,0.0,0.03815769289768369,0.1974037429053536,0.24140972541800892,0.2688295750882037,0.0,0
15456,183,3,434.59000000000003,144.86333333333334,48,3,19.333333333333332,211.0,0.41666858418279296,0.11102418371338502,0.011735198693021007,0.06845532570928921,0.3208771485768195,0.07123955912469224,0.0,0
18189,167,1,633.1,633.1,40,1,40.0,352.0,0.2333754541146738,0.05591533722950561,0.126994155741589,0.15479387142631496,0.33241194124151,0.09650924024640657,457.14,0
12564,161,1,456.9,456.9,21,1,21.0,133.0,0.1474064346684176,0.0,0.0,0.12147078135259357,0.612934996717006,0.11818778726198294,0.0,0
12464,6,6,780.55,130.09166666666667,6,6,3.5,13.5,0.0,0.0,0.0,0.11978732944718469,0.6688232656460188,0.2113894049067965,431.5,0
15990,187,1,401.37,401.37,23,1,23.0,171.0,0.11435832274459974,0.028402720681665293,0.11859381617958492,0.16543339063706805,0.39402546278994444,0.17918628696713756,390.74,0
13615,218,1,417.69,417.69,23,1,23.0,189.0,0.5683401565754508,0.0,0.0761330173094879,0.07218271924154276,0.17489046900811608,0.10845363786540256,0.0,0
14646,5,40,176355.94,4408.8985,492,40,33.075,3168.275,0.20141572776057332,0.04165014232012826,0.04087302077831912,0.21315221931282838,0.4294013005742818,0.07350758925386919,103850.08,1
15620,120,2,875.01,437.505,59,2,30.0,300.0,0.10493594358921611,0.0782276773979726,0.15474108867327227,0.2893681215071828,0.27741397241174387,0.09531319642061234,678.17,0
18133,112,1,931.4999999999999,931.4999999999999,1,1,1.0,1350.0,0.0,0.0,0.0,1.0,0.0,0.0,0.0,0
17490,76,1,305.2,305.2,18,1,18.0,140.0,0.05406290956749672,0.033420707732634336,0.0982961992136304,0.6341743119266056,0.1466251638269987,0.033420707732634336,1787.12,0
18179,152,4,1103.16,275.79,54,4,13.5,182.25,0.1674281155951992,0.04133579897748287,0.027466550636353743,0.285452699517749,0.3099822328583342,0.16833460241488085,690.01,0
14740,96,3,1448.21,482.7366666666667,85,3,29.666666666666668,245.0,0.08797066723748628,0.04250764737158285,0.10191892059853197,0.21274538913555355,0.2604249383721974,0.2944324372846479,0.0,0
15625,3,4,1534.26,383.565,44,4,16.0,297.0,0.11213875092878653,0.08486175745962223,0.012905244221970199,0.26328653552852843,0.44781197450236593,0.07899573735872667,0.0,0
14655,122,1,810.56,810.56,14,1,14.0,522.0,0.08019147256217923,0.02635215159889459,0.0,0.1283063560994868,0.73998223450454,0.025167785234899327,1121.67,0
18018,7,2,122.14,61.07,29,2,14.5,27.5,0.2636318978221712,0.04830522351400033,0.0,0.12649418699852627,0.5271819223841493,0.03438676928115278,0.0,0
16637,23,2,530.55,265.275,29,2,16.0,175.5,0.37732541702007355,0.0,0.0695504664970314,0.11365564037319764,0.32072377721232687,0.11874469889737066,623.92,0
12989,57,8,4469.14,558.6425,14,8,3.25,255.75,0.47445369802691345,0.0,0.2971175662431698,0.056695471611987985,0.17173326411792872,0.0,2454.9700000000003,1
15719,26,10,3546.8,354.68,252,10,68.9,192.2,0.20163527686929061,0.061745799030111646,0.09625296041502199,0.18460866132852147,0.3901629637983534,0.0655943385587008,1483.27,1
12909,101,3,1528.37,509.45666666666665,55,3,21.666666666666668,262.0,0.14911965034644753,0.0074589268305449595,0.05015801147627865,0.2963483973121692,0.44383886100878717,0.05307615302577255,650.3,0
16788,23,2,594.39,297.195,138,2,74.0,152.0,0.2901125523646091,0.11701071686939551,0.03664260838843184,0.22651794276485138,0.2705462743316678,0.05916990528104444,0.0,0
16885,257,1,177.95,177.95,27,1,28.0,35.0,0.08232649620679967,0.0,0.15481876931722396,0.20932846305141894,0.5535262714245575,0.0,272.46,0
15164,108,2,363.23,181.615,52,2,27.5,71.0,0.5409244831098752,0.06428433774743275,0.0447374941497123,0.11191256228835723,0.229055970046527,0.009085152658095421,461.35,0
14309,68,6,1310.02,218.33666666666667,57,6,11.333333333333334,160.66666666666666,0.11988366589823057,0.24988931466695166,0.009618173768339415,0.2877818659257111,0.22856902948046595,0.10425795026030138,1042.51,0
17935,38,2,145.79,72.895,28,2,14.5,41.0,0.005693120241443171,0.0,0.0,0.07421633856917485,0.8158309897798203,0.1042595514095617,0.0,0
15789,258,1,351.3,351.3,25,1,25.0,438.0,0.10162254483347564,0.0,0.10646171363506973,0.3503558212354113,0.38861372046683745,0.05294619982920581,0.0,0
16808,173,1,166.5,166.5,19,1,19.0,116.0,0.23903903903903903,0.0,0.0,0.22792792792792793,0.30060060060060056,0.23243243243243245,121.92,0
17345,96,2,125.38,62.69,19,2,10.5,30.5,0.0,0.3062689424150582,0.05981815281544106,0.010049449672994098,0.3459084383474239,0.2779550167490828,394.31,0
14693,164,1,172.9,172.9,8,1,8.0,34.0,0.09687680740312318,0.10989010989010989,0.055812608444187395,0.0,0.7374204742625795,0.0,0.0,0
12876,96,1,726.43,726.43,34,1,34.0,651.0,0.10131740153903337,0.027256583566207342,0.0,0.23587957545806204,0.37388323720110683,0.2616632022355905,1491.59,0
15192,19,3,1044.32,348.1066666666666,36,3,17.0,306.0,0.1788915275011491,0.05412134211735866,0.03811092385475716,0.15083499310556153,0.3352420713957408,0.24279914202543282,0.0,0
17173,16,2,961.26,480.63,13,2,12.5,119.0,0.13669558704200735,0.07365333000436927,0.0,0.7525123275700644,0.0,0.03713875538355908,2805.34,0
16009,59,1,441.59000000000003,441.59000000000003,55,1,58.0,196.0,0.28759709232546027,0.014130754772526552,0.04597024389139247,0.10960393124844313,0.2616680631354876,0.2810299146266899,530.52,0
16283,20,3,586.35,195.45000000000002,59,3,24.666666666666668,147.0,0.15473693186663254,0.02307495523151701,0.3005031124754839,0.11332821693527756,0.16483329069668284,0.24352349279440605,984.46,0
15267,55,2,1407.76,703.88,7,2,3.5,352.0,0.19037335909530034,0.17900778541796897,0.0,0.3912598738421322,0.10638176961982156,0.13297721202477694,309.6,0
15786,14,1,3147.64,3147.64,165,1,165.0,2286.0,0.254603448933169,0.04295281544268086,0.08032684805123838,0.18635866871687998,0.28669415816294114,0.1490640606930907,1771.36,1
12766,49,5,4952.1900000000005,990.4380000000001,161,5,45.4,499.0,0.19298330637556313,0.015144814718336735,0.06950864163127828,0.3153069652012544,0.22588390186967783,0.18117237020388957,2037.44,1
16985,57,7,3578.54,511.21999999999997,50,7,11.142857142857142,183.85714285714286,0.2634146886719165,0.20522335924706722,0.34505692265560817,0.06606046041122916,0.07354954813974414,0.04669502087443483,1885.58,1
15967,218,1,161.9,161.9,32,1,33.0,60.0,0.23903644224830142,0.0,0.07813465101914763,0.21371216800494133,0.3897467572575664,0.07936998147004325,235.78,0
13551,219,1,91.80000000000001,91.80000000000001,4,1,4.0,12.0,0.0,0.0,0.0,0.0,1.0,0.0,0.0,0
13933,9,2,608.7900000000001,304.39500000000004,23,2,11.5,102.5,0.30823436653033065,0.0,0.11087567141378799,0.4099935938500961,0.14231508401911988,0.02858128418666535,0.0,0
16450,49,1,311.92,311.92,11,1,11.0,200.0,0.40253911259297254,0.2269812772505771,0.0,0.0,0.37047961015645037,0.0,0.0,0
15935,139,2,416.86,208.43,12,2,6.0,57.5,0.07388571702729933,0.0,0.012090390059012617,0.07196660749412273,0.7816053351245021,0.06045195029506309,0.0,0
12576,49,3,660.85,220.28333333333333,42,3,15.333333333333334,154.33333333333334,0.38178103957025045,0.03450102141181811,0.06083074827873194,0.31119013391843836,0.1310433532571688,0.08065370356359233,654.98,0
15734,14,2,1339.45,669.725,25,2,13.0,173.0,0.5294710515510097,0.0,0.18858486692299076,0.23714957631863826,0.03695546679607301,0.007839038411288215,0.0,0
15574,77,4,675.64,168.91,131,4,38.0,83.0,0.12348291989817063,0.058019063406547874,0.07958380202474691,0.11862826357231662,0.45923864780060386,0.16104730329761413,0.0,0
15116,34,2,790.97,395.485,20,2,11.5,127.5,0.09155846618708674,0.0,0.024653273828337357,0.8268960896114896,0.03792811358205747,0.018964056791028736,561.7800000000001,0
12875,43,2,343.2300000000001,171.61500000000004,1,2,1.0,1009.5,1.0,0.0,0.0,0.0,0.0,0.0,0.0,0
13492,36,3,1269.84,423.28,38,3,16.666666666666668,136.0,0.15167265167265168,0.0,0.5320355320355321,0.17091917091917094,0.14537264537264538,0.0,0.0,0
16139,12,2,306.37,153.185,13,2,7.5,77.5,0.048470803277083266,0.0,0.06658615399680125,0.3081894441361752,0.5767535985899402,0.0,329.04,0
16926,271,1,230.25,230.25,14,1,14.0,35.0,0.10228013029315962,0.0,0.34527687296416937,0.4859934853420196,0.06644951140065147,0.0,0.0,0
13301,3,4,618.09,154.5225,75,4,20.25,86.25,0.5492080441359672,0.09126502612888089,0.07102525522173146,0.04303580384733615,0.13654969341034476,0.10891617725573943,0.0,0
16225,49,4,953.64,238.41,108,4,32.25,112.75,0.4181556981670232,0.08215888595277043,0.08204353844217945,0.15222725556813893,0.20886288326831928,0.05655173860156872,142.68,0
12527,194,2,284.92,142.46,15,2,7.5,110.5,0.17050400112312225,0.44222939772567743,0.0,0.029832935560859187,0.15232345921662221,0.20511020637371893,63.790000000000006,0
13249,161,1,291.84000000000003,291.84000000000003,2,1,2.0,240.0,0.0,0.0,0.0,0.0,1.0,0.0,419.57000000000005,0
12710,61,2,790.36,395.18,47,2,24.0,223.5,0.20503314945088316,0.0,0.0,0.18972367022622605,0.35624272483425273,0.2490004554886381,358.66,0
13614,64,2,778.88,389.44,82,2,43.0,121.5,0.1997997124075596,0.0,0.14283329909613804,0.20298377156943304,0.3992270953163517,0.05515612161051767,806.58,0
17134,6,2,413.2,206.6,21,2,11.5,49.0,0.31026137463697967,0.07913843175217813,0.46672313649564373,0.0,0.11519845111326235,0.028678606001936113,0.0,0
17430,265,1,112.6,112.6,5,1,5.0,60.0,0.15452930728241562,0.3463587921847247,0.21136767317939611,0.14920071047957373,0.0,0.13854351687388988,153.16,0
14859,104,1,296.86,296.86,11,1,11.0,209.0,0.0,0.06791079970356395,0.0,0.14013339621370344,0.6545172808731389,0.13743852320959374,1056.88,0
16583,273,1,233.45,233.45,14,1,14.0,111.0,0.21460698222317415,0.0,0.0,0.1934032983508246,0.527736131934033,0.0642535874919683,0.0,0
16942,36,7,1439.44,205.6342857142857,115,7,27.714285714285715,84.71428571428571,0.27595453787584057,0.04956788751181014,0.1284179958872895,0.14500778080364585,0.36997026621463897,0.031081531706774856,465.55,0
17070,14,1,304.24,304.24,62,1,62.0,131.0,0.25982776755193265,0.054726531685511434,0.1757494083618196,0.25345122271890613,0.12697212726794635,0.12927294241388376,0.0,0
14903,24,4,2398.62,599.655,195,4,72.5,332.5,0.34767074401113973,0.14233184080846487,0.14339912116133444,0.12058183455486907,0.2158115916652075,0.03020486779898442,396.71,1
17696,8,7,1915.5900000000001,273.6557142857143,71,7,13.428571428571429,189.0,0.32737694391806177,0.0369598922525175,0.06619370533360479,0.1504079683021941,0.3110843134491201,0.10797717674450169,370.12,1
13827,33,2,300.76,150.38,59,2,30.5,47.5,0.25265992818193905,0.1113844926186993,0.24102274238595556,0.19334352972469743,0.2015893070887086,0.0,109.04,0
12665,224,1,63.0,63.0,3,1,3.0,37.0,0.23809523809523808,0.0,0.0,0.0,0.47619047619047616,0.2857142857142857,0.0,0
14915,177,1,142.28,142.28,8,1,8.0,76.0,0.820775934776497,0.0,0.0,0.0,0.17922406522350295,0.0,165.20000000000002,0
14013,10,3,473.02,157.67333333333332,30,3,11.333333333333334,154.0,0.16172677688047019,0.0,0.021563570250729355,0.08337913830282018,0.711766944315251,0.021563570250729355,0.0,0
15921,72,1,323.03000000000003,323.03000000000003,24,1,24.0,162.0,0.18546265052781474,0.023217657802680862,0.20245797603937715,0.2337553787573909,0.10398415007894003,0.2511221867937962,0.0,0
15208,63,2,323.52,161.76,16,2,8.0,77.0,0.05471068249258161,0.0,0.12302176063303659,0.2266320474777448,0.25037091988130566,0.3452645895153314,546.6,0
12539,162,3,4517.69,1505.8966666666665,125,3,76.66666666666667,540.3333333333334,0.24448335321812698,0.00876554168170016,0.07936356854941354,0.24240264382903656,0.3667471650334574,0.058237727688265475,1050.66,1
13482,132,1,184.64,184.64,11,1,11.0,116.0,0.17547660311958407,0.10983535528596189,0.08123916811091855,0.17710138648180246,0.25216637781629114,0.20418110918544197,0.0,0
15653,15,1,48.0,48.0,4,1,4.0,48.0,1.0,0.0,0.0,0.0,0.0,0.0,829.4399999999999,0
12350,210,1,334.4,334.4,17,1,17.0,197.0,0.20275119617224885,0.05921052631578947,0.0,0.11692583732057416,0.5014952153110048,0.11961722488038279,0.0,0
12461,54,1,626.88,626.88,34,1,34.0,282.0,0.10938297600816742,0.0,0.4798047473200613,0.03627488514548239,0.30036051556916793,0.07417687595712098,200.0,0
15424,154,2,383.34,191.67,17,2,8.5,277.0,0.11754578181249023,0.0,0.030521208326811707,0.17843167944905308,0.4903740804507748,0.18312724996087026,0.0,0
13139,9,3,1710.94,570.3133333333334,39,3,16.666666666666668,242.0,0.07241633254234514,0.0,0.3261365097548716,0.11458028919775096,0.4868668685050323,0.0,3354.0,1
12353,103,1,89.0,89.0,4,1,4.0,20.0,0.0,0.0,0.0,0.19887640449438204,0.801123595505618,0.0,0.0,0
14525,19,6,2595.65,432.60833333333335,158,6,30.333333333333332,265.6666666666667,0.3608498834588639,0.26810240209581415,0.10554966963958932,0.0716699092712808,0.16543447691329724,0.028393658621154623,1395.61,1
13967,45,1,80.7,80.7,2,1,2.0,42.0,0.0,0.5576208178438662,0.0,0.0,0.44237918215613387,0.0,0.0,0
12716,33,1,677.9,677.9,45,1,45.0,503.0,0.30771500221271575,0.0,0.058120666765009585,0.20277327039386342,0.2314500663814722,0.19994099424693912,375.59000000000003,0
14221,12,7,2617.0099999999998,373.8585714285714,91,7,19.571428571428573,220.85714285714286,0.5246177890034811,0.06763443777440668,0.043316609413032434,0.05173461316540633,0.27752664300098207,0.03516990764269147,815.79,1
12734,252,1,110.39999999999999,110.39999999999999,4,1,4.0,88.0,0.15217391304347827,0.0,0.0,0.8478260869565217,0.0,0.0,0.0,0
18008,103,7,2065.41,295.0585714285714,22,7,3.857142857142857,216.71428571428572,0.018228826237889816,0.0,0.009634890893333527,0.3870417979965237,0.5808096213342631,0.004284863537990037,50.78,1
14393,117,1,67.95,67.95,5,1,5.0,13.0,0.0,0.0,0.0,0.0,0.0,1.0,0.0,0
17331,23,1,175.2,175.2,1,1,1.0,16.0,0.0,0.0,0.0,0.0,1.0,0.0,0.0,0
16756,114,1,239.4,239.4,13,1,13.0,106.0,0.3433583959899749,0.15225563909774437,0.06390977443609022,0.3339598997493735,0.10651629072681704,0.0,0.0,0
15042,99,1,135.93,135.93,5,1,5.0,30.0,1.0,0.0,0.0,0.0,0.0,0.0,0.0,0
15165,273,1,487.75,487.75,27,1,27.0,160.0,0.171604305484367,0.03628908252178371,0.17293695540748333,0.2194771911840082,0.33869810353664787,0.06099436186570989,0.0,0
17864,175,1,200.85,200.85,29,1,31.0,347.0,0.0642270351008215,0.0,0.25093353248693057,0.1321882001493652,0.22613890963405525,0.3265123226288275,354.0,0
18237,19,2,566.59,283.295,31,2,16.5,180.5,0.2627296634250516,0.0,0.11503909352441802,0.15831553680792107,0.4360295804726521,0.027886125769957113,420.51,0
17965,34,10,1887.73,188.773,192,10,23.0,112.9,0.19595492999528533,0.05498667712013901,0.28530563163164224,0.1501115095908843,0.17118443845253292,0.1424568132095162,711.46,1
17388,31,3,953.0300000000001,317.6766666666667,12,3,4.333333333333333,259.6666666666667,0.07518126396860539,0.04688204988300473,0.0,0.8272562248827424,0.05068046126564745,0.0,306.53000000000003,0
15861,34,3,1123.76,374.58666666666664,174,3,67.33333333333333,290.0,0.26987968961344055,0.015750694098383998,0.054993948885883104,0.13841923542393395,0.27254040008542746,0.2484160318929309,2023.16,0
16983,80,4,885.22,221.305,54,4,15.25,133.5,0.17333544203700774,0.008811368925238924,0.280608210388378,0.10691127629289895,0.31195634983393955,0.11837735252253677,1020.65,0
16558,21,13,4362.4,335.5692307692307,158,13,20.615384615384617,231.3846153846154,0.3386117733357785,0.039514945901338715,0.0884421419402164,0.27506189253621866,0.15383962956170916,0.10452961672473869,3976.09,1
15838,8,12,14153.5,1179.4583333333333,51,12,8.583333333333334,666.5,0.16011728547709045,0.0,0.013184018087398879,0.4636012293778924,0.28793584625710955,0.0751616208005087,19489.58,1
15438,31,1,156.57999999999998,156.57999999999998,25,1,25.0,59.0,0.3119810959254055,0.01628560480265679,0.12664452675948398,0.2765359560607996,0.12070507089027974,0.1478477455613744,0.0,0
14631,135,2,630.08,315.04,24,2,12.5,176.0,0.016188420518029455,0.0,0.21616302691721684,0.20140299644489587,0.3705561198577958,0.19568943626206195,376.90000000000003,0
15063,113,1,370.79999999999995,370.79999999999995,5,1,5.0,56.0,0.7707659115426106,0.0,0.0,0.053667745415318234,0.06877022653721683,0.10679611650485436,0.0,0
13435,10,3,1088.1200000000001,362.7066666666667,31,3,12.333333333333334,298.0,0.08439326544866374,0.23106826452964746,0.2636198213432342,0.33078153144873723,0.0763243024666397,0.013812814763077599,2721.77,0
17722,89,3,2100.88,700.2933333333334,93,3,31.333333333333332,474.3333333333333,0.1451391797722859,0.03769848825254179,0.04855108335554625,0.19396633791554013,0.43485586992117586,0.13978904078291002,323.16,1
14978,135,4,1527.23,381.8075,120,4,44.0,103.75,0.2885092618662546,0.039810637559503155,0.3820315211199361,0.13456388363245875,0.10240762688003771,0.05267706894180968,394.14,0
12523,7,7,1017.75,145.39285714285714,49,7,9.0,80.0,0.17659543109801032,0.0,0.03546057479734709,0.311078359125522,0.19270940800786046,0.28415622697126014,772.02,0
16393,42,8,1503.33,187.91625,94,8,23.0,112.25,0.20616897154982605,0.016616444825820014,0.0333592757411879,0.1829737981680669,0.5224135751963974,0.03846793451870181,1537.63,0
16812,260,1,479.35,479.35,15,1,15.0,81.0,0.31177636382601437,0.0,0.0,0.2678627307812663,0.4203609053927193,0.0,0.0,0
14407,7,6,2157.73,359.62166666666667,67,6,12.166666666666666,235.83333333333334,0.2633647397959893,0.03540758111533881,0.014153763445843548,0.2540911050038698,0.32399327070578804,0.1089895399331705,0.0,1
17211,80,6,1464.89,244.14833333333334,106,6,23.5,132.16666666666666,0.3100301046494958,0.06604591471031954,0.20721692413764856,0.1734123381277775,0.10464949586658384,0.13864522250817468,852.33,0
12722,14,3,929.65,309.8833333333333,48,3,16.666666666666668,186.33333333333334,0.45726886462647237,0.14689399236271716,0.07153229710105954,0.027429677835744636,0.17651804442532135,0.12035712364868499,67.98,0
12449,29,2,1636.88,818.44,71,2,43.5,328.5,0.05196471335711842,0.0,0.1333634719710669,0.22931430526367236,0.30139045012462734,0.28396705928351496,2430.41,1
17704,68,2,885.19,442.595,27,2,15.5,171.5,0.3162033009862289,0.05998712140896305,0.02248104926625922,0.21046329036703984,0.2085992837695862,0.18226595420192274,0.0,0
16029,7,46,52213.24,1135.0704347826086,43,46,3.782608695652174,530.5869565217391,0.275094018298807,0.18547019874652484,0.054905613978370245,0.08600117518085451,0.24257717008176471,0.15595182371367877,28637.6,1
16232,43,3,725.04,241.67999999999998,23,3,10.333333333333334,146.0,0.5223573871786384,0.1013737173121483,0.0,0.22008440913604768,0.15618448637316565,0.0,265.84,0
13262,163,1,200.29,200.29,11,1,11.0,125.0,0.06750212192321134,0.0,0.25463078536122624,0.11383493933795996,0.5640321533776025,0.0,0.0,0
12556,51,1,308.75,308.75,60,1,65.0,163.0,0.3084372469635628,0.08761133603238867,0.0,0.12994331983805668,0.4121457489878543,0.061862348178137655,290.81,0
16133,1,23,10619.27,461.7073913043478,139,23,8.956521739130435,270.5652173913044,0.2610188835955767,0.04256036431882794,0.0999560233424708,0.27025680672965274,0.27228896148228643,0.05391896053118528,3969.77,1
14536,159,1,170.95,170.95,18,1,18.0,39.0,0.09008482012284294,0.04387247733255338,0.24188359169347762,0.19742614799649022,0.4267329628546359,0.0,0.0,0
17255,199,1,108.26,108.26,36,1,37.0,73.0,0.379272122667652,0.0,0.0,0.03879549233327175,0.4946425272492148,0.08728985774986144,183.22,0
15839,48,1,299.18,299.18,20,1,20.0,234.0,0.0,0.0,0.0,0.055150745370679856,0.32187980479978606,0.6229694498295341,749.31,0
17212,152,1,226.85,226.85,4,1,4.0,147.0,0.46550584086400704,0.0,0.0,0.5170817720960987,0.017412387039894204,0.0,0.0,0
16933,139,1,224.73,224.73,19,1,20.0,127.0,0.2078049214613091,0.17754638900013353,0.052507453388510664,0.061006541182752644,0.355092778000267,0.14604191696702712,338.5,0
16033,8,16,5864.55,366.534375,367,16,44.6875,134.3125,0.22602586728734514,0.022908833584844534,0.2075282843525931,0.19878933592517753,0.29985420876282065,0.04489347008721896,2914.27,1
13168,99,3,953.0600000000001,317.68666666666667,94,3,35.666666666666664,181.66666666666666,0.35523471764631814,0.15035779489224183,0.12412649780706357,0.0883470085828804,0.16557194720164523,0.11636203386985079,346.53000000000003,0
15241,27,6,1344.86,224.14333333333332,73,6,15.166666666666666,259.6666666666667,0.12335856520381305,0.0,0.008565947384857903,0.2971833499397707,0.4386999390271107,0.13219219844444777,411.58000000000004,0
17654,177,1,117.55,117.55,22,1,22.0,41.0,0.24797958315610377,0.0,0.0,0.44236495108464485,0.3096554657592514,0.0,0.0,0
16813,13,6,1029.36,171.55999999999997,187,6,50.666666666666664,182.0,0.2649607523121163,0.012532058754954537,0.06271858242014457,0.20926595165928347,0.3202669619958033,0.13025569285769797,622.82,0
17085,23,5,1562.4,312.48,115,5,37.2,157.0,0.4083269329237071,0.13719278033794163,0.057411674347158215,0.10653481822836662,0.2730606758832565,0.01747311827956989,0.0,0
15460,254,1,214.26,214.26,53,1,56.0,107.0,0.13492952487631849,0.07490898907868945,0.2160925977784001,0.2370951180808364,0.2765331839820779,0.060440586203677774,0.0,0
16652,9,5,4525.87,905.174,53,5,16.0,415.4,0.30236838442111685,0.09115595454575585,0.16389114137171418,0.09790382843519589,0.3368589906471021,0.007821700579115175,2248.1,1
13963,208,4,664.54,166.135,35,4,8.75,115.0,0.1883408071748879,0.0,0.3249616275920185,0.25491317302194,0.10714178228549072,0.12464260992566287,0.0,0
15230,139,2,429.6,214.8,23,2,11.5,175.5,0.4127094972067039,0.08240223463687152,0.0,0.0,0.0,0.5048882681564245,0.0,0
14152,134,1,314.51,314.51,29,1,29.0,369.0,0.16120314139455028,0.02702616768942164,0.047693237098979366,0.07424247241741122,0.40787256367047153,0.28196241772916597,306.78000000000003,0
14157,185,1,269.18,269.18,36,1,37.0,186.0,0.33832379820194664,0.12928152165836984,0.07002749089828368,0.02340441340367041,0.12965302028382494,0.30930975555390444,155.71,0
13894,210,1,160.85,160.85,10,1,10.0,105.0,0.4236866645943426,0.48305875038856083,0.0,0.09325458501709667,0.0,0.0,403.77000000000004,0
14684,115,2,493.44,246.72,140,2,82.5,135.0,0.19201929312581065,0.06588440337224384,0.09089250972762647,0.12060230220492867,0.45170638780804145,0.0788951037613489,708.07,0
16729,14,16,4996.29,312.268125,135,16,25.6875,230.5625,0.24597051011850796,0.03044258840059324,0.30573485526260485,0.12794293365677334,0.23511445492555477,0.05479465763596588,2209.04,1
12968,12,1,135.95,135.95,5,1,5.0,73.0,0.0,0.0,0.2206693637366679,0.45016550202280253,0.07318867230599485,0.25597646193453477,0.0,0
16117,89,1,232.21,232.21,30,1,30.0,130.0,0.334438654666035,0.28134016622884456,0.021532233753929632,0.03229835063089445,0.2608414796951036,0.0695491150251927,0.0,0
12386,237,2,401.9,200.95,10,2,5.0,177.0,0.0,0.0,0.0,0.18213485941776558,0.7432197063946255,0.07464543418760886,0.0,0
13149,6,3,1132.62,377.53999999999996,58,3,21.333333333333332,294.6666666666667,0.29794635447016654,0.09832070773957725,0.028076495205806008,0.09936253995161662,0.39704402182550197,0.07924988080733167,543.4399999999999,0
13239,161,1,329.56,329.56,21,1,21.0,327.0,0.05279766962009952,0.0,0.0,0.7736375773758951,0.17356475300400534,0.0,0.0,0
13617,13,2,365.7,182.85,23,2,14.0,94.0,0.23218485097074104,0.1165709598031173,0.11454744325950234,0.44495488105004105,0.0917418649165983,0.0,178.48000000000002,0
12429,72,3,2844.88,948.2933333333334,62,3,23.333333333333332,348.3333333333333,0.14576361744607857,0.06327156154213885,0.28345659570878207,0.06051573352830347,0.3088847332752172,0.13810775849947976,905.52,1
13473,232,1,241.26,241.26,12,1,12.0,198.0,0.1591643869684158,0.0,0.39293708032827657,0.29731410096990796,0.1157672220840587,0.034817209649340965,181.38,0
12843,59,7,1692.31,241.75857142857143,68,7,14.571428571428571,111.42857142857143,0.2910577849212024,0.03486358882237888,0.07282944614166435,0.264738729901732,0.283033250409204,0.05347719980381845,9.95,1
17517,208,1,153.94,153.94,11,1,11.0,102.0,0.1526568793036248,0.0,0.0,0.0,0.6996232298298038,0.14771989086657142,0.0,0
14573,79,9,1639.82,182.20222222222222,127,9,25.22222222222222,59.333333333333336,0.27560341988754866,0.012751399543852375,0.09981583344513423,0.23090339183568928,0.3423363539900721,0.03858960129770341,0.0,1
17578,117,1,143.45999999999998,143.45999999999998,5,1,5.0,138.0,0.0,0.0,0.0,0.6549560853199499,0.34504391468005025,0.0,0.0,0
13439,155,1,283.71,283.71,54,1,54.0,242.0,0.33509569630961195,0.07719149836100243,0.0447640195974763,0.04670261887138275,0.45148214726305036,0.0447640195974763,0.0,0
16003,34,3,1793.9,597.9666666666667,56,3,19.333333333333332,198.33333333333334,0.11319471542449411,0.006968058420201794,0.06929037293048665,0.38606388315959633,0.33618373376442384,0.08829923630079714,941.47,1
14584,68,4,1033.06,258.265,68,4,24.5,95.25,0.40388747991404184,0.03112113526803864,0.0,0.19640679147387374,0.3398350531430895,0.02874954020095638,0.0,0
14195,101,2,1012.0,506.0,7,2,3.5,380.0,0.09960474308300396,0.0,0.24189723320158102,0.1814229249011858,0.47707509881422927,0.0,0.0,0
12915,48,2,363.65,181.825,19,2,11.0,46.5,0.22562903891104089,0.0,0.0809844630826344,0.1962051423071635,0.40423484119345526,0.09294651450570604,0.0,0
12418,12,1,668.58,668.58,34,1,34.0,407.0,0.14444045589159113,0.0,0.09512698555146729,0.14170331149600646,0.5174100332047025,0.1013192138562326,0.0,0
12517,26,2,1521.45,760.725,173,2,91.0,417.0,0.25427059712774,0.08229649347661769,0.05973249203062867,0.19242827565808932,0.2904334680732196,0.12083867363370468,960.15,0
16625,174,1,333.08,333.08,23,1,23.0,164.0,0.30968536087426446,0.05314038669388736,0.10159721388255076,0.18130779392338178,0.3542692446259157,0.0,0.0,0
14241,83,1,213.70000000000002,213.70000000000002,10,1,10.0,146.0,0.22461394478240523,0.14038371548900327,0.0,0.11792232101076276,0.4342536265793168,0.08282639213851194,0.0,0
16411,269,1,128.55,128.55,19,1,20.0,69.0,0.13613380007779072,0.0,0.0,0.4099572150914041,0.4309607156748346,0.022948269155970438,83.15,0
16365,23,7,862.56,123.22285714285714,34,7,5.142857142857143,46.42857142857143,0.1361644407345576,0.016984325728065297,0.06335791133370433,0.3038165460953441,0.4093628269337785,0.07031394917455018,677.8599999999999,0
14353,115,1,90.6,90.6,6,1,6.0,64.0,0.5231788079470199,0.0,0.0,0.0,0.2582781456953642,0.21854304635761587,0.0,0
17053,30,1,498.48,498.48,13,1,13.0,122.0,0.13180067404910925,0.07101588830043333,0.0,0.725565719788156,0.0,0.0716177178623014,0.0,0
16431,113,3,623.28,207.76,51,3,25.333333333333332,147.33333333333334,0.24764150943396226,0.025028879476318832,0.0,0.19800089847259658,0.29765113592606857,0.23167757669105377,0.0,0
15587,42,2,456.84,228.42,3,2,2.5,78.0,0.0,0.0,1.0,0.0,0.0,0.0,456.84000000000003,0
15421,115,3,739.36,246.45333333333335,35,3,13.666666666666666,126.33333333333333,0.18681021423934213,0.05058428911491019,0.14653213590132005,0.24413005842891147,0.26198333694005627,0.10995996537545986,211.0,0
14282,9,9,2467.54,274.1711111111111,58,9,10.222222222222221,198.66666666666666,0.07772923640548887,0.01172017474894024,0.008170080322912698,0.1340160645825397,0.7598377331269199,0.00852671081319857,1233.9,1
15826,110,1,720.0,720.0,28,1,28.0,488.0,0.3576388888888889,0.08888888888888889,0.0,0.2675,0.20097222222222222,0.08499999999999999,934.3100000000001,0
17764,111,1,230.67000000000002,230.67000000000002,17,1,17.0,113.0,0.07673299518793082,0.0,0.25542983482897647,0.20570511986821,0.2592448086010318,0.20288724151385093,541.88,0
13236,6,1,439.23,439.23,21,1,21.0,168.0,0.4043667326913007,0.11474626050133187,0.11638549279420805,0.2445188170206953,0.11998269699246408,0.0,305.62,0
16401,31,7,2455.42,350.7742857142857,52,7,15.285714285714286,331.42857142857144,0.4023099917733015,0.0,0.03156282835523047,0.14504239600557134,0.41805067972078097,0.003034104145115703,1642.8999999999999,1
14852,40,4,1634.21,408.5525,54,4,19.75,253.25,0.29308350823945517,0.1201192013266349,0.1625250120853501,0.13474400474847176,0.1586393425569541,0.13088893104313398,1202.48,1
17516,19,4,605.65,151.4125,95,4,28.0,93.25,0.24662759019235533,0.030380582844877404,0.14341616445141583,0.12540246016676299,0.3031288698092958,0.15104433253529267,159.23,0
13394,15,5,1543.45,308.69,76,5,19.0,295.0,0.36105477987625123,0.06048786808772555,0.011467815607891412,0.15913699828306715,0.23043182480805988,0.17742071333700477,976.57,0
14970,37,3,1119.75,373.25,10,3,5.666666666666667,55.0,0.0,0.0,1.0,0.0,0.0,0.0,472.31,0
16980,155,2,1028.46,514.23,71,2,40.5,369.5,0.19822841918985667,0.22674678645742177,0.08269645878303483,0.0917779981720242,0.3167843183011493,0.08376601909651324,0.0,0
12435,167,1,3978.9900000000002,3978.9900000000002,19,1,19.0,879.0,0.3088824048313768,0.17944252184599607,0.0,0.3011693922327023,0.21050568108992482,0.0,3850.9,1
17775,154,1,56.4,56.4,3,1,3.0,72.0,1.0,0.0,0.0,0.0,0.0,0.0,0.0,0
13515,17,3,523.96,174.65333333333334,30,3,11.666666666666666,157.66666666666666,0.2766623406366898,0.10134361401633714,0.12710893961371095,0.049049545766852436,0.17673104817161614,0.2691045117947935,367.16,0
12492,5,1,126.39000000000001,126.39000000000001,9,1,9.0,69.0,0.2278661286494184,0.0,0.0,0.36672205079515785,0.0,0.40541182055542363,136.82,0
13508,143,1,110.97,110.97,12,1,12.0,24.0,0.0,0.09894566098945662,0.421735604217356,0.0,0.3810939893664955,0.0982247454266919,0.0,0
15680,266,1,478.89,478.89,30,1,30.0,331.0,0.44003842218463535,0.1108814132681827,0.09396729937981582,0.06201841759067845,0.21366075716761676,0.07943369040907097,854.79,0
12814,1,1,125.92,125.92,2,1,2.0,49.0,0.0,0.6823379923761118,0.0,0.0,0.0,0.3176620076238882,0.0,0
15365,215,1,208.61,208.61,12,1,12.0,85.0,0.20296246584535735,0.08484732275538086,0.21571353242893437,0.14380902161928957,0.30377259000047935,0.04889506735055845,2105.71,0
12956,206,1,108.07,108.07,19,1,19.0,34.0,0.40131396317201823,0.06199685389099658,0.0235958175256778,0.023133154436939023,0.4626630887387804,0.02729712223558805,0.0,0
13931,180,1,378.21000000000004,378.21000000000004,20,1,20.0,211.0,0.2986700510298511,0.0,0.0,0.11369345072843129,0.3929034134475555,0.19473308479416196,859.32,0
15769,1,19,41863.72,2203.3536842105264,19,19,4.526315789473684,1165.2631578947369,0.09038852734539596,0.0,0.00584754532086494,0.32760394919515035,0.5761599781385888,0.0,14389.0,1
15866,1,1,211.89,211.89,43,1,43.0,124.0,0.2524894992684884,0.013922318183963379,0.1899570531879749,0.11727783283779321,0.24994100712633915,0.17641228939544104,0.0,0
18168,75,6,1160.04,193.34,97,6,21.666666666666668,98.66666666666667,0.19504499844832937,0.0,0.10373780214475363,0.3521688907279059,0.18370918244198475,0.16533912623702632,0.0,0
13678,51,1,232.6,232.6,16,1,16.0,924.0,0.04024075666380052,0.0,0.43508168529664665,0.2006878761822872,0.21513327601031815,0.10885640584694756,0.0,0
16174,26,3,1009.5500000000001,336.5166666666667,19,3,7.666666666666667,217.0,0.06894160764697141,0.0,0.05051755732752216,0.063295527710366,0.5402902283195483,0.2769550789955921,0.0,0
17550,97,3,267.16,89.05333333333334,42,3,14.0,28.666666666666668,0.2678918999850277,0.06322054199730498,0.295515795777811,0.10181164845036682,0.16095223835903577,0.11060787543045367,0.0,0
12412,37,2,890.74,445.37,34,2,22.5,299.5,0.11127826301726655,0.011181714080427509,0.022363428160855018,0.44805442665648787,0.29651750230145724,0.11060466578350585,336.14,0
16203,47,3,378.3,126.10000000000001,19,3,8.0,52.666666666666664,0.0,0.0,0.43616177636796194,0.1070578905630452,0.40919904837430615,0.047581284694686754,214.6,0
12681,51,15,9866.58,657.772,219,15,31.6,361.26666666666665,0.10885636157614897,0.053039655078051355,0.1336896878148254,0.21212922816213928,0.32010787932596707,0.17217718804286794,3920.96,1
14934,182,1,828.84,828.84,39,1,39.0,459.0,0.313703489213841,0.0,0.09917475025336615,0.146228463877226,0.2378384247864485,0.2030548718691183,1062.1,0
16080,174,1,130.26,130.26,5,1,5.0,66.0,0.42146476278212813,0.31137724550898205,0.0,0.0,0.26715799170888993,0.0,86.9,0
12451,117,2,5307.82,2653.91,162,2,97.5,2052.5,0.12987441171705147,0.017069154568165462,0.04734523778123599,0.16632628838204763,0.43565154809319084,0.20373335945830873,3727.7,1
15661,217,2,309.8,154.9,4,2,2.5,118.0,1.0,0.0,0.0,0.0,0.0,0.0,0.0,0
17045,13,3,339.44,113.14666666666666,20,3,7.333333333333333,35.333333333333336,0.2589264671223191,0.13433891114777283,0.0,0.19841503653075657,0.387108178175819,0.02121140702333255,0.0,0
16315,230,1,226.37,226.37,14,1,14.0,75.0,0.48151256791977737,0.0,0.0,0.2363387374652118,0.22251181693687325,0.05963687767813756,0.0,0
12574,215,1,218.45,218.45,11,1,11.0,61.0,0.17166399633783475,0.0,0.26916914625772487,0.3263904783703365,0.0,0.23277637903410392,0.0,0
13742,62,10,2632.57,263.257,163,10,25.8,96.4,0.1323497570814831,0.060769514200951925,0.1918277576664628,0.20634968870723286,0.3247321058889222,0.08397117645494706,475.3,1
16214,70,3,1062.75,354.25,36,3,14.666666666666666,140.0,0.15880498706186777,0.018630910374029638,0.014961185603387439,0.47998118089861214,0.27285815102328864,0.05476358503881439,0.0,0
16124,217,1,249.0,249.0,11,1,11.0,48.0,0.0,0.12289156626506025,0.0,0.10240963855421686,0.6401606425702812,0.13453815261044177,0.0,0
13672,201,2,186.39000000000001,93.19500000000001,4,2,3.0,28.5,0.0,0.7609850313858039,0.0,0.0,0.23901496861419605,0.0,0.0,0
13268,69,6,2117.81,352.9683333333333,206,6,49.0,415.0,0.33797177272748735,0.08647140206156359,0.02438840122579457,0.10059448203568781,0.20765791076631046,0.24291603118315622,1056.94,1
14143,33,1,115.8,115.8,7,1,7.0,30.0,0.0,0.0,0.44041450777202074,0.1709844559585492,0.38860103626943004,0.0,0.0,0
16858,268,1,375.69000000000005,375.69000000000005,9,1,10.0,91.0,0.0,0.15651201788708774,0.0634831909286912,0.780004791184221,0.0,0.0,0.0,0
12619,16,5,2087.46,417.492,28,5,7.8,351.2,0.1446255257585774,0.05449685263430197,0.019066233604476252,0.3202312858689508,0.3026309486169795,0.1589491535167141,1553.78,1
12747,9,8,2769.4,346.175,34,8,8.75,107.75,0.07910377699140607,0.08915288510146602,0.17505596880190655,0.006138513757492597,0.6112984762042318,0.039250379143496786,1426.6100000000001,1
14676,47,4,1690.92,422.73,19,4,7.0,456.0,0.14548293236817827,0.0,0.10134128166915053,0.19005038677169825,0.5212547015825704,0.04187069760840253,857.32,1
15917,147,1,123.1,123.1,12,1,12.0,42.0,0.04021121039805037,0.0,0.4528838342810723,0.3204711616571893,0.18643379366368806,0.0,0.0,0
13108,272,1,350.06,350.06,10,1,10.0,298.0,0.0,0.0,0.0,0.0,0.6386333771353482,0.36136662286465177,0.0,0
16769,160,1,361.54,361.54,33,1,38.0,80.0,0.26743928749239365,0.08159539746639377,0.25737124522874366,0.07786137080267744,0.31573269900979145,0.0,0.0,0
14719,79,2,488.12,244.06,70,2,38.5,199.0,0.13060313037777596,0.041793001720888304,0.07864869294435795,0.12783741702859955,0.20558469228878143,0.41553306563959685,1093.72,0
16148,196,1,76.32000000000001,76.32000000000001,1,1,1.0,72.0,0.0,0.0,0.0,1.0,0.0,0.0,0.0,0
14672,134,2,765.55,382.775,58,2,30.5,227.0,0.21122069100646598,0.3208151002547189,0.15563973613741755,0.037815949317484165,0.24006270001959376,0.034445823264319775,0.0,0
18112,66,1,196.64,196.64,12,1,12.0,110.0,0.0,0.0,0.045514646053702194,0.8739320585842149,0.080553295362083,0.0,156.05,0
16156,51,5,1415.17,283.034,62,5,13.4,130.8,0.340588056558576,0.05097620780542267,0.0,0.17084166566560907,0.2925938226502823,0.14500024732010997,1676.8700000000001,0
13089,12,68,38264.71,562.7163235294117,495,68,18.83823529411765,312.27941176470586,0.24858361660130182,0.11962928766479611,0.08042345022345655,0.14295626440132436,0.321423839354852,0.08698354175426914,19815.18,1
16114,70,1,135.75000000000003,135.75000000000003,8,1,8.0,43.0,0.23977900552486187,0.0,0.0,0.6298342541436464,0.0,0.1303867403314917,0.0,0
13334,90,2,2708.59,1354.295,176,2,106.5,671.5,0.2305775329599533,0.06309925090176069,0.11533676193148464,0.3219941002514223,0.19516058170487227,0.07383177225050673,793.73,1
17061,10,10,4658.83,465.883,48,10,7.9,140.8,0.3497551960470763,0.019215124827478145,0.07933322314830119,0.1998141164197878,0.3376620310249569,0.014220308532399766,573.4,1
17763,163,1,15.0,15.0,1,1,1.0,12.0,0.0,0.0,1.0,0.0,0.0,0.0,0.0,0
16717,62,3,1136.16,378.72,61,3,21.333333333333332,172.0,0.21000563300943528,0.10669271933530487,0.19064216307562312,0.12190184481059005,0.31615265455569636,0.05460498521335023,2706.92,0
15611,3,8,947.1400000000001,118.39250000000001,17,8,3.0,32.125,0.013303207551154,0.27214561733217896,0.0,0.2173913043478261,0.42494245834829064,0.07221741242055028,644.3100000000001,0
13681,55,1,203.46,203.46,13,1,13.0,96.0,0.73699990170058,0.08699498672957831,0.11599331563943772,0.0,0.060011795930404004,0.0,624.37,0
13008,223,1,229.46999999999997,229.46999999999997,14,1,14.0,175.0,0.5562818669107074,0.0,0.0,0.06667538240292849,0.3770427506863643,0.0,0.0,0
12726,84,5,1467.32,293.464,40,5,13.4,388.4,0.15429490499686505,0.06746994520622632,0.0,0.05356704740615545,0.48422975220129216,0.24043835018946108,1141.78,0
17514,28,1,208.65,208.65,40,1,40.0,135.0,0.40594296669063024,0.14761562425113828,0.04073807812125569,0.16640306733764676,0.2026359932901989,0.036664270309130116,0.0,0
15854,40,9,2393.69,265.96555555555557,70,9,10.777777777777779,82.66666666666667,0.048431501155120335,0.14479736306706384,0.014830658940798516,0.07576586776065405,0.7126737380362537,0.003500871040109622,575.4300000000001,1
12782,49,4,2078.67,519.6675,73,4,22.25,239.5,0.1449725064584566,0.03045216412417556,0.029336065849798188,0.24590723876324766,0.24721576777458662,0.3021162570297353,252.25,1
13700,76,6,1229.31,204.885,86,6,18.833333333333332,256.0,0.42670278448885957,0.010932962393537839,0.03793998259186048,0.10847548624838324,0.2502216690663869,0.165727115210972,1019.32,0
16186,3,9,2696.53,299.6144444444445,67,9,16.77777777777778,249.11111111111111,0.1870107137691774,0.11895287647458028,0.09449922678405209,0.03821578102227678,0.323486109926461,0.23783529202345235,1310.41,1
13093,175,8,7832.47,979.05875,97,8,19.875,495.125,0.1448278767745041,0.09728731804909561,0.20744158611523567,0.16853687278725613,0.2846420094810449,0.09726433679286356,0.0,1
13517,6,2,1612.18,806.09,99,2,54.0,490.5,0.18647421503802303,0.021957845898100712,0.16539096130705006,0.34590430348968476,0.14845736828393852,0.13181530598320285,516.24,0
12748,1,127,13339.05,105.03188976377952,1139,127,15.078740157480315,67.09448818897638,0.2843178487223603,0.06868330203425281,0.08917951428325106,0.13018168460272658,0.333067197439098,0.09457045291831129,19714.14,1
16249,12,4,1440.77,360.1925,48,4,12.25,190.5,0.30805749703283664,0.01762946202377895,0.18935707989477849,0.05438064368358587,0.2753805256911235,0.1551947916738966,359.3,0
15117,20,2,675.73,337.865,31,2,17.5,542.5,0.14007073831263966,0.015390762582688351,0.0,0.12203098870850784,0.6603525076583843,0.06215500273777988,876.0500000000001,0
16145,23,7,2282.3,326.04285714285714,93,7,18.857142857142858,273.2857142857143,0.25409893528458133,0.04771502431757438,0.06699382202164483,0.13746659071988782,0.35190816281820964,0.1418174648381019,1517.19,1
16041,41,2,2739.8,1369.9,5,2,2.5,522.0,0.0,0.0,0.2463683480546025,0.0,0.2963719979560552,0.45725965398934226,426.6,1
18196,190,1,450.78,450.78,78,1,78.0,241.0,0.4399707174231332,0.10748036736323707,0.08318913882603488,0.15062780070100718,0.21218776343227297,0.006544212254314744,235.85,0
17428,10,20,10661.09,533.0545,205,20,12.6,336.95,0.2135044352875738,0.0682200412903371,0.03297786624069396,0.196550258932248,0.41770306788517875,0.07104433036396841,6595.76,1
17759,69,2,167.15,83.575,18,2,9.0,38.5,0.15644630571343104,0.17947950942267424,0.2632366138199222,0.18845348489380795,0.21238408615016452,0.0,652.8100000000001,0
13110,37,5,1042.24,208.448,79,5,20.8,54.8,0.18071653361989562,0.1839787381025484,0.209136091495241,0.08452947497697268,0.27469680687749465,0.06694235492784772,446.43,0
14924,145,1,310.05,310.05,10,1,10.0,64.0,0.26157071440090307,0.0,0.08305112078696984,0.0,0.6044186421544913,0.05095952265763586,0.0,0
13593,8,5,2011.88,402.37600000000003,77,5,25.4,143.8,0.2467343976777939,0.10322683261427122,0.27213352685050796,0.07473109728214405,0.28354076783903615,0.019633377736246693,0.0,1
17071,34,6,1402.42,233.73666666666668,65,6,14.666666666666666,103.66666666666667,0.38116969238887066,0.047917171745981944,0.19862095520600107,0.04911510103963149,0.2816773862323697,0.04149969338714507,1026.6100000000001,0
17527,9,2,606.62,303.31,25,2,12.5,103.0,0.1796182123899641,0.04114602222148957,0.19682832745376017,0.09050146714582441,0.31337575417889285,0.1785302166100689,332.75,0
15983,260,3,1138.37,379.45666666666665,57,3,26.666666666666668,231.33333333333334,0.5693052346776533,0.19238033328355458,0.037685462547326444,0.03421558895613904,0.13474529370942667,0.031668086825900194,326.75,0
15706,16,1,450.05,450.05,29,1,29.0,160.0,0.3110765470503277,0.03932896344850573,0.0366625930452172,0.05643817353627374,0.4705032774136207,0.08599044550605489,610.51,0
17288,107,5,663.7,132.74,13,5,5.2,132.4,0.13560343528702726,0.0,0.04520114509567576,0.15820400783486513,0.6383908392345938,0.02260057254783788,753.93,0
14406,19,1,156.75,156.75,8,1,8.0,77.0,0.19521531100478468,0.0,0.21052631578947367,0.12599681020733652,0.46826156299840516,0.0,0.0,0
12473,14,2,1175.75,587.875,60,2,32.0,426.5,0.1438315968530725,0.021603231979587495,0.03715075483733787,0.09593876249202636,0.3004720391239634,0.40100361471401236,2752.2999999999997,0
17123,61,1,345.29999999999995,345.29999999999995,9,1,9.0,246.0,0.6099044309296264,0.1537793223284101,0.23631624674196353,0.0,0.0,0.0,0.0,0
14907,47,4,1931.82,482.955,86,4,23.0,233.25,0.4141120808356886,0.011056930769947512,0.06910581731217194,0.18883746932944065,0.2318642523630566,0.0850234493896947,1569.28,1
15694,76,9,3305.78,367.30888888888893,23,9,4.444444444444445,82.11111111111111,0.09271639371041024,0.009256514347597238,0.33344021683233604,0.024611438147729127,0.5354379299287914,0.004537507033135901,3173.62,1
15261,35,1,254.82,254.82,19,1,19.0,270.0,0.1916647044972922,0.0,0.0,0.40616906051330354,0.15634565575700493,0.24582057923239936,0.0,0
15882,98,4,516.36,129.09,23,4,5.75,69.0,0.44968626539623513,0.15020528313579673,0.04880316058563793,0.09760632117127586,0.22310016267720198,0.030598807033852347,0.0,0
13155,226,2,569.2,284.6,55,2,31.5,131.0,0.15653548840477863,0.014933239634574842,0.17788123682361207,0.002617709065354884,0.5192726633872101,0.12875966268446942,402.56,0
13227,101,1,257.7,257.7,9,1,9.0,99.0,0.0,0.0,0.2619324796274738,0.27823050058207216,0.45983701979045405,0.0,0.0,0
13035,160,1,333.0,333.0,12,1,12.0,212.0,0.05945945945945945,0.0,0.0,0.0,0.21711711711711715,0.7234234234234235,588.88,0
13002,218,1,120.94999999999999,120.94999999999999,7,1,7.0,73.0,0.7494832575444399,0.0,0.12649855312112443,0.12401818933443573,0.0,0.0,0.0,0
17142,138,1,579.0,579.0,15,1,15.0,81.0,0.13212435233160622,0.0,0.11398963730569948,0.08238341968911918,0.46476683937823837,0.2067357512953368,0.0,0
16161,40,12,3036.66,253.05499999999998,172,12,23.083333333333332,122.91666666666667,0.20151745667937798,0.016086753209117913,0.012250301317895321,0.1658565660956446,0.579854181897216,0.024434740800748193,2497.01,1
15213,218,2,328.35,164.175,22,2,12.0,136.0,0.41297396071265413,0.0,0.0,0.26770214709913204,0.1315669255367748,0.18775696665143898,0.0,0
17987,85,1,198.57,198.57,13,1,13.0,261.0,0.04230246260764466,0.0,0.0,0.041547061489651003,0.5315002266203355,0.3846502492823689,0.0,0
13549,42,5,762.05,152.41,34,5,8.6,82.2,0.2883669050587232,0.09041401482842334,0.07112394199855653,0.19696870284102097,0.3263565382848895,0.02676989698838659,156.15,0
14515,91,2,765.65,382.825,25,2,15.0,185.5,0.07513877097890681,0.2576895448311892,0.3761248612290211,0.05098935544961798,0.1884673153529681,0.051590152158296876,1311.24,0
12438,40,1,890.0699999999999,890.0699999999999,49,1,49.0,586.0,0.0458727965216219,0.0,0.02235779208376869,0.1706045591919737,0.5243520172570697,0.2368128349455661,2016.78,0
13841,152,1,85.0,85.0,1,1,1.0,100.0,0.0,0.0,0.0,0.0,1.0,0.0,0.0,0
17781,59,2,188.02,94.01,12,2,6.0,17.0,0.08531007339644718,0.0,0.0,0.0,0.9146899266035527,0.0,0.0,0
18218,111,2,641.92,320.96,17,2,10.0,268.0,0.40857116151545375,0.0,0.07415254237288137,0.02313372382851446,0.4745139581256232,0.019628614157527417,0.0,0
14548,50,2,652.8,326.4,2,2,2.0,128.0,0.0,1.0,0.0,0.0,0.0,0.0,0.0,0
12709,35,10,6439.11,643.911,75,10,12.0,256.5,0.08227845152513313,0.0,0.09749018109645588,0.3566300311689038,0.3092632366895425,0.15433809951996472,3267.41,1
16233,229,2,326.5,163.25,9,2,4.5,45.0,0.2548238897396631,0.0,0.0,0.0,0.2683001531393568,0.47687595712098013,210.18,0
12987,97,1,304.3,304.3,14,1,14.0,108.0,0.416036805783766,0.16562602694709166,0.0782122905027933,0.13818600065724612,0.20193887610910286,0.0,254.4,0
15563,100,2,735.62,367.81,55,2,31.0,371.0,0.16564258720535058,0.06242353388978005,0.029362986324461,0.19183817731981187,0.32181017373100246,0.2289225415295941,664.8199999999999,0
17372,66,6,1055.63,175.93833333333336,177,6,33.166666666666664,98.66666666666667,0.22887754232069948,0.09619847863361215,0.09998768507905231,0.24447012684368574,0.23508236787510772,0.0953837992478425,281.55,0
18010,156,1,174.8,174.8,14,1,14.0,60.0,0.05692219679633866,0.0,0.09982837528604117,0.37814645308924477,0.24513729977116705,0.21996567505720824,0.0,0
17496,258,1,271.05,271.05,10,1,10.0,79.0,0.2036524626452684,0.22910902047592696,0.0,0.4936358605423354,0.07360265633646929,0.0,0.0,0
17715,100,1,326.4,326.4,1,1,1.0,384.0,0.0,0.0,1.0,0.0,0.0,0.0,0.0,0
12358,50,1,484.86,484.86,12,1,12.0,100.0,0.14119539660933053,0.0,0.03279297116693478,0.0,0.6610155508806665,0.1649960813430681,683.2,0
16795,265,1,414.88,414.88,64,1,66.0,239.0,0.3843038951021982,0.07091207096027767,0.11581662167373698,0.19342942537601235,0.04459120709602777,0.190946779791747,0.0,0
15791,104,1,1223.24,1223.24,54,1,54.0,558.0,0.2237255158431706,0.1173931526110984,0.08338510840064092,0.2017183872339034,0.3031457440894673,0.07063209182171937,389.45000000000005,0
15594,134,1,267.91,267.91,15,1,15.0,145.0,0.36004628419991785,0.05598895151356798,0.0,0.22843492217535738,0.05542906199843231,0.30010078011272434,1503.87,0
13581,209,1,118.0,118.0,10,1,10.0,30.0,0.2817796610169492,0.15000000000000002,0.2478813559322034,0.0,0.12033898305084745,0.2,0.0,0
12757,42,7,5281.08,754.4399999999999,89,7,17.428571428571427,131.14285714285714,0.042188340263733935,0.0,0.006741045392230378,0.06416869276738849,0.8779359524945655,0.008965969082081696,2553.57,1
15187,29,4,1552.04,388.01,29,4,7.25,143.0,0.19020128347207546,0.12332156387721965,0.0,0.0,0.3874900131439911,0.29898713950671374,3225.14,0
13011,272,1,50.550000000000004,50.550000000000004,3,1,3.0,13.0,0.29673590504451036,0.0,0.3501483679525223,0.0,0.35311572700296734,0.0,0.0,0
15124,91,1,90.75,90.75,9,1,9.0,89.0,0.0,0.0,0.0,0.1829201101928375,0.8170798898071626,0.0,93.44,0
13975,28,4,1466.67,366.6675,166,4,52.0,237.0,0.2547607846345804,0.017754505103397492,0.07724982443221719,0.20035863554855557,0.37064915761555084,0.07922709266569848,994.57,0
16814,8,16,5131.69,320.730625,110,16,16.5,133.0625,0.22215293597236,0.031919309233410444,0.24212296533890396,0.11468346685010201,0.36689667536425624,0.022224647240967406,1285.01,1
15953,111,4,824.04,206.01,29,4,9.5,112.5,0.2506674433279938,0.5100480559196156,0.1124945391000437,0.023663899810688803,0.10312606184165818,0.0,833.24,0
17082,218,1,636.94,636.94,24,1,24.0,316.0,0.1199485037837159,0.03202813451816497,0.12481552422520173,0.4595409300719062,0.2350299871259459,0.028636920275065154,1366.91,0
14496,211,2,538.8100000000001,269.40500000000003,16,2,9.5,79.5,0.4005307993541322,0.018930606336185294,0.04797609546964607,0.36246543308401846,0.17009706575601788,0.0,0.0,0
16893,266,1,145.93,145.93,44,1,45.0,62.0,0.3095319673816213,0.020215171657644075,0.2381278695264853,0.1391077914068389,0.22997327485780855,0.06304392516960186,0.0,0
15795,49,1,610.01,610.01,42,1,42.0,581.0,0.26833986328092985,0.0,0.0,0.08163800593432895,0.44976311863739943,0.20025901214734185,0.0,0
13643,85,1,87.9,87.9,6,1,6.0,60.0,0.09670079635949942,0.0,0.0,0.3333333333333333,0.5699658703071672,0.0,431.54,0
12409,82,1,6207.08,6207.08,64,1,64.0,3142.0,0.2862634282142328,0.030893753584616275,0.12208639166886845,0.32747443242233065,0.1950997892728948,0.03818220483705704,4865.59,1
13871,12,8,4074.2400000000002,509.28000000000003,116,8,26.625,218.25,0.14223757068803014,0.07553801445177505,0.18506028118127552,0.2586862825950361,0.2613837181903864,0.0770941328934967,2329.01,1
13266,12,8,2535.58,316.9475,54,8,14.625,382.5,0.08332610290347771,0.011878938940991804,0.04614328871500801,0.3189605534039549,0.36653941110120764,0.17315170493535997,1298.68,1
17323,24,4,530.95,132.7375,98,4,30.25,123.75,0.32520953008757886,0.03819568697617478,0.030963367548733394,0.08874658630756191,0.2969959506544872,0.21988887842546379,375.57,0
14739,119,3,1307.6200000000001,435.8733333333334,23,3,8.0,358.0,0.12333858460408986,0.07782077361924718,0.38046221379299794,0.0,0.04735320658907021,0.3710252213945947,2594.66,0
14355,265,1,174.4,174.4,11,1,11.0,92.0,0.0860091743119266,0.36009174311926606,0.0860091743119266,0.14621559633027523,0.2356651376146789,0.0860091743119266,0.0,0
14159,44,6,2160.34,360.0566666666667,343,6,94.5,319.3333333333333,0.33502596813464547,0.05997204143792181,0.026574520677300793,0.21060110908468108,0.31707046113111825,0.05075589953433255,2470.0099999999998,1
12982,142,1,390.54,390.54,28,1,28.0,288.0,0.2417678086751677,0.09115583550980694,0.044400061453372254,0.2721616223690275,0.24158856967276077,0.1089261023198648,0.0,0
13509,49,4,665.02,166.255,24,4,7.25,191.75,0.3121710625244353,0.09148597034675648,0.0,0.2979760007217828,0.11747015127364592,0.18089681513337946,314.7,0
12951,73,5,751.78,150.356,39,5,9.0,66.2,0.21449094149884276,0.07089840112798958,0.05898002075075156,0.12749740615605631,0.31245843198808165,0.21567479847827825,312.29,0
14047,99,3,635.92,211.97333333333333,15,3,6.0,70.0,0.09689898100389986,0.1283180274248333,0.0,0.08979116870046548,0.6849918228708014,0.0,672.69,0
14711,9,8,2056.73,257.09125,146,8,27.5,88.125,0.2312165427644854,0.01927817457809241,0.13969748095277454,0.07847894473265815,0.4429118066056313,0.08841705036635825,782.89,1
14165,175,1,120.44,120.44,23,1,24.0,53.0,0.2785619395549651,0.04898704749252741,0.15484888741281966,0.3215709066755231,0.15742278312852873,0.03860843573563601,0.0,0
13144,232,1,110.95,110.95,3,1,3.0,21.0,0.0,0.0,0.0,0.42541685443893645,0.5745831455610635,0.0,0.0,0
14784,223,1,114.68,114.68,4,1,4.0,56.0,0.882106731775375,0.0,0.0,0.0,0.11789326822462504,0.0,175.31,0
17542,169,1,170.75,170.75,24,1,25.0,134.0,0.2046852122986823,0.0,0.01932650073206442,0.13323572474377746,0.43221083455344067,0.21054172767203516,0.0,0
15074,5,1,735.67,735.67,41,1,41.0,431.0,0.43909633395408265,0.0,0.04077915369663029,0.13946470564247557,0.35660010602579967,0.02405970068101187,0.0,0
14540,209,1,195.9,195.9,11,1,11.0,122.0,0.61791730474732,0.0,0.15007656967840735,0.1669218989280245,0.06508422664624808,0.0,756.76,0
16065,265,1,367.14,367.14,71,1,73.0,228.0,0.33338780846543553,0.18521544914746418,0.020428174538323258,0.07286048918668628,0.22577218499754864,0.16233589366454212,0.0,0
15087,181,1,306.94,306.94,15,1,15.0,470.0,0.28168371668730047,0.11077083469081905,0.0,0.0,0.37785886492474097,0.2296865836971395,0.0,0
17469,8,3,1050.27,350.09,44,3,17.666666666666668,147.66666666666666,0.24175688156378836,0.0486541555980843,0.17157492835175717,0.11525607700876918,0.4133318099155455,0.009426147562055473,820.7,0
14532,136,4,932.85,233.2125,45,4,16.0,71.0,0.03575065659001983,0.05692233478051134,0.7776169802219006,0.05310607278769362,0.033767486734201636,0.04283646888567294,0.0,0
15321,191,1,1159.47,1159.47,38,1,38.0,545.0,0.22546508318455846,0.021734068151827993,0.12186602499417838,0.13747660569053102,0.4230812353920326,0.07037698258687158,1588.8400000000001,0
14534,19,13,2899.75,223.05769230769232,257,13,28.692307692307693,111.38461538461539,0.1809397361841538,0.023139925855677212,0.20420725924648675,0.12596603155444433,0.3487748943874472,0.11697215277179067,1497.55,1
17860,268,1,226.45000000000002,226.45000000000002,49,1,52.0,93.0,0.42102009273570323,0.0,0.1086332523735924,0.12974166482667254,0.314550673437845,0.026054316626186794,0.0,0
12468,87,2,729.5400000000001,364.77000000000004,36,2,19.0,183.0,0.07223730021657482,0.01850481125092524,0.0,0.18874907475943742,0.4117663185020698,0.3087424952709927,0.0,0
14410,41,7,975.1800000000001,139.3114285714286,123,7,20.571428571428573,69.14285714285714,0.40763756434709486,0.01323858159519268,0.11432761131278328,0.08788121167374228,0.3079534034742304,0.06896162759695645,125.09,0
13769,22,6,1730.24,288.37333333333333,55,6,14.166666666666666,118.0,0.40648696134640283,0.3214409561679305,0.05184251895690772,0.07244659700388385,0.10385842426484186,0.04392454226003329,1066.27,1
15622,97,5,2602.0,520.4,127,5,27.6,245.0,0.32650653343581865,0.036879323597232894,0.09690622598001537,0.12450038431975403,0.3004112221368178,0.11479631053036125,1107.56,1
16287,69,1,142.5,142.5,8,1,8.0,298.0,0.3536842105263158,0.0,0.0,0.0,0.3507368421052632,0.29557894736842105,0.0,0
17560,55,3,705.83,235.27666666666667,20,3,7.666666666666667,147.66666666666666,0.6640409163679639,0.05893770454642053,0.07119278013119305,0.116883668872108,0.03612767946956066,0.052817250612753774,149.12,0
16086,100,3,587.0600000000001,195.6866666666667,16,3,7.666666666666667,82.66666666666667,0.0,0.13818008380744728,0.042925765679828295,0.27467379824890126,0.5306953292678772,0.013525022995945898,534.33,0
12567,8,8,6958.16,869.77,236,8,39.375,378.0,0.15172689331662395,0.01370764684916702,0.1427561309311657,0.1917173505639422,0.34058716672223693,0.15950481161686422,2443.12,1
14348,160,1,409.57,409.57,18,1,18.0,183.0,0.24537930024171692,0.10943184315257465,0.0,0.04101862929413776,0.5558268427863369,0.048343384525233776,0.0,0
13991,43,1,126.35,126.35,7,1,7.0,83.0,0.4594380688563514,0.0,0.0,0.1567075583696082,0.3838543727740404,0.0,726.53,0
13984,26,4,819.33,204.8325,10,4,3.0,161.75,0.06657878998694054,0.31757655645466415,0.5278459228882135,0.0366152832192157,0.041009117205521584,0.010374330245444449,101.18,0
13786,267,1,230.39999999999998,230.39999999999998,7,1,7.0,136.0,0.0,0.4921875,0.17187500000000003,0.0,0.2604166666666667,0.07552083333333333,0.0,0
15048,16,3,321.48,107.16000000000001,74,3,26.0,56.666666666666664,0.2322383974119696,0.10062834390941894,0.06563394301356228,0.19705735971133506,0.2987744183152917,0.1056675376384223,59.52,0
14477,84,2,523.0,261.5,3,2,1.5,150.0,0.0,0.0,0.0,0.0,1.0,0.0,786.6,0
13208,55,4,828.8199999999999,207.20499999999998,97,4,27.75,143.0,0.41183851741029415,0.12192032045558747,0.11860235032938395,0.030911416230303322,0.23848362732559544,0.0782437682488357,388.83,0
18220,126,1,305.28000000000003,305.28000000000003,2,1,2.0,288.0,0.5,0.0,0.0,0.0,0.5,0.0,0.0,0
16623,145,1,129.45,129.45,5,1,5.0,39.0,0.6581691772885284,0.13673232908458868,0.0,0.205098493626883,0.0,0.0,0.0,0
15869,177,2,149.64,74.82,13,2,7.5,87.5,0.3518444266238974,0.20816626570435715,0.07885592087677093,0.05012028869286288,0.03875968992248062,0.2722534081796311,0.0,0
16696,35,4,657.9000000000001,164.47500000000002,7,4,2.5,36.5,0.3310533515731874,0.0,0.0,0.6689466484268125,0.0,0.0,0.0,0
15810,70,3,1361.19,453.73,64,3,29.0,285.3333333333333,0.2608967153740477,0.0,0.0,0.2704692217838803,0.345212644818137,0.12342141802393493,30.79,0
14762,163,1,300.52,300.52,21,1,21.0,341.0,0.05490483162518302,0.0,0.0,0.0,0.7899640622920272,0.15513110608278982,0.0,0
13922,251,1,172.25,172.25,7,1,7.0,93.0,0.36574746008708275,0.10275761973875183,0.23105950653120463,0.2220609579100145,0.0783744557329463,0.0,0.0,0
13799,16,2,688.86,344.43,32,2,19.5,201.0,0.22916122288999213,0.05138925180733386,0.07229335423743576,0.1158435676334814,0.5313126034317568,0.0,0.0,0
18127,33,1,139.6,139.6,8,1,8.0,28.0,0.5479942693409743,0.12679083094555876,0.23388252148997135,0.0,0.0913323782234957,0.0,207.48,0
16838,97,2,588.85,294.425,24,2,12.5,92.5,0.19945656788655855,0.14054513033879593,0.07828818884265942,0.08126008321304237,0.5004500297189437,0.0,0.0,0
15292,101,1,178.39,178.39,24,1,24.0,55.0,0.32120634564717754,0.06614720556084984,0.03307360278042492,0.1196815965020461,0.43634732888614836,0.02354392062335333,0.0,0
17440,56,3,186.42000000000002,62.14000000000001,3,3,1.6666666666666667,82.0,0.0,1.0,0.0,0.0,0.0,0.0,0.0,0
17410,115,1,302.4,302.4,15,1,15.0,100.0,0.03373015873015873,0.0,0.47916666666666674,0.17559523809523814,0.26190476190476186,0.04960317460317461,912.3199999999999,0
18024,52,2,389.78,194.89,21,2,10.5,92.0,0.34162861101133973,0.0,0.0,0.022576838216429786,0.2136333316229668,0.4221612191492637,0.0,0
13491,47,9,1088.45,120.9388888888889,66,9,8.666666666666666,90.22222222222223,0.26014975423767744,0.11611006477100465,0.08764757223574808,0.28741788782213235,0.20011024851853554,0.04856447241490192,127.37,0
12626,12,6,4774.0,795.6666666666666,170,6,34.333333333333336,389.5,0.1987075827398408,0.004147465437788018,0.04022832006702975,0.15717427733556766,0.40436321742773357,0.1953791369920402,1846.48,1
12407,34,4,1407.3600000000001,351.84000000000003,50,4,16.0,309.25,0.15113403819918145,0.004774897680763983,0.05755457025920872,0.20905098908594813,0.33072561391541605,0.24675989085948158,300.76,0
17990,136,3,630.84,210.28,27,3,9.666666666666666,138.0,0.10652463382157124,0.059634772684040334,0.1471688542261112,0.2978568258195422,0.22807684991439983,0.16073806353433517,0.0,0
13590,50,4,1116.38,279.095,46,4,12.75,225.0,0.10325337250756911,0.18445332234543793,0.12253892043927694,0.20423153406546157,0.35435066912699975,0.031172181515254655,865.54,0
12489,236,1,334.93,334.93,15,1,15.0,105.0,0.040306929806228166,0.0,0.029558415191233985,0.35380527274355833,0.38590153166333263,0.19042785059564685,0.0,0
18193,65,1,243.76,243.76,16,1,16.0,124.0,0.3140794223826715,0.0,0.0,0.0,0.4875697407285855,0.19835083688874308,0.0,0
14463,70,2,309.42,154.71,4,2,2.0,63.5,0.12798138452588712,0.24665503199534614,0.0,0.0,0.6253635834787666,0.0,220.2,0
18036,5,2,253.69,126.845,54,2,29.5,76.5,0.18089006267491822,0.21285821277937642,0.024833458157593913,0.08593164886278529,0.3475501596436596,0.1479364578816666,149.43,0
17460,125,5,462.58000000000004,92.516,14,5,4.4,35.4,0.2552639543430325,0.19131825846340095,0.11846599507112282,0.0,0.37398936400190236,0.06096242812054131,159.85000000000002,0
15572,9,4,1552.79,388.1975,109,4,32.75,171.75,0.15264137455805357,0.0,0.21661654183759557,0.05707146491154632,0.47259449120615155,0.10107612748665305,980.63,0
14386,196,1,142.4,142.4,7,1,7.0,54.0,0.12429775280898878,0.0,0.4382022471910112,0.0,0.3132022471910112,0.12429775280898878,0.0,0
14662,134,3,512.28,170.76,82,3,29.0,107.33333333333333,0.0921371125165925,0.0327945654720075,0.2614585773405169,0.07212852346373078,0.34260560630904974,0.1988756148981026,229.09,0
12697,31,2,733.91,366.955,27,2,14.5,179.5,0.29526781212955266,0.0,0.0,0.35223665027046913,0.07562235151449088,0.27687318608548733,223.68,0
13218,27,1,62.63999999999999,62.63999999999999,5,1,5.0,88.0,0.5555555555555556,0.0,0.23946360153256707,0.0,0.1111111111111111,0.0938697318007663,0.0,0
15289,37,2,697.98,348.99,41,2,24.0,384.0,0.3598383907848362,0.11622109516031978,0.0,0.20115189546978424,0.19195392418120866,0.13083469440385112,241.8,0
13198,20,5,3009.18,601.836,182,5,40.4,473.8,0.1838906280116178,0.06783243275576736,0.04789344605507149,0.12926777394506145,0.39071441389348593,0.180401305338996,392.06,1
17353,29,2,1740.0,870.0,5,2,4.0,600.0,0.75,0.0,0.0,0.125,0.125,0.0,0.0,1
15626,229,1,281.88,281.88,20,1,20.0,312.0,0.31509862352774226,0.0,0.32772811125301543,0.14190435646374344,0.21526890875549878,0.0,393.92,0
14769,8,6,6284.84,1047.4733333333334,478,6,107.66666666666667,721.5,0.26883898396777006,0.06706773760350303,0.11247223477447317,0.16359366348228435,0.2919183304586911,0.0961090497132783,4132.14,1
15032,156,3,4959.1,1653.0333333333335,29,3,17.333333333333332,989.3333333333334,0.04594583694622008,0.0,0.0,0.08187977657236192,0.8721743864814179,0.0,0.0,1
16611,86,1,129.49,129.49,9,1,10.0,47.0,0.0,0.09614642057301723,0.08687929569850954,0.0965325507761217,0.4636651478878677,0.25677658506448375,0.0,0
18171,62,3,684.4200000000001,228.14000000000001,33,3,12.333333333333334,73.33333333333333,0.3192191928932527,0.08065223108617516,0.27877619005873583,0.02608047690014903,0.245828584787119,0.04944332427456825,546.89,0
16034,96,3,437.7,145.9,18,3,7.333333333333333,80.66666666666667,0.3517249257482294,0.20139364861777476,0.30363262508567507,0.06854009595613433,0.07470870459218644,0.0,0.0,0
15062,117,3,814.04,271.34666666666664,38,3,15.0,180.33333333333334,0.15367795194339345,0.020883494668566656,0.09323866149083584,0.1578546508771068,0.48584836125988895,0.08849687976020834,173.82,0
14482,139,1,238.1,238.1,15,1,15.0,111.0,0.0873582528349433,0.0,0.03338933221335574,0.18773624527509453,0.6637967240655187,0.027719445611087776,1784.71,0
17138,175,1,380.5,380.5,24,1,24.0,126.0,0.3090670170827858,0.0,0.07266754270696453,0.2457293035479632,0.37253613666228647,0.0,0.0,0
14828,96,3,2139.76,713.2533333333334,17,3,5.666666666666667,724.0,0.13062212584588925,0.20189180094963918,0.0,0.18623583953340558,0.37009758103712564,0.11115265263394025,0.0,1
16279,76,1,359.08000000000004,359.08000000000004,16,1,16.0,156.0,0.17210649437451261,0.09858527347666259,0.0,0.4363930043444358,0.292915227804389,0.0,1143.7,0
17340,20,7,7593.65,1084.8071428571427,157,7,37.285714285714285,572.5714285714286,0.26530983124057606,0.11234123247713551,0.10824175462392921,0.1421108426119192,0.31596004556438606,0.056036293482054085,4759.64,1
15279,254,1,290.51,290.51,19,1,19.0,189.0,0.4134453202987849,0.0,0.0,0.23407111631269148,0.32356889607930883,0.028914667309214832,0.0,0
14451,94,1,360.0,360.0,52,1,52.0,204.0,0.3148611111111111,0.02458333333333334,0.010833333333333334,0.2262222222222222,0.36294444444444446,0.06055555555555556,283.9,0
15065,64,3,2858.75,952.9166666666666,132,3,46.0,393.6666666666667,0.2034630520332313,0.015111499781372975,0.07933537385220812,0.3440839527765632,0.27689024923480543,0.08111587232181897,299.38,1
16873,27,4,3871.4700000000003,967.8675000000001,97,4,37.75,513.75,0.09291044486977813,0.022007144572991653,0.10660033527316498,0.3892655761248311,0.3651429560347878,0.02407354312444627,3252.15,1
14029,44,1,165.20000000000002,165.20000000000002,6,1,6.0,24.0,0.0,0.0,0.0,0.0,0.7857142857142857,0.2142857142857143,302.46,0
17054,37,4,1207.32,301.83,58,4,18.25,184.75,0.35556439055097244,0.02826094158963655,0.1568432561375609,0.10518338137362092,0.23490872345359973,0.11923930689460956,149.01,0
13658,104,1,933.3,933.3,32,1,32.0,300.0,0.11978999249973216,0.0,0.11336119147112397,0.12632594021215043,0.6032358298510662,0.03728704596592736,1705.87,0
17181,273,1,155.52,155.52,2,1,2.0,216.0,0.0,0.5092592592592592,0.0,0.49074074074074076,0.0,0.0,84.39999999999999,0
12725,271,1,427.8,427.8,24,1,24.0,164.0,0.6127863487611033,0.182328190743338,0.0,0.07398316970546985,0.0,0.13090229079008883,0.0,0
13630,5,5,1361.46,272.29200000000003,49,5,12.2,194.6,0.18972279758494556,0.4217384278642046,0.17804415847692917,0.10474049917000866,0.03200975423442481,0.07374436266948717,670.3199999999999,0
18268,33,1,25.5,25.5,1,1,1.0,2.0,0.0,0.0,0.0,1.0,0.0,0.0,0.0,0
14387,9,1,440.76,440.76,40,1,40.0,209.0,0.10878936382611853,0.06788274798076051,0.2490017242944006,0.10456938016153917,0.3129821217896361,0.15677466194754514,1286.84,0
17438,153,1,388.45000000000005,388.45000000000005,17,1,17.0,103.0,0.0,0.0,0.2249967820826361,0.3791993821598661,0.21354099626721584,0.1822628394902819,0.0,0
16713,15,11,3970.77,360.9790909090909,237,11,36.27272727272727,194.9090909090909,0.15997401007864975,0.017626304218073572,0.1532649838696273,0.1737219733200362,0.3885568793961876,0.10685584911742559,2940.01,1
14470,187,1,297.64,297.64,35,1,35.0,138.0,0.24324687541997048,0.0,0.07206692648837522,0.05190834565246607,0.41879451686601266,0.21398333557317564,163.55,0
14223,57,2,656.59,328.295,35,2,19.5,195.5,0.35760520263787143,0.032897241809957505,0.14529615132731233,0.1787264502962275,0.23430146666869736,0.0511734872599339,334.54,0
16170,12,5,1560.6599999999999,312.13199999999995,91,5,20.4,296.6,0.18974023810439175,0.08427844629836095,0.043609754847308196,0.24562685017877053,0.28720541309446007,0.14953929747670858,324.39,0
14220,147,2,632.4,316.2,21,2,10.5,136.0,0.6675363693864642,0.03984819734345352,0.0,0.13725490196078433,0.10815939278937382,0.0472011385199241,0.0,0
17026,85,2,154.82999999999998,77.41499999999999,4,2,2.0,48.5,0.13175741135438868,0.0,0.0,0.7858942065491185,0.08234838209649294,0.0,0.0,0
14404,8,5,1322.52,264.504,64,5,17.4,153.8,0.17103711096996643,0.0,0.2143559265644376,0.1104709191543417,0.4653162144995917,0.038819828811662585,126.79999999999998,0
14976,1,4,559.96,139.99,38,4,13.5,40.5,0.26044717479819984,0.015001071505107507,0.04905707550539324,0.17536966926209013,0.4028859204228873,0.09723908850632187,230.9,0
17236,79,5,697.73,139.546,62,5,14.6,80.0,0.30574864202485197,0.010462499820847607,0.08842962177346539,0.0756023103492755,0.4768320123830135,0.042924913648546,218.4,0
13898,225,1,155.93,155.93,12,1,12.0,133.0,0.3520810620150067,0.0,0.0,0.3023792727505932,0.2578079907650869,0.08773167446931315,0.0,0
12583,6,9,4232.21,470.24555555555554,84,9,16.22222222222222,384.77777777777777,0.10038490528589081,0.02892106015533255,0.19364351012827813,0.09053425987840867,0.2906661058879403,0.29585015866414943,3049.17,1
18172,27,10,5329.32,532.932,94,10,13.2,218.0,0.16980027470671682,0.25511697552408186,0.11080212860177284,0.06189532623299033,0.331625798413306,0.07075949652113216,2232.36,1
13837,111,2,266.59000000000003,133.29500000000002,17,2,9.0,91.0,0.31809145129224653,0.24532052965227502,0.007877264713605161,0.3514760493641922,0.018942946097002887,0.05829175888067818,0.0,0
13599,56,8,2313.84,289.23,71,8,10.75,191.375,0.23335234934135465,0.07079141167928638,0.08781073885834803,0.18440341596653181,0.3301351865297514,0.09350689762472772,2836.08,1
17961,23,31,1179.62,38.052258064516124,195,31,7.129032258064516,15.129032258064516,0.16965633000457775,0.01609840457096353,0.13261897899323513,0.19689391498957293,0.4038419151930283,0.08089045624862244,116.82,0
16807,42,3,1121.59,373.8633333333333,57,3,22.333333333333332,259.3333333333333,0.11207303916761027,0.0,0.13240132312163982,0.18143885020372866,0.5165969739387833,0.05748981356823796,0.0,0
12778,83,4,492.06,123.015,25,4,7.75,114.5,0.27415355850912493,0.0,0.03231313254481161,0.17589318375807828,0.2642563914969719,0.2533837336910133,330.17,0
12462,203,1,762.11,762.11,40,1,40.0,287.0,0.26539475928671713,0.10884255553660233,0.12281691619320045,0.07236488170998938,0.1967563737518206,0.23382451352167008,427.48,0
16782,38,9,1630.4,181.15555555555557,89,9,16.77777777777778,55.666666666666664,0.19716020608439644,0.09408734052993133,0.04397693817468106,0.24649779195289498,0.36678729146221783,0.05149043179587831,637.5500000000001,1
13018,22,17,4788.85,281.69705882352946,227,17,18.176470588235293,210.35294117647058,0.24576255259613478,0.043881098802426466,0.05629326456247324,0.17882163776271964,0.2847113607651106,0.1905300855111352,2488.85,1
17389,21,24,8912.78,371.36583333333334,37,24,5.0,78.66666666666667,0.252816741802221,0.04436326264083709,0.18013459324700037,0.07772883432554152,0.41466298954983744,0.030293578434562502,22920.899999999998,1
16298,86,1,114.3,114.3,7,1,7.0,50.0,0.47506561679790027,0.0,0.3937007874015748,0.0,0.13123359580052493,0.0,483.90000000000003,0
17886,110,2,377.71,188.855,44,2,22.5,109.0,0.19393185247941544,0.019856503666834346,0.03958063064255646,0.4150009266368378,0.268142225516931,0.06348786105742502,491.57,0
13021,66,4,1152.47,288.1175,48,4,14.5,131.75,0.18104592744279677,0.03609638428766042,0.15722752002221316,0.26219337596640263,0.3280345692295678,0.035402223051359254,1463.91,0
14731,105,2,251.01999999999998,125.50999999999999,23,2,15.0,91.0,0.24141502669110032,0.0,0.22779061429368178,0.11349693251533743,0.4172974264998805,0.0,129.0,0
17293,19,5,867.03,173.406,45,5,10.2,103.4,0.3692144447135624,0.17607233890407484,0.17012098773975526,0.07525691152555275,0.10639770250164353,0.10293761461541123,987.03,0
15709,183,1,133.25,133.25,6,1,6.0,121.0,0.14859287054409007,0.28637898686679175,0.0,0.19091932457786118,0.1227016885553471,0.25140712945590993,0.0,0
13379,36,1,136.29,136.29,13,1,13.0,166.0,0.2586396654193264,0.0,0.0,0.47325555800132074,0.0,0.26810477657935283,436.27,0
16094,119,1,252.1,252.1,16,1,16.0,164.0,0.18802062673542247,0.08092026973423244,0.0654502181673939,0.22491074970249902,0.4406981356604522,0.0,826.13,0
14618,237,1,211.8,211.8,5,1,5.0,92.0,0.09631728045325778,0.21246458923512745,0.0,0.35410764872521244,0.3371104815864023,0.0,341.64,0
15555,3,10,2809.63,280.963,260,10,49.2,242.8,0.26407747639368884,0.02769759719251289,0.1437876161629823,0.08426020508038425,0.34659367959482207,0.1335834255756096,1985.23,1
13880,45,8,1680.76,210.095,69,8,11.0,106.5,0.4081486946381399,0.0768104904923963,0.017730074490111613,0.14591613317784813,0.27500059496894264,0.07639401223256147,1539.01,1
18113,268,1,76.32000000000001,76.32000000000001,1,1,1.0,72.0,0.0,0.0,0.0,1.0,0.0,0.0,0.0,0
16493,73,3,782.29,260.7633333333333,25,3,11.333333333333334,235.33333333333334,0.19097777039205407,0.10676347646013627,0.0,0.07209602577049433,0.14527860512086313,0.4848841222564522,569.34,0
15073,85,2,861.96,430.98,22,2,22.0,214.0,0.7276439741983387,0.2034433152350457,0.0,0.0,0.0,0.06891271056661562,181.45,0
12405,48,1,1710.39,1710.39,54,1,54.0,857.0,0.18322137056460805,0.020276077385859365,0.0,0.1280468197311724,0.42231303971608813,0.24614269260227198,0.0,1
17190,107,1,195.0,195.0,1,1,1.0,1.0,0.0,0.0,0.0,0.0,1.0,0.0,249.74,0
17980,65,3,811.45,270.48333333333335,23,3,10.0,227.33333333333334,0.02686548770719083,0.5894386591903382,0.0046213568303653954,0.2881261938505145,0.007086080473226939,0.08386222194836405,0.0,0
16146,57,3,734.13,244.71,26,3,9.666666666666666,142.33333333333334,0.45723509460177353,0.15283396673613667,0.020840995464018634,0.04086469698827183,0.26158854698759076,0.0666366992222086,0.0,0
17408,63,1,32.65,32.65,2,1,2.0,3.0,0.0,0.0,0.0,0.0,1.0,0.0,0.0,0
14060,8,14,4102.78,293.05571428571426,67,14,9.928571428571429,269.2857142857143,0.16179761040075266,0.1386084557300172,0.08132534525370604,0.0527934717435495,0.3953221961694266,0.17015292070254803,2037.64,1
15111,272,1,288.5,288.5,16,1,16.0,106.0,0.2620450606585789,0.0,0.20658578856152512,0.35771230502599655,0.11230502599653379,0.06135181975736569,1278.98,0
14315,29,5,1550.15,310.03000000000003,49,5,13.6,137.8,0.41612102054639866,0.014708254039931618,0.19140083217753118,0.11140857336386802,0.2663613198722704,0.0,930.98,0
16325,55,2,416.02000000000004,208.01000000000002,11,2,6.5,60.0,0.07504446901591269,0.0,0.0,0.37426085284361327,0.42305658381808564,0.12763809432238835,178.22,0
16809,36,3,470.69,156.89666666666668,61,3,30.333333333333332,123.66666666666667,0.29977267415921305,0.0,0.05067029254923623,0.07977649833223564,0.4929146572053793,0.0768658777539357,444.0,0
15691,152,1,136.8,136.8,2,1,2.0,72.0,1.0,0.0,0.0,0.0,0.0,0.0,0.0,0
13523,99,3,2369.24,789.7466666666666,92,3,34.0,276.0,0.11628201448565786,0.02241225034188179,0.22737249075652952,0.27437490503283757,0.33056169911026323,0.02899664027283011,1595.64,1
13623,110,4,539.17,134.7925,61,4,15.75,37.25,0.16590314743030957,0.06278168295713783,0.48266780421759375,0.08717102212660201,0.1763451230595174,0.02513122020883951,188.57,0
13049,218,1,153.78,153.78,7,1,7.0,78.0,0.3921186110027312,0.0,0.0,0.4350370659383535,0.06554818571985954,0.1072961373390558,502.90000000000003,0
15028,268,1,185.97,185.97,14,1,14.0,119.0,0.0,0.0,0.4027531322256278,0.0319944077001667,0.5652524600742056,0.0,441.16,0
15235,117,12,2247.51,187.29250000000002,132,12,11.916666666666666,110.33333333333333,0.3112422191669892,0.0583757135674591,0.10046673874643494,0.30540019844183114,0.1544731725331589,0.07004195754412659,0.0,1
13791,27,2,1516.0,758.0,7,2,5.5,600.0,0.09564643799472296,0.0,0.0,0.09498680738786279,0.8093667546174143,0.0,0.0,0
13418,24,14,4342.13,310.15214285714285,173,14,15.785714285714286,191.71428571428572,0.13154373544781017,0.02006388569665118,0.2439332769861796,0.253845462940999,0.2241964197294876,0.12641721919887244,1785.3,1
12530,23,3,1221.65,407.2166666666667,39,3,15.333333333333334,200.0,0.13539066017271723,0.01620758809806409,0.013015184381778741,0.2590349117996153,0.40234109605860924,0.17401055948921537,440.63,0
13059,149,1,183.4,183.4,8,1,8.0,35.0,0.0321701199563795,0.02699018538713195,0.04634678298800436,0.3056161395856053,0.5888767720828789,0.0,0.0,0
15203,5,4,1328.32,332.08,73,4,26.25,334.75,0.3484250782943869,0.0,0.012752951096121415,0.0694862683690677,0.42084738617200673,0.14848831606841725,499.48,0
17083,9,3,1405.78,468.5933333333333,24,3,17.333333333333332,257.3333333333333,0.046095406109064006,0.0,0.03393134060806101,0.8285649248104255,0.0,0.09140832847244947,0.0,0
18167,5,1,498.48,498.48,13,1,13.0,122.0,0.13180067404910925,0.07101588830043333,0.0,0.725565719788156,0.0,0.0716177178623014,886.3800000000001,0
12484,3,3,3518.65,1172.8833333333334,222,3,93.0,617.3333333333334,0.23150640160288746,0.021559404885396385,0.05018970343739786,0.11613260767623947,0.3362397510408821,0.24437213135719665,868.6700000000001,1
16042,7,2,440.48,220.24,26,2,13.0,130.0,0.18082546313112968,0.05664275335997094,0.13076643661460224,0.028605158009444246,0.5214311660007265,0.08172902288412641,736.99,0
13663,79,1,189.47,189.47,13,1,13.0,91.0,0.06887633926215231,0.0,0.5894336834327335,0.23402121707922097,0.10766876022589328,0.0,0.0,0
16889,94,3,1578.67,526.2233333333334,112,3,45.0,308.3333333333333,0.14528052094484598,0.01644422203500415,0.14899884079636655,0.2091000652447947,0.28537313054659935,0.1948032204323893,0.0,0
15210,125,1,331.18,331.18,20,1,20.0,228.0,0.2903858928679268,0.3190410048915997,0.035932121504921796,0.12470559816414034,0.19913642128147835,0.030798961289932963,0.0,0
12360,12,2,1618.28,809.14,63,2,37.5,337.0,0.2683095632399832,0.0,0.0,0.2729811899053316,0.23324764564846626,0.22546160120621897,1043.78,0
16712,8,7,2010.91,287.27285714285716,147,7,34.285714285714285,143.0,0.15089685764156524,0.0050723304374636355,0.1940613950897852,0.21613597823870784,0.3078556474431973,0.12597779114928068,1600.4,1
12818,161,1,1542.08,1542.08,14,1,14.0,929.0,0.3921975513592032,0.0,0.0,0.14435048765304007,0.23000103755965967,0.23345092342809712,0.0,0
14224,10,4,1009.73,252.4325,105,4,28.25,120.75,0.19550770998187633,0.017727511314905964,0.04564586572648134,0.40190942133045465,0.2914739583849148,0.047735533261366904,0.0,0
14443,38,3,991.52,330.50666666666666,58,3,21.666666666666668,222.0,0.31748224947555265,0.11219138292722286,0.03893012748103922,0.1147732773922866,0.2620723737292239,0.15455058899467486,428.68,0
14870,161,1,327.25,327.25,13,1,13.0,119.0,0.4258212375859434,0.031168831168831165,0.0,0.1964858670741024,0.346524064171123,0.0,0.0,0
17889,112,2,201.37,100.685,20,2,10.0,38.5,0.14401350747380443,0.14451010577543824,0.2703977752396087,0.3483637085961166,0.09271490291503204,0.0,0.0,0
17888,61,4,297.0,74.25,32,4,8.75,134.5,0.1302020202020202,0.07609427609427609,0.23565656565656565,0.03468013468013468,0.22313131313131312,0.30023569023569024,419.0,0
17248,20,1,318.65,318.65,68,1,69.0,213.0,0.1432292483916523,0.0,0.046289031853130394,0.23323395575082378,0.47158324180134953,0.1056645222030441,0.0,0
17707,85,2,152.4,76.2,3,2,2.5,72.0,0.0,0.0,0.0,1.0,0.0,0.0,0.0,0
15108,41,4,1300.25,325.0625,50,4,15.0,124.75,0.2791770813305134,0.0,0.05945010574889445,0.12612959046337244,0.32378388771390115,0.21145933474331863,0.0,0
16681,44,4,1332.68,333.17,15,4,8.5,262.5,0.0,0.0,0.21353963442086624,0.3540985082690518,0.3749137077167812,0.05744814959330072,437.65999999999997,0
17245,104,1,171.45,171.45,9,1,9.0,75.0,0.38495188101487315,0.0,0.2204724409448819,0.0,0.1041119860017498,0.2904636920384952,0.0,0
17444,47,3,2940.04,980.0133333333333,132,3,45.0,706.3333333333334,0.12461735214486877,0.00673460225030952,0.053716956231888005,0.2159562454932586,0.2624896259914831,0.33648521788819197,0.0,1
15301,13,9,3727.4,414.15555555555557,130,9,18.77777777777778,222.0,0.2826876643236573,0.021730965284112252,0.08321886569726887,0.3700729731179911,0.1483581048452004,0.09393142673177013,1322.55,1
13838,17,3,467.54,155.84666666666666,106,3,38.0,54.666666666666664,0.19502074688796678,0.0,0.17149334816272405,0.1783376823373401,0.324357274243915,0.13079094836805405,207.28,0
16258,27,4,3741.06,935.265,72,4,22.25,586.25,0.35713407429979743,0.0,0.16075657701293217,0.21989756913815872,0.16157185396652288,0.1006399255825889,1462.45,1
13925,21,2,496.05,248.025,25,2,16.5,133.5,0.25086180828545507,0.0,0.0,0.26279608910392094,0.4194133655881463,0.06692873702247758,182.2,0
13192,105,1,464.32,464.32,33,1,33.0,298.0,0.20905840799448658,0.24181598897312198,0.034243625086147485,0.10822277739490008,0.32886802205375604,0.07779117849758788,447.62,0
16449,97,2,707.69,353.845,40,2,20.0,183.5,0.5855529963684664,0.08647854286481368,0.14144611341123936,0.08478288516158206,0.054402351312015144,0.047337110881883304,0.0,0
15482,65,4,1928.3,482.075,17,4,5.25,168.75,0.06067520614012343,0.1692682673857802,0.18109215371052226,0.28887621220764403,0.255489291085412,0.044598869470518075,8951.46,1
12913,182,3,866.39,288.7966666666667,12,3,5.0,115.0,0.03291820081025866,0.0176594836043814,0.0,0.18158104317916873,0.41465160031856324,0.35318967208762797,1617.24,0
13225,43,5,4299.56,859.912,15,5,4.2,432.8,0.31794881336694913,0.11320228116365394,0.15699280856645795,0.1216403538966778,0.2902157430062611,0.0,2164.28,1
14702,16,9,1651.25,183.47222222222223,106,9,19.444444444444443,70.66666666666667,0.17059803179409538,0.06722180166540499,0.06646479939439819,0.24196820590461773,0.2603482210446631,0.1933989401968206,1600.54,1
14133,29,3,605.64,201.88,25,3,9.333333333333334,116.0,0.44609008652004484,0.10818307905686549,0.03285780331550096,0.18426788191004556,0.16544481870418068,0.06315633049336239,0.0,0
17898,107,1,99.84,99.84,20,1,20.0,124.0,0.1521434294871795,0.08333333333333333,0.11268028846153846,0.1532451923076923,0.10376602564102563,0.3948317307692308,52.22,0
17891,61,1,203.85999999999999,203.85999999999999,34,1,34.0,393.0,0.3257137251054646,0.014470715196703622,0.024722849014029238,0.01030118708917885,0.0061316589816540765,0.6186598646129697,0.0,0
15480,16,1,905.5,905.5,45,1,45.0,303.0,0.12037548315847597,0.0,0.035118718939812256,0.5309221424627277,0.2457758144671452,0.06780784097183877,0.0,0
16929,27,2,428.88,214.44,23,2,14.0,163.0,0.2915500839395635,0.0,0.0,0.26753404215631416,0.44091587390412235,0.0,866.51,0
15489,111,1,348.26,348.26,23,1,23.0,220.0,0.23947625337391606,0.13955091023947627,0.13825877218170332,0.12619881697582266,0.10526618043990121,0.2512490667891805,786.02,0
16023,92,2,500.69,250.345,59,2,32.5,113.5,0.25772434041023384,0.0,0.03115700333539715,0.28290958477301326,0.31276837963610216,0.11544069184525355,219.12,0
12949,14,7,3449.42,492.7742857142857,144,7,25.571428571428573,292.57142857142856,0.294490088188739,0.1112071014837277,0.030628337517611657,0.19086687037241043,0.2365933983104406,0.13621420412707064,717.8,1
17974,119,1,164.07,164.07,18,1,19.0,85.0,0.22837813128542694,0.04571219601389651,0.09630035960260865,0.27427317608337903,0.14993600292558057,0.20540013408910834,539.92,0
14644,198,1,187.50000000000003,187.50000000000003,8,1,8.0,66.0,0.3519999999999999,0.0,0.0,0.648,0.0,0.0,643.26,0
15218,16,8,3865.35,483.16875,68,8,16.375,282.25,0.06874409820585459,0.09786435898430931,0.3759193863427633,0.16054691037034163,0.2392202517236473,0.05770499437308394,1891.54,1
13285,61,3,1970.1,656.6999999999999,122,3,45.666666666666664,484.6666666666667,0.22793259225420032,0.02040505558093498,0.07138723922643522,0.152895792091772,0.4091213643977463,0.11825795644891123,739.02,1
16614,82,1,506.19,506.19,26,1,26.0,223.0,0.35310851656492626,0.0,0.47887156996384755,0.0,0.16801991347122625,0.0,0.0,0
16766,173,2,1145.6,572.8,17,2,17.0,268.0,0.3175628491620112,0.0,0.15136173184357543,0.4095670391061453,0.06075418994413408,0.06075418994413408,0.0,0
16836,16,1,91.32000000000001,91.32000000000001,2,1,2.0,84.0,0.0,0.164257555847569,0.0,0.835742444152431,0.0,0.0,160.55,0
16374,162,1,154.2,154.2,26,1,26.0,51.0,0.3276264591439689,0.08592736705577173,0.11316472114137484,0.07963683527885863,0.35830090791180286,0.03534370946822309,312.53000000000003,0
14499,33,2,367.81,183.905,71,2,43.0,94.0,0.3365868247192844,0.17664011310187325,0.03760093526549033,0.12770180256110492,0.2985236942986868,0.02294663005356026,440.63,0
17659,9,8,1550.55,193.81875,68,8,9.75,98.875,0.13539711715197833,0.09921640708135823,0.1819031956402567,0.026764696398052304,0.39214472284028246,0.164573860888072,1346.43,0
14034,57,2,473.90999999999997,236.95499999999998,23,2,12.5,153.5,0.6272498997699986,0.0,0.28813487793040876,0.0,0.0,0.08461522229959276,174.98,0
15457,162,1,237.07,237.07,56,1,58.0,132.0,0.7426920318893154,0.042181634116505676,0.0,0.028135149955709284,0.17454760197410046,0.012443582064369175,0.0,0
16144,146,1,175.2,175.2,1,1,1.0,16.0,0.0,0.0,0.0,0.0,1.0,0.0,0.0,0
14116,21,1,319.97,319.97,17,1,17.0,162.0,0.08450792261774541,0.0,0.14563865362377723,0.09375878988655185,0.5120167515704597,0.16407788230146575,1062.77,0
14265,9,2,530.18,265.09,31,2,15.5,165.0,0.06394054849296466,0.03825115998340187,0.03847749820815572,0.19814025425327247,0.3071598325097137,0.35403070655249164,0.0,0
17652,44,6,2713.57,452.2616666666667,101,6,25.833333333333332,244.83333333333334,0.257472628308833,0.06771522385639582,0.03108819746680572,0.26264293900654856,0.3380749344958855,0.04300607686553138,2154.15,1
17259,48,2,581.23,290.615,104,2,58.0,194.0,0.15518813550573785,0.1764877931283657,0.06727113190991518,0.08344373139720937,0.3394181305163188,0.17819107754245306,0.0,0
14099,20,8,2309.92,288.74,143,8,25.0,215.75,0.43556053889312185,0.09325864099189582,0.04874194777308305,0.10697340167624853,0.26443340029091916,0.05103207037473159,794.25,1
15288,55,4,2006.3600000000001,501.59000000000003,74,4,19.75,180.25,0.23131442014394227,0.0,0.31649355050938016,0.17835782212564047,0.25828365796766284,0.015550549253374266,300.15999999999997,1
12597,83,2,1428.81,714.405,72,2,39.0,337.5,0.14953002848524297,0.01924678578677361,0.09332241515666884,0.15189563342921736,0.29611354903731074,0.2898915881047865,2382.41,0
17862,223,1,330.9,330.9,11,1,11.0,100.0,0.0,0.0,0.02568751888788154,0.7503777576307042,0.22393472348141433,0.0,0.0,0
13340,5,5,9229.54,1845.9080000000001,111,5,22.4,1029.6,0.2741642595405621,0.044335904064557924,0.13164253039696452,0.27401148919664464,0.18057346303282718,0.09527235376844348,1506.94,1
14930,8,3,2362.96,787.6533333333333,116,3,42.333333333333336,386.6666666666667,0.25861631174459154,0.0471019399397366,0.25510376815519514,0.13957070792565257,0.22015607543081558,0.07945119680400853,0.0,1
13573,153,1,31.770000000000003,31.770000000000003,3,1,3.0,10.0,0.0,0.0,0.0,0.013220018885741263,0.7082152974504249,0.2785646836638338,258.48,0
14475,86,2,622.17,311.085,23,2,14.0,121.5,0.18588167221177493,0.07361332111802242,0.38221064982239583,0.13141102913994568,0.2129000112509443,0.01398331645691692,303.68,0
13928,6,2,225.45000000000002,112.72500000000001,13,2,6.5,43.5,0.26879574184963406,0.25282767797737854,0.0,0.0658682634730539,0.35253936571301836,0.05996895098691505,239.12,0
13173,267,1,165.94,165.94,23,1,23.0,114.0,0.1869350367602748,0.06653007111003977,0.1807882367120646,0.32662408099313006,0.23158973122815477,0.007532843196336026,187.71,0
13302,54,1,63.75,63.75,1,1,1.0,5.0,0.0,0.0,0.0,1.0,0.0,0.0,0.0,0
14350,174,1,282.93,282.93,18,1,18.0,183.0,0.3819319266249602,0.12511928745626127,0.06998197433994273,0.0,0.42296681157883576,0.0,0.0,0
14311,142,1,310.26,310.26,20,1,20.0,146.0,0.2630696834912654,0.057048926706633155,0.18951846838135758,0.27280345516663446,0.21755946625410946,0.0,0.0,0
13221,140,2,847.41,423.705,62,2,33.0,122.0,0.2090251472132734,0.04006325155473738,0.04094830129453276,0.3127765780436861,0.2905913312328153,0.10659539066095515,0.0,0
13461,38,2,884.2,442.1,12,2,8.5,418.0,0.12949558923320514,0.0,0.0,0.21929427731282514,0.5840307622709794,0.06717937118299026,560.8,0
17457,26,5,1737.7,347.54,14,5,3.8,165.2,0.14740173792944697,0.6042469931518674,0.04505956148932497,0.046693905737469066,0.034384531276975314,0.12221327041491627,0.0,1
15256,48,1,98.45,98.45,6,1,6.0,55.0,0.5119349923819198,0.0,0.0,0.4880650076180802,0.0,0.0,0.0,0
14129,160,1,358.90000000000003,358.90000000000003,16,1,16.0,164.0,0.36779047088325434,0.0,0.0,0.3477291724714405,0.23516299804959598,0.04931735859570911,764.96,0
15757,117,1,261.36,261.36,16,1,16.0,167.0,0.24808692990511172,0.0573921028466483,0.09595959595959595,0.0,0.4989286807468626,0.09963269054178145,453.06,0
14373,258,1,76.55,76.55,4,1,4.0,17.0,0.13324624428478118,0.2077073807968648,0.0,0.32593076420640105,0.333115610711953,0.0,0.0,0
17436,126,1,122.39999999999999,122.39999999999999,4,1,4.0,48.0,1.0,0.0,0.0,0.0,0.0,0.0,93.89999999999999,0
17893,125,1,107.21,107.21,15,1,15.0,149.0,0.015390355377296895,0.0,0.030314336349221156,0.030314336349221156,0.3951123962316948,0.5288685756925661,0.0,0
12535,86,1,371.45,371.45,18,1,18.0,115.0,0.1627406111185893,0.0,0.0936869026786916,0.41634136492125456,0.19989231390496703,0.1273388073764975,344.9,0
13644,5,1,851.09,851.09,48,1,48.0,659.0,0.6289816588139915,0.017624458047915025,0.0,0.2055011808386892,0.03524891609583005,0.11264378620357424,1773.17,0
17812,268,1,193.29999999999998,193.29999999999998,27,1,29.0,127.0,0.3996378685980342,0.23590274185204343,0.0,0.19710294878427317,0.09984480082772891,0.06751163993792034,506.51,0
15835,37,3,675.51,225.17,32,3,11.666666666666666,111.0,0.2618021938979438,0.0,0.04441088955011769,0.08420304658702313,0.5946618110760759,0.014922058888839544,278.58,0
14243,40,7,1990.78,284.39714285714285,86,7,16.0,123.71428571428571,0.28617426335406226,0.06550196405429028,0.17812113844824642,0.2723656054410834,0.16158992957534232,0.03624709912697535,597.99,1
15535,73,4,502.9,125.725,55,4,18.0,33.75,0.38775104394511833,0.05010936567906145,0.3385364883674687,0.008450984291111553,0.19944322927023264,0.01570888844700736,0.0,0
13802,38,3,4599.42,1533.14,55,3,20.0,857.3333333333334,0.10480451883063517,0.025385809515112774,0.13479525679324786,0.4020072096046893,0.2475355588313309,0.08547164642498402,0.0,1
12541,73,2,536.14,268.07,27,2,14.0,209.5,0.30859477002275526,0.0,0.0,0.20477860260379754,0.19024881560786364,0.29637781176558364,445.03999999999996,0
13495,132,3,1072.43,357.4766666666667,20,3,9.333333333333334,161.66666666666666,0.2781533526663745,0.33778428428895124,0.027973853771341716,0.24616991318780712,0.009399214867170817,0.10051938121835459,972.44,0
17746,140,1,110.25,110.25,6,1,6.0,29.0,0.654421768707483,0.0,0.0,0.1142857142857143,0.23129251700680273,0.0,0.0,0
17677,26,18,10065.88,559.2155555555555,121,18,10.055555555555555,335.22222222222223,0.1563082413062743,0.049571423462230826,0.07913267394405656,0.23952798960448565,0.43835412303742943,0.0371055486455233,4678.88,1
18149,115,2,549.68,274.84,9,2,7.0,140.0,0.6054977441420463,0.05366758841507787,0.0,0.1610027652452336,0.17983190219764228,0.0,62.400000000000006,0
13466,84,1,307.9,307.9,17,1,17.0,259.0,0.24397531666125363,0.14576161091263395,0.0,0.0,0.27898668398830795,0.33127638843780455,0.0,0
12977,56,1,39.239999999999995,39.239999999999995,9,1,9.0,12.0,0.05963302752293578,0.0,0.0,0.21661569826707444,0.7237512742099899,0.0,0.0,0
12785,264,1,311.95,311.95,14,1,14.0,131.0,0.09296361596409682,0.0,0.0,0.1154031094726719,0.49190575412726395,0.2997275204359673,0.0,0
17179,78,3,711.79,237.26333333333332,56,3,26.666666666666668,96.66666666666667,0.030683207125697186,0.0,0.018544795515531266,0.6250158052234508,0.2530521642619312,0.07270402787338963,0.0,0
12417,6,7,2816.52,402.36,132,7,21.142857142857142,175.57142857142858,0.1540376066919461,0.004438100918864415,0.07139306662122051,0.2938981438086717,0.26473804553136493,0.21149503642793233,832.58,1
14085,41,12,3220.94,268.4116666666667,228,12,28.666666666666668,182.5,0.27494147671176733,0.049749452023322385,0.14929803100958106,0.12959881276894322,0.24967245586692086,0.1467397716194651,1200.35,1
13885,89,2,506.8,253.4,28,2,14.0,91.0,0.4127861089187056,0.1195737963693765,0.069258089976322,0.1535122336227309,0.244869771112865,0.0,0.0,0
13706,202,1,330.79,330.79,20,1,20.0,189.0,0.3995586323649445,0.10701653617098462,0.12062033314187248,0.0,0.2730433205356873,0.09976117778651107,0.0,0
14487,268,1,125.10000000000001,125.10000000000001,13,1,13.0,37.0,0.22621902478017586,0.0,0.0,0.33253397282174263,0.4412470023980815,0.0,1040.3799999999999,0
14326,142,1,183.85,183.85,8,1,8.0,103.0,0.41909165080228455,0.16317650258362795,0.0,0.09137884144683166,0.3263530051672559,0.0,0.0,0
12352,162,5,1561.81,312.36199999999997,26,5,7.6,50.8,0.1362265576478573,0.021769613461304512,0.0,0.07910693362188743,0.711674275359999,0.05122261990895179,944.23,0
15146,64,2,1327.16,663.58,90,2,45.5,736.5,0.18743783718617196,0.07477621387021911,0.03567015280749872,0.15790108200970493,0.33213779800476206,0.21207691612164317,0.0,0
16461,77,1,142.92,142.92,31,1,32.0,48.0,0.13490064371676463,0.03841309823677582,0.15987965295270082,0.10495382031905963,0.44605373635600337,0.11579904841869579,0.0,0
18016,86,3,482.86,160.95333333333335,49,3,19.0,68.33333333333333,0.21476204282814895,0.04680445677836226,0.3135691504783995,0.20409642546493809,0.22076792445015117,0.0,994.8,0
16781,272,1,311.25,311.25,17,1,17.0,113.0,0.16,0.0,0.21012048192771085,0.2321285140562249,0.3977510040160642,0.0,0.0,0
14239,30,7,1415.54,202.22,63,7,10.428571428571429,93.42857142857143,0.2056317730336126,0.09830877262387498,0.14093561467708438,0.17639911270610512,0.2955056021023779,0.08321912485694506,965.3100000000001,0
13812,5,1,278.74,278.74,20,1,20.0,191.0,0.11602209944751382,0.0,0.0,0.2609600344406974,0.24417019444643753,0.3788476716653512,260.26,0
13533,82,3,269.09,89.69666666666666,61,3,25.0,67.33333333333333,0.348916719313241,0.030881861087368536,0.08863205618937903,0.20175405997993237,0.22130142331561933,0.10851388011445985,0.0,0
15358,20,15,5639.81,375.98733333333337,240,15,24.8,328.8666666666667,0.1461379018087489,0.0035107565680404127,0.08286094744326493,0.1548314570880934,0.29594614002953995,0.31671279706231237,2707.39,1
16546,190,2,787.15,393.575,25,2,12.5,274.5,0.4753223654957759,0.0,0.0,0.06402845709204091,0.2891443816299308,0.17150479578225244,0.0,0
17027,79,4,645.23,161.3075,95,4,31.0,71.0,0.24039489794336905,0.0,0.11933729057855338,0.14250732297010368,0.19594563179021435,0.30181485671775954,232.33,0
16557,37,1,101.15,101.15,6,1,6.0,13.0,0.0,0.0,0.18388531883341572,0.24715768660405338,0.5689569945625308,0.0,180.7,0
16242,65,3,846.59,282.19666666666666,60,3,26.666666666666668,125.0,0.2504872488453679,0.0,0.19436799395220827,0.11640817869334624,0.42846005740677306,0.010276521102304538,2733.27,0
14368,219,1,155.0,155.0,8,1,8.0,36.0,0.14516129032258066,0.0,0.20451612903225805,0.0,0.6503225806451612,0.0,0.0,0
13328,216,1,1308.48,1308.48,17,1,17.0,680.0,0.32877842993396916,0.0,0.045854732208363905,0.3452861335289802,0.2649486426999266,0.015132061628760086,0.0,0
12423,91,6,1451.69,241.94833333333335,79,6,16.0,164.5,0.24635424918543214,0.06834792552128897,0.04203376753990177,0.2284578663488761,0.2171469115306987,0.19765927987380225,208.64000000000001,0
13842,55,7,2165.27,309.32428571428574,96,7,18.857142857142858,127.57142857142857,0.4149967440550139,0.0666891426935209,0.14600950458834236,0.07324721628249595,0.23793337551437005,0.06112401686625686,1220.35,1
15850,68,1,116.16,116.16,41,1,44.0,239.0,0.08290289256198347,0.0,0.003615702479338843,0.036157024793388434,0.5519111570247934,0.32541322314049587,118.72,0
17329,215,1,243.36,243.36,16,1,16.0,67.0,0.5636094674556212,0.0,0.19312952005259695,0.1039612097304405,0.13929980276134124,0.0,279.75,0
15562,251,1,134.55,134.55,1,1,1.0,39.0,0.0,0.0,0.0,0.0,1.0,0.0,0.0,0
13805,29,1,500.24,500.24,6,1,6.0,728.0,0.6756756756756757,0.0,0.0,0.0,0.0,0.32432432432432434,424.36,0
14304,122,1,383.45,383.45,17,1,17.0,139.0,0.1169644021384796,0.0,0.38336158560438127,0.1709479723562394,0.2364063111227018,0.09231972877819795,0.0,0
14403,30,4,1475.81,368.9525,17,4,5.0,129.75,0.24881251651635372,0.0,0.07927849790962252,0.010062270888529012,0.6311110508805335,0.030735663804961344,0.0,0
16833,159,3,671.29,223.76333333333332,32,3,10.666666666666666,102.0,0.13675162746354036,0.052734287714698576,0.2022374830550135,0.12379150590653816,0.3776311281264431,0.10685396773376632,435.24,0
15716,45,4,1101.1100000000001,275.27750000000003,101,4,29.25,184.5,0.4683819055316907,0.1290515933921225,0.06893952466147796,0.10607477908655809,0.1470879385347513,0.08046425879339938,0.0,0
14051,12,15,8687.44,579.1626666666667,42,15,8.266666666666667,146.4,0.05262770160139236,0.0,0.2501887782822097,0.268329910767729,0.4079268461134696,0.02092676323519932,6922.95,1
17175,40,3,1132.6299999999999,377.5433333333333,42,3,18.666666666666668,214.66666666666666,0.46797277133750653,0.015309500896144374,0.01986526932890706,0.051870425469923986,0.2993033912221997,0.14567864174531847,311.06,0
13027,13,6,6912.0,1152.0,6,6,4.333333333333333,2880.0,0.18055555555555555,0.0,0.0,0.2361111111111111,0.5833333333333334,0.0,0.0,1
16913,190,1,113.44,113.44,8,1,8.0,82.0,0.35252115655853317,0.0,0.5289139633286319,0.0,0.10754583921015515,0.011019040902679831,0.0,0
16571,76,2,896.79,448.395,54,2,29.5,445.5,0.26273709564112,0.028100224132740107,0.06835491029114954,0.11150882592357185,0.22988659552403573,0.2994123484873828,524.9,0
12373,211,1,364.6,364.6,14,1,14.0,197.0,0.0,0.0,0.0,0.17196928140427867,0.7183214481623696,0.10970927043335162,0.0,0
13539,140,2,315.65,157.825,21,2,10.5,115.5,0.13914145414224618,0.0560747663551402,0.20148899097101222,0.3578330429272929,0.09656264850308886,0.1488990971012197,315.69,0
12402,223,1,225.6,225.6,11,1,11.0,94.0,0.13031914893617022,0.0,0.0,0.0,0.6582446808510638,0.21143617021276598,0.0,0
17937,14,5,3614.52,722.904,19,5,6.6,283.2,0.0,0.0,0.0,0.35974901231698814,0.5957637528634507,0.04448723481956111,686.7,1
17515,106,3,571.37,190.45666666666668,47,3,25.666666666666668,73.33333333333333,0.5139751824562018,0.0,0.09862260881740377,0.10667343402698777,0.26340199870486725,0.01732677599453944,67.65,0
13238,63,2,318.85,159.425,14,2,8.0,68.5,0.07997490983220949,0.0,0.062411792378861526,0.1263917202446291,0.7312215775442998,0.0,381.88,0
16726,96,4,777.16,194.29,71,4,24.25,128.0,0.19532657367852183,0.02689278912965155,0.28198826496474344,0.13002470533738225,0.2683874620412785,0.09738020484842247,581.58,0
13969,7,11,3883.23,353.0209090909091,221,11,31.454545454545453,179.0909090909091,0.2234866335499056,0.01117368788354025,0.10134604440118149,0.1346070152939692,0.43601331880934174,0.09337330006206174,5140.9400000000005,1
15601,22,11,5585.46,507.7690909090909,200,11,30.636363636363637,363.90909090909093,0.08804109240778736,0.08985831068524348,0.18189012185209455,0.17952147182147934,0.3718726837180823,0.08881631951531296,1191.1,1
15687,86,5,1679.45,335.89,69,5,19.4,131.4,0.28116347613802134,0.0,0.03786954062341838,0.33549674000416807,0.29545386882610375,0.050016374408288426,1313.65,1
13263,7,23,4854.79,211.07782608695652,358,23,50.04347826086956,121.52173913043478,0.31865847956348264,0.049687010148739705,0.04818128075570725,0.21965934674826307,0.28430477940343457,0.07950910338037279,2582.14,1
17381,19,23,16875.65,733.7239130434783,40,23,3.9130434782608696,934.0434782608696,0.04494049118108043,0.06506416049159587,0.015402073401617122,0.08861525333838992,0.6649349802822409,0.12104304130507565,3399.96,1
15334,56,3,350.82,116.94,67,3,32.666666666666664,91.0,0.3602417194002623,0.09748589020010262,0.044894817855310416,0.09606065788723563,0.3058263496950003,0.09549056496208883,0.0,0
18147,8,1,98.88,98.88,4,1,4.0,80.0,0.3033980582524272,0.0,0.0,0.0,0.6966019417475728,0.0,80.46,0
12738,271,1,155.35,155.35,11,1,11.0,148.0,0.14901834567106534,0.0,0.0,0.21628580624396526,0.39137431606050854,0.24332153202446088,0.0,0
13720,16,4,799.9,199.975,42,4,10.75,125.25,0.3587948493561695,0.22002750343792976,0.024753094136767097,0.06225778222277784,0.2827853481685211,0.051381422677834736,0.0,0
14817,100,2,1110.34,555.17,52,2,31.5,327.5,0.31421006178287736,0.06655618999585713,0.10582344146837906,0.09109822216618334,0.4044797089179891,0.017832375668714085,0.0,0
16871,110,4,2037.82,509.455,104,4,26.5,215.25,0.3012434856856837,0.03224033526022907,0.18338224180742166,0.11934321971518583,0.2550176168650813,0.1087731006663984,774.52,1
12598,61,4,1584.3799999999999,396.09499999999997,45,4,15.75,242.75,0.09214961057322107,0.0,0.1261061109077368,0.22753379870990548,0.3839104255292291,0.1703000542799076,1438.7,0
15299,64,5,3035.01,607.0020000000001,5,5,1.0,515.6,0.19769292358180038,0.4306938033153103,0.0,0.0,0.3716132731028892,0.0,1472.0,1
17562,9,4,661.1,165.275,35,4,10.25,150.25,0.37649372258357283,0.015731356829526547,0.0,0.10875813038874603,0.40471940704885795,0.09429738314929663,461.28000000000003,0
13448,118,4,1423.26,355.815,65,4,17.75,180.0,0.35410255329314394,0.026137178027907763,0.10504054073043576,0.3078566108792491,0.15248092407571348,0.05438219299355002,2111.4300000000003,0
17238,36,11,1943.57,176.68818181818182,212,11,30.363636363636363,81.63636363636364,0.17021769218499977,0.021779508841976363,0.05427640887644901,0.32383706272477963,0.3722685573455034,0.057620770026291825,1775.53,1
18260,72,6,2628.35,438.05833333333334,86,6,22.166666666666668,245.83333333333334,0.25288108509140717,0.1489908117259878,0.031940190613883236,0.18577434512146404,0.2330207164190462,0.14739285102821165,0.0,1
14700,89,2,1541.1,770.55,56,2,38.0,424.0,0.02657841801310752,0.022386606969048085,0.0,0.3707741223801181,0.4573032249691779,0.12295762766854845,654.0,0
13317,98,5,1313.98,262.796,56,5,13.6,100.0,0.2205360812188922,0.07876832219668488,0.1128251571561211,0.3371436399336367,0.24128982176288832,0.009436977731776739,959.7,0
18150,40,2,413.28,206.64,22,2,13.0,118.0,0.10307781649245065,0.0,0.2177700348432056,0.03629500580720093,0.6181765389082462,0.02468060394889663,153.3,0
15434,7,3,587.28,195.76,32,3,10.666666666666666,159.66666666666666,0.17853494074376788,0.016959542296689823,0.05619125459746629,0.22757458111973847,0.2454025337147528,0.2753371475275848,454.20000000000005,0
15547,10,8,2745.16,343.145,236,8,44.75,230.125,0.34424222996109516,0.13874601116146237,0.1406147546955369,0.15169971877777616,0.16039137973742879,0.06430590566670066,2165.44,1
16014,52,2,514.38,257.19,115,2,65.0,111.0,0.21732960068431897,0.031105408452894747,0.07436136708270151,0.1658307088144951,0.3734398693572845,0.13793304560830516,132.45000000000002,0
12559,210,2,561.71,280.855,21,2,10.5,141.5,0.24959498673692826,0.0,0.22057645404212137,0.16983852877819516,0.15160848124477042,0.20838154919798474,0.0,0
18236,29,4,641.19,160.2975,31,4,9.0,77.5,0.05333832405371263,0.0,0.08983296682730547,0.29874140270434657,0.36859589201328774,0.18949141440134748,241.05,0
15897,94,2,208.59,104.295,17,2,11.0,111.5,0.1110312095498346,0.5297473512632437,0.1186538184956134,0.09156718922287742,0.05757706505585119,0.0914233664125797,0.0,0
14066,166,1,152.55,152.55,7,1,7.0,45.0,0.3510324483775811,0.0,0.23402163225172073,0.2989183874139626,0.11602753195673551,0.0,0.0,0
18232,57,3,500.62,166.87333333333333,29,3,10.666666666666666,92.33333333333333,0.3695417682074228,0.0353561583636291,0.10934441292796931,0.2642723023450921,0.13878790300027966,0.08269745515560704,92.35000000000001,0
12656,16,3,2820.67,940.2233333333334,51,3,23.0,426.6666666666667,0.23079622926467824,0.014039217632690105,0.018612599134248245,0.2566588789188384,0.35864528640358495,0.12124778864596,1230.5,1
14346,20,2,1021.58,510.79,55,2,30.0,302.5,0.17716674171381586,0.056148319270150154,0.08081599091603203,0.15559231778225888,0.4766342332465397,0.053642397071203426,0.0,0
14088,28,7,25507.89,3643.9842857142858,232,7,42.142857142857146,1010.5714285714286,0.13694939095315214,0.03489782965192338,0.1909413126683548,0.2718747022979949,0.33125005635511207,0.034086708073462764,24983.920000000002,1
13569,267,1,109.82000000000001,109.82000000000001,23,1,23.0,43.0,0.2608814423602258,0.0,0.11473319978146056,0.367874704061191,0.20597341103624112,0.05053724276088144,228.8,0
13397,10,4,1228.19,307.0475,22,4,7.25,89.5,0.35731442203567854,0.0,0.4519170486651088,0.14492871624097248,0.04583981305824017,0.0,315.94,0
12643,28,6,3344.64,557.4399999999999,11,6,4.0,301.3333333333333,0.3960964408725603,0.0,0.0,0.07893226176808267,0.19040614236509762,0.3345651549942595,0.0,1
12842,208,1,310.73,310.73,14,1,14.0,157.0,0.1959900878576256,0.0,0.42062240530363976,0.0,0.20323110095581373,0.18015640588292087,808.26,0
16883,87,2,272.48,136.24,33,2,18.5,51.5,0.039819436288901944,0.07615237815619494,0.21304315913094538,0.11975190839694656,0.3464474456840869,0.20478567234292422,0.0,0
17855,272,1,208.97,208.97,17,1,17.0,197.0,0.1808872086902426,0.0,0.0,0.0,0.43838828539981817,0.3807245059099392,0.0,0
14215,86,4,1098.27,274.5675,58,4,15.5,147.25,0.10573902592258734,0.030957779052509855,0.08058127782785655,0.3541387819024466,0.3023846595099566,0.1261984757846431,691.45,0
18102,26,26,130537.23,5020.662692307692,54,26,6.076923076923077,1145.8846153846155,0.04141776258007007,0.0,0.4718866793787489,0.006368757786571693,0.33291008243395387,0.14741671782065546,129120.07,1
18037,54,6,70.02,11.67,19,6,3.1666666666666665,3.3333333333333335,0.05784061696658098,0.0,0.0,0.15424164524421596,0.7400742644958583,0.04784347329334476,0.0,0
16923,52,13,4242.42,326.34000000000003,202,13,27.0,149.0,0.3226083226083226,0.047190047190047185,0.049556620985192416,0.3360016217159074,0.21881143309714737,0.025831954403382974,2826.66,1
14229,191,2,762.13,381.065,23,2,13.0,151.5,0.42923123351659165,0.0,0.02086258249904872,0.01968168160287615,0.5302245023814834,0.0,785.0699999999999,0
16839,9,22,10869.28,494.0581818181818,97,22,8.636363636363637,260.1818181818182,0.21678160834940305,0.21780835529124284,0.01809687486199638,0.2028441626308274,0.3348639468299648,0.009605052036565438,5725.07,1
16256,166,1,752.4300000000001,752.4300000000001,13,1,13.0,581.0,0.27961405047645627,0.0,0.0,0.017543160161078108,0.1124357083050915,0.590407081057374,0.0,0
14522,98,1,278.63,278.63,7,1,7.0,168.0,0.004522126117072821,0.23256648602088792,0.4845135125435165,0.27391163909126803,0.0,0.004486236227254782,695.91,0
12365,191,2,641.38,320.69,22,2,11.0,87.0,0.1821852879728086,0.0154354672736911,0.0,0.16572078954753816,0.6095294521188687,0.027129003087093453,0.0,0
18241,6,10,1205.78,120.578,44,10,6.7,61.8,0.11370233375906053,0.08807576838229197,0.13538954038050058,0.2845875698717843,0.25210237356731746,0.12614241403904528,867.3100000000001,0
13280,22,3,798.46,266.15333333333336,67,3,27.333333333333332,172.66666666666666,0.18210054354632668,0.006387295543922049,0.0482804398467049,0.409726222979235,0.2701325050722641,0.08337299301154721,0.0,0
13497,182,2,348.05,174.025,19,2,9.5,81.5,0.3917540583249533,0.09998563424795287,0.0,0.14480678063496624,0.16980318919695445,0.1936503375951731,0.0,0
17700,113,2,1125.57,562.785,57,2,32.0,249.5,0.26956120010305895,0.15831978464244784,0.06059152251748004,0.07183027266185132,0.2585800971951989,0.18111712287996307,1409.07,0
17750,12,4,1012.76,253.19,87,4,30.0,534.5,0.13418776412970498,0.021327856550416684,0.41646589517753463,0.07275168845531023,0.2995872664797188,0.055679529207314664,697.69,0
15005,8,19,4314.23,227.06473684210525,273,19,40.8421052631579,151.73684210526315,0.299636319806779,0.028813948259596735,0.10644077853985533,0.14828138509073463,0.35623738187347453,0.06059018642955985,1981.14,1
14036,184,1,626.65,626.65,38,1,38.0,268.0,0.3219181361206416,0.047873613659937767,0.12367350195483923,0.21365993776430228,0.25218223888933217,0.0406925716109471,0.0,0
17611,23,9,2701.15,300.1277777777778,389,9,54.0,206.77777777777777,0.17000907021083614,0.12972992984469578,0.13811894933639374,0.15348647798160042,0.27193232512078186,0.136723247505692,1259.97,1
16498,61,2,100.97,50.485,15,2,7.5,22.5,0.36842626522729527,0.0,0.17529959393879369,0.3449539467168466,0.03406952560166387,0.07725066851540062,0.0,0
13743,7,5,912.1199999999999,182.42399999999998,8,5,6.0,242.4,0.16787264833574533,0.0,0.13024602026049203,0.0,0.603210103933693,0.09867122747006973,429.47999999999996,0
12712,6,11,3913.08,355.73454545454547,54,11,10.363636363636363,85.72727272727273,0.027914072801987183,0.03940629887454383,0.22769787481983503,0.04962842569024912,0.4914287466650311,0.16392458114835373,483.05,1
16031,147,1,305.63,305.63,39,1,39.0,219.0,0.35094722376730036,0.04613421457317671,0.16290940025521056,0.0660929882537709,0.2625723914537186,0.11134378169682296,242.27,0
15513,6,15,8928.87,595.258,145,15,14.133333333333333,247.8,0.16366348709299158,0.07819802505804206,0.1731831687548368,0.13188678970575224,0.30023508013892014,0.1528334492494571,5829.35,1
16774,16,3,542.2,180.73333333333335,20,3,10.666666666666666,75.33333333333333,0.2850424197713021,0.13168572482478788,0.0,0.2921431206196975,0.09784212467724086,0.1932866101069716,119.32,0
18212,226,1,216.07,216.07,30,1,34.0,92.0,0.3960290646549729,0.16383579395566256,0.036793631693432687,0.07081038552321006,0.24991900772897674,0.08261211644374508,0.0,0
16395,68,3,964.3,321.43333333333334,87,3,36.0,298.6666666666667,0.09235715026444054,0.0064813854609561345,0.07834698745203775,0.08529503266618273,0.3832209893186768,0.3542984548377061,517.76,0
16048,273,2,256.44,128.22,8,2,4.0,72.0,0.7159569489939168,0.0,0.0,0.21619092185306507,0.06785212915301825,0.0,0.0,0
15312,3,3,794.8,264.93333333333334,33,3,12.666666666666666,136.66666666666666,0.24974836436839457,0.19174635128334175,0.0192501258178158,0.14204831404126825,0.12413185707096125,0.27307498741821845,130.05,0
17368,73,5,1584.27,316.854,53,5,12.8,255.2,0.09215600876113289,0.002082978280217387,0.09338685956307952,0.019725173108119196,0.5219438605793204,0.27070511970813055,294.6,0
14189,13,10,2906.96,290.696,119,10,16.4,245.0,0.19863706414948948,0.052673583399840386,0.23318518314665493,0.09454550458210641,0.20132715964443956,0.21963150507746926,1747.12,1
13141,114,4,1401.03,350.2575,77,4,22.25,235.5,0.1510817041747857,0.1026530481146014,0.03354674774986974,0.29356973084088134,0.3044759926625411,0.11467277645732069,987.72,0
14030,21,6,1657.5,276.25,147,6,27.333333333333332,143.33333333333334,0.1772730015082956,0.002986425339366516,0.1663710407239819,0.28791553544494725,0.3014600301659125,0.06399396681749624,701.34,1
18235,20,2,749.8,374.9,49,2,26.5,353.0,0.2208188850360096,0.08722325953587624,0.016804481194985333,0.18524939983995733,0.42908775673512944,0.06081621765804215,1046.68,0
17242,8,2,1135.04,567.52,30,2,20.0,305.5,0.02907386523822949,0.0,0.0,0.5863229489709614,0.35293910346771923,0.03166408232308993,0.0,0
13474,136,1,226.84,226.84,59,1,62.0,129.0,0.3816787162757891,0.018515253041791573,0.016531475930171045,0.19022218303650149,0.3113207547169812,0.08173161699876565,0.0,0
17858,16,9,3641.25,404.5833333333333,65,9,11.88888888888889,265.1111111111111,0.13903192584963955,0.0,0.08229316855475456,0.22264332303467213,0.5553312736010985,0.0007003089598352214,1499.41,1
14483,181,1,137.1,137.1,9,1,9.0,97.0,0.5689277899343546,0.0,0.0,0.17067833698030635,0.05470459518599562,0.20568927789934358,0.0,0
14389,90,1,311.14,311.14,19,1,19.0,189.0,0.3866426688950312,0.0,0.0,0.10702577617792633,0.4901330590730861,0.01619849585395642,732.32,0
14825,27,7,1333.47,190.49571428571429,68,7,11.714285714285714,77.14285714285714,0.24780460002849708,0.09411535317629943,0.005961888906387095,0.08969080669231404,0.4209918483355456,0.14143550286095677,887.54,0
17714,220,1,153.0,153.0,10,1,10.0,92.0,0.4098039215686275,0.296078431372549,0.0,0.09803921568627451,0.19607843137254902,0.0,0.0,0
15044,36,13,5152.68,396.36,147,13,20.923076923076923,118.38461538461539,0.18639620546977495,0.056523983635700256,0.22076084678264513,0.14980553808891683,0.3167167376976641,0.06979668832529867,2482.05,1
18129,143,1,112.55000000000001,112.55000000000001,13,1,14.0,48.0,0.33762772101288313,0.0,0.0,0.1519324744557974,0.5104398045313194,0.0,0.0,0
14622,84,1,320.58000000000004,320.58000000000004,21,1,21.0,146.0,0.05302888514567346,0.07923139310000622,0.2205377752823008,0.3077235011541581,0.21688814024580447,0.12259030507205687,0.0,0
18004,262,1,157.92,157.92,32,1,37.0,75.0,0.07079533941236069,0.01583080040526849,0.15102583586626142,0.17160587639311045,0.292806484295846,0.297935663627153,0.0,0
17454,92,4,517.53,129.3825,57,4,15.25,60.75,0.2084710065116998,0.07139682723706839,0.021254806484648232,0.13245608950205787,0.5270998782679266,0.03932139199659924,0.0,0
15163,92,1,155.0,155.0,10,1,10.0,48.0,0.5870967741935483,0.0,0.0,0.14838709677419354,0.2645161290322581,0.0,149.47,0
12610,6,2,1256.25,628.125,68,2,36.0,312.5,0.2593432835820896,0.06415920398009951,0.02208955223880597,0.1391044776119403,0.261134328358209,0.2541691542288557,843.29,0
15333,108,1,1028.56,1028.56,16,1,16.0,344.0,0.17500194446604964,0.0,0.025521116901298904,0.0,0.7994769386326515,0.0,0.0,0
14032,68,6,1845.37,307.56166666666667,43,6,16.0,220.83333333333334,0.1229672098278394,0.06899429382725415,0.12506976920617546,0.4259958707467879,0.19643215181779267,0.06054070457415044,1130.22,1
17505,61,2,1145.84,572.92,48,2,26.0,278.0,0.3981969559449836,0.0,0.03368707672973539,0.1381955595894715,0.3262235565174894,0.10369685121832019,0.0,0
18119,267,1,180.7,180.7,29,1,29.0,124.0,0.140011068068622,0.027393469839513008,0.06779192030990593,0.11040398450470393,0.4823464305478694,0.17205312672938572,0.0,0
13887,104,1,349.55,349.55,19,1,19.0,147.0,0.07895866113574596,0.10001430410527822,0.28356458303533116,0.1848662566156487,0.3079673866399657,0.04462880846803033,0.0,0
15738,9,12,3558.4100000000003,296.5341666666667,42,12,10.166666666666666,181.41666666666666,0.17084877796543962,0.0,0.011128565848229965,0.1911415491750529,0.23423382915403226,0.39264727785724524,1254.01,1
17669,22,5,2433.22,486.64399999999995,38,5,10.2,279.6,0.15678812437839573,0.01047994016159657,0.0,0.09323036963365418,0.7395015658263536,0.0,973.5,1
15675,54,2,225.39,112.695,16,2,8.0,242.5,0.39779936998092197,0.14508185811260485,0.0,0.1283109277252762,0.22427791827499002,0.10452992590620704,98.30000000000001,0
16247,70,1,114.56,114.56,16,1,16.0,182.0,0.5092527932960894,0.0,0.0,0.12133379888268156,0.24895251396648044,0.12046089385474859,0.0,0
12506,132,1,73.5,73.5,23,1,23.0,23.0,0.18231292517006803,0.0,0.04421768707482993,0.2489795918367347,0.44489795918367353,0.07959183673469387,0.0,0
17932,73,2,934.51,467.255,63,2,32.0,296.5,0.11032519716214914,0.03544103326877187,0.017014264159827076,0.3237418540197537,0.47463376528876094,0.03884388610073728,397.06,0
16907,47,4,658.99,164.7475,74,4,27.25,54.25,0.39255527397987827,0.24658947783729646,0.03065296893731316,0.022610358275542874,0.27170366773395654,0.035888253236012684,269.77,0
12754,135,3,3010.74,1003.5799999999999,49,3,21.0,2160.3333333333335,0.04346107601453463,0.0,0.0009798255578362795,0.0038495519373974506,0.9481556029414695,0.003553943548762098,0.0,1
12514,167,1,1017.68,1017.68,51,1,51.0,440.0,0.15366323402248253,0.01002279694992532,0.0,0.05433928150302649,0.6653368445876897,0.11663784293687604,0.0,0
14880,85,2,347.67,173.835,25,2,12.5,118.5,0.1190784364483562,0.0,0.33048580550522044,0.4629389938735007,0.044007248252653376,0.04348951592026922,342.92,0
14875,7,2,1465.3200000000002,732.6600000000001,46,2,23.5,279.0,0.06402697021810934,0.0,0.06653836704610597,0.2733600851691098,0.47159664783119043,0.12447792973548441,0.0,0
15234,176,1,197.0,197.0,14,1,14.0,196.0,0.39441624365482236,0.25228426395939085,0.0,0.199492385786802,0.15380710659898475,0.0,0.0,0
13357,157,1,609.4,609.4,85,1,89.0,321.0,0.28961273383656055,0.0,0.15868066951099444,0.14486380045946834,0.24250082047915983,0.16434197571381687,0.0,0
13451,26,4,2385.5,596.375,284,4,90.75,435.75,0.3167973171242926,0.026174806120310208,0.07903164954936072,0.2304841752253196,0.22718926849717042,0.12032278348354641,512.76,1
15315,16,1,233.54,233.54,16,1,16.0,262.0,0.6610430761325683,0.10876081185235933,0.08118523593388713,0.08478205018412263,0.06422882589706261,0.0,336.96,0
16081,85,3,992.37,330.79,57,3,21.0,158.66666666666666,0.5314348478893961,0.0775416427340609,0.15775366042907385,0.09966040892006006,0.09587149954150166,0.03773794048590748,1807.05,0
16245,21,2,769.7,384.85,49,2,25.5,215.0,0.4370533974275691,0.14395218916460958,0.04287384695335845,0.16337534104196438,0.17376900090944522,0.03897622450305313,643.96,0
13034,269,1,165.86,165.86,11,1,11.0,116.0,0.726878089955384,0.09043771855781985,0.10671650789822743,0.07596768358856867,0.0,0.0,476.90999999999997,0
14383,63,1,242.09,242.09,15,1,15.0,201.0,0.20083440042959227,0.042959230038415466,0.13052996819364698,0.26671898880581596,0.3424346317485233,0.016522780784005948,1005.6,0
16353,3,13,3325.9100000000003,255.8392307692308,45,13,5.076923076923077,93.15384615384616,0.16491727076198692,0.5974906115920153,0.04674209464477391,0.1522440474937686,0.030307494790899333,0.008298480716555768,3349.8,1
17491,33,5,1660.31,332.062,50,5,11.0,206.8,0.4341900006625269,0.0307171552300474,0.0,0.1965416096993935,0.22363293601797257,0.1149182983900597,1898.56,1
15291,72,11,3306.27,300.57,57,11,7.545454545454546,106.0,0.13141092530253126,0.07307328197636612,0.1869478294271188,0.12355615240134653,0.4650799843932891,0.01993182649934821,1362.03,1
16005,82,2,275.41,137.705,77,2,41.5,58.5,0.15576776442394974,0.09001125594568098,0.18445227115936239,0.19795940597654405,0.29882720307904576,0.072982099415417,303.3,0
17964,272,1,261.76,261.76,35,1,35.0,195.0,0.053484107579462106,0.05673135696821515,0.10601314180929096,0.13714853300733496,0.4835727383863081,0.16305012224938875,201.45,0
13117,21,7,841.77,120.25285714285714,57,7,9.428571428571429,100.42857142857143,0.35065397911543533,0.0801881749171389,0.05759292918493176,0.03563918885206173,0.34021169678178126,0.13571403114865105,143.14,0
16444,94,2,240.08,120.04,37,2,22.5,67.0,0.23183938687104297,0.03686271242919027,0.06227090969676774,0.1318310563145618,0.4003665444851716,0.13682939020326557,414.59,0
14669,141,3,1259.24,419.74666666666667,158,3,55.333333333333336,256.6666666666667,0.31225977573774655,0.028112194657094754,0.11022521520917379,0.18897906673866777,0.2891505987738636,0.07127314888345351,0.0,0
17643,273,1,101.55,101.55,8,1,8.0,71.0,0.5790251107828656,0.0,0.0,0.10782865583456425,0.3131462333825702,0.0,0.0,0
15984,10,6,1424.1100000000001,237.3516666666667,163,6,31.333333333333332,125.33333333333333,0.2667560792354523,0.07028951415269886,0.10674035011340414,0.13765790563931155,0.22220193664815216,0.19635421421098087,973.12,0
13892,146,1,54.519999999999996,54.519999999999996,3,1,3.0,140.0,0.7424798239178283,0.0,0.0,0.2575201760821717,0.0,0.0,578.4499999999999,0
18122,50,1,119.19,119.19,23,1,23.0,69.0,0.21646111250943872,0.14095142209916942,0.042788824565819276,0.153955868780938,0.35607014011242555,0.08977263193220908,1673.8700000000001,0
13437,29,3,2024.25,674.75,105,3,37.333333333333336,213.33333333333334,0.28225762628133877,0.020807706557984442,0.21936519698653822,0.21642583672965296,0.24433740891688277,0.016806224527602814,1383.81,1
16620,160,1,95.75999999999999,95.75999999999999,5,1,5.0,48.0,0.07268170426065163,0.0,0.0,0.4072681704260652,0.3550543024227235,0.16499582289055975,83.2,0
17843,203,1,205.48,205.48,36,1,37.0,113.0,0.17266887288300567,0.012409966906754916,0.10682304847187074,0.2781292583219778,0.37643566283823243,0.05353319057815846,0.0,0
15493,49,3,1286.95,428.98333333333335,126,3,63.666666666666664,119.33333333333333,0.26020435914371187,0.031003535490889314,0.2395431057927658,0.2092000466218579,0.24258906717432688,0.01745988577644819,666.46,0
12770,110,1,1351.45,1351.45,12,1,12.0,743.0,0.0610455436753117,0.0,0.0,0.1220910873506234,0.6620074734544378,0.15485589551962706,0.0,0
15214,83,2,651.63,325.815,46,2,23.0,278.0,0.3794177677516382,0.07117536025044888,0.007734450531743474,0.15906265825698634,0.2106717001979651,0.171938063011218,1009.8100000000001,0
14868,20,4,1297.07,324.2675,59,4,18.0,172.25,0.1660665962515516,0.010022589374513327,0.09242369340128136,0.04764584794960951,0.5335795292466868,0.15026174377635748,1656.52,0
16244,111,2,1522.75,761.375,88,2,45.5,427.5,0.37205713347561975,0.014184862912493842,0.040847151535051716,0.22012805779018227,0.25158430471186993,0.10119848957478246,0.0,0
15827,14,13,1598.16,122.93538461538462,60,13,7.615384615384615,57.61538461538461,0.18752190018521298,0.017382489863342843,0.029095960354407566,0.4045715072333183,0.27254467637783447,0.08888346598588377,237.93,0
16835,28,2,180.85,90.425,10,2,5.0,30.5,0.0,0.0,0.26375449267348633,0.19712468896875868,0.539120818357755,0.0,0.0,0
15518,24,7,1603.86,229.12285714285713,125,7,26.571428571428573,159.57142857142858,0.1289389348197474,0.022445849388350606,0.22251318693651567,0.2407005598992431,0.2929806840996097,0.09242078485653361,317.69,0
13475,91,4,1431.78,357.945,64,4,21.5,253.0,0.3055008451019011,0.15576415371076563,0.11510148207126794,0.15242565198564026,0.21547304753523586,0.0557348195951892,0.0,0
18259,266,1,376.30000000000007,376.30000000000007,7,1,7.0,116.0,0.34839224023385595,0.0,0.0,0.6516077597661439,0.0,0.0,1962.3000000000002,0
16610,119,1,75.66,75.66,6,1,6.0,66.0,0.0,1.0,0.0,0.0,0.0,0.0,0.0,0
16984,29,1,3213.19,3213.19,262,1,274.0,1594.0,0.38277537276040324,0.09841310348905603,0.09105281667128305,0.14572123030384135,0.2699466884933664,0.012090788282049925,1246.33,1
17939,59,1,99.14,99.14,12,1,12.0,40.0,0.0,0.12315916885212831,0.0,0.5835182570102885,0.2933225741375832,0.0,0.0,0
15811,5,5,1773.8,354.76,89,5,21.0,152.0,0.11160784755891306,0.016912842485060323,0.14105310632540308,0.29406359228774387,0.3330927951291014,0.10326981621377833,444.82,1
17692,27,4,740.9399999999999,185.23499999999999,34,4,11.5,168.0,0.3165033605959997,0.05077334197100981,0.0,0.37303965233352226,0.20198666558695713,0.05769697951251114,0.0,0
13174,216,2,2034.06,1017.03,178,2,110.5,463.5,0.3829238075572992,0.1442681140182689,0.09645733164213445,0.08901900632233072,0.1826396468147449,0.10469209364522186,708.76,1
15605,152,3,690.1800000000001,230.06000000000003,37,3,13.0,88.66666666666667,0.2831580167492538,0.047161610014778754,0.13822481091889072,0.17140456112898084,0.2826798806108551,0.07737112057724072,508.05,0
15389,72,1,500.0,500.0,1,1,1.0,400.0,0.0,0.0,0.0,0.0,1.0,0.0,0.0,0
17581,9,17,6522.29,383.66411764705884,181,17,16.470588235294116,205.58823529411765,0.18492278018916666,0.03173118643911878,0.05675920573908857,0.19134690423148926,0.4482919342746183,0.08694798912651845,4502.95,1
12589,44,1,131.5,131.5,10,1,10.0,83.0,0.07604562737642585,0.0,0.0,0.32851711026615965,0.4585551330798479,0.13688212927756654,515.1800000000001,0
15052,219,1,207.73000000000002,207.73000000000002,27,1,28.0,79.0,0.08823954171280025,0.02840225292446926,0.042603379386703895,0.17209839695758916,0.556010205555288,0.11264622346314926,0.0,0
15856,3,14,9433.12,673.7942857142858,187,14,24.642857142857142,448.42857142857144,0.3688344895432264,0.11926064759061689,0.02278991468358295,0.24024924945299117,0.19750199297793306,0.05136370575164951,6204.16,1
14737,28,2,1081.75,540.875,13,2,7.5,151.5,0.12091518373006703,0.0,0.0,0.09429165703720822,0.3177721284954934,0.46702103073723134,82.8,0
16719,48,5,1283.88,256.776,85,5,27.6,147.4,0.026793781350281955,0.17232918964389193,0.3659220487896065,0.09712745739477209,0.21299498395488672,0.12483253886656073,486.34,0
18159,201,1,530.15,530.15,23,1,23.0,139.0,0.0,0.0,0.09412430444213901,0.10016033198151468,0.7723285862491748,0.03338677732717156,0.0,0
17724,38,1,373.1,373.1,11,1,11.0,78.0,0.2291610828196194,0.0,0.2771374966496918,0.3980166175288126,0.09568480300187618,0.0,659.9,0
17391,63,2,508.8,254.4,2,2,1.5,240.0,0.0,1.0,0.0,0.0,0.0,0.0,0.0,0
13499,125,2,463.79,231.895,18,2,10.5,132.5,0.49876021475236637,0.0,0.07115289247288643,0.10504754306906142,0.32503934970568577,0.0,695.3199999999999,0
15506,38,1,208.77,208.77,45,1,52.0,144.0,0.3204004406763424,0.04885759448196579,0.21856588590314702,0.0,0.3348661206111989,0.07730995832734588,763.31,0
16818,6,8,2102.4,262.8,110,8,14.625,155.75,0.5048230593607306,0.14762176560121765,0.05993626331811262,0.05556031202435312,0.1773972602739726,0.05466133942161339,1247.17,1
12651,234,1,114.0,114.0,9,1,9.0,78.0,0.0,0.0,0.15526315789473688,0.33026315789473687,0.2881578947368421,0.22631578947368422,0.0,0
14367,37,10,5419.7,541.97,209,10,33.5,256.2,0.23191689576913854,0.05452331309851099,0.10817019392217282,0.1696385408786464,0.3288447700057199,0.1069062863258114,3808.12,1
13402,27,2,621.23,310.615,32,2,19.5,239.5,0.24903819841282612,0.0,0.0,0.38134024435394304,0.24541635143183685,0.124205205801394,0.0,0
16230,89,2,542.03,271.015,32,2,17.5,182.5,0.26238400088555985,0.311993801081121,0.1710237440732063,0.06918436248916111,0.1854140914709518,0.0,0.0,0
17371,261,1,92.14,92.14,7,1,7.0,39.0,0.0,0.40471022357282394,0.0,0.4569133926633384,0.13837638376383762,0.0,326.26,0
15756,52,3,359.89,119.96333333333332,118,3,45.0,55.333333333333336,0.23632220956403346,0.04656978521214816,0.23887854622245686,0.13829225596710107,0.2897829892467143,0.0501542137875462,168.12,0
17769,38,4,1817.88,454.47,129,4,43.5,267.25,0.2536526063326512,0.07159988558100644,0.13210442933526964,0.15606090611041432,0.2709639800206834,0.11561819261997491,2139.55,1
12672,229,1,225.89999999999998,225.89999999999998,10,1,10.0,78.0,0.07702523240371846,0.0,0.0,0.46480743691899074,0.39043824701195223,0.06772908366533864,0.0,0
17618,148,2,625.48,312.74,48,2,27.5,117.5,0.09984332032998657,0.0,0.19792799130267955,0.12975634712540768,0.5480910660612649,0.02438127518066125,304.8,0
16494,196,1,826.53,826.53,47,1,50.0,675.0,0.66754987719744,0.01427655378510157,0.0,0.0,0.25095277848353964,0.06722079053391893,0.0,0
12833,45,1,417.38,417.38,24,1,24.0,156.0,0.3130001437538934,0.035938473333652785,0.1689108246681681,0.06636638075614548,0.38339163352340794,0.03239254396473238,0.0,0
13692,113,2,871.58,435.79,32,2,16.0,367.5,0.254927832212763,0.05741297413892011,0.019504807361343766,0.012563390623924366,0.15174740127125452,0.5038435943917942,616.74,0
13029,38,2,773.1999999999999,386.59999999999997,6,2,3.5,46.0,0.0,0.0,0.0,0.9090791515778583,0.09092084842214175,0.0,474.29999999999995,0
12548,66,1,95.19999999999999,95.19999999999999,5,1,5.0,49.0,0.0,0.0,0.0,0.15756302521008406,0.0,0.842436974789916,0.0,0
12679,105,2,906.38,453.19,43,2,22.0,203.5,0.033595180829232775,0.051633972506012926,0.0,0.26441448399126194,0.40895650830777375,0.2413998543657186,206.64000000000001,0
13809,205,1,155.05,155.05,11,1,12.0,29.0,0.41792970009674296,0.15220896485004837,0.19187358916478553,0.027410512737826506,0.21057723315059657,0.0,0.0,0
16427,163,2,241.06,120.53,8,2,4.5,78.0,0.3044055421886667,0.2688127437152576,0.0,0.3146104704223015,0.11217124367377417,0.0,0.0,0
14869,3,1,387.06,387.06,48,1,49.0,354.0,0.2200434041233917,0.09688420399937994,0.15354208649821732,0.08293287862346924,0.2949413527618457,0.15165607399369604,334.39,0
15388,170,1,140.54,140.54,10,1,10.0,88.0,0.2627010103885015,0.23623167781414547,0.14088515725060483,0.07257720222000853,0.28760495232673977,0.0,0.0,0
15314,99,1,327.97,327.97,24,1,24.0,313.0,0.30496691770588774,0.17440619568863006,0.14239107235417872,0.12001097661371465,0.22053846388389178,0.03768637375369698,0.0,0
18144,9,9,2165.55,240.61666666666667,24,9,3.6666666666666665,118.22222222222223,0.7114820715291726,0.03768095864791854,0.060862136639652745,0.06649580937867977,0.11433585001500773,0.009143173789568467,723.2,1
15342,29,1,406.09,406.09,24,1,24.0,283.0,0.28013494545544093,0.024526582777216872,0.024822083774532742,0.07535275431554582,0.5707848013987047,0.024378832278558943,0.0,0
18116,134,7,1239.55,177.07857142857142,220,7,47.857142857142854,95.28571428571429,0.22010407002541243,0.10609495381388409,0.14876366423298779,0.28073091041103626,0.22563026904925176,0.018676132467427695,163.56,0
14379,195,1,110.98,110.98,17,1,17.0,128.0,0.0,0.07974409803568211,0.1846278608758335,0.022526581366011895,0.40277527482429265,0.3103261848981798,237.12,0
15252,83,1,300.55,300.55,14,1,14.0,99.0,0.3563466977208451,0.0,0.0,0.2500415904175678,0.31575445017467973,0.07785726168690733,440.23,0
16692,156,2,1276.0,638.0,2,2,1.5,76.0,0.0,0.0,0.0,0.0,0.8824451410658307,0.11755485893416928,0.0,0
15436,134,1,484.1,484.1,124,1,125.0,246.0,0.25525717826895267,0.0,0.17077050196240445,0.22451972732906422,0.27386903532328033,0.07558355711629829,583.65,0
13846,142,2,663.9300000000001,331.96500000000003,43,2,21.5,172.5,0.22773485156567708,0.07079059539409274,0.1161267001039266,0.05657222900004518,0.2965222237284051,0.23225340020785323,201.13,0
15135,138,1,139.05,139.05,9,1,9.0,43.0,0.08414239482200646,0.0,0.2157497303128371,0.0,0.7001078748651564,0.0,0.0,0
16378,147,3,362.95,120.98333333333333,22,3,7.666666666666667,89.0,0.1520870643339303,0.0,0.06502273040363687,0.035128805620608904,0.45295495247279244,0.29480644716903154,0.0,0
13476,78,2,1238.47,619.235,56,2,29.0,208.5,0.10573530242961071,0.038676754382423476,0.0,0.5948064951109029,0.2278375737805518,0.032943874296511015,0.0,0
12347,29,5,2790.86,558.172,82,5,24.8,318.0,0.07801896189704964,0.09663687895487412,0.1354421217832496,0.1249435657825903,0.4251091061536587,0.13984936542857757,1519.14,1
16178,38,1,197.9,197.9,8,1,8.0,94.0,0.15159171298635674,0.0,0.1667508842849924,0.20313289540171806,0.39060131379484586,0.0879231935320869,0.0,0
13568,73,1,187.05,187.05,41,1,43.0,66.0,0.2715851376637262,0.1037155840684309,0.17882919005613473,0.15931569099171344,0.23523122159850307,0.05132317562149157,0.0,0
17720,13,3,887.6,295.8666666666667,32,3,12.333333333333334,139.33333333333334,0.36200991437584495,0.07192429022082018,0.04500901306894998,0.31448850833708875,0.16668544389364576,0.0398828301036503,308.34,0
15219,76,1,305.75,305.75,9,1,9.0,45.0,0.0,0.0,0.0,1.0,0.0,0.0,0.0,0
14606,3,69,9280.05,134.49347826086955,707,69,28.159420289855074,68.59420289855072,0.19169616543014317,0.10940242778864338,0.10611149724408814,0.1794171367611166,0.33198959057332667,0.0813831822026821,2796.1,1
17979,68,3,494.54,164.84666666666666,84,3,31.333333333333332,90.66666666666667,0.25910947547215596,0.010211509685768592,0.08990172685728151,0.09392566829781211,0.26903789380029924,0.2778137258866825,237.87,0
16779,6,15,6376.7300000000005,425.11533333333335,130,15,15.4,239.33333333333334,0.31290802652770305,0.11317712997100395,0.07290570558891468,0.2743098735558821,0.13975658370355967,0.08694268065293652,4234.99,1
15033,9,6,1608.95,268.15833333333336,203,6,46.0,150.5,0.32002859007427203,0.02852792193666677,0.030560303303396624,0.1968737375306877,0.3229683955374623,0.10104105161751452,948.23,0
15623,40,1,301.03,301.03,19,1,19.0,125.0,0.19732252599408698,0.1192572168886822,0.25678503803607616,0.2104441417798891,0.21619107730126566,0.0,0.0,0
14341,30,6,1139.52,189.92,54,6,11.0,118.16666666666667,0.1353201347935973,0.11415332771693346,0.015137952822240943,0.20227815220443696,0.4763321398483572,0.05677829261443415,1027.46,0
18086,174,1,101.34,101.34,7,1,7.0,106.0,0.15097690941385433,0.0,0.0994671403197158,0.19242155121373594,0.5571343990526939,0.0,0.0,0
15211,265,1,383.07,383.07,23,1,23.0,117.0,0.13783381627378807,0.04620565431905397,0.20544547993839246,0.07009162816195474,0.40645312867100014,0.1339702926358107,511.34000000000003,0
15880,269,1,329.03000000000003,329.03000000000003,95,1,96.0,202.0,0.48342096465367895,0.04938759383642829,0.05744157067744582,0.07339756253229189,0.22113485092544752,0.11521745737470745,0.0,0
13505,66,3,2583.12,861.04,110,3,41.0,420.3333333333333,0.09345287868933694,0.011939050450617859,0.027029328873610207,0.3001138158505993,0.2905130230109325,0.2769519031249032,1810.51,1
13538,20,5,891.75,178.35,8,5,3.6,25.0,0.0,0.0,0.9799831791421362,0.0,0.020016820857863753,0.0,389.1,0
14541,68,7,1307.3500000000001,186.76428571428573,70,7,14.571428571428571,85.28571428571429,0.12188778827398937,0.013730064634566105,0.04027230657436799,0.40826098596397287,0.2554021493861628,0.16044670516694073,146.0,0
12872,226,2,599.97,299.985,58,2,33.0,159.5,0.3193659682984149,0.20159341300398353,0.018334250045835623,0.05816957514542393,0.3026984682567462,0.09983832524959582,0.0,0
13486,28,2,819.61,409.805,52,2,26.0,264.5,0.2932004245921841,0.09231219726455264,0.08945718085430875,0.061431656519564184,0.34571320506094366,0.11788533570844668,302.8,0
14862,48,1,304.09999999999997,304.09999999999997,21,1,21.0,430.0,0.17954620190726736,0.0,0.0,0.057218020388030255,0.29246958237421905,0.4707661953304834,537.1,0
14948,9,3,556.87,185.62333333333333,35,3,11.666666666666666,120.33333333333333,0.20821735773160702,0.0802700809883815,0.0,0.4063246359114336,0.1756244724980696,0.12956345287050838,545.1,0
13583,55,1,781.03,781.03,53,1,53.0,725.0,0.22271871759087358,0.024608529761980972,0.09615507726975916,0.22129751738089448,0.3304354506228954,0.10478470737359641,0.0,0
14587,84,8,1452.68,181.585,166,8,43.875,89.5,0.20887600848087673,0.044331855604813175,0.11234408128424704,0.3113555635102018,0.27790704077980005,0.04518545034006113,127.61,0
15449,85,2,647.7,323.85,30,2,20.0,258.0,0.0810560444650301,0.24100663887602283,0.0307241006638876,0.2890226956924502,0.274818588852864,0.08337193144974525,326.82,0
14053,24,2,260.25,130.125,2,2,2.0,107.5,0.0,0.0,0.0,0.0,0.11239193083573487,0.8876080691642652,0.0,0
17124,85,1,294.24,294.24,31,1,31.0,129.0,0.17614872213159324,0.19066068515497553,0.2953371397498641,0.0013254486133768353,0.28616095704187056,0.050367047308319736,0.0,0
17135,189,2,500.55,250.275,19,2,10.5,210.0,0.381839976026371,0.0905004495055439,0.0,0.22115672759964036,0.25975427030266707,0.04674857656577764,639.18,0
14632,162,1,114.56,114.56,8,1,8.0,96.0,0.17283519553072627,0.0,0.1387918994413408,0.3547486033519553,0.3336243016759776,0.0,0.0,0
14796,7,13,5748.12,442.1630769230769,325,13,64.3076923076923,337.2307692307692,0.3958476858520699,0.036773762551930024,0.04625686311350494,0.1761323702358336,0.29262089170024286,0.052368426546418656,2227.37,1
14816,97,1,271.85,271.85,4,1,4.0,5.0,0.0,0.0,0.0,0.9196247930844215,0.08037520691557844,0.0,0.0,0
16323,96,1,207.50000000000003,207.50000000000003,1,1,1.0,50.0,1.0,0.0,0.0,0.0,0.0,0.0,0.0,0
14985,98,2,292.01,146.005,78,2,41.5,128.0,0.10527036745316941,0.021745830622238962,0.015581658162391699,0.27848361357487755,0.41820485599808227,0.1607136741892401,0.0,0
15965,267,1,156.19,156.19,16,1,16.0,74.0,0.04289647224534221,0.11332351623023243,0.07554901082015494,0.3514949740700429,0.3527754657788591,0.06396056085536846,652.6800000000001,0
15046,27,10,3822.48,382.248,119,10,15.5,245.1,0.6485004499696533,0.06358437454218203,0.05167325924530671,0.016193675310269773,0.17387402942592245,0.04617421150666583,1267.94,1
15254,27,1,300.36,300.36,18,1,18.0,275.0,0.3666933013716873,0.10767079504594487,0.0,0.0,0.37381808496470903,0.1518178186176588,0.0,0
14712,12,1,115.72,115.72,7,1,7.0,102.0,0.0,0.0,0.02808503283788455,0.6359315589353612,0.30746629796059455,0.028517110266159693,801.35,0
18136,111,2,600.85,300.425,30,2,16.0,147.5,0.166014812349172,0.0,0.016576516601481232,0.4921028542897562,0.3253058167595906,0.0,183.48000000000002,0
18176,258,1,476.35,476.35,30,1,30.0,283.0,0.65361603862706,0.10328539939120394,0.03337881809593786,0.032119240054581714,0.11840033588747768,0.05920016794373884,0.0,0
15226,210,1,154.41,154.41,8,1,8.0,71.0,0.4385078686613561,0.0,0.0,0.198173693413639,0.36331843792500484,0.0,0.0,0
14198,45,2,356.95,178.475,21,2,10.5,83.5,0.18910211514217679,0.12662837932483542,0.30032217397394595,0.071438576831489,0.21165429331839192,0.10085446140916095,344.45,0
13741,83,2,363.13,181.565,20,2,10.0,71.5,0.36849062319279596,0.04130752072260623,0.0,0.3080164128549005,0.28218544322969735,0.0,305.3,0
17162,31,9,1463.66,162.6288888888889,75,9,9.88888888888889,96.11111111111111,0.3895986772884413,0.0,0.13642512605386498,0.09120287498462758,0.29032015632045693,0.09245316535260921,251.8,0
17841,3,78,22216.4,284.82564102564106,1028,78,53.3974358974359,154.07692307692307,0.1566486919572928,0.11407563781710807,0.13307151473686105,0.13305756108100322,0.36771709187807206,0.09542950252966276,18303.44,1
15149,33,1,520.8000000000001,520.8000000000001,23,1,23.0,128.0,0.24203149001536098,0.12039170506912442,0.22119815668202764,0.3538786482334869,0.062499999999999986,0.0,0.0,0
16996,21,5,1041.78,208.356,11,5,5.2,78.0,0.5579680930714738,0.0,0.10194090882911941,0.2551402407418073,0.0849507573575995,0.0,415.18,0
17231,26,7,1905.82,272.26,209,7,48.142857142857146,147.57142857142858,0.3149510446946721,0.02689655896149689,0.10461113851255628,0.09122057696949344,0.31716006758245796,0.14516061327932334,1218.9,1
17042,21,4,915.02,228.755,69,4,22.0,222.0,0.25413652160608513,0.08353915761404122,0.02891740071255273,0.06968153701558437,0.4286682258311294,0.1350571572206072,121.56,0
15552,117,1,90.12,90.12,17,1,17.0,60.0,0.3692853972481136,0.098202396804261,0.0,0.35885486018641816,0.07157123834886818,0.10208610741233909,0.0,0
15370,40,4,1513.46,378.365,54,4,17.0,152.75,0.1951686863214092,0.0,0.1661094445839335,0.35899197864495924,0.27972989044969804,0.0,872.5899999999999,0
14428,139,2,330.62,165.31,25,2,14.0,72.5,0.1823846107313532,0.3091766983243603,0.16816889480370215,0.11327203435968787,0.21157219768919,0.015425564091706489,893.44,0
16938,79,3,2386.05,795.35,205,3,71.33333333333333,772.6666666666666,0.1125961316820687,0.043255589782276144,0.03608055153915467,0.19322310932293957,0.5343768990591145,0.08046771861444646,325.63,1
14214,56,3,899.16,299.71999999999997,56,3,19.666666666666668,223.66666666666666,0.13419191245162151,0.05671960496463366,0.07206726277859335,0.21019618310423063,0.3977045242226078,0.1291205124783131,105.22,0
13267,10,14,2800.94,200.06714285714287,64,14,9.428571428571429,86.57142857142857,0.10714974258641742,0.15949645476161575,0.2112540789877684,0.14319478460802443,0.36819424907352527,0.010710689982648682,1720.55,1
15281,36,8,2191.78,273.9725,113,8,16.25,141.0,0.22784677294253983,0.022995008623128234,0.128115048043143,0.32993274872478073,0.2566909087590908,0.03441951290731734,140.37,1
17367,138,1,167.55,167.55,33,1,33.0,149.0,0.450313339301701,0.0,0.03258728737690241,0.0943002088928678,0.2422560429722471,0.1805431214562817,0.0,0
18071,157,2,453.0,226.5,23,2,12.5,130.0,0.40993377483443705,0.18741721854304638,0.08719646799116998,0.1880794701986755,0.1273730684326711,0.0,0.0,0
16859,44,2,747.81,373.905,50,2,26.0,413.5,0.08504834115617604,0.33489790187347057,0.02005857102740001,0.03991655634452602,0.3007715863655207,0.21930704323290678,0.0,0
15433,113,2,533.3,266.65,40,2,20.5,267.0,0.14119632477029814,0.0,0.0,0.268160510031877,0.4590099381211326,0.13163322707669228,0.0,0
15747,20,2,525.37,262.685,26,2,21.5,140.5,0.1704513009878752,0.0,0.0,0.0165597578849192,0.8129889411272055,0.0,421.27,0
12500,6,6,1773.8400000000001,295.64000000000004,20,6,5.333333333333333,211.66666666666666,0.6519753754566364,0.0,0.05598024624543363,0.02271907274613268,0.15317052270779774,0.11615478284399947,2483.98,1
14145,56,3,2851.2,950.4,6,3,2.6666666666666665,192.0,0.0,0.0,0.0,0.08333333333333334,0.9166666666666667,0.0,891.0,1
13308,103,1,814.95,814.95,26,1,26.0,519.0,0.17563040677342168,0.21979262531443647,0.055218111540585306,0.1251610528253267,0.17313945640836864,0.25105834713786124,570.5600000000001,0
17358,203,2,360.81,180.405,55,2,29.0,95.0,0.08115074415897564,0.15686926637288323,0.022726642831407108,0.3428397217372024,0.2944763171752446,0.10193730772428702,0.0,0
13863,147,1,305.78,305.78,20,1,20.0,224.0,0.5762312773889725,0.0,0.03296487670874485,0.0,0.3329190921577605,0.05788475374452222,0.0,0
14960,71,1,88.3,88.3,2,1,2.0,20.0,0.0,0.0,0.0,0.0,1.0,0.0,132.97,0
17633,3,2,648.61,324.305,30,2,16.5,137.5,0.15476172121922266,0.12451241886495736,0.3362575353448143,0.0894528298977814,0.2644886757835988,0.030526818889625502,676.23,0
15671,26,4,1334.49,333.6225,44,4,14.0,200.25,0.5321133916327586,0.00854258930377897,0.0,0.05458264955151406,0.13432097655284042,0.27044039295910793,1322.64,0
14175,71,2,1205.99,602.995,58,2,29.5,313.0,0.5343244968863755,0.03864045307175017,0.0757883564540336,0.17602965198716405,0.11427126261411787,0.06094577898655876,2016.31,0
12683,5,11,6217.88,565.2618181818182,151,11,22.454545454545453,342.6363636363636,0.254089818394694,0.003184365089065726,0.03581606592600694,0.20120684220345197,0.2851132540351374,0.22058965435164396,2258.69,1
13014,13,5,2022.48,404.496,53,5,12.6,123.2,0.12478738973932993,0.0,0.08222578220798228,0.1673193307226771,0.5299928800284799,0.09567461730153078,1443.8,1
17443,119,1,534.24,534.24,1,1,1.0,504.0,0.0,0.0,0.0,1.0,0.0,0.0,0.0,0
13874,257,1,540.45,540.45,18,1,18.0,180.0,0.25339994449070213,0.15098529003608102,0.08770469053566471,0.052178739938939775,0.45573133499861224,0.0,0.0,0
13023,29,1,336.40000000000003,336.40000000000003,20,1,20.0,159.0,0.34387633769322234,0.0,0.0,0.1400118906064209,0.26090963139120094,0.2552021403091557,353.5,0
17396,48,6,4801.8,800.3000000000001,18,6,3.0,184.16666666666666,0.0,0.0,0.20704735724103462,0.40934649506435083,0.38360614769461443,0.0,2529.0,1
18044,66,7,1105.53,157.93285714285713,63,7,11.0,93.0,0.10162546470923448,0.02138340886271743,0.2104691867249193,0.28409902942480075,0.22311470516403897,0.1593082051142891,983.07,0
14155,166,1,118.75,118.75,6,1,6.0,25.0,0.0,0.0,0.0,0.15031578947368424,0.6012631578947369,0.24842105263157896,0.0,0
17158,132,2,698.55,349.275,36,2,19.5,230.5,0.22213155822775754,0.11208932789349368,0.09104573759931286,0.1503113592441486,0.3799298546990194,0.04449216233626799,568.42,0
14961,54,6,3906.98,651.1633333333333,140,6,29.333333333333332,358.6666666666667,0.2707410839062396,0.0408499659583617,0.014051774004474046,0.3107080148861781,0.23193617576747258,0.131712985477274,3137.7,1
17096,43,2,443.94,221.97,22,2,11.5,89.0,0.22570617651033925,0.07365860251385323,0.4523133756813984,0.1402216515745371,0.06349957201423616,0.04460062170563589,578.19,0
14037,76,2,147.20000000000002,73.60000000000001,27,2,14.0,23.0,0.1467391304347826,0.0,0.10190217391304347,0.1654211956521739,0.5859374999999999,0.0,0.0,0
15110,26,2,376.55,188.275,13,2,9.5,60.5,0.18802283893241273,0.0,0.43022175009958835,0.14101712919930953,0.24073828176868942,0.0,619.5500000000001,0
17325,180,1,96.8,96.8,6,1,6.0,60.0,0.4545454545454546,0.0,0.0,0.17045454545454547,0.17045454545454547,0.20454545454545453,0.0,0
15696,120,6,1629.95,271.65833333333336,89,6,17.166666666666668,119.5,0.20009202736280252,0.04558422037485812,0.09975766127795331,0.32107733366054175,0.22944262093929263,0.10404613638455167,1081.16,1
17235,272,1,341.9,341.9,10,1,10.0,126.0,0.103539046504826,0.0,0.029833284586136297,0.18601930389002633,0.2737642585551331,0.40684410646387836,208.16,0
16149,42,1,163.68,163.68,11,1,11.0,168.0,1.0,0.0,0.0,0.0,0.0,0.0,116.84,0
13752,24,6,1175.38,195.89666666666668,64,6,12.5,145.66666666666666,0.194890163181269,0.3651414861576681,0.05745375963518181,0.08060371964811379,0.16506151202164404,0.13684935935612313,0.0,0
15415,213,1,559.61,559.61,46,1,47.0,551.0,0.28825431997283824,0.09027715730598097,0.0,0.16700916709851502,0.3891102732259967,0.0653490823966691,0.0,0
16725,202,7,758.27,108.32428571428571,110,7,20.714285714285715,41.142857142857146,0.12616877893098766,0.19747583314650455,0.12337294103683384,0.37203107072678604,0.16122225592467063,0.019729120234217364,0.0,0
13203,20,2,309.86,154.93,20,2,10.0,137.0,0.3574517524043116,0.11734331633640999,0.059639837345898145,0.0,0.37068353449945135,0.09488155941392887,559.6,0
17931,33,2,408.36,204.18,63,2,32.5,124.5,0.16554020961896365,0.18968557155451074,0.07045254187481634,0.18304927025173864,0.14308453325497109,0.24818787344499948,0.0,0
17905,56,3,617.74,205.91333333333333,32,3,10.666666666666666,93.66666666666667,0.07300806164405739,0.06798976915854567,0.043707708744779354,0.15176287758603943,0.13175445980509598,0.5317771230614822,181.25,0
17693,37,1,200.47,200.47,16,1,16.0,231.0,0.13617997705392326,0.0,0.07482416321644136,0.307128248615753,0.29929665286576546,0.18257095824811692,0.0,0
13715,180,5,1077.39,215.478,89,5,20.8,112.4,0.22628760244665344,0.06255859066818886,0.09300253390137275,0.14972294155319799,0.42746823341594037,0.0409600980146465,0.0,0
15641,5,4,1887.2,471.8,102,4,29.75,390.5,0.4259061042814752,0.01801610852055956,0.10634802882577363,0.15815493853327683,0.24353539635438745,0.04803942348452734,0.0,1
12676,23,4,998.0500000000001,249.51250000000002,21,4,7.5,123.5,0.32092580532037474,0.0,0.0,0.012624618005109965,0.32969290115725663,0.33675667551725863,333.34000000000003,0
16217,135,2,304.25,152.125,13,2,7.5,45.5,0.5265406737880033,0.0,0.0,0.07756778964667214,0.34396055875102716,0.05193097781429745,0.0,0
17894,185,6,867.0,144.5,95,6,23.833333333333332,53.333333333333336,0.3100692041522491,0.09579008073817764,0.14845444059976934,0.1787773933102653,0.19929642445213377,0.06761245674740485,251.96,0
16054,45,1,783.9,783.9,70,1,70.0,380.0,0.047008547008547015,0.0,0.17914274779946424,0.261627758642684,0.27915550452863885,0.2330654420206659,0.0,0
17850,272,34,5391.21,158.565,21,34,8.735294117647058,50.970588235294116,0.19719877355918247,0.14058068596845605,0.0804643113512551,0.1423094258988242,0.4394468032222822,0.0,0.0,1
16398,54,2,1705.8,852.9,75,2,41.0,379.0,0.3018642279282448,0.0,0.23258881463243053,0.11843123461132607,0.2628151014186892,0.08430062140930943,0.0,1
15508,89,6,1000.27,166.71166666666667,78,6,15.333333333333334,73.33333333333333,0.1746028572285483,0.0769292291081408,0.07943855159107042,0.40697011806812167,0.2620592440041189,0.0,0.0,0
12993,20,3,372.4,124.13333333333333,23,3,8.0,68.0,0.16823308270676693,0.0,0.0,0.2675886143931257,0.3402255639097745,0.22395273899033297,42.36000000000001,0
16510,272,1,248.1,248.1,13,1,13.0,92.0,0.07013301088270858,0.0,0.3522773075372833,0.2430471584038694,0.1592099959693672,0.17533252720677148,0.0,0
13060,153,1,307.53,307.53,15,1,15.0,123.0,0.3839625402399766,0.1970539459564921,0.30436055019022534,0.0,0.11462296361330603,0.0,0.0,0
15319,183,1,204.5,204.5,16,1,16.0,175.0,0.1232273838630807,0.0,0.05819070904645477,0.16625916870415647,0.4117359413202934,0.24058679706601468,0.0,0
13013,7,8,3382.79,422.84875,130,8,20.25,209.0,0.1301913509263064,0.07343051150086172,0.04827967446989024,0.39302173649561456,0.17627165741887613,0.17880506918845096,1428.15,1
17062,213,4,533.33,133.3325,52,4,17.25,104.5,0.3866274164213526,0.20034500215626344,0.0165938537115857,0.1470946693416834,0.1911199444996531,0.05821911386946167,0.0,0
15036,77,2,212.49,106.245,49,2,26.5,71.5,0.28377806014400675,0.04894347969316203,0.23332862722951667,0.1947856369711516,0.18386747611652313,0.055296719845639795,217.07,0
14396,271,1,110.35000000000001,110.35000000000001,34,1,34.0,39.0,0.15632079746261893,0.05346624376982329,0.1780697779791572,0.23969188944268238,0.28228364295423647,0.09016764839148164,377.64,0
17958,16,1,508.4599999999999,508.4599999999999,7,1,7.0,84.0,0.2006057506981867,0.0,0.02950084569090981,0.02950084569090981,0.7403925579199938,0.0,0.0,0
14984,80,1,102.23,102.23,16,1,16.0,20.0,0.194170008803678,0.0,0.280250415729238,0.2929668394796048,0.23261273598747922,0.0,100.14,0
17165,184,1,158.68,158.68,10,1,10.0,100.0,0.3792538442147719,0.09452987143937484,0.12540962944290393,0.20607511973783715,0.19473153516511216,0.0,0.0,0
15938,12,5,404.58,80.916,13,5,3.6,48.0,0.1483019427554501,0.5377428444312621,0.0,0.15522270008403777,0.0,0.1587325127292501,0.0,0
14377,91,2,617.05,308.525,11,2,5.5,109.5,0.5104934770277936,0.21878291872619723,0.08970099667774088,0.09723685276719878,0.08378575480106962,0.0,0.0,0
14733,10,11,9044.2,822.2,98,11,17.272727272727273,331.3636363636364,0.38823444859689077,0.1497379536056257,0.14081731938701045,0.09063045929988278,0.13560182216226974,0.09497799694832046,541.71,1
16928,1,14,2171.35,155.09642857142856,66,14,11.857142857142858,114.92857142857143,0.055288184769843644,0.0,0.029612913625164067,0.08427936537177333,0.830819536233219,0.0,643.3499999999999,1
12444,21,2,2627.27,1313.635,96,2,52.5,325.0,0.04962946328317989,0.013930810308799627,0.04733049895899546,0.339671978898248,0.4268689552272892,0.12256829332348787,2378.19,1
16011,19,10,1715.53,171.553,82,10,13.5,112.8,0.19944273781280422,0.09807464748503378,0.028242001014263815,0.18696262962466412,0.4316858346983148,0.0555921493649193,1637.43,1
14422,70,2,1032.15,516.075,57,2,30.5,270.5,0.25462384343360944,0.24234849585816015,0.0978539940900063,0.05813108559802354,0.308676064525505,0.03836651649469553,3231.4900000000002,0
17923,182,1,207.50000000000003,207.50000000000003,1,1,1.0,50.0,1.0,0.0,0.0,0.0,0.0,0.0,0.0,0
13185,167,1,71.4,71.4,1,1,1.0,12.0,0.0,0.0,1.0,0.0,0.0,0.0,0.0,0
12994,20,2,645.47,322.735,38,2,20.5,151.5,0.21751591863293415,0.0,0.09884270376624785,0.273986397508792,0.2427688351123987,0.16688614497962723,328.95,0
16320,72,2,1038.46,519.23,56,2,28.0,366.0,0.19365213874390927,0.04371858328679005,0.03351116075727519,0.11455424378406487,0.4265547060069718,0.18800916742098878,0.0,0
13682,87,1,59.5,59.5,3,1,3.0,10.0,0.5714285714285714,0.0,0.0,0.0,0.42857142857142855,0.0,0.0,0
16370,17,3,944.49,314.83,133,3,58.333333333333336,173.0,0.22421624368706922,0.026522250103230314,0.07019661404567544,0.13677222628084998,0.3736831517538566,0.16860951412931846,357.42,0
13735,75,2,1409.69,704.845,88,2,51.0,359.5,0.14336485326561157,0.0,0.07984734232348956,0.1794366137235846,0.4437500443359887,0.15360114635132546,1473.85,0
14238,226,1,146.85,146.85,8,1,8.0,111.0,0.1954375212802179,0.14164113040517537,0.20326864147088866,0.25536261491317674,0.20429009193054137,0.0,0.0,0
13888,19,2,595.67,297.835,38,2,19.5,127.0,0.6748031628250541,0.06438128493964781,0.05539980190373865,0.06412946765826717,0.14128628267329227,0.0,0.0,0
12916,38,4,2944.95,736.2375,53,4,25.75,270.75,0.24392604288697603,0.25782441128032735,0.06590943819080121,0.037114382247576364,0.24078507275165964,0.15444065264265947,0.0,1
17312,38,3,644.3,214.76666666666665,11,3,4.666666666666667,124.0,0.8475865280148999,0.0,0.04400124165761291,0.023281080242123237,0.006906720471829892,0.07822442961353407,0.0,0
16523,15,12,4768.25,397.3541666666667,81,12,12.75,176.91666666666666,0.12818119855292823,0.015099879410685262,0.1846589419598385,0.11900592460546323,0.5231688774707702,0.02988517800031458,4650.22,1
14135,5,10,3190.32,319.03200000000004,82,10,10.6,336.4,0.15959527570901977,0.09323516136312346,0.10881667042804483,0.17573472253567043,0.13710223425863236,0.32551593570550913,1499.99,1
14572,10,5,2063.2400000000002,412.648,153,5,41.4,236.6,0.27322560632791143,0.04975184661018592,0.0432814408406196,0.16509955216067929,0.3615090828018068,0.10713247125879682,741.3,1
13121,169,1,283.73,283.73,50,1,50.0,252.0,0.24459873823705636,0.04916646107214605,0.09110774327705917,0.14073238642371266,0.23853663694357308,0.2358580340464526,0.0,0
13771,99,2,1464.8500000000001,732.4250000000001,65,2,35.0,412.5,0.2728265692733044,0.112025122026146,0.07679967232139809,0.12598559579479127,0.1086459364440045,0.3037171041403557,1169.6,0
16470,15,3,539.13,179.71,83,3,31.666666666666668,119.33333333333333,0.09463394728544135,0.0,0.04488713297349433,0.2015469367314006,0.56630126314618,0.09263071986348376,213.64,0
14096,1,1,21.84,21.84,6,1,6.0,7.0,0.11263736263736264,0.0,0.11263736263736264,0.0,0.15064102564102563,0.6240842490842491,65142.95,0
15847,188,1,180.68,180.68,9,1,9.0,348.0,0.1300642019039185,0.0,0.0,0.27811600619880456,0.5918197918972768,0.0,208.59,0
12678,49,7,6806.82,972.4028571428571,74,7,11.714285714285714,624.8571428571429,0.07952612233025112,0.06919236883008513,0.12019121998231186,0.15047114511622167,0.3837783282061227,0.19684081553500754,9346.2,1
12613,97,4,1462.52,365.63,65,4,18.5,189.75,0.07425539479801986,0.008533216639772448,0.012102398599677272,0.1968520088614173,0.5355824193857178,0.17267456171539533,1881.8600000000001,0
15122,14,3,1633.78,544.5933333333334,65,3,27.333333333333332,266.6666666666667,0.17774730991932822,0.0,0.11147155675794783,0.3796410777460858,0.25526692700363574,0.07587312857300249,0.0,1
17337,51,4,1981.06,495.265,421,4,130.25,311.75,0.1655982150969683,0.03157400583525991,0.0760703865607301,0.3194855279496835,0.2715162589724693,0.1357556055848889,0.0,1
16718,269,1,606.0500000000001,606.0500000000001,41,1,44.0,407.0,0.232571570002475,0.13315733025327942,0.0,0.1740780463658114,0.37524956686742017,0.08494348651101394,0.0,0
13572,105,1,1384.25,1384.25,32,1,33.0,534.0,0.09839263138883873,0.10930106555896696,0.014376015893082896,0.532382156402384,0.2455481307567275,0.0,0.0,0
14997,78,1,155.28,155.28,9,1,9.0,312.0,0.5046367851622875,0.0,0.0,0.0,0.30139103554868624,0.19397217928902627,390.91999999999996,0
14331,24,2,462.65999999999997,231.32999999999998,27,2,14.0,126.0,0.1351964725716509,0.0,0.09726364933212295,0.3054078589028661,0.41933601348722604,0.042796005706134094,0.0,0
17019,161,3,995.93,331.97666666666663,114,3,52.666666666666664,219.33333333333334,0.11491771510045888,0.06225337122086894,0.03172913758999127,0.21106905103772355,0.4610062956231864,0.11902442942777104,262.15,0
14146,154,2,1903.73,951.865,62,2,32.5,405.5,0.14030350942623165,0.08541127155636566,0.054419481754240356,0.3059782637243727,0.2969591276073813,0.11692834593140834,2287.27,1
17861,36,5,1299.49,259.898,114,5,27.2,210.4,0.1613325227589285,0.004801883815958569,0.024525005963878136,0.26257223987872164,0.3224803576787817,0.22428798990373144,798.39,0
15130,69,1,330.11,330.11,22,1,22.0,197.0,0.5974069249644058,0.04543939898821605,0.0,0.0540728847959771,0.19857017357850415,0.1045106176728969,0.0,0
15806,57,2,521.88,260.94,19,2,11.5,206.5,0.15068598145167472,0.0,0.15175902506323294,0.3085000383229861,0.21602667279834448,0.17302828236376178,262.7,0
17984,45,1,152.68,152.68,48,1,48.0,98.0,0.03831543096672779,0.0042572701074141996,0.1771679329316217,0.31366256222164,0.4142651296829971,0.05233167408959916,0.0,0
16350,233,1,376.7,376.7,22,1,22.0,196.0,0.5396867533846562,0.07406424210246881,0.04698699230156624,0.0,0.33926201221130875,0.0,739.77,0
12401,203,1,84.3,84.3,5,1,5.0,11.0,0.0,0.0,0.0,0.1298932384341637,0.6921708185053381,0.17793594306049823,0.0,0
13708,171,1,285.33,285.33,49,1,49.0,301.0,0.438474748536782,0.028037710720919637,0.006834191988224162,0.09094732415098307,0.24561034591525602,0.19009567868783517,0.0,0
16906,86,3,392.99,130.99666666666667,33,3,13.666666666666666,61.0,0.23982798544492226,0.34214611058805566,0.15343901880454971,0.14845161454489936,0.09361561362884552,0.022519656988727453,166.6,0
14947,30,1,178.5,178.5,10,1,10.0,118.0,0.2823529411764706,0.20504201680672265,0.0,0.08403361344537816,0.42857142857142855,0.0,112.32,0
17725,12,7,2198.43,314.06142857142856,86,7,17.428571428571427,198.42857142857142,0.4304526412030404,0.08888161096782705,0.0688946202517251,0.17204550520143921,0.21482148624245484,0.024904136133513465,931.9599999999999,1
14772,12,1,139.26,139.26,9,1,9.0,82.0,0.2315812149935373,0.18239264684762316,0.0,0.0,0.5034467901766481,0.08257934798219159,0.0,0
16142,149,1,535.34,535.34,37,1,37.0,422.0,0.15859080210707213,0.0330631000859267,0.1620278701386035,0.05155602047297045,0.2989875593081032,0.29577464788732394,0.0,0
14729,273,1,313.49,313.49,69,1,71.0,197.0,0.3421161759545759,0.028230565568279693,0.19091518070751856,0.09250693802035152,0.20475932246642634,0.14147181728284794,0.0,0
17644,20,7,1625.63,232.23285714285717,64,7,12.714285714285714,128.28571428571428,0.1805884487860091,0.0,0.17873070747956177,0.25339099303039436,0.26470353032362837,0.12258632038040636,1270.01,0
17018,225,1,405.0,405.0,6,1,6.0,60.0,0.0,0.0,1.0,0.0,0.0,0.0,515.1,0
17411,161,1,285.58,285.58,16,1,16.0,126.0,0.1380348763919042,0.44386861825057783,0.3007913719448141,0.06197913019118987,0.0,0.05532600322151412,493.36,0
15970,203,1,314.1,314.1,11,1,11.0,116.0,0.15759312320916904,0.0,0.0,0.6867239732569246,0.11556829035339063,0.04011461318051576,0.0,0
12733,134,1,383.95,383.95,22,1,22.0,137.0,0.5093111082172158,0.0,0.07618179450449278,0.08113035551504102,0.2759473889829405,0.05742935278030995,0.0,0
16010,145,3,392.4,130.79999999999998,62,3,26.333333333333332,67.33333333333333,0.433460754332314,0.20196228338430175,0.02400611620795107,0.06638634046890929,0.2436034658511723,0.030581039755351685,0.0,0
16560,258,1,332.18,332.18,20,1,20.0,169.0,0.22180745379011377,0.0,0.0,0.4390691793605876,0.2623577578421338,0.0767656090071648,509.23,0
13388,31,2,677.1,338.55,35,2,17.5,141.0,0.12701225815979914,0.12981834293309705,0.22380741397134837,0.0407620735489588,0.2943139861172648,0.18428592526953183,0.0,0
16697,141,1,112.75,112.75,20,1,21.0,27.0,0.0,0.0,0.2722838137472284,0.14146341463414633,0.32461197339246123,0.2616407982261641,0.0,0
14619,145,1,394.44,394.44,20,1,20.0,152.0,0.35868573167021606,0.0,0.32653889057904883,0.134621235168847,0.08989960450258595,0.09025453807930228,0.0,0
16274,273,1,351.75,351.75,64,1,65.0,153.0,0.2732054015636105,0.024164889836531627,0.08699360341151385,0.1289267945984364,0.3162189054726368,0.1704904051172708,0.0,0
17536,77,1,76.5,76.5,3,1,3.0,6.0,0.0,0.0,0.0,1.0,0.0,0.0,0.0,0
16019,36,7,2952.25,421.75,85,7,15.285714285714286,170.42857142857142,0.08131425184181557,0.10878143788635787,0.06440172749597764,0.12803793716656786,0.5341349817935473,0.08332966381573377,833.99,1
13484,141,1,313.8,313.8,8,1,8.0,44.0,0.0,0.0,1.0,0.0,0.0,0.0,0.0,0
18093,20,3,2016.88,672.2933333333334,30,3,11.333333333333334,404.0,0.4007972710324858,0.23769386378961563,0.0,0.30052358097655785,0.06098528420134068,0.0,89.64,1
15045,51,2,735.66,367.83,11,2,6.0,57.0,0.012886387733463829,0.0,0.08792105048527854,0.13865100725878804,0.7605415545224696,0.0,0.0,0
17521,99,1,159.56,159.56,8,1,8.0,116.0,0.830533968413136,0.0,0.0,0.0,0.16946603158686388,0.0,563.65,0
14555,202,1,186.34,186.34,14,1,14.0,90.0,0.16287431576687775,0.38982505098207576,0.08586454867446602,0.0,0.3614360845765804,0.0,126.2,0
15704,40,4,2293.62,573.405,79,4,29.25,257.0,0.35928357792485244,0.09064273942501375,0.11998500187476566,0.14749173795136075,0.22852521341809018,0.054071729405917285,0.0,1
13307,20,1,15.0,15.0,1,1,1.0,4.0,0.0,0.0,0.0,1.0,0.0,0.0,0.0,0
18219,49,8,1367.13,170.89125,49,8,10.0,74.5,0.24066475024321018,0.08470299093721885,0.18904566500625394,0.18330370923028533,0.21630715440375092,0.08597573017928067,702.64,0
17239,212,1,382.5,382.5,15,1,15.0,150.0,0.36352941176470593,0.2635294117647059,0.22875816993464052,0.03882352941176471,0.06222222222222223,0.043137254901960784,0.0,0
17731,28,3,963.74,321.24666666666667,38,3,16.333333333333332,116.66666666666667,0.4171041982277378,0.07773880922240438,0.1775375101168365,0.033048332537821405,0.23667171643804347,0.05789943345715649,276.37,0
12654,97,3,337.75,112.58333333333333,19,3,7.333333333333333,50.333333333333336,0.17276091783863806,0.05862324204293115,0.0,0.22516654330125832,0.43686158401184305,0.10658771280532939,264.23,0
15528,154,1,229.33,229.33,26,1,26.0,123.0,0.35390049273972,0.010901321240134303,0.0,0.12362098286312301,0.1424584659660751,0.36911873719094757,0.0,0
14057,9,12,4419.04,368.25333333333333,155,12,19.666666666666668,310.75,0.07310637604547594,0.038141768347876456,0.107392103262247,0.15194476628407982,0.5352338969549947,0.09418108910532605,1405.98,1
17265,38,2,550.01,275.005,106,2,61.0,194.5,0.16514245195541902,0.02972673224123198,0.14305194451009984,0.3106488972927765,0.2744677369502373,0.07696223705023544,0.0,0
15981,37,6,2458.2,409.7,31,6,10.333333333333334,216.0,0.16280205028069322,0.0,0.21967293141322922,0.05467415181840372,0.4444715645594337,0.11837930192824019,950.28,1
16912,34,7,1538.58,219.79714285714286,50,7,8.857142857142858,83.57142857142857,0.16867501202407414,0.04289669695433452,0.4052047992304593,0.06912867709186393,0.2181622015104837,0.09593261318878446,1017.0,0
14245,119,2,1693.45,846.725,107,2,54.0,488.0,0.27822492544804983,0.0,0.12223567273908294,0.18834922790752603,0.2657946795004281,0.14539549440491303,0.0,1
13151,195,1,1257.8700000000001,1257.8700000000001,73,1,74.0,363.0,0.3453616033453377,0.060300349002679124,0.13351936209624204,0.05716011988520276,0.3378330034105273,0.06582556226001096,0.0,0
17571,45,3,559.55,186.51666666666665,72,3,25.0,161.66666666666666,0.3961933696720579,0.09872218747207577,0.00443213296398892,0.16118309355732285,0.21565543740505766,0.12381377892949692,866.12,0
13655,14,2,932.97,466.485,52,2,28.0,302.5,0.2286247146210489,0.0,0.12154731663397536,0.1443347588882815,0.27273117034845706,0.23276203950823715,0.0,0
16442,127,2,432.43,216.215,99,2,50.0,176.0,0.3000948130333233,0.041509608491547764,0.110376245866383,0.1290151007099415,0.22847628517910412,0.1905279467197003,176.87,0
12378,29,1,4008.62,4008.62,219,1,219.0,2529.0,0.16227030748736473,0.04891708368465955,0.0816989387869142,0.26490912084457996,0.2836612100922512,0.15854333910423038,0.0,1
13131,87,1,324.9,324.9,14,1,14.0,128.0,0.10156971375807941,0.0,0.0,0.2453062480763312,0.5884887657740844,0.06463527239150509,748.4,0
14431,202,1,470.36,470.36,17,1,17.0,130.0,0.29033081044306486,0.0,0.15562547835700316,0.16710604643251978,0.31167616293902545,0.07526150182838678,0.0,0
16484,73,2,404.3,202.15,25,2,12.5,100.0,0.18587682414048975,0.08805342567400445,0.08681672025723473,0.32686124165223845,0.28716299777393023,0.025228790502102395,0.0,0
14031,26,13,9627.03,740.5407692307692,101,13,13.384615384615385,276.0,0.07111019701818733,0.0021740869198496313,0.137578256222324,0.37653045643360417,0.3916348032570792,0.020972200148955594,7659.83,1
14479,153,2,316.25,158.125,18,2,9.0,58.5,0.3359683794466403,0.05596837944664033,0.2456916996047431,0.0,0.23241106719367588,0.1299604743083004,0.0,0
16693,171,1,153.41,153.41,21,1,21.0,50.0,0.480411967929079,0.0,0.0,0.12906590183169286,0.3905221302392282,0.0,324.45,0
17462,184,1,463.40999999999997,463.40999999999997,14,1,14.0,155.0,0.32174532271638506,0.0,0.0,0.17101486804341728,0.3777648302798818,0.12947497896031593,212.28,0
15027,68,3,966.9699999999999,322.3233333333333,27,3,10.333333333333334,174.33333333333334,0.45244423301653625,0.06279408875146075,0.04932934837688864,0.06189437107666216,0.3735379587784523,0.0,99.18,0
16618,110,4,1441.29,360.3225,44,4,13.5,192.75,0.14026323640627492,0.052952563328684726,0.15771982043863486,0.26770462571723946,0.353884367476358,0.027475386632808105,1206.3,0
13699,55,1,308.58000000000004,308.58000000000004,14,1,14.0,66.0,0.227104802644371,0.0,0.772895197355629,0.0,0.0,0.0,0.0,0
15298,42,6,2767.2,461.2,71,6,15.166666666666666,280.8333333333333,0.14408065915004337,0.48597860653368025,0.006143394044521538,0.12846921075455334,0.14927002023706273,0.08605810928013878,2032.7,1
12562,26,3,1605.23,535.0766666666667,53,3,26.0,258.6666666666667,0.18551858612161498,0.05352504002541692,0.0,0.15857540663954697,0.4319007245067685,0.17048024270665263,2176.51,0
17594,154,1,315.0,315.0,14,1,14.0,220.0,0.3682539682539683,0.0,0.0,0.13174603174603175,0.5,0.0,678.18,0
18032,234,1,73.5,73.5,5,1,5.0,42.0,1.0,0.0,0.0,0.0,0.0,0.0,0.0,0
16135,162,1,517.55,517.55,21,1,21.0,209.0,0.1652014298135446,0.0,0.0,0.13544585064245004,0.6460245386919138,0.05332818085209159,0.0,0
14958,47,3,483.72999999999996,161.2433333333333,33,3,13.666666666666666,42.666666666666664,0.13685320323320863,0.013023794265395988,0.020052508630847787,0.029396564199036655,0.7232547082049904,0.0774192214665206,0.0,0
12902,164,1,138.68,138.68,10,1,10.0,66.0,0.12763195846553219,0.10816267666570521,0.3389097202192097,0.10816267666570521,0.24444764926449378,0.07268531871935391,0.0,0
14513,106,2,317.35,158.675,10,2,5.5,84.5,0.3951473136915078,0.4332755632582322,0.0,0.014652591775642036,0.009295730266267527,0.1476288010083504,0.0,0
13138,33,3,489.45,163.15,22,3,11.0,81.0,0.23724588824190418,0.018387986515476556,0.1225865767698437,0.04664419246092553,0.5751353560118501,0.0,472.94,0
16193,136,1,314.45,314.45,19,1,19.0,219.0,0.1549371919224042,0.13929082525043726,0.1352838289076165,0.1598028303386866,0.29066624264588964,0.12001908093496583,0.0,0
15221,266,1,403.25,403.25,5,1,5.0,43.0,0.0,0.0,0.12610043397396156,0.25294482331060136,0.620954742715437,0.0,0.0,0
17887,28,1,111.35,111.35,10,1,10.0,30.0,0.429726088908846,0.0,0.0,0.07633587786259542,0.4409519533004041,0.052986079928154475,0.0,0
14271,125,1,112.32,112.32,10,1,10.0,88.0,0.13354700854700854,0.3792735042735043,0.32799145299145305,0.0,0.06944444444444446,0.08974358974358974,0.0,0
14332,47,1,119.04,119.04,2,1,2.0,48.0,0.0,0.873991935483871,0.0,0.0,0.12600806451612903,0.0,721.17,0
14609,43,3,486.36,162.12,2,3,1.0,2102.0,0.0,0.0,0.0,0.0,0.31088082901554404,0.6891191709844559,115.2,0
13856,68,3,388.5,129.5,10,3,4.666666666666667,164.66666666666666,0.048133848133848134,0.055598455598455596,0.09652509652509653,0.5268983268983268,0.2728442728442728,0.0,0.0,0
18040,145,1,239.0,239.0,12,1,12.0,96.0,0.1374476987447699,0.0,0.0,0.0,0.7144351464435147,0.1481171548117155,118.2,0
